trading_date,wind_code,open,high,low,close,volume,pct_chg,vwap,adj_factor,turn,free_turn,is_st,trade_status,close/free_turn,open/turn,volume/low,vwap/high,low/high,vwap/close
2011-01-31,601117.SH,6.64,7.06,6.64,7.01,99854299.0,4.783,6.864,1.0,8.098,8.098,0,交易,0.8656458384786366,0.8199555445789083,15038298.042168675,0.9722379603399434,0.9405099150141644,0.9791726105563481
2011-02-01,601117.SH,7.01,7.02,6.73,6.88,61967207.99999999,-1.854,6.845,1.0,5.026,5.026,0,交易,1.3688818145642658,1.3947473139673696,9207608.915304605,0.9750712250712251,0.9586894586894588,0.9949127906976744
2011-02-09,601117.SH,6.83,7.16,6.83,6.94,62432537.0,0.872,6.992,1.0,5.063,5.063,0,交易,1.3707288169069722,1.3490025676476398,9140927.818448024,0.976536312849162,0.9539106145251397,1.007492795389049
2011-02-10,601117.SH,6.84,7.05,6.74,6.97,61063310.0,0.432,6.86,1.0,4.952,4.952,0,交易,1.4075121163166397,1.381260096930533,9059838.27893175,0.973049645390071,0.9560283687943263,0.9842180774748924
2011-02-11,601117.SH,6.9,6.99,6.76,6.91,70315762.0,-0.861,6.861,1.0,5.703,5.703,0,交易,1.211642994914957,1.209889531825355,10401739.940828403,0.9815450643776823,0.9670958512160228,0.9929088277858176
2011-02-14,601117.SH,6.84,7.2,6.83,6.9,125326860.00000001,-0.145,6.986,1.0,10.164,10.164,0,交易,0.6788665879574971,0.6729634002361276,18349467.057101026,0.9702777777777777,0.9486111111111111,1.0124637681159419
2011-02-15,601117.SH,6.9,7.43,6.76,7.31,118922990.99999999,5.942,7.142,1.0,9.645,9.645,0,交易,0.7579056505961638,0.7153965785381027,17592158.431952663,0.9612382234185735,0.9098250336473755,0.9770177838577292
2011-02-16,601117.SH,7.21,7.42,7.19,7.27,63686094.99999999,-0.547,7.297,1.0,5.165,5.165,0,交易,1.4075508228460794,1.3959341723136496,8857593.184979137,0.9834231805929918,0.9690026954177898,1.0037138927097662
2011-02-17,601117.SH,7.28,7.51,7.14,7.39,71689610.0,1.651,7.324,1.0,5.814,5.814,0,交易,1.2710698314413484,1.2521499828001377,10040561.62464986,0.9752330226364847,0.9507323568575233,0.9910690121786198
2011-02-18,601117.SH,7.32,7.57,7.18,7.41,53398332.99999999,0.271,7.344,1.0,4.331,4.331,0,交易,1.710921265296698,1.6901408450704225,7437093.732590528,0.9701453104359313,0.9484808454425363,0.9910931174089069
2011-02-21,601117.SH,7.38,7.53,7.23,7.49,34732857.0,1.08,7.426,1.0,2.817,2.817,0,交易,2.6588569400071,2.619808306709265,4803991.286307054,0.9861885790172643,0.9601593625498008,0.9914552736982644
2011-02-22,601117.SH,7.45,8.03,7.41,7.49,96319172.0,0.0,7.699,1.0,7.812,7.812,0,交易,0.9587813620071685,0.9536610343061955,12998538.731443994,0.9587795765877958,0.9227895392278955,1.0279038718291054
2011-02-23,601117.SH,7.45,7.78,7.3,7.76,69326158.0,3.605,7.566,1.0,5.623,5.623,0,交易,1.3800462386626355,1.324915525520185,9496733.97260274,0.9724935732647815,0.9383033419023136,0.975
2011-02-24,601117.SH,7.86,8.54,7.86,8.11,117503363.99999999,4.51,8.203,1.0,9.53,9.53,0,交易,0.85099685204617,0.8247639034627493,14949537.40458015,0.9605386416861827,0.9203747072599533,1.0114673242909988
2011-02-25,601117.SH,8.14,8.24,7.88,8.02,58814261.0,-1.11,8.056,1.0,4.77,4.77,0,交易,1.6813417190775681,1.7064989517819709,7463738.705583757,0.9776699029126212,0.9563106796116504,1.0044887780548628
2011-02-28,601117.SH,8.03,8.53,7.85,8.5,57702392.00000001,5.985,8.157,1.0,4.68,4.68,0,交易,1.8162393162393164,1.7158119658119657,7350623.184713377,0.956271981242673,0.9202813599062134,0.9596470588235294
2011-03-01,601117.SH,8.53,8.67,8.27,8.37,60889068.99999999,-1.529,8.457,1.0,4.938,4.938,0,交易,1.69501822600243,1.7274200081004454,7362644.37726723,0.9754325259515572,0.9538638985005766,1.0103942652329752
2011-03-02,601117.SH,8.38,8.38,7.86,8.15,54297877.0,-2.628,8.122,1.0,4.404,4.404,0,交易,1.8505903723887376,1.9028156221616714,6908126.844783715,0.9692124105011932,0.9379474940334128,0.9965644171779141
2011-03-03,601117.SH,8.2,8.34,7.66,7.69,75208814.0,-5.644,7.942,1.0,6.1,6.1,0,交易,1.2606557377049181,1.3442622950819672,9818383.028720627,0.9522781774580336,0.9184652278177459,1.0327698309492848
2011-03-04,601117.SH,7.69,7.92,7.65,7.8,43356024.0,1.43,7.782,1.0,3.516,3.516,0,交易,2.218430034129693,2.1871444823663255,5667454.117647058,0.9825757575757575,0.9659090909090909,0.9976923076923078
2011-03-07,601117.SH,7.79,8.31,7.77,8.3,77227981.0,6.41,8.068,1.0,6.263,6.263,0,交易,1.3252434935334505,1.2438128692319974,9939251.093951095,0.9708784596871238,0.9350180505415161,0.9720481927710842
2011-03-08,601117.SH,8.29,8.29,8.03,8.15,38900930.0,-1.807,8.122,1.0,3.155,3.155,0,交易,2.5832012678288434,2.6275752773375594,4844449.564134496,0.9797346200241256,0.9686369119420989,0.9965644171779141
2011-03-09,601117.SH,8.13,8.18,7.98,8.06,39564077.0,-1.104,8.051,1.0,3.209,3.209,0,交易,2.511685883452789,2.533499532564662,4957904.385964912,0.9842298288508557,0.9755501222493889,0.9988833746898262
2011-03-10,601117.SH,8.03,8.19,7.95,8.09,30153840.000000004,0.372,8.061,1.0,2.446,2.446,0,交易,3.307440719542109,3.2829108748977918,3792935.8490566043,0.9842490842490843,0.9706959706959708,0.9964153275648949
2011-03-11,601117.SH,8.01,8.19,7.98,8.04,39644564.0,-0.618,8.092,1.0,3.215,3.215,0,交易,2.5007776049766717,2.49144634525661,4967990.476190476,0.9880341880341882,0.9743589743589745,1.0064676616915424
2011-03-14,601117.SH,8.05,8.45,8.04,8.16,48707131.0,1.493,8.214,1.0,3.95,3.95,0,交易,2.0658227848101265,2.037974683544304,6058100.870646766,0.9720710059171599,0.9514792899408284,1.0066176470588235
2011-03-15,601117.SH,8.08,8.15,7.58,7.89,58796392.00000001,-3.309,7.836,1.0,4.769,4.769,0,交易,1.6544348920109035,1.694275529461103,7756779.947229552,0.9614723926380369,0.9300613496932515,0.9931558935361218
2011-03-16,601117.SH,7.81,8.09,7.75,8.08,44696991.0,2.408,7.909,1.0,3.625,3.625,0,交易,2.228965517241379,2.1544827586206896,5767353.677419355,0.9776266996291718,0.957972805933251,0.9788366336633663
2011-03-17,601117.SH,8.06,8.25,7.95,8.09,53674159.0,0.124,8.115,1.0,4.353,4.353,0,交易,1.8584883988054217,1.8515966000459456,6751466.540880503,0.9836363636363636,0.9636363636363636,1.0030902348578492
2011-03-18,601117.SH,8.18,8.26,7.99,8.05,28852436.0,-0.494,8.102,1.0,2.34,2.34,0,交易,3.440170940170941,3.4957264957264957,3611068.335419274,0.9808716707021793,0.967312348668281,1.0064596273291926
2011-03-21,601117.SH,8.02,8.1,7.74,7.77,30955530.0,-3.478,7.844,1.0,2.511,2.511,0,交易,3.094384707287933,3.1939466348068497,3999422.480620155,0.9683950617283952,0.9555555555555556,1.0095238095238097
2011-03-22,601117.SH,7.8,7.95,7.52,7.91,30339975.0,1.802,7.748,1.0,2.461,2.461,0,交易,3.2141405932547746,3.169443315725315,4034571.1436170214,0.9745911949685535,0.9459119496855345,0.979519595448799
2011-03-23,601117.SH,7.88,7.98,7.72,7.88,20180067.0,-0.379,7.867,1.0,1.637,1.637,0,交易,4.813683567501527,4.813683567501527,2613998.316062176,0.9858395989974936,0.9674185463659147,0.9983502538071066
2011-03-24,601117.SH,7.87,7.88,7.72,7.81,23452544.0,-0.888,7.789,1.0,1.902,1.902,0,交易,4.106203995793901,4.137749737118822,3037894.3005181346,0.9884517766497461,0.9796954314720812,0.9973111395646607
2011-03-25,601117.SH,7.78,8.2,7.72,8.19,68619786.0,4.866,8.075,1.0,5.565,5.565,0,交易,1.471698113207547,1.3980233602875112,8888573.316062177,0.9847560975609756,0.9414634146341464,0.9859584859584859
2011-03-28,601117.SH,8.25,8.26,8.04,8.08,33488336.0,-1.343,8.117,1.0,2.716,2.716,0,交易,2.974963181148748,3.0375552282768776,4165215.9203980104,0.9826876513317193,0.973365617433414,1.0045792079207922
2011-03-29,601117.SH,8.06,8.06,7.75,7.88,36639370.0,-2.475,7.852,1.0,2.972,2.972,0,交易,2.6514131897711977,2.7119784656796773,4727660.645161291,0.9741935483870967,0.9615384615384615,0.9964467005076143
2011-03-30,601117.SH,7.86,7.91,7.71,7.76,14214425.0,-1.523,7.773,1.0,1.153,1.153,0,交易,6.730268863833477,6.816999132697312,1843634.8897535668,0.9826801517067003,0.9747155499367889,1.0016752577319588
2011-03-31,601117.SH,7.77,7.78,7.54,7.6,27073795.0,-2.062,7.607,1.0,2.196,2.196,0,交易,3.460837887067395,3.538251366120218,3590688.9920424405,0.9777634961439589,0.9691516709511568,1.000921052631579
2011-04-01,601117.SH,7.55,7.6,7.17,7.42,63457302.0,-2.368,7.309,1.0,5.147,5.147,0,交易,1.4416164756168641,1.4668739071303671,8850390.794979079,0.9617105263157896,0.9434210526315789,0.9850404312668464
2011-04-06,601117.SH,7.37,7.52,7.31,7.41,23209501.0,-0.135,7.41,1.0,1.882,1.882,0,交易,3.9373007438894794,3.916046758767269,3175034.336525308,0.985372340425532,0.9720744680851063,1.0
2011-04-07,601117.SH,7.4,7.7,7.37,7.63,33042288.0,2.969,7.519,1.0,2.68,2.68,0,交易,2.8470149253731343,2.761194029850746,4483349.796472184,0.9764935064935065,0.9571428571428572,0.9854521625163827
2011-04-08,601117.SH,7.6,7.79,7.52,7.73,22735052.0,1.311,7.685,1.0,1.844,1.844,0,交易,4.191973969631237,4.1214750542299345,3023278.1914893617,0.9865211810012836,0.9653401797175866,0.9941785252263906
2011-04-11,601117.SH,7.77,7.88,7.65,7.65,28390233.0,-1.035,7.764,1.0,2.303,2.303,0,交易,3.321754233608337,3.3738601823708207,3711141.5686274506,0.9852791878172589,0.9708121827411168,1.0149019607843137
2011-04-12,601117.SH,7.69,7.69,7.21,7.5,39428295.0,-1.961,7.446,1.0,3.198,3.198,0,交易,2.345215759849906,2.4046278924327704,5468556.865464632,0.9682704811443432,0.9375812743823146,0.9928
2011-04-13,601117.SH,7.36,7.54,7.34,7.46,27687465.999999996,-0.533,7.422,1.0,2.246,2.246,0,交易,3.321460373998219,3.2769367764915405,3772134.3324250677,0.9843501326259947,0.9734748010610079,0.9949061662198391
2011-04-14,601117.SH,7.5,7.93,7.4,7.81,72826098.0,4.692,7.752,1.0,5.906,5.906,0,交易,1.3223840162546563,1.2698950220115137,9841364.594594594,0.9775535939470366,0.9331651954602775,0.992573623559539
2011-04-15,601117.SH,7.76,7.77,7.46,7.64,36758079.0,-2.177,7.598,1.0,2.981,2.981,0,交易,2.56289835625629,2.6031533042603154,4927356.434316354,0.9778635778635779,0.9601029601029601,0.9945026178010471
2011-04-18,601117.SH,7.57,7.59,7.42,7.55,26830440.000000004,-1.178,7.497,1.0,2.176,2.176,0,交易,3.4696691176470584,3.4788602941176467,3615962.264150944,0.9877470355731225,0.9776021080368906,0.9929801324503311
2011-04-19,601117.SH,7.48,7.59,7.25,7.35,35256047.0,-2.649,7.409,1.0,2.859,2.859,0,交易,2.570828961175236,2.6162994053864987,4862903.0344827585,0.9761528326745718,0.9552042160737813,1.0080272108843538
2011-04-20,601117.SH,7.38,7.42,7.28,7.36,13716585.999999998,0.136,7.354,1.0,1.112,1.112,0,交易,6.618705035971223,6.6366906474820135,1884146.4285714282,0.9911051212938006,0.9811320754716981,0.9991847826086956
2011-04-21,601117.SH,7.36,7.49,7.16,7.43,28949803.999999996,0.951,7.313,1.0,2.348,2.348,0,交易,3.164395229982964,3.13458262350937,4043268.7150837984,0.9763684913217623,0.9559412550066756,0.9842530282637955
2011-04-22,601117.SH,7.4,7.65,7.33,7.48,31529881.0,0.673,7.505,1.0,2.557,2.557,0,交易,2.925303089558076,2.8940164254986316,4301484.447476125,0.9810457516339869,0.9581699346405228,1.0033422459893047
2011-04-25,601117.SH,7.45,7.45,7.19,7.26,18266628.0,-2.941,7.299,1.0,1.481,1.481,0,交易,4.902093180283591,5.030384875084402,2540560.2225312935,0.9797315436241611,0.9651006711409397,1.0053719008264463
2011-04-26,601117.SH,7.22,7.35,7.22,7.31,9046894.0,0.689,7.29,1.0,0.734,0.734,0,交易,9.959128065395095,9.836512261580381,1253032.4099722991,0.9918367346938776,0.9823129251700681,0.9972640218878249
2011-04-27,601117.SH,7.33,7.44,7.11,7.18,13681043.0,-1.778,7.242,1.0,1.11,1.11,0,交易,6.468468468468467,6.603603603603603,1924197.327707454,0.9733870967741935,0.9556451612903226,1.0086350974930363
2011-04-28,601117.SH,7.21,7.28,6.83,7.0,21167408.0,-2.507,7.044,1.0,1.717,1.717,0,交易,4.0768782760629,4.199184624344787,3099181.2591508054,0.9675824175824175,0.9381868131868132,1.0062857142857142
2011-04-29,601117.SH,6.98,7.17,6.95,7.05,15438869.0,0.714,7.061,1.0,1.252,1.252,0,交易,5.6309904153354635,5.575079872204473,2221420.0,0.9847977684797768,0.9693165969316597,1.0015602836879434
2011-05-03,601117.SH,7.06,7.12,6.98,7.11,10656363.0,0.851,7.042,1.0,0.864,0.864,0,交易,8.229166666666668,8.171296296296296,1526699.570200573,0.9890449438202247,0.9803370786516854,0.990436005625879
2011-05-04,601117.SH,7.1,7.1,6.76,6.84,18506455.0,-3.797,6.921,1.0,1.501,1.501,0,交易,4.556962025316456,4.730179880079946,2737641.2721893494,0.9747887323943663,0.9521126760563381,1.0118421052631579
2011-05-05,601117.SH,6.76,6.81,6.6,6.75,17731246.0,-1.316,6.71,1.0,1.438,1.438,0,交易,4.694019471488178,4.700973574408901,2686552.4242424243,0.9853157121879589,0.9691629955947136,0.9940740740740741
2011-05-06,601117.SH,6.66,7.13,6.61,7.04,32384096.999999996,4.296,6.972,1.0,2.626,2.626,0,交易,2.680883472962681,2.536176694592536,4899258.245083206,0.9778401122019637,0.9270687237026649,0.9903409090909091
2011-05-09,601117.SH,7.06,7.11,6.96,7.01,13624234.0,-0.426,7.004,1.0,1.105,1.105,0,交易,6.343891402714932,6.389140271493212,1957504.8850574712,0.9850914205344584,0.9789029535864978,0.9991440798858773
2011-05-10,601117.SH,7.0,7.15,6.94,7.07,16172525.0,0.856,7.067,1.0,1.312,1.312,0,交易,5.388719512195122,5.335365853658536,2330335.0144092217,0.9883916083916083,0.9706293706293706,0.9995756718528995
2011-05-11,601117.SH,7.07,7.18,7.04,7.11,15180776.999999998,0.566,7.116,1.0,1.231,1.231,0,交易,5.775792038992689,5.743298131600325,2156360.3693181816,0.9910863509749304,0.9805013927576602,1.00084388185654
2011-05-12,601117.SH,7.05,7.09,6.85,6.88,22955250.0,-3.235,6.954,1.0,1.862,1.862,0,交易,3.6949516648764766,3.78625134264232,3351131.386861314,0.9808180535966149,0.9661495063469675,1.0107558139534885
2011-05-13,601117.SH,6.87,6.93,6.74,6.87,17562621.0,-0.145,6.829,1.0,1.424,1.424,0,交易,4.824438202247191,4.824438202247191,2605730.1186943618,0.9854256854256854,0.9725829725829727,0.9940320232896651
2011-05-17,601117.SH,6.9,7.02,6.79,6.96,17263142.0,1.31,6.956,1.0,1.4,1.4,0,交易,4.9714285714285715,4.928571428571429,2542436.2297496316,0.990883190883191,0.9672364672364673,0.9994252873563219
2011-05-18,601117.SH,6.94,7.1,6.9,7.02,12944780.0,0.862,7.03,1.0,1.05,1.05,0,交易,6.685714285714285,6.60952380952381,1876055.072463768,0.9901408450704227,0.9718309859154931,1.0014245014245016
2011-05-19,601117.SH,7.04,7.2,7.04,7.1,22465098.0,1.14,7.144,1.0,1.822,1.822,0,交易,3.89681668496158,3.863885839736553,3191065.0568181816,0.9922222222222222,0.9777777777777777,1.0061971830985916
2011-05-20,601117.SH,7.11,7.19,7.06,7.13,10022711.0,0.423,7.137,1.0,0.813,0.813,0,交易,8.769987699877,8.745387453874539,1419647.4504249291,0.9926286509040333,0.9819193324061195,1.0009817671809256
2011-05-23,601117.SH,7.14,7.14,6.96,6.96,16515403.0,-2.384,7.033,1.0,1.339,1.339,0,交易,5.197908887229276,5.332337565347274,2372902.7298850575,0.985014005602241,0.9747899159663866,1.0104885057471265
2011-05-24,601117.SH,6.93,6.99,6.78,6.96,13810389.000000002,0.0,6.885,1.0,1.12,1.12,0,交易,6.2142857142857135,6.187499999999999,2036930.5309734514,0.9849785407725321,0.9699570815450644,0.9892241379310345
2011-05-25,601117.SH,6.9,6.94,6.8,6.85,13040443.0,-1.58,6.858,1.0,1.058,1.058,0,交易,6.474480151228732,6.521739130434782,1917712.205882353,0.9881844380403457,0.9798270893371757,1.0011678832116788
2011-05-26,601117.SH,6.92,6.93,6.55,6.6,20262696.0,-3.65,6.707,1.0,1.643,1.643,0,交易,4.017041996348143,4.211807668898357,3093541.374045802,0.9678210678210678,0.9451659451659452,1.0162121212121213
2011-05-27,601117.SH,6.62,6.67,6.35,6.36,24097138.0,-3.636,6.433,1.0,1.954,1.954,0,交易,3.2548618219037873,3.3879222108495397,3794824.881889764,0.9644677661169415,0.952023988005997,1.0114779874213835
2011-05-30,601117.SH,6.34,6.58,6.28,6.43,15675287.0,1.101,6.472,1.0,1.271,1.271,0,交易,5.059008654602676,4.988198269079465,2496064.8089171974,0.9835866261398177,0.9544072948328268,1.0065318818040436
2011-05-31,601117.SH,6.39,6.61,6.26,6.53,14421804.0,1.555,6.457,1.0,1.17,1.17,0,交易,5.581196581196582,5.461538461538462,2303802.555910543,0.9768532526475037,0.9470499243570347,0.9888208269525267
2011-06-01,601117.SH,6.6,6.69,6.54,6.64,21068867.0,1.685,6.616,1.0,1.709,1.709,0,交易,3.8853130485664127,3.861907548273844,3221539.2966360855,0.9889387144992525,0.9775784753363228,0.9963855421686747
2011-06-02,601117.SH,6.57,6.68,6.4,6.64,16712851.999999998,0.0,6.57,1.0,1.355,1.355,0,交易,4.900369003690037,4.848708487084871,2611383.1249999995,0.9835329341317366,0.9580838323353295,0.9894578313253013
2011-06-03,601117.SH,6.6,7.23,6.59,7.12,36670814.0,7.229,6.984,1.0,2.974,2.974,0,交易,2.394082044384667,2.219233355749832,5564615.174506828,0.9659751037344397,0.9114799446749654,0.9808988764044944
2011-06-07,601117.SH,7.11,7.2,7.0,7.17,24942205.0,0.702,7.119,1.0,2.023,2.023,0,交易,3.5442412259021254,3.514582303509639,3563172.1428571427,0.9887499999999999,0.9722222222222222,0.9928870292887029
2011-06-08,601117.SH,7.12,7.19,6.98,7.17,13703944.0,0.0,7.104,1.0,1.111,1.111,0,交易,6.453645364536453,6.408640864086409,1963315.7593123207,0.988038942976356,0.9707927677329624,0.990794979079498
2011-06-09,601117.SH,7.12,7.4,7.11,7.17,26472602.0,0.0,7.273,1.0,2.147,2.147,0,交易,3.339543549138333,3.316255239869586,3723291.4205344585,0.9828378378378377,0.9608108108108108,1.014365411436541
2011-06-10,601117.SH,7.14,7.38,7.11,7.3,23999217.0,1.813,7.243,1.0,1.946,1.946,0,交易,3.751284686536485,3.6690647482014387,3375417.299578059,0.9814363143631437,0.9634146341463415,0.9921917808219178
2011-06-13,601117.SH,7.29,7.46,7.13,7.44,29827252.0,1.918,7.357,1.0,2.419,2.419,0,交易,3.0756510954940057,3.013642000826788,4183345.301542777,0.9861930294906166,0.9557640750670241,0.9888440860215053
2011-06-14,601117.SH,7.49,7.88,7.41,7.75,55744344.99999999,4.167,7.734,1.0,4.521,4.521,0,交易,1.7142225171422252,1.6567131165671312,7522853.576248312,0.9814720812182741,0.9403553299492386,0.9979354838709678
2011-06-15,601117.SH,7.8,7.91,7.66,7.73,32875936.0,-0.258,7.815,1.0,2.666,2.666,0,交易,2.8994748687171796,2.9257314328582145,4291897.6501305485,0.9879898862199747,0.9683944374209861,1.0109961190168175
2011-06-16,601117.SH,7.67,7.87,7.58,7.8,26503746.999999996,0.906,7.784,1.0,2.15,2.15,0,交易,3.6279069767441863,3.5674418604651166,3496536.5435356195,0.9890724269377382,0.963151207115629,0.997948717948718
2011-06-17,601117.SH,7.78,7.88,7.47,7.51,26661625.0,-3.718,7.656,1.0,2.162,2.162,0,交易,3.4736355226641997,3.5985198889916745,3569159.9732262385,0.9715736040609136,0.947969543147208,1.0194407456724368
2011-06-20,601117.SH,7.41,8.18,7.38,8.14,49127832.0,8.389,7.825,1.0,3.984,3.984,0,交易,2.0431726907630523,1.8599397590361446,6656887.804878049,0.9566014669926651,0.902200488997555,0.9613022113022113
2011-06-21,601117.SH,8.15,8.16,7.95,8.08,34405343.0,-0.737,8.046,1.0,2.79,2.79,0,交易,2.8960573476702507,2.921146953405018,4327716.100628931,0.9860294117647058,0.9742647058823529,0.9957920792079207
2011-06-22,601117.SH,8.06,8.23,8.0,8.06,34146951.0,-0.248,8.116,1.0,2.769,2.769,0,交易,2.910798122065728,2.910798122065728,4268368.875,0.9861482381530984,0.9720534629404617,1.0069478908188585
2011-06-23,601117.SH,8.02,8.13,7.85,8.08,26450148.0,0.248,7.992,1.0,2.145,2.145,0,交易,3.766899766899767,3.738927738927739,3369445.6050955416,0.9830258302583025,0.9655596555965559,0.9891089108910891
2011-06-24,601117.SH,8.1,8.47,8.03,8.37,60979350.0,3.589,8.285,1.0,4.946,4.946,0,交易,1.692276587141124,1.6376870198139912,7593941.469489415,0.9781582054309327,0.9480519480519479,0.9898446833930706
2011-06-27,601117.SH,8.5,8.76,8.41,8.58,69057999.0,2.509,8.605,1.0,5.601,5.601,0,交易,1.531869309051955,1.517586145331191,8211414.863258026,0.9823059360730594,0.9600456621004566,1.002913752913753
2011-06-28,601117.SH,8.55,8.69,8.41,8.58,28252274.0,0.0,8.557,1.0,2.291,2.291,0,交易,3.745089480576168,3.731994762112615,3359366.706302021,0.9846950517836595,0.9677790563866514,0.9973193473193473
2011-06-29,601117.SH,8.59,9.18,8.52,8.92,67440137.0,3.963,8.965,1.0,5.47,5.47,0,交易,1.6307129798903108,1.570383912248629,7915509.037558686,0.9765795206971678,0.9281045751633987,1.0050448430493273
2011-06-30,601117.SH,8.95,9.27,8.75,8.86,77965749.0,-0.673,8.982,1.0,6.323,6.323,0,交易,1.4012335916495333,1.4154673414518424,8910371.314285714,0.9689320388349514,0.9439050701186624,1.0137697516930022
2011-07-01,601117.SH,8.81,9.05,8.75,8.89,40362379.0,0.339,8.942,1.0,3.274,3.274,0,交易,2.715332926084301,2.6908979841172878,4612843.314285714,0.9880662983425413,0.9668508287292817,1.0058492688413947
2011-07-04,601117.SH,8.9,8.97,8.72,8.95,45903398.0,0.675,8.872,1.0,3.723,3.723,0,交易,2.403975288745635,2.3905452591995706,5264151.14678899,0.9890746934225194,0.972129319955407,0.9912849162011174
2011-07-05,601117.SH,8.92,8.93,8.69,8.83,46124500.0,-1.341,8.791,1.0,3.741,3.741,0,交易,2.3603314621758886,2.384389200748463,5307767.54890679,0.984434490481523,0.973124300111982,0.9955832389580974
2011-07-06,601117.SH,8.86,8.88,8.679,8.71,34164728.0,-1.364,8.758,1.003,2.771,2.771,0,交易,3.143269577769759,3.1974016600505233,3936482.0831893072,0.9862612612612611,0.9773648648648648,1.005510907003444
2011-07-07,601117.SH,8.72,8.96,8.619,8.75,49308939.0,0.461,8.745,1.003,3.999,3.999,0,交易,2.1880470117529383,2.180545136284071,5720958.231813435,0.9760044642857141,0.9619419642857142,0.9994285714285713
2011-07-08,601117.SH,8.679,8.9,8.579,8.82,32232384.999999996,0.803,8.748,1.003,2.614,2.614,0,交易,3.374139250191278,3.320198928844683,3757126.1219256315,0.9829213483146066,0.963932584269663,0.9918367346938775
2011-07-11,601117.SH,8.77,8.85,8.69,8.77,21462969.0,-0.569,8.781,1.003,1.741,1.741,0,交易,5.037334865020103,5.037334865020103,2469846.835443038,0.9922033898305086,0.9819209039548022,1.001254275940707
2011-07-12,601117.SH,8.83,8.94,8.529,8.69,35108570.0,-0.915,8.733,1.003,2.847,2.847,0,交易,3.0523357920618195,3.1015103617843343,4116375.8940086765,0.9768456375838928,0.9540268456375839,1.0049482163406216
2011-07-13,601117.SH,8.629,8.94,8.619,8.93,37112486.0,2.771,8.792,1.003,3.01,3.01,0,交易,2.9667774086378738,2.8667774086378737,4305892.330896856,0.9834451901565996,0.9640939597315437,0.9845464725643898
2011-07-14,601117.SH,8.93,9.332,8.89,9.282,76463976.0,3.933,9.136,1.003,6.201,6.201,0,交易,1.4968553459119498,1.4400903080148364,8601122.159730034,0.9789969995713672,0.9526360908701242,0.9842706313294548
2011-07-15,601117.SH,9.241,9.322,9.111,9.151,29990640.999999996,-1.405,9.211,1.003,2.432,2.432,0,交易,3.762746710526316,3.799753289473684,3291695.8621446597,0.9880926839733963,0.9773653722377174,1.006556660474265
2011-07-18,601117.SH,9.231,9.231,8.529,8.539,84954791.0,-6.689,8.738,1.003,6.89,6.89,0,交易,1.2393323657474602,1.339767779390421,9960697.737132138,0.9465930018416205,0.92395190120247,1.0233048366319242
2011-07-19,601117.SH,8.509,8.71,8.479,8.539,34461943.0,0.0,8.584,1.003,2.795,2.795,0,交易,3.0550983899821107,3.0443649373881936,4064387.6636395804,0.9855338691159585,0.973478760045924,1.0052699379318422
2011-07-20,601117.SH,8.569,8.629,8.439,8.539,22919302.0,0.0,8.515,1.003,1.859,1.859,0,交易,4.5933297471759005,4.609467455621302,2715878.8956037443,0.986788735658825,0.9779812260980415,0.9971893664363509
2011-07-21,601117.SH,8.549,8.569,8.409,8.489,19567219.0,-0.588,8.477,1.003,1.587,1.587,0,交易,5.349086326402017,5.386893509766855,2326937.6858128193,0.9892636246936631,0.9813280429455012,0.998586405937095
2011-07-22,601117.SH,8.519,8.609,8.439,8.509,16343638.0,0.236,8.53,1.003,1.326,1.326,0,交易,6.417043740573153,6.424585218702865,1936679.4643915156,0.9908235567429433,0.9802532233708909,1.0024679750852037
2011-07-25,601117.SH,8.509,8.509,8.077,8.108,26592643.0,-4.717,8.225,1.003,2.157,2.157,0,交易,3.758924432081595,3.944830783495596,3292391.1105608516,0.9666235750381947,0.9492302268186625,1.0144301924025652
2011-07-26,601117.SH,8.077,8.338,8.037,8.258,18410707.0,1.856,8.231,1.003,1.493,1.493,0,交易,5.5311453449430665,5.409912926992632,2290743.6854547714,0.9871671863756297,0.9639002158791079,0.9967304432065877
2011-07-27,601117.SH,8.178,8.529,8.148,8.429,23444573.0,2.066,8.435,1.003,1.901,1.901,0,交易,4.433982114676486,4.301946344029458,2877340.819833088,0.9889787782858483,0.9553288779458319,1.0007118282121248
2011-07-28,601117.SH,8.348,8.549,8.298,8.469,12878345.0,0.476,8.468,1.003,1.044,1.044,0,交易,8.11206896551724,7.996168582375479,1551981.8028440587,0.9905252076266231,0.9706398409170663,0.9998819223048767
2011-07-29,601117.SH,8.489,8.489,8.077,8.188,18474048.0,-3.318,8.221,1.003,1.498,1.498,0,交易,5.465954606141523,5.666889185580775,2287241.302463786,0.968429732595123,0.9514666038402638,1.0040302882266732
2011-08-01,601117.SH,8.148,8.368,8.118,8.348,9829392.0,1.961,8.264,1.003,0.797,0.797,0,交易,10.474278544542033,10.223337515683813,1210814.4863266815,0.9875717017208412,0.9701242829827916,0.9899377096310492
2011-08-02,601117.SH,8.278,8.318,8.098,8.268,10245968.0,-0.962,8.204,1.003,0.831,0.831,0,交易,9.949458483754514,9.961492178098677,1265246.7275870584,0.9862947823996154,0.9735513344553981,0.99225931301403
2011-08-03,601117.SH,8.178,8.318,8.138,8.218,11627999.0,-0.607,8.229,1.003,0.943,0.943,0,交易,8.71474019088017,8.672322375397668,1428852.174981568,0.9893003125751382,0.9783601827362347,1.0013385251886102
2011-08-04,601117.SH,8.218,8.489,8.188,8.278,23349996.0,0.733,8.349,1.003,1.894,1.894,0,交易,4.37064413938754,4.3389651531151,2851733.756717147,0.983508069266109,0.9645423489221345,1.0085769509543367
2011-08-05,601117.SH,8.087,8.399,7.977,8.338,21609173.0,0.727,8.269,1.003,1.753,1.753,0,交易,4.756417569880205,4.613234455219624,2708934.812586185,0.9845219669008216,0.9497559233242054,0.9917246342048454
2011-08-08,601117.SH,8.228,8.308,7.796,8.108,27804051.0,-2.768,8.082,1.003,2.255,2.255,0,交易,3.595565410199557,3.648780487804878,3566450.8722421755,0.9727973038035629,0.9383726528647087,0.9967932905772077
2011-08-09,601117.SH,7.827,8.298,7.786,8.178,20289110.0,0.866,8.136,1.003,1.646,1.646,0,交易,4.968408262454436,4.755164034021871,2605845.1066015926,0.9804772234273318,0.9382983851530489,0.9948642699926631
2011-08-10,601117.SH,8.318,8.479,8.268,8.338,24490260.0,1.963,8.362,1.003,1.986,1.986,0,交易,4.198388721047331,4.188318227593152,2962053.701015965,0.9862012029720487,0.975114989975233,1.0028783881026626
2011-08-11,601117.SH,8.228,8.509,8.178,8.499,17878252.0,1.925,8.392,1.003,1.45,1.45,0,交易,5.861379310344828,5.67448275862069,2186139.887503057,0.986249853096721,0.9611000117522623,0.9874102835627719
2011-08-12,601117.SH,8.529,8.78,8.499,8.679,29123790.000000004,2.125,8.673,1.003,2.362,2.362,0,交易,3.674428450465707,3.6109229466553767,3426731.3801623723,0.9878132118451026,0.9679954441913441,0.9993086761147597
2011-08-15,601117.SH,8.71,8.8,8.559,8.629,20656028.0,-0.578,8.683,1.003,1.675,1.675,0,交易,5.151641791044776,5.2,2413369.31884566,0.9867045454545453,0.9726136363636362,1.006257967319504
2011-08-16,601117.SH,8.629,8.669,8.479,8.559,14939685.999999998,-0.814,8.564,1.003,1.212,1.212,0,交易,7.061881188118812,7.11963696369637,1761963.2032079254,0.9878878763409851,0.9780828238551158,1.000584180394906
2011-08-17,601117.SH,8.529,8.629,8.489,8.509,10700882.0,-0.586,8.528,1.003,0.868,0.868,0,交易,9.80299539170507,9.826036866359447,1260558.6052538578,0.9882952833468538,0.9837756402827675,1.002232929838994
2011-08-18,601117.SH,8.509,8.539,8.228,8.308,11072451.0,-2.358,8.389,1.003,0.898,0.898,0,交易,9.251670378619153,9.475501113585747,1345703.8162372387,0.9824335402271929,0.9635788734043799,1.0097496389022629
2011-08-19,601117.SH,8.228,8.308,8.148,8.238,10890775.0,-0.845,8.202,1.003,0.883,0.883,0,交易,9.329558323895808,9.318233295583239,1336619.41580756,0.9872412132883968,0.9807414540202215,0.9956300072833213
2011-08-22,601117.SH,8.248,8.378,7.827,8.037,28184536.0,-2.436,8.114,1.003,2.286,2.286,0,交易,3.5157480314960634,3.6080489938757654,3600937.2684297943,0.9684888994986871,0.9342325137264264,1.0095806893119323
2011-08-23,601117.SH,8.037,8.118,7.927,8.108,11264724.0,0.874,8.031,1.003,0.914,0.914,0,交易,8.870897155361051,8.793216630196937,1421057.651065977,0.9892830746489283,0.9764720374476471,0.9905032067094228
2011-08-24,601117.SH,8.158,8.188,7.997,8.108,10240856.0,0.0,8.077,1.003,0.831,0.831,0,交易,9.756919374247895,9.817087845968713,1280587.2202075778,0.9864435759648265,0.9766731802638006,0.9961766156882091
2011-08-25,601117.SH,8.108,8.368,8.017,8.358,21006323.0,3.094,8.202,1.003,1.704,1.704,0,交易,4.904929577464789,4.758215962441315,2620222.402394911,0.9801625239005736,0.9580544933078393,0.9813352476669059
2011-08-26,601117.SH,8.368,8.489,8.308,8.399,15823344.0,0.48,8.412,1.003,1.283,1.283,0,交易,6.546375681995324,6.522213561964147,1904591.2373615792,0.99092943809636,0.9786782895511837,1.001547803309918
2011-08-29,601117.SH,8.409,8.629,8.338,8.599,33341953.000000004,2.389,8.533,1.003,2.704,2.704,0,交易,3.1801035502958577,3.109837278106509,3998795.0347805237,0.9888747247653262,0.9662765094448951,0.9923246889173158
2011-08-30,601117.SH,8.629,8.71,8.509,8.609,18432775.0,0.117,8.612,1.003,1.495,1.495,0,交易,5.758528428093645,5.77190635451505,2166268.0691033024,0.9887485648679678,0.9769230769230769,1.000348472528749
2011-08-31,601117.SH,8.589,8.629,8.318,8.348,14288932.999999998,-3.03,8.414,1.003,1.159,1.159,0,交易,7.202761000862814,7.4106988783434,1717832.7723010338,0.9750840190056785,0.9639587437710048,1.0079060852898896
2011-09-01,601117.SH,8.348,8.549,8.278,8.348,9270439.0,0.0,8.385,1.003,0.752,0.752,0,交易,11.101063829787234,11.101063829787234,1119888.7412418458,0.9808164697625453,0.9683003860100597,1.0044321993291805
2011-09-02,601117.SH,8.348,8.358,8.158,8.188,10642299.0,-1.923,8.216,1.003,0.863,0.863,0,交易,9.487833140208576,9.673232908458866,1304523.0448639374,0.9830102895429527,0.976070830342187,1.0034196384953589
2011-09-05,601117.SH,8.077,8.168,7.987,8.077,11156727.0,-1.348,8.067,1.003,0.905,0.905,0,交易,8.924861878453038,8.924861878453038,1396860.7737573558,0.9876346718903037,0.9778403525954947,0.9987619165531757
2011-09-06,601117.SH,8.047,8.077,7.786,7.927,15497510.0,-1.863,7.906,1.003,1.257,1.257,0,交易,6.3062848050914875,6.401750198886238,1990432.8281530954,0.9788287730593042,0.9639717716974123,0.9973508262898954
2011-09-07,601117.SH,7.947,8.128,7.907,8.118,11476764.0,2.405,8.024,1.003,0.931,0.931,0,交易,8.719656283566058,8.535982814178302,1451468.825091691,0.9872047244094487,0.9728100393700787,0.9884207932988419
2011-09-08,601117.SH,8.128,8.128,7.977,7.977,11298876.0,-1.731,8.029,1.003,0.916,0.916,0,交易,8.708515283842795,8.873362445414847,1416431.7412561113,0.9878198818897638,0.9814222440944882,1.0065187413814716
2011-09-09,601117.SH,7.977,8.118,7.807,7.827,14414646.0,-1.887,7.916,1.003,1.169,1.169,0,交易,6.69546621043627,6.823781009409752,1846374.5356731138,0.9751170238975118,0.961690071446169,1.0113708956177336
2011-09-13,601117.SH,7.676,7.746,7.425,7.646,17565832.0,-2.308,7.641,1.003,1.425,1.425,0,交易,5.365614035087719,5.386666666666667,2365768.6195286196,0.9864446165762973,0.958559256390395,0.9993460633010725
2011-09-14,601117.SH,7.686,7.786,7.405,7.766,17046166.0,1.575,7.552,1.003,1.382,1.382,0,交易,5.619392185238785,5.5615050651230105,2301980.553679946,0.9699460570254302,0.9510660159260211,0.9724439866082925
2011-09-15,601117.SH,7.726,7.847,7.686,7.696,12023827.0,-0.904,7.762,1.003,0.975,0.975,0,交易,7.8933333333333335,7.924102564102564,1564380.301847515,0.9891678348413405,0.9794826048171275,1.0085758835758836
2011-09-16,601117.SH,7.716,7.887,7.716,7.796,7671233.0,1.304,7.793,1.003,0.622,0.622,0,交易,12.533762057877814,12.405144694533762,994198.1596682218,0.98808165335362,0.9783187523773299,0.9996151872755259
2011-09-19,601117.SH,7.796,7.796,7.576,7.576,6608296.000000001,-2.831,7.624,1.003,0.536,0.536,0,交易,14.134328358208954,14.544776119402984,872267.1594508977,0.9779374037968188,0.9717804002052334,1.006335797254488
2011-09-20,601117.SH,7.576,7.646,7.475,7.586,8661778.0,0.132,7.548,1.003,0.702,0.702,0,交易,10.806267806267808,10.792022792022792,1158766.287625418,0.9871828407010201,0.977635364896678,0.994990772475613
2011-09-21,601117.SH,7.566,8.057,7.485,7.887,17248983.0,3.968,7.826,1.003,1.399,1.399,0,交易,5.63759828448892,5.408148677626876,2304473.346693387,0.9713292788879234,0.929005833436763,0.99226575377203
2011-09-22,601117.SH,7.776,7.937,7.626,7.666,12357983.0,-2.799,7.762,1.003,1.002,1.002,0,交易,7.650698602794412,7.7604790419161676,1620506.556517178,0.977951367015245,0.9608164293813783,1.0125228280720062
2011-09-23,601117.SH,7.576,7.776,7.475,7.536,10867406.0,-1.702,7.574,1.003,0.711,0.711,0,交易,10.59915611814346,10.655414908579466,1453833.578595318,0.974022633744856,0.9612911522633745,1.0050424628450108
2011-09-26,601117.SH,7.485,7.676,7.405,7.415,9808937.0,-1.598,7.539,1.003,0.642,0.642,0,交易,11.549844236760125,11.658878504672897,1324637.0020256583,0.9821521625846794,0.9646951537258989,1.0167228590694537
2011-09-27,601117.SH,7.526,7.566,7.215,7.375,14309717.000000002,-0.541,7.375,1.003,0.936,0.936,0,交易,7.879273504273504,8.04059829059829,1983328.7595287599,0.9747554850647634,0.9536082474226805,1.0
2011-09-28,601117.SH,7.405,7.546,7.245,7.315,10210688.0,-0.816,7.414,1.003,0.668,0.668,0,交易,10.95059880239521,11.085329341317365,1409342.7191166321,0.9825072886297376,0.9601113172541744,1.0135338345864662
2011-09-29,601117.SH,7.275,7.315,7.024,7.174,8195250.0,-1.92,7.193,1.003,0.536,0.536,0,交易,13.384328358208956,13.57276119402985,1166749.715261959,0.9833219412166779,0.9602187286397812,1.0026484527460273
2011-09-30,601117.SH,7.194,7.225,6.964,7.034,9609862.0,-1.958,7.058,1.003,0.629,0.629,0,交易,11.182829888712241,11.437201907790143,1379934.2331993107,0.976885813148789,0.9638754325259516,1.003411998862667
2011-10-10,601117.SH,7.044,7.134,6.853,6.954,7922253.0,-1.141,6.953,1.003,0.518,0.518,0,交易,13.424710424710424,13.598455598455597,1156026.9954764338,0.9746285393888422,0.9606111578357162,0.9998561978717286
2011-10-11,601117.SH,7.154,7.245,6.813,6.944,10968055.0,-0.144,7.045,1.003,0.717,0.717,0,交易,9.684797768479777,9.97768479776848,1609871.5690591517,0.9723947550034506,0.9403726708074533,1.014544930875576
2011-10-12,601117.SH,6.924,7.305,6.873,7.285,20582542.0,4.913,7.187,1.003,1.346,1.346,0,交易,5.412332838038632,5.144130757800892,2994695.4750472866,0.9838466803559207,0.9408624229979466,0.986547700754976
2011-10-13,601117.SH,7.325,7.716,7.275,7.656,31407674.0,5.096,7.557,1.003,2.054,2.054,0,交易,3.7273612463485883,3.566212268743915,4317206.048109965,0.9793934681181959,0.942846034214619,0.9870689655172414
2011-10-14,601117.SH,7.606,7.706,7.505,7.626,20303134.0,-0.393,7.603,1.003,1.328,1.328,0,交易,5.742469879518072,5.727409638554216,2705281.0126582277,0.986633791850506,0.9739164287568128,0.9969840020980855
2011-10-17,601117.SH,7.626,7.837,7.596,7.656,14336351.0,0.395,7.693,1.003,0.938,0.938,0,交易,8.162046908315565,8.130063965884862,1887355.3185887309,0.9816256220492535,0.9692484369018758,1.0048328108672937
2011-10-18,601117.SH,7.596,7.626,7.305,7.375,14081593.0,-3.67,7.449,1.003,0.921,0.921,0,交易,8.007600434310532,8.247557003257329,1927665.0239561945,0.9767899291896144,0.9579071597167583,1.0100338983050847
2011-10-19,601117.SH,7.395,7.495,7.325,7.355,10970554.0,-0.272,7.413,1.003,0.717,0.717,0,交易,10.258019525801954,10.313807531380753,1497686.5529010238,0.9890593729152769,0.9773182121414277,1.007885791978246
2011-10-20,601117.SH,7.295,7.315,6.944,7.154,15577684.0,-2.729,7.079,1.003,1.019,1.019,0,交易,7.020608439646713,7.1589793915603535,2243330.069124424,0.9677375256322623,0.9492822966507176,0.9895163544870003
2011-10-21,601117.SH,7.174,7.204,6.873,6.964,16395181.0,-2.665,6.974,1.003,1.072,1.072,0,交易,6.496268656716418,6.692164179104478,2385447.54837771,0.9680732926152138,0.9540533037201555,1.001435956346927
2011-10-24,601117.SH,6.994,7.225,6.683,7.144,15596510.999999998,2.594,6.994,1.003,1.02,1.02,0,交易,7.003921568627451,6.856862745098039,2333758.9405955407,0.9680276816608997,0.9249826989619377,0.979003359462486
2011-10-25,601117.SH,7.084,7.626,7.064,7.576,26074057.0,6.039,7.419,1.003,1.705,1.705,0,交易,4.443401759530792,4.154838709677419,3691117.9218573044,0.9728560188827694,0.9263047469184369,0.9792766631467793
2011-10-26,601117.SH,7.505,7.857,7.485,7.666,35658003.0,1.192,7.737,1.003,2.332,2.332,0,交易,3.2873070325900517,3.218267581475129,4763928.256513026,0.9847269950362734,0.9526536846124475,1.0092616749282546
2011-10-27,601117.SH,7.726,7.776,7.536,7.626,12002545.0,-0.524,7.614,1.003,0.785,0.785,0,交易,9.714649681528662,9.842038216560509,1592694.4002123142,0.9791666666666666,0.9691358024691358,0.998426435877262
2011-10-28,601117.SH,7.776,7.947,7.616,7.756,22366897.0,1.711,7.789,1.003,1.463,1.463,0,交易,5.301435406698564,5.315105946684894,2936829.9632352944,0.9801182836290424,0.958349062539323,1.0042547705002578
2011-10-31,601117.SH,7.756,7.877,7.626,7.766,15081445.000000002,0.129,7.746,1.003,0.986,0.986,0,交易,7.876267748478702,7.866125760649088,1977635.0642538685,0.9833693030341502,0.9681350768058906,0.9974246716456349
2011-11-01,601117.SH,7.676,7.847,7.636,7.736,15312650.0,-0.388,7.753,1.003,1.001,1.001,0,交易,7.728271728271729,7.668331668331669,2005323.46778418,0.9880208997068943,0.9731107429590926,1.0021975180972078
2011-11-02,601117.SH,7.596,8.017,7.536,7.927,30323859.999999996,2.464,7.74,1.003,1.983,1.983,0,交易,3.997478567826525,3.830559757942511,4023866.772823779,0.9654484221030312,0.9400024946987652,0.976409738867163
2011-11-03,601117.SH,7.997,8.098,7.877,7.907,25908197.0,-0.253,7.979,1.003,1.694,1.694,0,交易,4.667650531286895,4.720779220779221,3289094.4522026153,0.9853050135836008,0.972709310940973,1.009105855571013
2011-11-04,601117.SH,8.007,8.017,7.827,7.907,10793709.0,0.0,7.891,1.003,0.706,0.706,0,交易,11.19971671388102,11.341359773371105,1379035.262552702,0.9842833977797182,0.976300361731321,0.9979764765397748
2011-11-07,601117.SH,7.867,7.907,7.726,7.867,14573359.0,-0.508,7.819,1.003,0.953,0.953,0,交易,8.25498426023085,8.25498426023085,1886274.786435413,0.9888706209687619,0.9771088908562033,0.9938985636201856
2011-11-08,601117.SH,7.867,7.917,7.756,7.807,9316696.0,-0.765,7.842,1.003,0.609,0.609,0,交易,12.819376026272579,12.917898193760262,1201224.342444559,0.9905267146646457,0.9796640141467728,1.0044831561419238
2011-11-09,601117.SH,7.867,7.867,7.516,7.686,28350259.999999996,-1.542,7.64,1.003,1.854,1.854,0,交易,4.1456310679611645,4.243257820927724,3771987.7594465134,0.9711452904537943,0.9553832464726071,0.994015092375748
2011-11-10,601117.SH,7.606,7.716,7.526,7.576,13398356.0,-1.436,7.603,1.003,0.876,0.876,0,交易,8.648401826484017,8.682648401826484,1780275.8437416954,0.9853551062726801,0.9753758424053913,1.0035638859556495
2011-11-11,601117.SH,7.586,7.746,7.576,7.616,14429654.999999998,0.53,7.649,1.003,0.944,0.944,0,交易,8.067796610169491,8.036016949152543,1904653.511087645,0.9874774076942938,0.9780531887425767,1.0043329831932775
2011-11-14,601117.SH,7.676,7.827,7.636,7.817,29951675.0,2.635,7.757,1.003,1.959,1.959,0,交易,3.990301174068402,3.9183256763654923,3922429.9371398636,0.9910565989523444,0.9755972914271113,0.9923244211334271
2011-11-15,601117.SH,7.867,8.027,7.837,7.977,23381371.0,2.054,7.942,1.003,1.529,1.529,0,交易,5.217135382603009,5.145192936559844,2983459.3594487687,0.9894107387566963,0.976329886632615,0.9956123856086248
2011-11-16,601117.SH,7.997,8.017,7.656,7.766,15951357.0,-2.642,7.856,1.003,1.043,1.043,0,交易,7.445829338446789,7.6673058485139025,2083510.5799373041,0.979917674940751,0.9549706872895098,1.0115889775946434
2011-11-17,601117.SH,7.756,7.907,7.716,7.766,9849731.0,0.0,7.798,1.003,0.644,0.644,0,交易,12.059006211180124,12.043478260869565,1276533.3074131673,0.9862147464272164,0.9758441886935627,1.0041205253669843
2011-11-18,601117.SH,7.726,7.726,7.345,7.405,21417555.0,-4.651,7.468,1.003,1.401,1.401,0,交易,5.2855103497501785,5.514632405424696,2915936.691626957,0.9666062645612219,0.950685995340409,1.0085077650236327
2011-11-21,601117.SH,7.405,7.485,7.204,7.355,18760981.0,-0.678,7.365,1.003,1.227,1.227,0,交易,5.994295028524857,6.035044824775876,2604245.0027762353,0.9839679358717435,0.9624582498329992,1.0013596193065941
2011-11-22,601117.SH,7.295,7.475,7.255,7.455,10070032.0,1.364,7.392,1.003,0.659,0.659,0,交易,11.312594840667678,11.069802731411228,1388012.6809097175,0.9888963210702342,0.9705685618729097,0.9915492957746479
2011-11-23,601117.SH,7.455,7.475,7.204,7.335,12847609.0,-1.615,7.324,1.003,0.84,0.84,0,交易,8.732142857142858,8.875,1783399.3614658525,0.979799331103679,0.9637458193979933,0.9985003408316292
2011-11-24,601117.SH,7.225,7.445,7.064,7.154,19336440.0,-2.462,7.225,1.003,1.265,1.265,0,交易,5.655335968379447,5.711462450592886,2737321.630804077,0.9704499664204163,0.9488247145735392,1.0099245177523064
2011-11-25,601117.SH,7.154,7.325,7.004,7.124,12563439.0,-0.421,7.113,1.003,0.822,0.822,0,交易,8.666666666666666,8.703163017031631,1793751.9988577957,0.9710580204778158,0.9561774744027303,0.9984559236384055
2011-11-28,601117.SH,7.154,7.204,6.924,7.044,16680659.0,-1.127,7.032,1.003,1.091,1.091,0,交易,6.456461961503208,6.5572868927589365,2409107.3079145,0.9761243753470294,0.9611327040533038,0.9982964224872233
2011-11-29,601117.SH,7.114,7.204,6.954,7.164,21740524.0,1.709,7.071,1.003,1.422,1.422,0,交易,5.037974683544304,5.0028129395218,3126333.62093759,0.9815380344253193,0.9652970571904498,0.9870184254606366
2011-11-30,601117.SH,7.114,7.144,6.793,6.994,26172942.0,-2.381,6.968,1.003,1.712,1.712,0,交易,4.085280373831775,4.155373831775701,3852928.308552922,0.9753639417693168,0.9508678611422172,0.9962825278810409
2011-12-01,601117.SH,7.174,7.225,7.014,7.074,32422126.0,1.148,7.12,1.003,2.12,2.12,0,交易,3.3367924528301884,3.3839622641509433,4622487.311092101,0.9854671280276818,0.9707958477508651,1.006502685891999
2011-12-02,601117.SH,7.004,7.044,6.863,6.883,14746956.0,-2.695,6.937,1.003,0.964,0.964,0,交易,7.140041493775934,7.265560165975104,2148762.3488270435,0.98480976717774,0.9743043725156162,1.0078454162429173
2011-12-05,601117.SH,6.823,6.883,6.602,6.643,14699454.0,-3.499,6.723,1.003,0.961,0.961,0,交易,6.912591050988554,7.099895941727368,2226515.298394426,0.9767543222432079,0.959174778439634,1.0120427517687791
2011-12-06,601117.SH,6.582,6.773,6.532,6.693,11192957.0,0.755,6.628,1.003,0.732,0.732,0,交易,9.14344262295082,8.991803278688524,1713557.409675444,0.9785914661154586,0.9644175402332792,0.9902883609741522
2011-12-07,601117.SH,6.693,6.823,6.643,6.723,8830676.0,0.45,6.755,1.003,0.578,0.578,0,交易,11.631487889273357,11.579584775086506,1329320.4877314467,0.9900337095119448,0.9736186428257364,1.0047597798601815
2011-12-08,601117.SH,6.723,6.723,6.472,6.532,12782860.0,-2.836,6.586,1.003,0.836,0.836,0,交易,7.813397129186603,8.041866028708133,1975101.9777503088,0.9796221924735982,0.9626654767217017,1.0082669932639314
2011-12-09,601117.SH,6.472,6.552,6.101,6.161,33794649.0,-5.684,6.269,1.003,2.21,2.21,0,交易,2.787782805429864,2.928506787330317,5539198.328142927,0.9568070818070818,0.9311660561660562,1.0175296218146406
2011-12-12,601117.SH,6.161,6.161,5.549,5.679,53128973.0,-7.818,5.838,1.003,3.475,3.475,0,交易,1.6342446043165468,1.7729496402877696,9574513.065417191,0.9475734458691771,0.9006654763837041,1.0279978869519282
2011-12-13,601117.SH,5.619,5.739,5.489,5.689,29152923.0,0.177,5.63,1.003,1.907,1.907,0,交易,2.9832197168327217,2.9465128474043,5311153.762069594,0.9810071441017599,0.956438403903119,0.9896291088064686
2011-12-14,601117.SH,5.689,5.709,5.479,5.519,18321991.0,-2.998,5.56,1.003,1.198,1.198,0,交易,4.606844741235393,4.748747913188648,3344039.240737361,0.9739008582939219,0.9597127342792083,1.0074288820438484
2011-12-15,601117.SH,5.469,5.699,5.418,5.589,24658005.0,1.273,5.578,1.003,1.613,1.613,0,交易,3.4649721016739,3.390576565406076,4551126.799557032,0.9787682049482366,0.9506931040533427,0.9980318482733942
2011-12-16,601117.SH,5.569,5.97,5.569,5.93,42010189.0,6.104,5.808,1.003,2.748,2.748,0,交易,2.157933042212518,2.026564774381368,7543578.559885078,0.9728643216080403,0.9328308207705193,0.9794266441821248
2011-12-19,601117.SH,5.85,5.97,5.679,5.91,23171650.0,-0.338,5.789,1.003,1.515,1.515,0,交易,3.9009900990099013,3.8613861386138613,4080234.1961612958,0.9696817420435511,0.9512562814070352,0.9795262267343485
2011-12-20,601117.SH,5.86,5.97,5.719,5.79,21284872.0,-2.037,5.834,1.003,1.392,1.392,0,交易,4.15948275862069,4.209770114942529,3721782.129742962,0.9772194304857621,0.9579564489112229,1.0075993091537132
2011-12-21,601117.SH,5.87,5.99,5.679,5.689,27954199.0,-1.733,5.871,1.003,1.828,1.828,0,交易,3.112144420131291,3.211159737417943,4922380.524740271,0.9801335559265443,0.9480801335559266,1.0319915626647918
2011-12-22,601117.SH,5.639,5.86,5.519,5.8,17107511.0,1.94,5.678,1.003,1.119,1.119,0,交易,5.18319928507596,5.0393208221626455,3099748.323971734,0.9689419795221842,0.9418088737201364,0.9789655172413794
2011-12-23,601117.SH,5.77,5.94,5.729,5.84,15428350.0,0.692,5.832,1.003,1.009,1.009,0,交易,5.78790882061447,5.718533201189296,2693026.706231454,0.9818181818181817,0.9644781144781144,0.9986301369863013
2011-12-26,601117.SH,5.8,5.87,5.639,5.669,14819054.0,-2.921,5.74,1.003,0.969,0.969,0,交易,5.850361197110423,5.985552115583076,2627957.793935095,0.9778534923339012,0.9606473594548552,1.0125242547186453
2011-12-27,601117.SH,5.599,5.9,5.589,5.699,18827875.0,0.531,5.74,1.003,1.231,1.231,0,交易,4.629569455727051,4.548334687246141,3368737.6990517084,0.9728813559322034,0.9472881355932203,1.0071942446043165
2011-12-28,601117.SH,5.659,5.729,5.459,5.639,18671783.0,-1.056,5.574,1.003,1.221,1.221,0,交易,4.618345618345618,4.634725634725634,3420366.917017769,0.9729446674812358,0.9528713562576365,0.9884731335343145
2011-12-29,601117.SH,5.599,5.669,5.569,5.629,10591438.0,-0.178,5.614,1.003,0.693,0.693,0,交易,8.122655122655123,8.07936507936508,1901856.3476387144,0.9902981125418946,0.9823602046216264,0.9973352282821105
2011-12-30,601117.SH,5.639,5.76,5.599,5.719,19084649.0,1.604,5.688,1.003,1.248,1.248,0,交易,4.582532051282051,4.518429487179487,3408581.7110198247,0.9874999999999999,0.9720486111111112,0.994579471935653
2012-01-04,601117.SH,5.77,5.79,5.218,5.248,30196946.000000004,-8.246,5.533,1.003,1.975,1.975,0,交易,2.6572151898734178,2.9215189873417717,5787072.8248371035,0.9556131260794474,0.9012089810017271,1.0543064024390245
2012-01-05,601117.SH,5.258,5.258,4.937,4.987,29160553.000000004,-4.971,5.068,1.003,1.907,1.907,0,交易,2.6151022548505507,2.75721027792344,5906532.914725542,0.9638645872955496,0.9389501711677445,1.0162422297974734
2012-01-06,601117.SH,4.987,5.398,4.977,5.228,19101136.0,4.829,5.127,1.003,1.249,1.249,0,交易,4.185748598879103,3.9927942353883106,3837881.454691581,0.9497962208225269,0.922008151167099,0.980680948737567
2012-01-09,601117.SH,5.238,5.529,5.158,5.509,23638577.0,5.374,5.369,1.003,1.546,1.546,0,交易,3.5633893919793014,3.3880983182406212,4582895.889879798,0.9710616748055706,0.932899258455417,0.9745870393900888
2012-01-10,601117.SH,5.479,5.99,5.438,5.83,34537355.0,5.829,5.721,1.003,2.259,2.259,0,交易,2.5807879592740153,2.4254094732182385,6351113.460831189,0.9550918196994992,0.907846410684474,0.981303602058319
2012-01-11,601117.SH,5.82,5.92,5.719,5.81,17656400.0,-0.344,5.817,1.003,1.155,1.155,0,交易,5.03030303030303,5.038961038961039,3087322.9585591885,0.9826013513513514,0.9660472972972973,1.0012048192771086
2012-01-12,601117.SH,5.76,6.041,5.75,5.78,29957636.0,-0.518,5.906,1.003,1.959,1.959,0,交易,2.95048494129658,2.940275650842266,5210023.652173913,0.9776527065055454,0.9518291673563979,1.0217993079584775
2012-01-13,601117.SH,5.78,5.87,5.499,5.629,25640851.0,-2.604,5.648,1.003,1.677,1.677,0,交易,3.3565891472868215,3.4466308884913537,4662820.694671758,0.9621805792163542,0.9367972742759795,1.0033753775093268
2012-01-16,601117.SH,5.549,5.689,5.438,5.449,13981828.0,-3.209,5.544,1.003,0.914,0.914,0,交易,5.961706783369802,6.071115973741795,2571134.2405296066,0.9745122165582703,0.9558797679732817,1.017434391631492
2012-01-17,601117.SH,5.438,5.97,5.378,5.94,30242784.999999996,9.024,5.691,1.003,1.978,1.978,0,交易,3.003033367037412,2.749241658240647,5623425.994793603,0.9532663316582914,0.9008375209380235,0.958080808080808
2012-01-18,601117.SH,5.92,6.091,5.86,5.88,27261999.0,-1.014,5.964,1.003,1.783,1.783,0,交易,3.297812675266405,3.3202467750981493,4652218.259385665,0.9791495649318668,0.9620751929075686,1.0142857142857145
2012-01-19,601117.SH,5.88,6.041,5.85,6.03,27329693.0,2.56,5.956,1.003,1.787,1.787,0,交易,3.3743704532736434,3.2904308897593735,4671742.393162393,0.985929481873862,0.9683827180930309,0.9877280265339967
2012-01-20,601117.SH,6.041,6.191,5.98,6.171,27031180.0,2.329,6.073,1.003,1.768,1.768,0,交易,3.4903846153846154,3.41685520361991,4520264.214046823,0.9809400743014054,0.9659182684542078,0.9841192675417274
2012-01-30,601117.SH,6.161,6.171,5.94,5.95,19540277.0,-3.577,6.051,1.003,1.278,1.278,0,交易,4.655712050078248,4.820813771517996,3289608.9225589223,0.9805542051531356,0.9625668449197862,1.0169747899159665
2012-01-31,601117.SH,5.97,6.0,5.77,5.93,13692321.0,-0.337,5.883,1.003,0.896,0.896,0,交易,6.618303571428571,6.662946428571428,2373019.237435009,0.9805,0.9616666666666666,0.9920741989881957
2012-02-01,601117.SH,5.87,6.101,5.84,5.87,19910954.0,-1.015,5.971,1.003,1.302,1.302,0,交易,4.508448540706605,4.508448540706605,3409409.9315068494,0.9786920177020161,0.9572201278478938,1.017206132879046
2012-02-02,601117.SH,5.9,6.02,5.79,6.0,20039985.0,2.222,5.919,1.003,1.311,1.311,0,交易,4.576659038901602,4.500381388253242,3461137.3056994816,0.9832225913621262,0.9617940199335548,0.9864999999999999
2012-02-03,601117.SH,5.98,6.121,5.89,6.101,32798946.999999996,1.672,6.003,1.003,2.145,2.145,0,交易,2.8442890442890443,2.787878787878788,5568581.833616299,0.9807221042313347,0.9622610684528671,0.9839370594984429
2012-02-06,601117.SH,6.081,6.211,6.051,6.161,34787469.0,0.987,6.134,1.003,2.275,2.275,0,交易,2.708131868131868,2.6729670329670334,5749044.620723847,0.9876026404765739,0.9742392529383352,0.99561759454634
2012-02-07,601117.SH,6.101,6.121,5.99,6.111,23254780.0,-0.814,6.06,1.003,1.521,1.521,0,交易,4.017751479289941,4.011176857330704,3882267.1118530883,0.9900343081195881,0.9785982682568207,0.9916543937162493
2012-02-08,601117.SH,6.071,6.422,6.051,6.321,38511086.0,3.448,6.263,1.003,2.519,2.519,0,交易,2.5093290988487493,2.410083366415244,6364416.790613121,0.975241357832451,0.9422298349423857,0.9908242366714127
2012-02-09,601117.SH,6.291,6.552,6.241,6.412,44419292.0,1.429,6.415,1.003,2.905,2.905,0,交易,2.207228915662651,2.1655765920826164,7117335.683384074,0.9790903540903542,0.9525335775335776,1.0004678727386151
2012-02-10,601117.SH,6.372,6.462,6.291,6.332,20976759.0,-1.252,6.377,1.003,1.372,1.372,0,交易,4.615160349854227,4.644314868804664,3334407.725321888,0.9868461776539771,0.9735376044568246,1.0071067593177512
2012-02-13,601117.SH,6.221,6.482,6.201,6.372,23504613.0,0.634,6.373,1.003,1.537,1.537,0,交易,4.145738451528953,4.0474951203643466,3790455.2491533626,0.9831842024066646,0.9566491823511261,1.0001569365976146
2012-02-14,601117.SH,6.372,6.402,6.171,6.271,25456901.0,-1.575,6.255,1.003,1.665,1.665,0,交易,3.7663663663663662,3.827027027027027,4125247.2856911356,0.9770384254920337,0.9639175257731959,0.9974485727954074
2012-02-15,601117.SH,6.301,6.562,6.251,6.482,39299812.0,3.36,6.407,1.003,2.57,2.57,0,交易,2.5221789883268486,2.451750972762646,6286964.005759078,0.9763791526973483,0.9526059128314538,0.9884294970688059
2012-02-16,601117.SH,6.452,6.552,6.392,6.502,20426446.0,0.31,6.484,1.003,1.336,1.336,0,交易,4.866766467065868,4.8293413173652695,3195626.720901126,0.9896214896214897,0.9755799755799757,0.9972316210396801
2012-02-17,601117.SH,6.502,6.572,6.342,6.422,16235234.0,-1.235,6.45,1.003,1.062,1.062,0,交易,6.0470809792843685,6.122410546139359,2559954.903815831,0.9814363968350578,0.9650030432136335,1.0043600124571785
2012-02-20,601117.SH,6.572,6.633,6.402,6.422,22136750.0,0.0,6.515,1.003,1.448,1.448,0,交易,4.435082872928176,4.538674033149172,3457786.6291783815,0.9822101613146389,0.9651741293532339,1.014481469947057
2012-02-21,601117.SH,6.422,6.472,6.291,6.402,24946188.0,-0.313,6.374,1.003,1.632,1.632,0,交易,3.9227941176470593,3.935049019607843,3965377.2055317117,0.9848578491965388,0.9720333745364648,0.9956263667603873
2012-02-22,601117.SH,6.392,6.653,6.372,6.552,34101648.0,2.351,6.53,1.003,2.23,2.23,0,交易,2.938116591928251,2.8663677130044847,5351796.610169492,0.9815120998045995,0.9577634150007516,0.9966422466422468
2012-02-23,601117.SH,6.512,6.713,6.492,6.602,25494494.0,0.766,6.641,1.003,1.667,1.667,0,交易,3.960407918416317,3.9064187162567485,3927063.1546518793,0.9892745419335618,0.9670788023238492,1.005907300817934
2012-02-24,601117.SH,6.693,6.853,6.592,6.813,29303312.0,3.191,6.715,1.003,1.917,1.917,0,交易,3.5539906103286385,3.4913928012519557,4445283.980582524,0.979862833795418,0.9619144900043777,0.9856157346249816
2012-02-27,601117.SH,6.813,7.124,6.813,6.903,44828230.0,1.325,6.986,1.003,2.932,2.932,0,交易,2.3543656207366985,2.323669849931787,6579807.720534273,0.980628860190904,0.9563447501403706,1.0120237577864697
2012-02-28,601117.SH,6.903,7.014,6.823,6.944,15359871.0,0.581,6.909,1.003,1.005,1.005,0,交易,6.909452736318409,6.86865671641791,2251190.2388978456,0.9850299401197604,0.9727687482178501,0.9949596774193549
2012-02-29,601117.SH,6.903,6.964,6.743,6.763,15500244.0,-2.601,6.83,1.003,1.014,1.014,0,交易,6.669625246548323,6.8076923076923075,2298716.298383509,0.9807581849511774,0.9682653647329121,1.0099068460742275
2012-03-01,601117.SH,6.743,6.833,6.693,6.733,14938050.0,-0.445,6.764,1.003,0.977,0.977,0,交易,6.89150460593654,6.90174002047083,2231891.528462573,0.9899019464364115,0.9795111956680813,1.004604188326155
2012-03-02,601117.SH,6.753,6.934,6.753,6.903,19051463.0,2.534,6.859,1.003,1.246,1.246,0,交易,5.540128410914927,5.419743178170145,2821185.102917222,0.9891837323334295,0.9738967406980098,0.9936259597276547
2012-03-05,601117.SH,6.913,7.024,6.733,6.793,25672156.0,-1.599,6.865,1.003,1.679,1.679,0,交易,4.045860631328171,4.117331745086361,3812885.1923362543,0.9773633257403189,0.9585706150341685,1.010599146179891
2012-03-06,601117.SH,6.743,6.763,6.572,6.602,18332052.0,-2.806,6.645,1.003,1.199,1.199,0,交易,5.506255212677231,5.623853211009174,2789417.5289105293,0.9825521218394203,0.9717580955197398,1.0065131778249015
2012-03-07,601117.SH,6.512,6.703,6.472,6.492,21975500.0,-1.672,6.557,1.003,1.437,1.437,0,交易,4.517745302713987,4.531663187195546,3395472.8059332506,0.9782187080411756,0.9655378188870655,1.0100123228589033
2012-03-08,601117.SH,6.542,6.673,6.492,6.622,24361772.0,2.009,6.599,1.003,1.593,1.593,0,交易,4.156936597614564,4.106716886377903,3752583.48736907,0.9889105349917579,0.9728757680203807,0.9965267290848686
2012-03-09,601117.SH,6.643,6.703,6.602,6.703,17725680.0,1.212,6.644,1.003,1.159,1.159,0,交易,5.783433994823124,5.731665228645384,2684895.486216298,0.9911979710577353,0.9849321199462927,0.9911979710577353
2012-03-12,601117.SH,6.683,6.853,6.512,6.823,30748119.0,1.796,6.672,1.003,2.011,2.011,0,交易,3.3928393833913475,3.323222277473893,4721762.745700246,0.9735882095432657,0.9502407704654895,0.9778689725927011
2012-03-13,601117.SH,6.803,6.883,6.743,6.843,27010159.999999996,0.294,6.826,1.003,1.767,1.767,0,交易,3.872665534804754,3.8500282965478214,4005659.202135547,0.9917187272991428,0.9796600319628069,0.9975157094841444
2012-03-14,601117.SH,6.873,6.893,6.311,6.512,53543068.99999999,-4.839,6.6,1.003,3.502,3.502,0,交易,1.859508852084523,1.9625928041119363,8484086.357154174,0.9574931089511098,0.9155665167561294,1.0135135135135136
2012-03-15,601117.SH,6.472,6.522,6.291,6.362,22752300.0,-2.311,6.383,1.003,1.488,1.488,0,交易,4.275537634408602,4.349462365591398,3616642.823080591,0.9786875191659,0.9645814167433303,1.0033008487896888
2012-03-16,601117.SH,6.362,6.572,6.311,6.462,17227033.0,1.577,6.43,1.003,1.127,1.127,0,交易,5.733806566104702,5.645075421472937,2729683.5683726827,0.9783931832014607,0.9602860620815581,0.9950479727638502
2012-03-19,601117.SH,6.472,6.502,6.321,6.432,20032186.0,-0.466,6.397,1.003,1.31,1.31,0,交易,4.909923664122138,4.9404580152671755,3169148.2360386015,0.9838511227314674,0.9721624115656721,0.9945584577114428
2012-03-20,601117.SH,6.452,6.472,6.161,6.291,23380931.0,-2.184,6.314,1.003,1.529,1.529,0,交易,4.114453891432309,4.219751471550033,3794989.612075962,0.9755871446229913,0.9519468479604448,1.003656016531553
2012-03-21,601117.SH,6.321,6.362,6.171,6.251,15723062.0,-0.638,6.25,1.003,1.028,1.028,0,交易,6.0807392996108955,6.148832684824902,2547895.3168044076,0.9823954731216599,0.9699779943414021,0.9998400255959046
2012-03-22,601117.SH,6.231,6.281,6.151,6.231,14734235.0,-0.321,6.217,1.003,0.964,0.964,0,交易,6.463692946058091,6.463692946058091,2395421.069744757,0.9898105397229741,0.9793026588122911,0.9977531696356925
2012-03-23,601117.SH,6.201,6.402,6.171,6.261,26795464.0,0.483,6.312,1.003,1.752,1.752,0,交易,3.5736301369863015,3.5393835616438354,4342159.131421164,0.985941893158388,0.9639175257731959,1.0081456636320076
2012-03-26,601117.SH,6.271,6.321,6.231,6.301,9194588.0,0.641,6.272,1.003,0.601,0.601,0,交易,10.484193011647255,10.434276206322796,1475619.9646926657,0.992248062015504,0.9857617465590888,0.9953975559435011
2012-03-27,601117.SH,6.332,6.362,6.161,6.171,10269088.0,-2.07,6.279,1.003,0.672,0.672,0,交易,9.183035714285714,9.422619047619047,1666789.157604285,0.9869537881169443,0.9684061615844073,1.0175012153621779
2012-03-28,601117.SH,6.151,6.151,5.81,5.87,18634284.0,-4.878,5.978,1.003,1.219,1.219,0,交易,4.815422477440525,5.045939294503691,3207277.7969018933,0.9718744919525281,0.9445618598601853,1.0183986371379896
2012-03-30,601117.SH,5.79,5.93,5.669,5.87,19067197.0,0.0,5.774,1.003,1.247,1.247,0,交易,4.70729751403368,4.643143544506816,3363414.535191392,0.9736930860033727,0.9559865092748735,0.9836456558773424
2012-04-05,601117.SH,5.87,6.171,5.77,6.141,18510116.0,4.615,5.998,1.003,1.211,1.211,0,交易,5.071015689512799,4.847233691164327,3207992.374350087,0.9719656457624372,0.9350186355533948,0.9767138902458883
2012-04-06,601117.SH,6.091,6.362,6.091,6.231,19522229.0,1.471,6.234,1.003,1.277,1.277,0,交易,4.879404855129209,4.769772905246672,3205094.2373994417,0.9798805407104684,0.9574033322854448,1.0004814636494945
2012-04-09,601117.SH,6.321,6.342,6.201,6.231,22065719.0,0.0,6.277,1.003,1.443,1.443,0,交易,4.318087318087318,4.38045738045738,3558412.997903564,0.989750867234311,0.977767265846736,1.0073824426255817
2012-04-10,601117.SH,6.221,6.301,6.141,6.291,13436687.0,0.966,6.221,1.003,0.879,0.879,0,交易,7.156996587030717,7.077360637087599,2188029.1483471747,0.9873036026027615,0.9746072052055229,0.9888729931648386
2012-04-11,601117.SH,6.211,6.332,6.181,6.241,17050653.0,-0.797,6.268,1.003,1.115,1.115,0,交易,5.597309417040359,5.570403587443947,2758558.9710402847,0.9898926089703095,0.9761528742893241,1.0043262297708702
2012-04-12,601117.SH,6.281,6.412,6.261,6.402,24316788.0,2.572,6.366,1.003,1.59,1.59,0,交易,4.026415094339622,3.9503144654088045,3883850.5031145182,0.9928259513412352,0.9764504054897069,0.9943767572633552
2012-04-13,601117.SH,6.412,6.562,6.402,6.462,21099824.0,0.94,6.49,1.003,1.38,1.38,0,交易,4.682608695652174,4.6463768115942035,3295817.5570134334,0.9890277354465102,0.9756171898811338,1.0043330238316313
2012-04-16,601117.SH,6.442,6.703,6.422,6.633,24640145.0,2.64,6.625,1.003,1.612,1.612,0,交易,4.114764267990074,3.996277915632754,3836833.5409529745,0.9883634193644636,0.9580784723258242,0.9987939092416704
2012-04-17,601117.SH,6.633,6.673,6.482,6.502,20162787.0,-1.967,6.571,1.003,1.319,1.319,0,交易,4.929492039423806,5.028809704321456,3110581.147793891,0.9847145212048554,0.9713771916679155,1.010612119347893
2012-04-18,601117.SH,6.502,6.753,6.502,6.733,26864911.0,3.549,6.675,1.003,1.757,1.757,0,交易,3.8321001707455893,3.7006260671599316,4131791.910181483,0.9884495779653487,0.9628313342218273,0.9913857121639685
2012-04-19,601117.SH,6.713,6.803,6.653,6.723,19568450.0,-0.149,6.715,1.003,1.28,1.28,0,交易,5.25234375,5.24453125,2941297.1591763115,0.9870645303542555,0.9779509040129354,0.9988100550349547
2012-04-20,601117.SH,6.713,6.753,6.532,6.723,33364425.0,0.0,6.637,1.003,2.182,2.182,0,交易,3.0811182401466546,3.07653528872594,5107842.161665646,0.9828224492818006,0.9672738042351547,0.9872080916257623
2012-04-23,601117.SH,6.653,6.733,6.562,6.663,22440440.0,-0.896,6.649,1.003,1.468,1.468,0,交易,4.5388283378746594,4.532016348773841,3419756.171898811,0.9875241348581614,0.9746027031041141,0.9978988443644004
2012-04-24,601117.SH,6.602,6.763,6.522,6.673,19717363.0,0.151,6.649,1.003,1.29,1.29,0,交易,5.172868217054264,5.1178294573643415,3023208.065010733,0.9831435753363892,0.9643649268076298,0.9964034167540836
2012-04-25,601117.SH,6.622,6.703,6.542,6.582,20204299.0,-1.353,6.613,1.003,1.321,1.321,0,交易,4.9825889477668435,5.012869038607116,3088397.8905533478,0.9865731761897658,0.9759809040728031,1.0047098146460043
2012-04-26,601117.SH,6.622,6.843,6.602,6.823,30225326.0,3.659,6.737,1.003,1.977,1.977,0,交易,3.451188669701568,3.34951947395043,4578207.512874886,0.9845097179599591,0.964781528569341,0.9873955737945185
2012-04-27,601117.SH,6.823,6.853,6.683,6.763,13010772.0,-0.882,6.736,1.003,0.851,0.851,0,交易,7.947121034077556,8.017626321974149,1946846.0272332786,0.9829271851743762,0.9751933459798628,0.9960076888954605
2012-05-02,601117.SH,6.893,7.024,6.853,6.934,34327651.0,2.522,6.944,1.003,2.245,2.245,0,交易,3.088641425389755,3.0703786191536744,5009142.127535386,0.9886104783599089,0.9756548974943052,1.0014421690222093
2012-05-03,601117.SH,6.883,6.994,6.873,6.934,12728011.0,0.0,6.935,1.003,0.832,0.832,0,交易,8.334134615384617,8.272836538461538,1851885.7849556233,0.9915641978839005,0.9826994566771519,1.0001442169022208
2012-05-04,601117.SH,6.934,7.104,6.903,7.064,17986923.0,1.881,7.013,1.003,1.176,1.176,0,交易,6.006802721088436,5.896258503401361,2605667.535853977,0.9871903153153153,0.971706081081081,0.9927802944507361
2012-05-07,601117.SH,7.004,7.204,6.974,7.194,25648522.0,1.847,7.139,1.003,1.677,1.677,0,交易,4.289803220035778,4.176505664877758,3677734.728993404,0.990977234869517,0.9680732926152138,0.9923547400611621
2012-05-08,601117.SH,7.194,7.194,6.873,7.024,30393856.0,-2.371,7.002,1.003,1.988,1.988,0,交易,3.533199195171026,3.618712273641851,4422210.970464135,0.9733110925771477,0.9553794829024187,0.9968678815489749
2012-05-09,601117.SH,6.924,6.974,6.743,6.783,17393200.0,-3.429,6.828,1.003,1.138,1.138,0,交易,5.960456942003516,6.084358523725836,2579445.3507340946,0.979065098938916,0.9668769716088328,1.0066342326404245
2012-05-10,601117.SH,6.823,6.853,6.663,6.753,12803977.0,-0.444,6.743,1.003,0.837,0.837,0,交易,8.068100358422939,8.15173237753883,1921653.4594026713,0.983948635634029,0.9722749160951409,0.9985191766622242
2012-05-11,601117.SH,6.683,6.833,6.673,6.683,10671112.0,-1.04,6.744,1.003,0.698,0.698,0,交易,9.574498567335244,9.574498567335244,1599147.6097707178,0.9869749743889945,0.9765842236206644,1.0091276372886429
2012-05-14,601117.SH,6.753,6.773,6.572,6.592,14489220.000000002,-1.351,6.669,1.003,0.948,0.948,0,交易,6.953586497890296,7.1234177215189876,2204689.592209373,0.9846449136276392,0.9703233426841873,1.0116808252427185
2012-05-15,601117.SH,6.472,6.673,6.402,6.633,18209018.0,0.609,6.55,1.003,1.191,1.191,0,交易,5.569269521410579,5.434089000839631,2844270.2280537332,0.9815675108646785,0.9593885808481942,0.9874868083823307
2012-05-16,601117.SH,6.622,6.622,6.352,6.382,18268420.0,-3.782,6.463,1.003,1.195,1.195,0,交易,5.340585774058577,5.541422594142259,2876010.7052896726,0.9759891271519179,0.959226819691936,1.0126919460984019
2012-05-17,601117.SH,6.392,6.522,6.352,6.512,20482441.0,2.044,6.462,1.003,1.34,1.34,0,交易,4.8597014925373125,4.7701492537313435,3224565.6486146096,0.9908003679852805,0.973934375958295,0.9923218673218673
2012-05-18,601117.SH,6.442,6.442,6.081,6.131,56441874.0,-5.855,6.237,1.003,3.691,3.691,0,交易,1.6610674613925767,1.7453264697913846,9281676.369018253,0.9681775846010555,0.9439615026389321,1.0172891861034088
2012-05-21,601117.SH,6.121,6.141,5.96,6.111,35189811.0,-0.327,6.066,1.003,2.301,2.301,0,交易,2.6558018252933504,2.660147761842677,5904330.704697987,0.9877870053737176,0.9705259729685719,0.9926362297496318
2012-05-22,601117.SH,6.161,6.412,6.101,6.362,43365750.0,4.105,6.266,1.003,2.836,2.836,0,交易,2.2433004231311706,2.172425952045134,7107974.10260613,0.9772301933873987,0.9514971927635684,0.9849104055328513
2012-05-24,601117.SH,6.412,6.442,6.261,6.271,35083571.0,-1.42,6.371,1.003,2.295,2.295,0,交易,2.732461873638344,2.7938997821350764,5603509.183836448,0.9889785780813413,0.9719031356721515,1.0159464200287036
2012-05-25,601117.SH,6.301,6.372,6.211,6.231,17888574.0,-0.64,6.299,1.003,1.17,1.17,0,交易,5.325641025641026,5.385470085470086,2880143.9381742068,0.9885436283741369,0.9747332077840553,1.010913176055208
2012-05-28,601117.SH,6.211,6.522,6.131,6.502,35183302.0,4.348,6.386,1.003,2.301,2.301,0,交易,2.825727944372012,2.6992611907866144,5738591.094438101,0.979147500766636,0.9400490647040785,0.9821593355890496
2012-05-29,601117.SH,6.703,6.793,6.602,6.693,52916966.0,2.932,6.7,1.003,3.461,3.461,0,交易,1.9338341519791968,1.9367234903207167,8015293.244471372,0.9863094361843073,0.9718828205505667,1.0010458688181683
2012-05-30,601117.SH,6.633,6.823,6.602,6.673,31933384.999999996,-0.3,6.74,1.003,2.089,2.089,0,交易,3.1943513642891337,3.1752034466251797,4836925.931535898,0.9878352630807562,0.9676095559138209,1.0100404615615166
2012-05-31,601117.SH,6.622,6.893,6.612,6.823,38590057.0,2.256,6.778,1.003,2.524,2.524,0,交易,2.7032488114104596,2.6236133122028527,5836366.757410768,0.9833164079500942,0.9592340055128391,0.993404660706434
2012-06-01,601117.SH,6.813,6.913,6.703,6.723,20243020.0,-1.471,6.797,1.003,1.324,1.324,0,交易,5.077794561933534,5.145770392749244,3019994.032522751,0.9832200202516996,0.9696224504556632,1.0110069909266697
2012-06-04,601117.SH,6.622,6.633,6.321,6.482,23192445.0,-3.582,6.479,1.003,1.517,1.517,0,交易,4.272907053394858,4.365194462755438,3669110.109159943,0.9767827529021559,0.952962460425147,0.9995371798827523
2012-06-05,601117.SH,6.452,6.512,6.392,6.432,14959701.0,-0.774,6.442,1.003,0.978,0.978,0,交易,6.576687116564417,6.597137014314929,2340378.7546933666,0.9892506142506143,0.9815724815724817,1.0015547263681592
2012-06-06,601117.SH,6.462,6.472,6.241,6.271,17798448.0,-2.496,6.353,1.003,1.164,1.164,0,交易,5.38745704467354,5.551546391752577,2851858.3560326872,0.9816131025957971,0.9643077873918416,1.0130760644235368
2012-06-07,601117.SH,6.352,6.392,6.03,6.141,26609777.0,-2.08,6.196,1.003,1.74,1.74,0,交易,3.529310344827586,3.6505747126436785,4412898.341625207,0.9693366708385481,0.9433667083854819,1.0089561960592737
2012-06-08,601117.SH,6.191,6.241,6.101,6.131,16188564.000000002,-0.163,6.178,1.003,1.059,1.059,0,交易,5.789423984891408,5.846081208687441,2653427.9626290775,0.98990546386797,0.9775676974843776,1.0076659598760398
2012-06-11,601117.SH,6.191,6.332,6.111,6.281,15635372.0,2.455,6.215,1.003,1.023,1.023,0,交易,6.139784946236559,6.051808406647116,2558561.9374897727,0.9815224257738471,0.9650979153506001,0.989492119089317
2012-06-12,601117.SH,6.231,6.281,6.141,6.191,16759115.0,-1.438,6.215,1.003,1.096,1.096,0,交易,5.648722627737226,5.685218978102189,2729053.0858166423,0.989492119089317,0.9777105556440058,1.0038765950573414
2012-06-13,601117.SH,6.271,6.382,6.201,6.342,16698895.000000002,2.431,6.31,1.003,1.092,1.092,0,交易,5.807692307692307,5.742673992673992,2692935.8168037417,0.988718270134754,0.9716389846443121,0.9949542730999684
2012-06-14,601117.SH,6.332,6.362,6.181,6.221,13490954.999999998,-1.899,6.283,1.003,0.882,0.882,0,交易,7.053287981859411,7.179138321995465,2182649.2476945473,0.9875825212197422,0.9715498270983968,1.0099662433692334
2012-06-15,601117.SH,6.261,6.281,6.131,6.231,19567493.0,0.161,6.236,1.003,1.28,1.28,0,交易,4.86796875,4.89140625,3191566.302397651,0.9928355357427161,0.9761184524757205,1.0008024394158241
2012-06-18,601117.SH,6.301,6.372,6.251,6.291,19059884.0,0.966,6.301,1.003,1.247,1.247,0,交易,5.044907778668805,5.052927024859663,3049093.5850263955,0.988857501569366,0.9810106716886379,1.001589572405023
2012-06-19,601117.SH,6.311,6.332,6.171,6.201,10580060.0,-1.435,6.23,1.003,0.692,0.692,0,交易,8.960982658959537,9.119942196531792,1714480.6352292981,0.9838913455464309,0.9745735944409349,1.0046766650540238
2012-06-20,601117.SH,6.251,6.291,6.171,6.281,11827045.0,1.294,6.214,1.003,0.774,0.774,0,交易,8.114987080103358,8.076227390180879,1916552.4226219412,0.9877602924813226,0.9809251311397233,0.9893329087724886
2012-06-21,601117.SH,6.241,6.241,6.141,6.211,9487519.0,-1.118,6.188,1.003,0.621,0.621,0,交易,10.001610305958133,10.049919484702093,1544946.9141833577,0.9915077711905144,0.9839769267745554,0.9962968926098856
2012-06-25,601117.SH,6.171,6.211,5.98,6.02,13073738.0,-3.069,6.063,1.003,0.855,0.855,0,交易,7.040935672514619,7.2175438596491235,2186243.8127090298,0.97617130896796,0.9628079214297215,1.0071428571428571
2012-06-26,601117.SH,6.01,6.141,5.89,6.131,10063924.0,1.833,5.973,1.003,0.658,0.658,0,交易,9.317629179331307,9.133738601823708,1708645.8404074705,0.9726428920371275,0.9591271779840417,0.974229326374164
2012-06-27,601117.SH,6.081,6.101,5.9,5.97,13841910.0,-2.619,5.982,1.003,0.905,0.905,0,交易,6.596685082872928,6.719337016574586,2346086.440677966,0.9804950008195378,0.9670545812161941,1.0020100502512563
2012-06-28,601117.SH,5.97,5.99,5.629,5.75,32710380.0,-3.697,5.746,1.003,2.139,2.139,0,交易,2.688172043010753,2.791023842917251,5811046.367027892,0.9592654424040067,0.9397328881469114,0.999304347826087
2012-06-29,601117.SH,5.699,5.83,5.649,5.79,12909112.0,0.698,5.774,1.003,0.844,0.844,0,交易,6.860189573459716,6.752369668246446,2285203.044786688,0.9903945111492282,0.9689536878216124,0.9972366148531951
2012-07-02,601117.SH,5.84,5.88,5.659,5.689,23664115.0,-1.733,5.767,1.003,1.548,1.548,0,交易,3.675064599483204,3.7726098191214468,4181677.8582788478,0.9807823129251702,0.9624149659863945,1.0137106697134821
2012-07-03,601117.SH,5.699,5.8,5.619,5.689,21071829.0,0.0,5.707,1.003,1.378,1.378,0,交易,4.12844702467344,4.135703918722787,3750103.0432461295,0.9839655172413793,0.9687931034482758,1.0031640007031113
2012-07-04,601117.SH,5.709,5.77,5.619,5.689,17724176.0,0.0,5.698,1.003,1.159,1.159,0,交易,4.908541846419327,4.925798101811907,3154329.240078306,0.9875216637781631,0.9738301559792029,1.0015820003515556
2012-07-05,601117.SH,5.659,5.659,5.368,5.378,31632646.999999996,-5.467,5.458,1.003,2.069,2.069,0,交易,2.5993233446109234,2.7351377477042047,5892817.99552906,0.9644813571302351,0.9485774871885493,1.0148754183711417
2012-07-06,601117.SH,5.398,5.519,5.147,5.449,37353704.0,1.306,5.318,1.003,2.443,2.443,0,交易,2.2304543593941872,2.209578387228817,7257374.004274334,0.963580358760645,0.9325964848704476,0.975958891539732
2012-07-09,601117.SH,5.388,5.418,5.147,5.158,32697430.0,-5.341,5.256,1.003,2.138,2.138,0,交易,2.4125350795135643,2.520112254443405,6352716.145327375,0.9700996677740864,0.9499815430047989,1.018999612252811
2012-07-10,601117.SH,5.158,5.218,5.097,5.147,15553328.0,-0.196,5.142,1.013,1.017,1.017,0,交易,5.060963618485743,5.071779744346117,3051467.137531881,0.9854350325795325,0.9768110387121504,0.9990285603264037
2012-07-11,601117.SH,5.117,5.34,5.117,5.32,34869684.0,3.346,5.274,1.013,2.281,2.281,0,交易,2.3323103901797455,2.2433143358176237,6814478.014461598,0.9876404494382023,0.9582397003745319,0.9913533834586465
2012-07-12,601117.SH,5.32,5.512,5.249,5.431,26908503.999999996,2.095,5.423,1.013,1.76,1.76,0,交易,3.0857954545454547,3.022727272727273,5126405.791579348,0.9838534107402033,0.9522859216255443,0.998526974774443
2012-07-13,601117.SH,5.674,5.877,5.674,5.745,52673541.0,5.784,5.782,1.013,3.445,3.445,0,交易,1.667634252539913,1.647024673439768,9283317.060274938,0.9838352901140038,0.9654585672962397,1.0064403829416884
2012-07-16,601117.SH,5.786,5.857,5.654,5.684,30077576.0,-1.058,5.762,1.013,1.967,1.967,0,交易,2.889679715302491,2.9415353329944076,5319698.620445702,0.9837800921973705,0.9653406180638552,1.0137227304714989
2012-07-17,601117.SH,5.674,5.877,5.664,5.867,28438976.0,3.209,5.786,1.013,1.86,1.86,0,交易,3.154301075268817,3.0505376344086024,5021005.649717514,0.9845159094776246,0.9637570188871873,0.9861939662519175
2012-07-18,601117.SH,5.847,6.151,5.836,6.13,43525279.0,4.491,5.992,1.013,2.847,2.847,0,交易,2.153143659992975,2.053740779768177,7458066.997943797,0.97415054462689,0.9487888148268575,0.9774877650897227
2012-07-19,601117.SH,6.12,6.485,6.08,6.252,76374968.0,1.983,6.328,1.013,4.995,4.995,0,交易,1.2516516516516516,1.2252252252252251,12561672.368421052,0.9757902852737086,0.9375481881264456,1.0121561100447858
2012-07-20,601117.SH,6.252,6.373,6.1,6.262,24668533.0,0.162,6.27,1.013,1.613,1.613,0,交易,3.882207067575945,3.876007439553627,4044021.803278689,0.9838380668445001,0.9571630315393064,1.0012775471095496
2012-07-23,601117.SH,6.171,6.232,6.1,6.151,14573882.0,-1.78,6.168,1.013,0.953,0.953,0,交易,6.4543546694648475,6.475341028331585,2389160.9836065574,0.9897304236200256,0.9788189987163028,1.0027637782474395
2012-07-24,601117.SH,6.1,6.282,6.009,6.161,16224466.0,0.165,6.177,1.013,1.061,1.061,0,交易,5.806786050895382,5.749293119698398,2700027.625228823,0.9832855778414517,0.9565425023877746,1.0025969810095763
2012-07-25,601117.SH,6.161,6.181,5.968,5.999,17159512.0,-2.632,6.046,1.013,1.122,1.122,0,交易,5.346702317290552,5.49108734402852,2875253.3512064344,0.9781588739686136,0.9655395567060346,1.0078346391065178
2012-07-26,601117.SH,5.999,6.08,5.897,5.917,13826739.000000002,-1.351,5.973,1.013,0.904,0.904,0,交易,6.545353982300885,6.636061946902655,2344707.3088010857,0.9824013157894737,0.9699013157894737,1.0094642555348994
2012-07-27,601117.SH,5.948,6.1,5.907,6.029,15224420.000000002,1.884,5.983,1.013,0.996,0.996,0,交易,6.053212851405623,5.971887550200804,2577352.293888607,0.9808196721311475,0.968360655737705,0.992370210648532
2012-07-30,601117.SH,6.029,6.09,5.836,5.877,11632821.0,-2.521,5.959,1.013,0.761,0.761,0,交易,7.722733245729303,7.922470433639948,1993286.6689513365,0.9784893267651888,0.9582922824302136,1.0139526969542283
2012-07-31,601117.SH,5.857,6.049,5.826,5.917,25140539.0,0.69,5.982,1.013,1.644,1.644,0,交易,3.599148418491484,3.562652068126521,4315231.548232064,0.9889237890560423,0.9631344023805587,1.0109852966030084
2012-08-01,601117.SH,5.958,6.1,5.928,6.029,21939248.0,1.884,6.024,1.013,1.435,1.435,0,交易,4.201393728222996,4.1519163763066205,3700952.766531714,0.9875409836065574,0.9718032786885247,0.9991706750704926
2012-08-02,601117.SH,6.029,6.272,5.978,6.201,32935915.999999996,2.857,6.127,1.013,2.154,2.154,0,交易,2.8788300835654597,2.798978644382544,5509520.910003345,0.9768813775510203,0.9531249999999999,0.9880664408966296
2012-08-03,601117.SH,6.191,6.262,6.069,6.201,20651683.0,0.0,6.156,1.013,1.351,1.351,0,交易,4.589933382679496,4.582531458179126,3402814.796506838,0.983072500798467,0.9691791759821144,0.9927431059506532
2012-08-06,601117.SH,6.171,6.333,6.11,6.292,22481635.0,1.471,6.262,1.013,1.47,1.47,0,交易,4.280272108843537,4.197959183673469,3679481.9967266773,0.9887888836254539,0.9647876204010738,0.9952320406865861
2012-08-07,601117.SH,6.292,6.353,6.221,6.282,13268969.0,-0.161,6.284,1.013,0.868,0.868,0,交易,7.2373271889400925,7.248847926267281,2132931.843755023,0.9891389894538014,0.9792224146072722,1.000318369945877
2012-08-08,601117.SH,6.292,6.525,6.252,6.525,41308727.0,3.871,6.448,1.013,2.702,2.702,0,交易,2.414877868245744,2.3286454478164322,6607281.989763276,0.9881992337164751,0.9581609195402297,0.9881992337164751
2012-08-09,601117.SH,6.465,6.789,6.455,6.708,39460888.0,2.795,6.663,1.013,2.581,2.581,0,交易,2.598992638512205,2.5048430840759397,6113228.195197521,0.9814405656208574,0.9508027691854471,0.9932915921288015
2012-08-10,601117.SH,6.688,6.769,6.515,6.596,19347350.0,-1.662,6.617,1.013,1.265,1.265,0,交易,5.214229249011858,5.286956521739131,2969662.317728319,0.9775446890234895,0.9624759934997783,1.0031837477258945
2012-08-13,601117.SH,6.566,6.576,6.201,6.272,31254183.0,-4.916,6.366,1.013,2.044,2.044,0,交易,3.068493150684932,3.2123287671232874,5040184.325108854,0.968065693430657,0.9429744525547445,1.014987244897959
2012-08-14,601117.SH,6.282,6.475,6.232,6.455,25036429.0,2.908,6.37,1.013,1.637,1.637,0,交易,3.943188759926695,3.8375076359193647,4017398.7483953787,0.9837837837837838,0.9624710424710425,0.9868319132455461
2012-08-15,601117.SH,6.465,6.525,6.353,6.465,13071988.0,0.157,6.43,1.013,0.855,0.855,0,交易,7.56140350877193,7.56140350877193,2057608.688808437,0.9854406130268198,0.973639846743295,0.9945862335653519
2012-08-16,601117.SH,6.444,6.465,6.262,6.272,18577248.0,-2.978,6.334,1.013,1.215,1.215,0,交易,5.162139917695473,5.303703703703703,2966663.6857234114,0.979737045630317,0.9686001546790409,1.0098852040816326
2012-08-17,601117.SH,6.343,6.505,6.049,6.151,43673095.0,-1.939,6.252,1.013,2.856,2.856,0,交易,2.1537114845938374,2.22093837535014,7219886.758141841,0.9611068408916218,0.9299000768639509,1.0164200942936108
2012-08-20,601117.SH,6.09,6.201,5.999,6.14,15696490.0,-0.165,6.13,1.013,1.027,1.027,0,交易,5.978578383641675,5.929892891918208,2616517.7529588267,0.9885502338332527,0.9674246089340429,0.998371335504886
2012-08-21,601117.SH,6.13,6.424,6.13,6.373,31487759.000000004,3.795,6.328,1.013,2.059,2.059,0,交易,3.0951918406993686,2.9771733851384163,5136665.4159869505,0.9850560398505603,0.9542341220423411,0.9929389612427428
2012-08-22,601117.SH,6.373,6.384,6.262,6.313,12369964.0,-0.954,6.31,1.013,0.809,0.809,0,交易,7.80346106304079,7.877626699629172,1975401.469179176,0.9884085213032581,0.9808897243107768,0.9995247901156343
2012-08-23,601117.SH,6.343,6.434,6.262,6.353,19243850.0,0.642,6.335,1.013,1.259,1.259,0,交易,5.046068308181097,5.038125496425735,3073115.6180134146,0.984612993472179,0.9732670189617655,0.9971666929009917
2012-08-24,601117.SH,6.323,6.373,6.12,6.14,22634772.0,-3.349,6.219,1.013,1.48,1.48,0,交易,4.148648648648648,4.272297297297298,3698492.156862745,0.9758355562529422,0.9603012709869763,1.0128664495114008
2012-08-27,601117.SH,6.151,6.181,5.826,5.867,34927724.0,-4.455,5.974,1.013,2.284,2.284,0,交易,2.5687390542907185,2.6930823117338005,5995146.584277377,0.9665102734185407,0.942565927843391,1.018237600136356
2012-08-28,601117.SH,5.867,6.181,5.836,6.059,32233033.0,3.282,6.021,1.013,2.108,2.108,0,交易,2.874288425047438,2.7832068311195446,5523137.936943111,0.9741142209998382,0.9441837890309012,0.9937283380095725
2012-08-29,601117.SH,6.049,6.14,5.978,6.019,12536438.0,-0.669,6.053,1.013,0.82,0.82,0,交易,7.340243902439025,7.376829268292684,2097095.6841753095,0.9858306188925082,0.9736156351791531,1.0056487788669213
2012-08-30,601117.SH,6.019,6.12,5.887,5.999,16996923.0,-0.337,6.014,1.013,1.112,1.112,0,交易,5.39478417266187,5.412769784172662,2887196.0251401393,0.9826797385620916,0.9619281045751633,1.002500416736123
2012-08-31,601117.SH,5.999,6.049,5.907,5.938,12951101.0,-1.014,5.961,1.013,0.847,0.847,0,交易,7.010625737898465,7.082644628099174,2192500.592517352,0.9854521408497272,0.9765250454620598,1.003873358033008
2012-09-03,601117.SH,5.928,6.211,5.897,6.171,34656335.0,3.925,6.118,1.013,2.267,2.267,0,交易,2.7220996912218793,2.614909572121747,5876943.361031032,0.9850265657704074,0.9494445338914829,0.9914114406093015
2012-09-04,601117.SH,6.14,6.211,6.059,6.11,18131451.0,-0.985,6.133,1.013,1.186,1.186,0,交易,5.15177065767285,5.177065767284992,2992482.422842053,0.9874416358074384,0.9755272902914184,1.0037643207855973
2012-09-05,601117.SH,6.11,6.171,5.877,6.009,26823028.000000004,-1.658,6.001,1.013,1.754,1.754,0,交易,3.425883694412771,3.483466362599772,4564068.061936363,0.9724517906336089,0.9523578026251822,0.9986686636711599
2012-09-06,601117.SH,6.029,6.171,6.009,6.151,17475732.0,2.361,6.115,1.013,1.143,1.143,0,交易,5.381452318460192,5.274715660542432,2908259.6105841235,0.9909252957381299,0.9737481769567331,0.9941472931230695
2012-09-07,601117.SH,6.242,6.769,6.242,6.758,113695634.00000001,9.885,6.664,1.013,7.436,7.436,0,交易,0.9088219472834858,0.8394298009682625,18214616.1486703,0.984488107549121,0.9221450731274929,0.9860905593370819
2012-09-10,601117.SH,6.718,7.073,6.688,6.992,87575335.0,3.448,6.929,1.013,5.728,5.728,0,交易,1.2206703910614525,1.1728351955307263,13094398.175837321,0.9796408878835006,0.9455676516329704,0.9909897025171626
2012-09-11,601117.SH,6.89,6.981,6.779,6.89,39732646.0,-1.449,6.882,1.013,2.599,2.599,0,交易,2.6510196229318965,2.6510196229318965,5861136.745832719,0.9858186506231199,0.9710643174330326,0.9988388969521045
2012-09-12,601117.SH,6.941,7.032,6.789,6.981,31677163.0,1.324,6.902,1.013,2.072,2.072,0,交易,3.369208494208494,3.3499034749034746,4665954.190602445,0.9815130830489193,0.9654436860068258,0.9886835696891563
2012-09-13,601117.SH,6.961,6.992,6.738,6.809,26559636.0,-2.467,6.842,1.013,1.737,1.737,0,交易,3.9199769717904434,4.00748416810593,3941768.477292965,0.9785469107551487,0.9636727688787186,1.0048465266558966
2012-09-14,601117.SH,6.88,6.992,6.688,6.87,37743393.0,0.893,6.874,1.013,2.469,2.469,0,交易,2.782503037667072,2.786553260429324,5643449.910287081,0.9831235697940502,0.9565217391304347,1.0005822416302765
2012-09-17,601117.SH,6.829,6.829,6.525,6.536,36457657.0,-4.867,6.644,1.013,2.384,2.384,0,交易,2.7416107382550337,2.864513422818792,5587380.383141763,0.9729096500219652,0.9554839654414996,1.0165238678090576
2012-09-18,601117.SH,6.485,6.677,6.455,6.566,18901092.0,0.465,6.59,1.013,1.236,1.236,0,交易,5.3122977346278315,5.246763754045308,2928131.99070488,0.9869701961958964,0.9667515351205632,1.003655193420652
2012-09-19,601117.SH,6.596,6.657,6.465,6.617,19475944.0,0.772,6.552,1.013,1.274,1.274,0,交易,5.1938775510204085,5.177394034536892,3012520.3402938903,0.9842271293375394,0.9711581793600721,0.9901768172888015
2012-09-20,601117.SH,6.566,6.627,6.475,6.485,15851048.000000002,-1.991,6.541,1.013,1.037,1.037,0,交易,6.253616200578593,6.331726133076182,2448038.3011583015,0.9870227855741663,0.9770635279915497,1.0086353122590594
2012-09-21,601117.SH,6.505,6.586,6.313,6.394,16754179.999999998,-1.406,6.465,1.013,1.096,1.096,0,交易,5.833941605839415,5.935218978102189,2653917.31348012,0.9816276951108411,0.9585484360765258,1.0111041601501407
2012-09-24,601117.SH,6.343,6.627,6.292,6.566,23456151.0,2.694,6.526,1.013,1.534,1.534,0,交易,4.280312907431552,4.134941329856584,3727932.453909727,0.9847593179417534,0.9494492228761129,0.9939080109655802
2012-09-25,601117.SH,6.536,6.738,6.515,6.627,24511569.0,0.926,6.657,1.013,1.603,1.603,0,交易,4.134123518402994,4.077354959451029,3762328.319263239,0.9879786286731967,0.9669041258533688,1.0045269352648258
2012-09-26,601117.SH,6.617,6.647,6.434,6.546,13725751.999999998,-1.223,6.536,1.013,0.898,0.898,0,交易,7.289532293986637,7.368596881959911,2133315.511345974,0.9833007371746652,0.9679554686324657,0.9984723495264283
2012-09-27,601117.SH,6.546,6.91,6.505,6.758,26496767.0,3.251,6.719,1.013,1.733,1.733,0,交易,3.8995960761684936,3.777264858626659,4073292.3904688703,0.9723589001447178,0.9413892908827786,0.9942290618526192
2012-09-28,601117.SH,6.698,7.012,6.688,6.961,32696561.0,2.999,6.925,1.013,2.138,2.138,0,交易,3.2558465855940133,3.132834424695978,4888839.862440191,0.987592698231603,0.9537934968625215,0.9948283292630369
2012-10-08,601117.SH,7.002,7.062,6.89,6.951,15791813.0,-0.146,6.966,1.013,1.033,1.033,0,交易,6.728944820909971,6.778315585672798,2291990.275761974,0.9864061172472387,0.9756442934013027,1.0021579628830386
2012-10-09,601117.SH,6.951,7.164,6.921,6.992,28912253.000000004,0.583,7.031,1.013,1.891,1.891,0,交易,3.697514542570069,3.6758328926493915,4177467.56249097,0.9814349525404802,0.9660804020100503,1.0055778032036613
2012-10-10,601117.SH,6.981,6.981,6.758,6.85,30537071.999999996,-2.029,6.831,1.013,1.997,1.997,0,交易,3.4301452178267398,3.4957436154231343,4518655.223438887,0.9785131070047272,0.9680561524136944,0.9972262773722629
2012-10-11,601117.SH,6.86,7.032,6.769,6.941,27063165.999999996,1.331,6.927,1.013,1.77,1.77,0,交易,3.921468926553672,3.8757062146892656,3998104.003545575,0.9850682593856654,0.9625995449374289,0.9979829995677856
2012-10-12,601117.SH,6.931,7.032,6.637,6.728,34226923.0,-3.066,6.773,1.013,2.239,2.239,0,交易,3.0049129075480128,3.095578383206789,5156987.042338407,0.9631683731513082,0.9438282138794084,1.0066884661117717
2012-10-15,601117.SH,6.738,6.829,6.566,6.718,18305010.0,-0.151,6.693,1.013,1.197,1.197,0,交易,5.612364243943191,5.629072681704261,2787848.0048735915,0.9800849319080392,0.9614877727339288,0.996278654361417
2012-10-16,601117.SH,6.688,6.951,6.657,6.86,28051065.999999996,2.112,6.861,1.013,1.835,1.835,0,交易,3.7384196185286105,3.6446866485013625,4213769.866306143,0.9870522227017695,0.9577039274924471,1.000145772594752
2012-10-17,601117.SH,6.981,6.981,6.809,6.88,16698244.0,0.295,6.872,1.013,1.092,1.092,0,交易,6.3003663003663,6.392857142857142,2452378.322808048,0.9843861910901017,0.9753616960320871,0.9988372093023256
2012-10-18,601117.SH,6.91,7.093,6.87,7.083,24304327.0,2.946,6.997,1.013,1.59,1.59,0,交易,4.4547169811320755,4.345911949685535,3537747.743813683,0.9864655293951783,0.9685605526575497,0.9878582521530425
2012-10-19,601117.SH,7.103,7.133,7.002,7.103,19809766.0,0.286,7.085,1.013,1.296,1.296,0,交易,5.48070987654321,5.48070987654321,2829158.2405027137,0.993270713584747,0.9816346558250385,0.9974658594959877
2012-10-22,601117.SH,7.073,7.103,6.931,7.073,15090346.0,-0.428,7.008,1.013,0.987,0.987,0,交易,7.1661600810536985,7.1661600810536985,2177224.931467321,0.9866253695621569,0.975784879628326,0.990810123002969
2012-10-23,601117.SH,7.042,7.123,6.819,6.87,21706076.0,-2.865,6.941,1.013,1.42,1.42,0,交易,4.838028169014085,4.959154929577465,3183175.8322334653,0.9744489681314052,0.9573213533623472,1.010334788937409
2012-10-24,601117.SH,6.799,6.9,6.738,6.85,18064208.0,-0.295,6.812,1.013,1.181,1.181,0,交易,5.800169348010161,5.756985605419136,2680945.087563075,0.9872463768115942,0.9765217391304348,0.9944525547445257
2012-10-25,601117.SH,6.86,6.87,6.627,6.637,21040908.0,-3.107,6.73,1.013,1.376,1.376,0,交易,4.823401162790698,4.98546511627907,3175027.614305116,0.9796215429403203,0.9646288209606987,1.0140123549796596
2012-10-26,601117.SH,6.657,6.677,6.384,6.515,25388224.0,-1.832,6.517,1.013,1.66,1.66,0,交易,3.924698795180723,4.010240963855422,3976852.1303258142,0.9760371424292348,0.9561180170735362,1.0003069838833463
2012-10-29,601117.SH,6.465,6.576,6.424,6.556,13982669.0,0.622,6.481,1.013,0.914,0.914,0,交易,7.172866520787746,7.0733041575492335,2176629.6699875467,0.9855535279805353,0.9768856447688565,0.9885600976205002
2012-10-30,601117.SH,6.586,6.758,6.546,6.677,23753287.0,1.855,6.675,1.013,1.554,1.554,0,交易,4.296653796653796,4.238095238095238,3628672.0134433242,0.9877182598401893,0.9686297721219296,0.9997004642803655
2012-10-31,601117.SH,6.688,6.748,6.617,6.728,14352272.0,0.759,6.692,1.013,0.939,0.939,0,交易,7.16506922257721,7.1224707135250265,2168999.848874112,0.991701244813278,0.9805868405453467,0.9946492271105827
2012-11-01,601117.SH,6.728,6.951,6.688,6.86,23327032.0,1.958,6.851,1.013,1.526,1.526,0,交易,4.495412844036697,4.408912188728702,3487893.5406698566,0.9856135807797439,0.9621637174507265,0.9986880466472303
2012-11-02,601117.SH,6.86,6.9,6.748,6.809,18948109.0,-0.739,6.802,1.013,1.239,1.239,0,交易,5.495560936238902,5.536723163841808,2807959.2471843506,0.9857971014492752,0.9779710144927536,0.9989719488911734
2012-11-05,601117.SH,6.829,6.85,6.677,6.789,16930231.0,-0.298,6.75,1.013,1.107,1.107,0,交易,6.132791327913279,6.168925022583559,2535604.4630822227,0.9854014598540146,0.9747445255474453,0.9942554131683606
2012-11-06,601117.SH,6.799,6.799,6.556,6.677,21491189.0,-1.642,6.632,1.013,1.406,1.406,0,交易,4.748933143669986,4.83570412517781,3278094.7223917022,0.9754375643476981,0.9642594499191057,0.9932604463082223
2012-11-07,601117.SH,6.647,6.688,6.586,6.647,12038161.0,-0.455,6.64,1.013,0.787,0.787,0,交易,8.445997458703939,8.445997458703939,1827841.026419678,0.992822966507177,0.9847488038277513,0.9989468933353391
2012-11-08,601117.SH,6.586,6.718,6.546,6.566,14101065.0,-1.22,6.63,1.013,0.922,0.922,0,交易,7.1214750542299345,7.143167028199566,2154149.8625114574,0.9869008633521882,0.9743971420065496,1.0097471824550717
2012-11-09,601117.SH,6.566,6.586,6.394,6.475,16943866.0,-1.389,6.467,1.013,1.108,1.108,0,交易,5.843862815884476,5.9259927797833925,2649963.4031904913,0.9819313695718189,0.9708472517461282,0.9987644787644787
2012-11-12,601117.SH,6.515,6.637,6.475,6.637,14141073.000000002,2.504,6.563,1.013,0.925,0.925,0,交易,7.175135135135134,7.043243243243243,2183949.4980694987,0.9888503842097334,0.9755913816483351,0.9888503842097334
2012-11-13,601117.SH,6.617,6.647,6.475,6.495,11700197.0,-2.137,6.556,1.013,0.765,0.765,0,交易,8.490196078431373,8.649673202614379,1806980.2316602317,0.9863096133594103,0.974123664811193,1.0093918398768282
2012-11-14,601117.SH,6.536,6.819,6.465,6.789,23559443.0,4.524,6.659,1.013,1.541,1.541,0,交易,4.405580791693706,4.241401687216094,3644152.0494972933,0.9765361489954538,0.9480862296524417,0.9808513772278686
2012-11-15,601117.SH,6.758,6.981,6.718,6.789,45029652.0,0.0,6.859,1.013,2.945,2.945,0,交易,2.305263157894737,2.294736842105263,6702835.963084252,0.982523993697178,0.9623263142816215,1.0103107968773015
2012-11-16,601117.SH,6.809,6.921,6.738,6.829,23878674.0,0.597,6.83,1.013,1.562,1.562,0,交易,4.371959026888604,4.359154929577465,3543881.567230632,0.9868516110388672,0.9735587342869528,1.0001464343242057
2012-11-19,601117.SH,6.829,6.84,6.677,6.809,15963865.0,-0.297,6.744,1.013,1.044,1.044,0,交易,6.522030651340996,6.541187739463601,2390873.895462034,0.9859649122807017,0.9761695906432748,0.9904538111323248
2012-11-20,601117.SH,6.86,7.032,6.789,6.86,23769639.0,0.744,6.919,1.013,1.555,1.555,0,交易,4.411575562700965,4.411575562700965,3501198.8510826337,0.9839306029579067,0.9654436860068258,1.0086005830903788
2012-11-21,601117.SH,6.84,6.961,6.708,6.951,19099032.0,1.329,6.861,1.013,1.249,1.249,0,交易,5.565252201761409,5.476381104883907,2847202.1466905186,0.9856342479528802,0.9636546473207872,0.9870522227017695
2012-11-22,601117.SH,6.88,6.931,6.789,6.819,12133782.0,-1.895,6.877,1.013,0.794,0.794,0,交易,8.58816120906801,8.664987405541561,1787270.8793636765,0.9922089164622709,0.979512335882268,1.008505645989148
2012-11-23,601117.SH,6.85,7.184,6.809,7.093,47661209.0,4.012,7.032,1.013,3.117,3.117,0,交易,2.2755854988771254,2.1976259223612447,6999736.965780584,0.9788418708240534,0.9478006681514477,0.9913999718031863
2012-11-26,601117.SH,7.083,7.326,7.042,7.113,58464035.0,0.286,7.167,1.013,3.824,3.824,0,交易,1.8600941422594144,1.8522489539748954,8302191.848906561,0.9782964782964784,0.9612339612339612,1.0075917334458033
2012-11-27,601117.SH,7.083,7.245,6.971,7.093,36563787.0,-0.285,7.118,1.013,2.391,2.391,0,交易,2.9665411961522374,2.9623588456712673,5245127.958685985,0.9824706694271912,0.9621808143547274,1.0035246017200057
2012-11-28,601117.SH,7.042,7.144,6.758,6.789,41425948.0,-4.286,6.943,1.013,2.709,2.709,0,交易,2.5060908084163898,2.599483204134367,6129912.400118378,0.9718645016797312,0.9459686450167973,1.0226837531300634
2012-11-29,601117.SH,6.799,6.86,6.728,6.819,31247301.0,0.448,6.789,1.013,2.044,2.044,0,交易,3.336105675146771,3.326320939334638,4644366.973840666,0.9896501457725947,0.9807580174927113,0.9956005279366476
2012-11-30,601117.SH,6.819,7.194,6.718,7.174,31329581.0,5.201,6.985,1.013,2.049,2.049,0,交易,3.501220107369449,3.32796486090776,4663527.984519202,0.970948012232416,0.9338337503475118,0.9736548647895177
2012-12-03,601117.SH,7.113,7.417,7.093,7.225,47967917.0,0.706,7.272,1.013,3.137,3.137,0,交易,2.303155881415365,2.2674529805546704,6762712.11053151,0.9804503168396926,0.9563165700417959,1.0065051903114188
2012-12-04,601117.SH,7.184,7.549,7.144,7.488,44399289.0,3.647,7.384,1.013,2.904,2.904,0,交易,2.578512396694215,2.4738292011019287,6214906.075027996,0.9781428003709101,0.9463505100013246,0.986111111111111
2012-12-05,601117.SH,7.458,8.055,7.397,7.751,58257841.0,3.518,7.743,1.013,3.81,3.81,0,交易,2.0343832020997374,1.95748031496063,7875874.138164121,0.9612662942271881,0.9183116076970826,0.9989678751128886
2012-12-06,601117.SH,7.762,7.863,7.62,7.691,29055790.999999996,-0.784,7.733,1.013,1.9,1.9,0,交易,4.047894736842105,4.085263157894737,3813095.9317585295,0.9834668701513416,0.9690957649752002,1.0054609283578209
2012-12-07,601117.SH,7.721,7.873,7.589,7.66,41341202.0,-0.395,7.719,1.013,2.704,2.704,0,交易,2.8328402366863905,2.8553994082840237,5447516.405323494,0.9804394766924933,0.963927346627715,1.0077023498694517
2012-12-10,601117.SH,7.721,7.974,7.721,7.853,51676104.0,2.513,7.837,1.013,3.38,3.38,0,交易,2.3233727810650886,2.284319526627219,6692928.895220826,0.9828191622774015,0.9682718836217707,0.9979625620781867
2012-12-11,601117.SH,7.792,7.863,7.579,7.599,42982182.0,-3.226,7.698,1.013,2.811,2.811,0,交易,2.703308431163287,2.7719672714336534,5671220.741522629,0.9790156428843952,0.9638814701767773,1.0130280300039478
2012-12-12,601117.SH,7.599,7.772,7.539,7.731,31914109.999999996,1.733,7.644,1.013,2.087,2.087,0,交易,3.7043603258265447,3.641111643507427,4233202.016182518,0.9835306227483274,0.9700205867215645,0.9887466045789678
2012-12-13,601117.SH,7.701,7.802,7.488,7.61,31530896.999999996,-1.573,7.617,1.013,2.062,2.062,0,交易,3.6905916585838994,3.7347235693501455,4210856.971153845,0.9762881312483979,0.9597539092540376,1.0009198423127463
2012-12-14,601117.SH,7.599,8.116,7.559,8.096,59477204.0,6.391,7.904,1.013,3.89,3.89,0,交易,2.0812339331619536,1.953470437017995,7868395.819552851,0.9738787580088714,0.9313701330704781,0.9762845849802372
2012-12-17,601117.SH,8.096,8.167,7.863,7.903,52042896.0,-2.378,7.962,1.013,3.404,3.404,0,交易,2.321680376028202,2.3783783783783785,6618707.363601678,0.9748989837149504,0.9627770295089997,1.007465519423004
2012-12-18,601117.SH,7.903,7.985,7.762,7.812,30946642.0,-1.154,7.861,1.013,2.024,2.024,0,交易,3.8596837944664033,3.904644268774703,3986941.767585674,0.9844708829054476,0.9720726361928615,1.0062724014336917
2012-12-19,601117.SH,7.802,7.903,7.741,7.812,20054590.0,0.0,7.832,1.013,1.312,1.312,0,交易,5.954268292682927,5.946646341463414,2590697.5842914353,0.9910160698468936,0.9795014551436163,1.0025601638504864
2012-12-20,601117.SH,7.792,8.045,7.711,7.985,33215171.000000004,2.205,7.898,1.013,2.172,2.172,0,交易,3.6763351749539592,3.587476979742173,4307504.992867333,0.981727781230578,0.958483530142946,0.9891045710707576
2012-12-21,601117.SH,7.964,8.116,7.681,7.731,37627272.0,-3.173,7.881,1.013,2.461,2.461,0,交易,3.141405932547745,3.236082893132873,4898746.51738055,0.9710448496796452,0.946402168555939,1.0194024058983315
2012-12-24,601117.SH,7.681,7.924,7.65,7.914,23982364.0,2.359,7.856,1.013,1.568,1.568,0,交易,5.04719387755102,4.89859693877551,3134949.54248366,0.9914184755174154,0.9654215042907622,0.992671215567349
2012-12-25,601117.SH,7.893,8.248,7.812,8.137,44882093.0,2.817,8.108,1.013,2.935,2.935,0,交易,2.7724020442930155,2.689267461669506,5745275.601638504,0.9830261881668285,0.9471387002909798,0.9964360329359715
2012-12-26,601117.SH,8.126,8.126,7.964,8.045,34001612.0,-1.121,8.031,1.013,2.224,2.224,0,交易,3.6173561151079134,3.6537769784172656,4269413.862380713,0.9883091311838544,0.9800639921240464,0.9982597886886265
2012-12-27,601117.SH,8.035,8.359,8.015,8.207,43858067.0,2.015,8.197,1.013,2.868,2.868,0,交易,2.8615760111576014,2.8016039051603907,5471998.378041172,0.98061969135064,0.9588467520038283,0.998781527963933
2012-12-28,601117.SH,8.177,8.349,7.954,8.268,42380069.0,0.741,8.138,1.013,2.772,2.772,0,交易,2.9826839826839833,2.9498556998557,5328145.461403068,0.9747275122769193,0.9526889447838064,0.9842767295597483
2012-12-31,601117.SH,8.268,8.37,8.106,8.349,35709597.0,0.98,8.235,1.013,2.335,2.335,0,交易,3.57558886509636,3.5408993576017136,4405329.015544041,0.9838709677419355,0.9684587813620072,0.9863456701401364
2013-01-04,601117.SH,8.319,8.339,7.995,8.096,41100211.0,-3.034,8.143,1.013,2.688,2.688,0,交易,3.011904761904762,3.0948660714285716,5140739.337085678,0.9764959827317424,0.9587480513250989,1.0058053359683796
2013-01-07,601117.SH,8.076,8.187,7.934,8.005,42236169.0,-1.126,8.052,1.013,0.856,2.572,0,交易,3.112363919129083,9.434579439252337,5323439.500882279,0.9835104433858557,0.9690973494564554,1.0058713304184883
2013-01-08,601117.SH,8.055,8.258,7.792,8.116,50312792.0,1.392,8.01,1.013,1.02,3.063,0,交易,2.649689846555664,7.897058823529411,6456980.492813142,0.9699685153790265,0.9435698716396222,0.9869393790044357
2013-01-09,601117.SH,8.055,8.096,7.853,7.914,44665716.0,-2.497,7.946,1.013,0.905,2.719,0,交易,2.9106289076866494,8.900552486187845,5687726.473958997,0.9814723320158102,0.9699851778656126,1.0040434672731868
2013-01-10,601117.SH,7.924,8.035,7.751,7.833,47824230.0,-1.024,7.872,1.013,0.969,2.912,0,交易,2.6899038461538463,8.177502579979361,6170072.248742098,0.9797137523335407,0.9646546359676416,1.0049789352738414
2013-01-11,601117.SH,7.843,7.883,7.63,7.681,39631942.0,-1.94,7.771,1.013,0.803,2.413,0,交易,3.1831744716121015,9.767123287671232,5194225.688073395,0.9857922110871495,0.9679056196879361,1.01171722431975
2013-01-14,601117.SH,7.66,8.025,7.64,7.995,48686932.0,4.09,7.884,1.013,0.987,2.964,0,交易,2.697368421052632,7.760891590678825,6372635.078534031,0.9824299065420561,0.95202492211838,0.9861163227016886
2013-01-15,601117.SH,8.015,8.035,7.62,7.792,129566239.99999999,-2.535,7.779,1.013,2.627,7.889,0,交易,0.9877043985295981,3.0510087552341076,17003443.569553804,0.9681393901680149,0.9483509645301804,0.9983316221765914
2013-01-16,601117.SH,7.802,7.903,7.66,7.751,64154079.0,-0.52,7.759,1.013,1.301,3.906,0,交易,1.9843830005120329,5.996925441967717,8375206.135770235,0.9817790712387702,0.9692521827154246,1.0010321248871112
2013-01-17,601117.SH,7.751,7.772,7.599,7.67,29423409.999999996,-1.046,7.67,1.013,0.596,1.791,0,交易,4.282523729759911,13.00503355704698,3872010.790893538,0.9868759650025734,0.9777406073082862,1.0
2013-01-18,601117.SH,7.721,7.873,7.691,7.833,38400129.0,2.114,7.794,1.013,0.778,2.338,0,交易,3.3502994011976046,9.924164524421593,4992865.5571447145,0.9899657055760193,0.9768830179093102,0.9950210647261585
2013-01-21,601117.SH,7.822,7.903,7.721,7.822,33932840.0,-0.129,7.829,1.013,0.688,2.066,0,交易,3.7860600193610847,11.36918604651163,4394876.3113586325,0.9906364671643679,0.9769707705934456,1.0008949117872668
2013-01-22,601117.SH,7.833,8.045,7.792,7.863,54974082.99999999,0.518,7.934,1.013,1.114,3.347,0,交易,2.3492680011951004,7.031418312387792,7055195.456878849,0.9862026103169671,0.9685518955873214,1.0090296324558057
2013-01-23,601117.SH,7.843,7.873,7.448,7.569,64598055.00000001,-3.737,7.606,1.013,1.31,3.933,0,交易,1.9244851258581237,5.987022900763359,8673208.243823845,0.9660866251746475,0.9460180363266861,1.0048883604174923
2013-01-24,601117.SH,7.559,7.691,7.285,7.427,58606893.00000001,-1.874,7.51,1.013,1.188,3.568,0,交易,2.0815582959641254,6.362794612794613,8044872.065888814,0.9764659992198673,0.9472110258743986,1.0111754409586644
2013-01-25,601117.SH,7.458,7.569,7.377,7.549,27685705.0,1.637,7.525,1.013,0.561,1.686,0,交易,4.477461447212337,13.294117647058822,3752976.1420631693,0.9941868146386578,0.974633372968688,0.9968207709630414
2013-01-28,601117.SH,7.579,7.681,7.518,7.61,33464150.0,0.805,7.597,1.013,0.678,2.037,0,交易,3.735886107020128,11.178466076696164,4451203.777600426,0.9890639239682334,0.9787788048431193,0.9982917214191853
2013-01-29,601117.SH,7.65,7.65,7.518,7.599,33410081.0,-0.133,7.602,1.013,0.677,2.034,0,交易,3.735988200589971,11.299852289512556,4444011.838254855,0.9937254901960785,0.9827450980392156,1.0003947887879985
2013-01-30,601117.SH,7.589,7.802,7.569,7.64,34277661.0,0.533,7.697,1.013,0.695,2.087,0,交易,3.660757067561092,10.919424460431657,4528690.844233056,0.9865419123301719,0.9701358625993336,1.0074607329842933
2013-01-31,601117.SH,7.66,7.822,7.64,7.782,33752349.0,1.857,7.75,1.013,0.684,2.055,0,交易,3.786861313868613,11.198830409356724,4417846.727748691,0.990795193045257,0.9767322935310662,0.995887946543305
2013-02-01,601117.SH,7.822,7.822,7.66,7.701,34238052.0,-1.042,7.717,1.013,0.694,2.085,0,交易,3.693525179856115,11.270893371757927,4469719.582245431,0.9865763231909996,0.9792891843518282,1.0020776522529542
2013-02-04,601117.SH,7.731,8.045,7.579,7.974,53949130.00000001,3.553,7.81,1.013,1.094,3.285,0,交易,2.4273972602739726,7.066727605118829,7118238.553898932,0.9707893101305158,0.9420758234928527,0.9794331577627288
2013-02-05,601117.SH,7.954,8.359,7.903,8.228,72156856.0,3.177,8.15,1.013,1.463,4.393,0,交易,1.872979740496244,5.436773752563226,9130312.033405036,0.9749970092116282,0.9454480200980978,0.9905201750121537
2013-02-06,601117.SH,8.238,8.299,8.116,8.157,28117752.0,-0.862,8.185,1.013,0.57,1.712,0,交易,4.764602803738318,14.452631578947368,3464483.98225727,0.9862634052295458,0.9779491505000603,1.0034326345470148
2013-02-07,601117.SH,8.278,8.319,8.096,8.157,33417145.0,0.0,8.197,1.013,0.677,2.035,0,交易,4.008353808353808,12.227474150664698,4127611.783596838,0.9853347758144005,0.9731938934968144,1.0049037636385925
2013-02-08,601117.SH,8.157,8.623,8.137,8.562,56155267.00000001,4.969,8.42,1.013,1.138,3.419,0,交易,2.5042410061421467,7.167838312829526,6901224.898611282,0.9764583091731417,0.9436391047199352,0.9834150899322589
2013-02-18,601117.SH,8.562,8.684,8.451,8.522,35300684.0,-0.473,8.574,1.013,0.716,2.149,0,交易,3.965565379246161,11.958100558659218,4177101.4081173823,0.987333026255182,0.97316904652234,1.0061018540248767
2013-02-19,601117.SH,8.613,8.785,8.228,8.339,58017914.0,-2.14,8.503,1.013,1.176,3.532,0,交易,2.3609852774631936,7.323979591836735,7051277.8317938745,0.9678998292544109,0.9365964712578257,1.019666626693848
2013-02-20,601117.SH,8.309,8.734,8.238,8.653,46298295.0,3.767,8.557,1.013,0.939,2.819,0,交易,3.06952820148989,8.84877529286475,5620089.220684633,0.9797343714220289,0.943210441950996,0.988905581879117
2013-02-21,601117.SH,8.562,8.866,8.359,8.653,59586580.00000001,0.0,8.599,1.013,1.208,3.628,0,交易,2.3850606394707827,7.08774834437086,7128434.0232085185,0.9698849537559215,0.9428152492668622,0.9937593898070033
2013-02-22,601117.SH,8.613,8.684,8.38,8.441,34803813.0,-2.459,8.504,1.013,0.706,2.119,0,交易,3.983482774893818,12.19971671388102,4153199.642004773,0.9792722247812069,0.9649930907415939,1.0074635706669826
2013-02-25,601117.SH,8.481,8.501,8.278,8.42,32062994.0,-0.24,8.385,1.013,0.65,1.952,0,交易,4.313524590163935,13.047692307692307,3873277.8448900697,0.9863545465239384,0.9737677920244678,0.9958432304038004
2013-02-26,601117.SH,8.359,8.491,8.116,8.147,32078808.0,-3.249,8.279,1.013,0.65,1.953,0,交易,4.171530977982591,12.86,3952539.1818629866,0.9750323872335415,0.955835590625368,1.016202283048975
2013-02-27,601117.SH,8.157,8.268,8.096,8.207,18240022.0,0.746,8.174,1.013,0.37,1.111,0,交易,7.387038703870388,22.045945945945945,2252967.144268775,0.9886308659893565,0.9791969037252055,0.9959790422809796
2013-02-28,601117.SH,8.268,8.501,8.167,8.461,28300581.0,3.086,8.362,1.013,0.574,1.723,0,交易,4.910621009866512,14.404181184668992,3465235.8271090975,0.9836489824726503,0.9607105046465122,0.9882992554071622
2013-03-01,601117.SH,8.481,8.663,8.349,8.501,30981701.0,0.479,8.521,1.013,0.628,1.886,0,交易,4.507423117709438,13.504777070063694,3710827.7638040483,0.9836084497287314,0.9637538958790257,1.0023526643924245
2013-03-04,601117.SH,8.41,8.501,8.086,8.228,36163858.0,-3.218,8.251,1.013,0.733,2.202,0,交易,3.7366030881017256,11.473396998635744,4472403.907989116,0.9705916950946948,0.9511822138571934,1.0027953330092367
2013-03-05,601117.SH,8.187,8.461,8.137,8.451,29740615.000000004,2.709,8.284,1.013,0.603,1.811,0,交易,4.666482606294865,13.577114427860696,3654985.25255008,0.9790804869400781,0.9617066540598038,0.9802390249674595
2013-03-06,601117.SH,8.511,8.957,8.491,8.917,65082834.0,5.516,8.761,1.013,1.319,3.963,0,交易,2.250063083522584,6.452615617892342,7664919.797432576,0.978117673328123,0.9479736518923746,0.9825053269036671
2013-03-07,601117.SH,8.866,8.967,8.755,8.886,36190329.0,-0.341,8.872,1.013,0.734,2.203,0,交易,4.033590558329551,12.079019073569482,4133675.4997144486,0.9894055983048956,0.9763577562172411,0.9984244879585866
2013-03-08,601117.SH,8.866,9.089,8.724,8.734,22865311.0,-1.71,8.884,1.013,0.464,1.392,0,交易,6.274425287356323,19.107758620689655,2620966.4144887663,0.9774452635053361,0.9598415667290131,1.0171742615067552
2013-03-11,601117.SH,8.734,8.815,8.572,8.684,18820361.0,-0.58,8.681,1.013,0.382,1.146,0,交易,7.5776614310645725,22.86387434554974,2195562.412505833,0.9847986386840613,0.9724333522404991,0.9996545370796868
2013-03-12,601117.SH,8.653,8.957,8.491,8.694,31172261.0,0.117,8.721,1.013,0.632,1.898,0,交易,4.580611169652266,13.691455696202532,3671211.9891649983,0.973651892374679,0.9479736518923746,1.0031055900621118
2013-03-13,601117.SH,8.623,8.623,8.207,8.38,30557273.0,-3.613,8.385,1.013,0.619,1.86,0,交易,4.505376344086022,13.930533117932148,3723318.2648958205,0.9723993969616144,0.9517569291429898,1.0005966587112172
2013-03-14,601117.SH,8.339,8.653,8.289,8.643,28615426.0,3.144,8.57,1.013,0.58,1.742,0,交易,4.961538461538462,14.377586206896554,3452216.9139823862,0.9904079509996533,0.9579336646249854,0.9915538586139072
2013-03-15,601117.SH,8.674,8.876,8.471,8.542,39006830.0,-1.172,8.747,1.013,0.791,2.375,0,交易,3.596631578947368,10.965865992414663,4604749.144138827,0.9854664263181614,0.9543713384407392,1.0239990634511824
2013-03-18,601117.SH,8.542,8.907,8.42,8.714,37347359.0,2.017,8.702,1.013,0.757,2.274,0,交易,3.832014072119613,11.284015852047556,4435553.325415677,0.9769843942966207,0.9453239025485572,0.9986229056690383
2013-03-19,601117.SH,8.724,8.978,8.663,8.917,51196388.0,2.326,8.85,1.013,1.038,3.117,0,交易,2.860763554700032,8.404624277456648,5909775.828235023,0.9857429271552685,0.9649142347961684,0.9924862621958057
2013-03-20,601117.SH,8.917,9.109,8.826,9.059,40793395.0,1.591,8.995,1.013,0.827,2.484,0,交易,3.6469404186795487,10.782345828295043,4621957.285293451,0.9874849050389723,0.9689318256669229,0.9929352025609891
2013-03-21,601117.SH,9.059,9.089,8.896,9.018,31266526.0,-0.447,8.987,1.013,0.634,1.904,0,交易,4.7363445378151265,14.288643533123027,3514672.4370503593,0.988777643305094,0.9787655407635604,0.9965624306941672
2013-03-22,601117.SH,9.048,9.413,8.937,9.332,50895992.0,3.483,9.253,1.013,1.032,3.099,0,交易,3.011293965795418,8.767441860465116,5694975.047555109,0.9830022309571869,0.9494316370976309,0.9915345049292755
2013-03-25,601117.SH,9.322,9.737,9.292,9.555,47652295.0,2.389,9.566,1.013,0.966,2.901,0,交易,3.293691830403309,9.650103519668736,5128314.141196729,0.9824381226250386,0.9542980384101879,1.0011512297226584
2013-03-26,601117.SH,9.454,9.555,9.282,9.454,30629495.0,-1.06,9.397,1.013,0.621,1.865,0,交易,5.06916890080429,15.223832528180356,3299880.9523809524,0.9834641548927264,0.9714285714285714,0.9939708060080389
2013-03-27,601117.SH,9.423,9.879,9.423,9.677,38978838.0,2.358,9.656,1.013,0.79,2.373,0,交易,4.0779603876949,11.927848101265822,4136563.5148042026,0.9774268650673146,0.9538414819313696,0.9978299059625918
2013-03-28,601117.SH,9.606,9.687,9.221,9.282,46547981.0,-4.084,9.445,1.013,0.944,2.834,0,交易,3.2752293577981653,10.17584745762712,5048040.451144127,0.9750180654485394,0.9518942913182616,1.017560870502047
2013-03-29,601117.SH,9.383,9.687,9.352,9.403,29042889.0,1.31,9.529,1.013,0.589,1.768,0,交易,5.3184389140271495,15.930390492359932,3105527.0530367834,0.9836894807473935,0.9654175699390938,1.0133999787301924
2013-04-01,601117.SH,9.373,9.585,9.19,9.535,21403801.0,1.401,9.425,1.013,0.434,1.303,0,交易,7.317728319263239,21.596774193548384,2329031.664853101,0.9833072509128847,0.958789775691184,0.9884635553224961
2013-04-02,601117.SH,9.515,9.839,9.241,9.302,37851421.0,-2.444,9.517,1.013,0.767,2.305,0,交易,4.035574837310195,12.405475880052151,4096030.8408180936,0.9672730968594369,0.9392214655960971,1.0231133089658138
2013-04-03,601117.SH,9.332,9.373,8.917,8.978,34247873.0,-3.486,9.073,1.013,0.694,2.085,0,交易,4.305995203836931,13.446685878962539,3840739.374229001,0.9679931718766671,0.951349621252534,1.0105814212519493
2013-04-08,601117.SH,8.907,9.19,8.785,9.099,30201408.0,1.354,9.074,1.013,0.612,1.839,0,交易,4.947797716150082,14.553921568627452,3437838.1331815594,0.9873775843307944,0.955930359085963,0.9972524453236619
2013-04-09,601117.SH,9.119,9.352,9.119,9.18,27220571.999999996,0.891,9.259,1.013,0.552,1.657,0,交易,5.540132770066385,16.519927536231883,2985039.1490294985,0.9900556030795552,0.9750855431993156,1.0086056644880175
2013-04-10,601117.SH,9.231,9.282,8.947,9.18,24076554.0,0.0,9.123,1.013,0.488,1.466,0,交易,6.26193724420191,18.915983606557376,2691019.7831675424,0.9828700711053652,0.9639086403792285,0.9937908496732025
2013-04-11,601117.SH,9.221,9.322,9.17,9.251,25434194.0,0.773,9.252,1.013,0.516,1.549,0,交易,5.97224015493867,17.87015503875969,2773630.752453653,0.9924908817850249,0.9836944861617679,1.0001080964220086
2013-04-12,601117.SH,9.292,9.393,9.028,9.048,28141105.0,-2.191,9.175,1.013,0.57,1.713,0,交易,5.281961471103327,16.301754385964912,3117091.825431989,0.9767912275098478,0.9611412754178643,1.0140362511052168
2013-04-15,601117.SH,9.089,9.109,8.674,8.744,29465515.999999996,-3.359,8.814,1.013,0.597,1.794,0,交易,4.874024526198439,15.224455611390287,3396992.852201983,0.9676144472499726,0.9522450323855527,1.0080054894784996
2013-04-16,601117.SH,8.765,8.836,8.613,8.815,28833067.0,0.811,8.773,1.013,0.584,1.756,0,交易,5.019931662870159,15.008561643835618,3347621.8506908165,0.9928700769578994,0.9747623358985965,0.9952353942144073
2013-04-17,601117.SH,8.815,9.059,8.795,9.059,26306415.999999996,2.759,8.962,1.013,0.533,1.602,0,交易,5.654806491885143,16.538461538461537,2991064.9232518473,0.9892924163814991,0.97085771056408,0.9892924163814991
2013-04-18,601117.SH,8.988,9.15,8.927,9.059,23833687.0,0.0,9.029,1.013,0.483,1.451,0,交易,6.24328049620951,18.608695652173914,2669842.8363391957,0.9867759562841529,0.9756284153005463,0.9966883762004637
2013-04-19,601117.SH,9.028,9.413,9.028,9.403,51665173.0,3.803,9.255,1.013,1.047,3.146,0,交易,2.9888747616020344,8.622731614135626,5722770.602569782,0.9832147030702221,0.9590991182407309,0.9842603424439009
2013-04-22,601117.SH,9.383,9.717,9.302,9.626,34610868.0,2.371,9.529,1.013,0.702,2.107,0,交易,4.568580920740389,13.366096866096866,3720798.537948828,0.9806524647524956,0.9572913450653493,0.9899231248701434
2013-04-23,601117.SH,9.616,9.656,9.282,9.454,33867640.0,-1.789,9.423,1.013,0.687,2.062,0,交易,4.584869059165859,13.997088791848615,3648743.8052143934,0.9758699254349626,0.9612676056338028,0.9967209646710387
2013-04-24,601117.SH,9.403,9.849,9.342,9.839,38511531.0,4.073,9.638,1.013,0.781,2.345,0,交易,4.195735607675906,12.039692701664533,4122407.5144508667,0.9785765052289572,0.9485226926591532,0.9795710946234373
2013-04-25,601117.SH,9.758,9.9,9.464,9.616,39419345.0,-2.266,9.666,1.013,0.799,2.4,0,交易,4.006666666666667,12.212765957446807,4165188.6094674557,0.9763636363636363,0.955959595959596,1.005199667221298
2013-04-26,601117.SH,9.535,9.656,9.018,9.14,48291907.0,-4.953,9.271,1.013,0.979,2.94,0,交易,3.108843537414966,9.73953013278856,5355057.329784874,0.9601284175642089,0.933927091963546,1.0143326039387308
2013-05-02,601117.SH,9.089,9.221,8.866,9.211,28590450.0,0.776,9.058,1.013,0.58,1.741,0,交易,5.290637564618035,15.670689655172415,3224729.3029551096,0.9823229584643748,0.9615009218089144,0.983389425686679
2013-05-03,601117.SH,9.231,9.444,9.19,9.292,24077775.0,0.88,9.343,1.013,0.488,1.466,0,交易,6.338335607094134,18.915983606557376,2619997.2796517955,0.9893053790766624,0.973104616687844,1.0054885923374945
2013-05-06,601117.SH,9.292,9.535,9.282,9.363,22008972.0,0.763,9.419,1.013,0.446,1.34,0,交易,6.98731343283582,20.83408071748879,2371145.4427925018,0.9878342947037232,0.9734661772417409,1.0059809889992524
2013-05-07,601117.SH,9.393,9.819,9.352,9.808,47677654.0,4.762,9.664,1.013,0.967,2.903,0,交易,3.3785738890802617,9.713547052740436,5098123.823781009,0.9842142784397595,0.9524391485894693,0.9853181076672104
2013-05-08,601117.SH,9.829,10.011,9.626,9.788,36236855.0,-0.207,9.823,1.013,0.735,2.206,0,交易,4.43699002719855,13.37278911564626,3764476.9374610432,0.9812206572769954,0.9615423034661872,1.003575807110748
2013-05-09,601117.SH,9.748,10.183,9.717,10.173,53893562.0,3.934,10.055,1.013,1.093,3.281,0,交易,3.100579091740323,8.918572735590118,5546316.9702583095,0.987430030442895,0.9542374545811647,0.9884006684360562
2013-05-10,601117.SH,10.112,10.477,10.082,10.275,43124777.0,0.996,10.282,1.013,0.874,2.626,0,交易,3.9127951256664133,11.56979405034325,4277402.9954374125,0.9813878018516751,0.9622983678533932,1.0006812652068127
2013-05-13,601117.SH,10.254,10.335,10.082,10.214,18256744.0,-0.592,10.159,1.013,0.37,1.112,0,交易,9.18525179856115,27.71351351351351,1810825.62983535,0.982970488630866,0.9755200774068699,0.9946152339925592
2013-05-14,601117.SH,10.133,10.163,9.748,9.869,31806317.0,-3.373,9.871,1.013,0.645,1.937,0,交易,5.094992256066082,15.710077519379842,3262855.662700041,0.9712683262816098,0.9591656007084521,1.0002026547775864
2013-05-15,601117.SH,9.829,9.991,9.798,9.96,18221871.0,0.924,9.895,1.013,0.369,1.109,0,交易,8.981064021641119,26.636856368563688,1859754.1334966319,0.9903913522169953,0.9806826143529177,0.9934738955823292
2013-05-16,601117.SH,9.859,10.305,9.768,10.244,27794731.0,2.848,10.126,1.013,0.563,1.692,0,交易,6.054373522458629,17.511545293072825,2845488.4316134313,0.9826297913634158,0.9478893740902475,0.988481062085123
2013-05-17,601117.SH,10.285,11.268,10.264,11.268,67640488.0,9.99,10.889,1.013,1.371,4.118,0,交易,2.7362797474502183,7.5018234865062,6590070.92751364,0.966364927227547,0.9108981185658501,0.966364927227547
2013-05-20,601117.SH,11.409,11.531,11.156,11.389,46313085.0,1.079,11.356,1.013,0.939,2.82,0,交易,4.038652482269503,12.150159744408947,4151405.969881678,0.9848235192090885,0.9674789697337611,0.9971024672930021
2013-05-21,601117.SH,11.42,11.997,11.176,11.703,44033174.0,2.758,11.658,1.013,0.893,2.681,0,交易,4.365162252890712,12.78835386338186,3939976.1989978524,0.9717429357339334,0.9315662248895558,0.9961548320943348
2013-05-22,601117.SH,11.622,11.693,11.217,11.44,35546730.0,-2.251,11.462,1.013,0.721,2.164,0,交易,5.286506469500924,16.119278779472953,3169005.0815726127,0.980244590780809,0.9592918840331823,1.001923076923077
2013-05-23,601117.SH,11.349,12.129,11.247,11.501,41381095.0,0.531,11.66,1.013,0.839,2.519,0,交易,4.56570067487098,13.526817640047677,3679300.7024095315,0.9613323439689999,0.9272817214939402,1.0138248847926268
2013-05-24,601117.SH,11.521,11.734,11.338,11.561,34779916.0,0.529,11.526,1.013,0.705,2.118,0,交易,5.458451369216242,16.341843971631207,3067553.007585112,0.9822737344469064,0.9662519175046872,0.9969725802266239
2013-05-27,601117.SH,11.642,12.109,11.48,11.551,34386030.0,-0.088,11.758,1.013,0.697,2.094,0,交易,5.516236867239733,16.703012912482066,2995298.7804878047,0.9710132958956148,0.9480551655793212,1.017920526361354
2013-05-28,601117.SH,11.501,12.007,11.328,11.987,31696780.0,3.772,11.679,1.013,0.643,1.93,0,交易,6.210880829015545,17.88646967340591,2798091.45480226,0.9726826018156076,0.9434496543682851,0.9743054976224244
2013-05-29,601117.SH,11.977,12.119,11.805,11.957,23485424.0,-0.254,11.965,1.013,0.476,1.43,0,交易,8.361538461538462,25.161764705882355,1989447.1833968658,0.9872926809142668,0.9740902714745441,1.000669064146525
2013-05-30,601117.SH,11.855,12.362,11.825,12.129,38045406.0,1.441,12.148,1.013,0.771,2.316,0,交易,5.237046632124352,15.376134889753567,3217370.4862579284,0.9826888852936417,0.9565604271153534,1.0015664935279083
2013-05-31,601117.SH,12.068,12.402,11.906,11.936,26290196.999999996,-1.587,12.17,1.013,0.533,1.601,0,交易,7.455340412242348,22.64165103189493,2208146.9007223244,0.9812933397839059,0.9600064505724885,1.0196045576407506
2013-06-03,601117.SH,11.936,12.109,11.166,11.501,43022709.0,-3.65,11.527,1.013,0.872,2.619,0,交易,4.391370752195494,13.688073394495413,3853009.940891993,0.9519365761004212,0.92212403997027,1.002260672984958
2013-06-04,601117.SH,11.399,11.45,11.045,11.247,39164516.0,-2.203,11.225,1.013,0.794,2.385,0,交易,4.715723270440252,14.356423173803524,3545904.5722046173,0.980349344978166,0.9646288209606988,0.9980439228238641
2013-06-05,601117.SH,11.207,11.379,10.953,11.095,27651067.0,-1.351,11.149,1.013,0.561,1.684,0,交易,6.588479809976247,19.976827094474153,2524519.9488724554,0.9797873275331751,0.9625626153440549,1.0048670572329876
2013-06-06,601117.SH,11.085,11.085,10.68,10.903,39285999.0,-1.735,10.881,1.013,0.796,2.392,0,交易,4.558110367892977,13.925879396984925,3678464.3258426967,0.9815967523680649,0.9634641407307171,0.997982206732092
2013-06-07,601117.SH,10.832,10.984,10.487,10.589,33508057.0,-2.881,10.722,1.013,0.679,2.04,0,交易,5.190686274509804,15.952871870397644,3195199.485076762,0.9761471230881281,0.9547523670793883,1.0125602039852677
2013-06-13,601117.SH,10.335,10.862,9.95,10.852,42345654.0,2.488,10.379,1.013,0.858,2.578,0,交易,4.209464701318852,12.045454545454547,4255844.623115578,0.9555330510034984,0.9160375621432516,0.956413564319941
2013-06-14,601117.SH,10.852,11.055,10.69,10.964,33145519.0,1.027,10.917,1.013,0.672,2.018,0,交易,5.433102081268584,16.148809523809522,3100609.822263798,0.987516960651289,0.9669832654907281,0.995713243341846
2013-06-17,601117.SH,11.045,11.207,10.578,10.619,40068397.0,-3.142,10.839,1.013,0.812,2.44,0,交易,4.352049180327869,13.602216748768472,3787899.1302703726,0.9671633800303382,0.9438743642366377,1.0207175816931915
2013-06-18,601117.SH,10.649,10.943,10.335,10.822,27130206.0,1.908,10.689,1.013,0.55,1.652,0,交易,6.5508474576271185,19.36181818181818,2625080.4063860667,0.9767888147674313,0.9444393676322764,0.9877102199223804
2013-06-19,601117.SH,10.67,10.933,10.568,10.72,21785175.0,-0.936,10.763,1.013,0.442,1.326,0,交易,8.08446455505279,24.14027149321267,2061428.368660106,0.9844507454495564,0.9666148358181652,1.0040111940298506
2013-06-20,601117.SH,10.619,10.68,10.072,10.102,49907549.0,-5.766,10.302,1.013,1.012,3.039,0,交易,3.324119776242185,10.493083003952568,4955078.335980938,0.9646067415730337,0.943071161048689,1.0197980597901406
2013-06-21,601117.SH,9.9,10.153,9.545,10.062,40825454.0,-0.401,9.869,1.013,0.828,2.486,0,交易,4.047465808527755,11.956521739130435,4277155.997904662,0.972027972027972,0.9401162218063626,0.9808189226793879
2013-06-24,601117.SH,9.92,9.93,9.119,9.251,51924757.0,-8.056,9.515,1.013,1.053,3.161,0,交易,2.926605504587156,9.420702754036087,5694128.413203202,0.9582074521651561,0.9183282980866062,1.028537455410226
2013-06-25,601117.SH,9.18,9.778,8.532,9.737,60648206.00000001,5.257,9.228,1.013,1.229,3.693,0,交易,2.63660980232873,7.469487388120422,7108322.315986874,0.9437512783800367,0.872571077930047,0.9477251720242374
2013-06-26,601117.SH,9.636,9.92,9.585,9.819,32381749.0,0.832,9.735,1.013,0.656,1.972,0,交易,4.97920892494929,14.689024390243901,3378377.569118414,0.9813508064516129,0.9662298387096775,0.9914451573479987
2013-06-27,601117.SH,9.869,10.112,9.565,9.626,41894153.0,-1.961,9.862,1.013,0.849,2.551,0,交易,3.7734221873774985,11.624263839811544,4379942.812336644,0.9752768987341772,0.9459058544303797,1.0245169333056308
2013-06-28,601117.SH,9.484,9.96,9.363,9.646,29421307.0,0.211,9.653,1.013,0.596,1.791,0,交易,5.3858179787828036,15.91275167785235,3142294.884118338,0.9691767068273092,0.9400602409638553,1.0007256894049346
2013-07-01,601117.SH,9.626,10.183,9.575,10.112,36455292.0,4.832,9.909,1.013,0.739,2.22,0,交易,4.554954954954955,13.02571041948579,3807341.2010443867,0.9730924089168222,0.9402926446037513,0.979924841772152
2013-07-02,601117.SH,10.102,10.578,10.072,10.477,36325751.0,3.607,10.349,1.013,0.736,2.212,0,交易,4.736437613019891,13.725543478260871,3606607.5258141384,0.9783512951408585,0.9521648704859141,0.9877827622410995
2013-07-03,601117.SH,10.366,10.538,10.041,10.437,33075161.0,-0.387,10.257,1.013,0.67,2.014,0,交易,5.182224428997021,15.471641791044775,3294010.6563091325,0.9733345985955588,0.9528373505408996,0.9827536648462202
2013-07-04,601117.SH,10.305,10.69,10.082,10.427,26277584.999999996,-0.097,10.414,1.013,0.533,1.6,0,交易,6.516875,19.333958724202624,2606386.1337036295,0.9741814780168382,0.9431244153414408,0.9987532367891052
2013-07-05,601117.SH,10.416,10.548,10.224,10.234,17183563.0,-1.846,10.37,1.013,0.348,1.046,0,交易,9.783938814531549,29.931034482758623,1680708.43114241,0.9831247629882441,0.9692832764505119,1.0132890365448504
2013-07-08,601117.SH,9.991,10.001,9.575,9.727,24497041.0,-4.95,9.811,1.013,0.497,1.492,0,交易,6.519436997319035,20.10261569416499,2558437.7023498695,0.9810018998100191,0.9574042595740426,1.0086357561426955
2013-07-09,601117.SH,9.667,9.788,9.342,9.596,25771059.0,-1.354,9.568,1.013,0.522,1.569,0,交易,6.115997450605481,18.519157088122604,2758623.3140655104,0.9775234981610135,0.9544340008173273,0.9970821175489787
2013-07-10,601117.SH,9.657,10.197,9.524,10.177,32043392.0,6.057,9.788,1.02,0.65,1.951,0,交易,5.216299333675038,14.856923076923076,3364488.870222596,0.959890163773659,0.9340001961361185,0.9617765549769087
2013-07-11,601117.SH,10.228,10.809,9.983,10.585,54322740.0,4.008,10.414,1.02,1.101,3.307,0,交易,3.200786211067433,9.289736603088102,5441524.59180607,0.963456378943473,0.9235822000185032,0.983845063769485
2013-07-12,601117.SH,10.554,10.687,10.197,10.207,37319864.0,-3.565,10.41,1.02,0.757,2.272,0,交易,4.492517605633804,13.941875825627477,3659886.633323527,0.9740806587442689,0.9541499017497894,1.0198883119427844
2013-07-15,601117.SH,10.299,10.503,10.197,10.401,38159094.0,1.898,10.342,1.02,0.774,2.323,0,交易,4.477399913904434,13.306201550387597,3742188.290673728,0.9846710463677045,0.9708654670094258,0.9943274685126431
2013-07-16,601117.SH,10.371,10.473,10.218,10.371,30270765.000000004,-0.294,10.32,1.02,0.614,1.843,0,交易,5.627238198589257,16.89087947882736,2962494.1280093957,0.9853910054425665,0.9756516757376109,0.9950824414231992
2013-07-17,601117.SH,10.33,10.942,10.269,10.615,71106091.0,2.36,10.709,1.02,1.441,4.329,0,交易,2.4520674520674524,7.168632893823733,6924344.239945467,0.9787059038566989,0.9384938768049716,1.0088553933113518
2013-07-18,601117.SH,10.585,10.86,10.473,10.503,35032631.0,-1.057,10.632,1.02,0.71,2.133,0,交易,4.924050632911392,14.908450704225354,3345042.585696553,0.9790055248618785,0.964364640883978,1.0122822050842617
2013-07-19,601117.SH,10.493,10.748,10.197,10.258,41181922.0,-2.33,10.483,1.02,0.835,2.507,0,交易,4.091743119266055,12.566467065868265,4038631.1660292246,0.9753442500930407,0.9487346483066617,1.0219341002144668
2013-07-22,601117.SH,10.167,10.34,9.718,9.912,46208235.0,-3.38,9.922,1.02,0.937,2.813,0,交易,3.5236402417348027,10.850586979722518,4754912.018933937,0.9595744680851065,0.9398452611218568,1.0010088781275222
2013-07-23,601117.SH,9.942,10.564,9.83,10.554,51871968.0,6.481,10.259,1.02,1.052,3.158,0,交易,3.3419886003799877,9.450570342205323,5276904.170905392,0.9711283604695191,0.9305187429004165,0.9720485124123555
2013-07-24,601117.SH,10.503,10.758,10.34,10.626,45054823.0,0.676,10.557,1.02,0.913,2.743,0,交易,3.873860736419978,11.503833515881709,4357332.978723404,0.9813162297824876,0.9611451942740287,0.9935064935064936
2013-07-25,601117.SH,10.728,10.901,10.534,10.554,38388651.0,-0.672,10.706,1.02,0.778,2.337,0,交易,4.51604621309371,13.789203084832904,3644261.534080121,0.9821117328685441,0.9663333639115679,1.0144021224180404
2013-07-26,601117.SH,10.462,10.636,10.34,10.452,22081778.0,-0.966,10.496,1.02,0.448,1.344,0,交易,7.7767857142857135,23.35267857142857,2135568.4719535783,0.9868371568258745,0.9721699887175631,1.004209720627631
2013-07-29,601117.SH,10.218,10.248,9.851,9.912,41411879.0,-5.171,10.027,1.02,0.839,2.521,0,交易,3.9317731059103536,12.178784266984506,4203824.890874023,0.9784348165495707,0.9612607338017175,1.011602098466505
2013-07-30,601117.SH,9.891,10.156,9.698,9.902,29005609.999999996,-0.103,9.913,1.02,0.588,1.766,0,交易,5.607021517553793,16.821428571428573,2990885.7496391004,0.9760732571878692,0.9549035053170539,1.0011108866895577
2013-07-31,601117.SH,9.953,10.085,9.534,9.545,40720199.0,-3.605,9.792,1.02,0.825,2.479,0,交易,3.8503428801936264,12.064242424242424,4271050.8705684915,0.9709469509172036,0.9453644025780863,1.0258774227344158
2013-08-01,601117.SH,9.545,9.84,9.065,9.545,78791032.0,0.0,9.412,1.02,1.597,4.797,0,交易,1.9897852824682094,5.97683155917345,8691785.107556537,0.9565040650406506,0.9212398373983739,0.9860660031430069
2013-08-02,601117.SH,9.545,9.626,9.198,9.32,63635021.0,-2.35,9.327,1.02,1.29,3.874,0,交易,2.4057821373257613,7.39922480620155,6918354.098717112,0.9689382921254935,0.9555370870558904,1.0007510729613733
2013-08-05,601117.SH,9.29,9.779,9.239,9.769,51528543.0,4.814,9.462,1.02,1.045,3.137,0,交易,3.114121772394007,8.889952153110048,5577285.74521052,0.9675835975048573,0.944779629819,0.9685740608045859
2013-08-06,601117.SH,9.738,9.83,9.514,9.687,44700554.0,-0.835,9.659,1.02,0.906,2.722,0,交易,3.55878030859662,10.748344370860927,4698397.519445029,0.9826042726347916,0.967853509664293,0.9971095282337155
2013-08-07,601117.SH,9.677,9.789,9.331,9.381,37728201.0,-3.158,9.545,1.02,0.765,2.297,0,交易,4.08402263822377,12.649673202614379,4043318.07951988,0.9750740627234651,0.9532127898661763,1.0174821447606865
2013-08-08,601117.SH,9.361,9.402,9.218,9.28,41821358.0,-1.087,9.286,1.02,0.848,2.546,0,交易,3.6449332285938727,11.038915094339623,4536923.193751356,0.9876621995320145,0.9804296958094023,1.0006465517241379
2013-08-09,601117.SH,9.31,9.341,8.831,8.994,49286632.0,-3.077,9.09,1.02,0.999,3.001,0,交易,2.9970009996667777,9.31931931931932,5581092.967953799,0.9731292152874426,0.9454019912214966,1.0106737825216812
2013-08-12,601117.SH,9.004,9.463,8.994,9.453,52550768.00000001,5.102,9.327,1.02,1.065,3.2,0,交易,2.9540624999999996,8.454460093896714,5842869.4685345795,0.9856282362887034,0.950438550142661,0.9866708981275786
2013-08-13,601117.SH,9.055,9.167,8.515,8.963,124672511.00000001,-5.178,8.869,1.02,2.527,7.591,0,交易,1.180740350414965,3.5833003561535413,14641516.265413975,0.9674920911966838,0.9288753136249591,0.9895124400312396
2013-08-14,601117.SH,8.994,9.086,8.851,8.933,74920643.0,-0.341,8.964,1.02,1.519,4.562,0,交易,1.9581323980710212,5.921000658327848,8464652.920573946,0.9865727492846137,0.9741360334580674,1.0034702787417442
2013-08-15,601117.SH,8.953,8.984,8.617,8.688,63466543.00000001,-2.74,8.77,1.02,1.287,3.864,0,交易,2.248447204968944,6.9564879564879565,7365271.324126726,0.9761798753339269,0.9591495992876226,1.009438305709024
2013-08-16,601117.SH,8.627,9.004,8.27,8.321,94323288.0,-4.225,8.5,1.02,1.912,5.743,0,交易,1.448894306111788,4.512029288702929,11405476.178960098,0.9440248778320747,0.918480675255442,1.021511837519529
2013-08-19,601117.SH,8.239,8.341,8.086,8.188,86762204.0,-1.593,8.184,1.02,1.759,5.283,0,交易,1.5498769638462995,4.683911313246163,10729928.765767993,0.981177316868481,0.9694281261239661,0.9995114802149485
2013-08-20,601117.SH,8.188,8.341,8.158,8.331,62656451.0,1.743,8.236,1.02,1.27,3.815,0,交易,2.183748361730013,6.447244094488189,7680369.085560187,0.9874115813451626,0.9780601846301403,0.9885968071059898
2013-08-21,601117.SH,8.301,8.321,8.168,8.28,31905621.000000004,-0.612,8.242,1.02,0.647,1.943,0,交易,4.261451363870303,12.82998454404946,3906172.992164545,0.9905059488042304,0.9816127869246484,0.9954106280193239
2013-08-22,601117.SH,8.25,8.403,8.219,8.27,35242992.0,-0.123,8.302,1.02,0.714,2.146,0,交易,3.853681267474371,11.554621848739496,4287990.266455773,0.9879804831607758,0.9781030584315125,1.003869407496977
2013-08-23,601117.SH,8.301,8.331,7.954,8.035,60741594.99999999,-2.836,8.119,1.02,1.231,3.698,0,交易,2.1727961060032452,6.743298131600325,7636609.881820467,0.9745528748049455,0.9547473292521906,1.0104542626011201
2013-08-26,601117.SH,8.015,8.137,7.974,8.097,43441191.0,0.761,8.076,1.02,0.881,2.645,0,交易,3.0612476370510393,9.097616345062429,5447854.401805869,0.9925033796239401,0.9799680471918397,0.9974064468321602
2013-08-27,601117.SH,8.097,8.413,8.015,8.403,79515940.0,3.778,8.248,1.02,1.612,4.841,0,交易,1.7357983887626525,5.022952853598015,9920890.829694323,0.9803874955426125,0.9526922619755142,0.9815542068308936
2013-08-28,601117.SH,8.321,8.454,8.26,8.341,46831716.0,-0.728,8.365,1.02,0.949,2.851,0,交易,2.9256401262714835,8.768177028451001,5669699.273607749,0.9894724390820913,0.9770522829429855,1.0028773528353916
2013-08-29,601117.SH,8.331,8.586,8.331,8.392,52864625.0,0.611,8.457,1.02,1.072,3.219,0,交易,2.6070208139173654,7.771455223880596,6345531.748889689,0.9849755415793152,0.9703004891684136,1.0077454718779792
2013-08-30,601117.SH,8.392,8.433,8.199,8.239,44180498.0,-1.823,8.311,1.02,0.896,2.69,0,交易,3.062825278810409,9.366071428571427,5388522.7466764245,0.9855330250207518,0.9722518676627535,1.008738924626775
2013-09-02,601117.SH,8.209,8.29,8.097,8.26,31719119.0,0.248,8.186,1.02,0.643,1.931,0,交易,4.277576385292594,12.766718506998444,3917391.503025812,0.9874547647768397,0.9767189384800965,0.991041162227603
2013-09-03,601117.SH,8.311,8.392,8.239,8.362,31589558.0,1.235,8.33,1.02,0.64,1.923,0,交易,4.3484139365574626,12.9859375,3834149.53271028,0.9926120114394662,0.9817683508102957,0.9961731643147572
2013-09-04,601117.SH,8.372,8.372,8.178,8.219,35573074.0,-1.707,8.238,1.02,0.721,2.166,0,交易,3.7945521698984304,11.611650485436893,4349850.0855955,0.9839942666029622,0.9768275203057812,1.002311716753863
2013-09-05,601117.SH,8.199,8.26,8.137,8.199,23575619.0,-0.248,8.197,1.02,0.478,1.435,0,交易,5.713588850174216,17.152719665271967,2897335.5044856826,0.9923728813559322,0.9851089588377725,0.9997560678131479
2013-09-06,601117.SH,8.178,8.26,8.107,8.127,34355076.0,-0.871,8.148,1.02,0.696,2.092,0,交易,3.8847992351816445,11.750000000000002,4237705.193043049,0.9864406779661017,0.9814769975786924,1.0025839793281652
2013-09-09,601117.SH,8.117,8.423,8.035,8.29,48731142.0,2.008,8.256,1.02,0.988,2.967,0,交易,2.7940680822379504,8.215587044534415,6064858.9919103915,0.9801733349163007,0.953935652380387,0.9958986731001208
2013-09-10,601117.SH,8.301,8.484,8.188,8.433,77114047.0,1.722,8.334,1.02,1.563,4.695,0,交易,1.7961661341853035,5.310940499040307,9417934.416218856,0.9823196605374823,0.9651107967939652,0.9882604055496265
2013-09-11,601117.SH,8.474,9.055,8.403,8.882,145123881.0,5.32,8.814,1.02,2.942,8.836,0,交易,1.0052059755545495,2.8803535010197145,17270484.4698322,0.9733848702374379,0.9279955825510768,0.9923440666516551
2013-09-12,601117.SH,8.912,8.943,8.749,8.851,62065840.0,-0.344,8.827,1.02,1.258,3.779,0,交易,2.3421540089970896,7.084260731319556,7094049.605669219,0.987028961198703,0.9783070557978308,0.9972884419839565
2013-09-13,601117.SH,8.872,8.892,8.657,8.719,40401082.0,-1.498,8.737,1.02,0.819,2.46,0,交易,3.5443089430894306,10.832722832722833,4666868.66119903,0.9825686009896537,0.9735717498875395,1.0020644569331345
2013-09-16,601117.SH,8.739,8.81,8.668,8.688,34618641.0,-0.351,8.734,1.02,0.702,2.108,0,交易,4.121442125237191,12.44871794871795,3993844.1393631753,0.9913734392735527,0.9838819523269011,1.0052946593001841
2013-09-17,601117.SH,8.719,8.8,8.372,8.403,39678570.0,-3.286,8.586,1.02,0.804,2.416,0,交易,3.478062913907285,10.844527363184078,4739437.410415672,0.9756818181818181,0.9513636363636363,1.0217779364512674
2013-09-18,601117.SH,8.392,8.443,8.28,8.362,24761058.0,-0.485,8.349,1.02,0.502,1.508,0,交易,5.545092838196287,16.717131474103585,2990465.942028986,0.9888665166410044,0.9806940660902522,0.9984453480028701
2013-09-23,601117.SH,8.413,8.637,8.321,8.596,36759785.0,2.805,8.455,1.02,0.745,2.238,0,交易,3.8409294012511173,11.29261744966443,4417712.414373273,0.9789278684728493,0.9634132221836285,0.9835970218706375
2013-09-24,601117.SH,8.596,8.719,8.494,8.545,29775739.0,-0.593,8.589,1.02,0.604,1.813,0,交易,4.7131825703254275,14.2317880794702,3505502.5900635743,0.9850900332606951,0.9741942883358183,1.005149210064365
2013-09-25,601117.SH,8.535,8.535,8.27,8.29,37382161.0,-2.983,8.374,1.02,0.758,2.276,0,交易,3.642355008787346,11.259894459102902,4520212.938331318,0.9811364967779731,0.9689513766842413,1.0101326899879375
2013-09-26,601117.SH,8.26,8.28,8.056,8.056,32409596.000000004,-2.829,8.148,1.02,0.657,1.973,0,交易,4.083122149011657,12.572298325722983,4023038.232373387,0.9840579710144928,0.9729468599033816,1.0114200595829197
2013-09-27,601117.SH,8.056,8.117,7.974,8.046,24726527.0,-0.127,8.03,1.02,0.501,1.505,0,交易,5.346179401993355,16.079840319361274,3100893.779784299,0.9892817543427372,0.9823826536897868,0.998011434253045
2013-09-30,601117.SH,8.066,8.178,8.015,8.076,27538856.0,0.38,8.083,1.02,0.558,1.677,0,交易,4.815742397137746,14.455197132616487,3435914.660012476,0.9883834678405478,0.9800684764000978,1.0008667657256067
2013-10-08,601117.SH,8.086,8.372,8.086,8.362,34805564.0,3.535,8.281,1.02,0.706,2.119,0,交易,3.9462010382255777,11.453257790368273,4304422.953252535,0.9891304347826088,0.9658385093167703,0.9903133221717293
2013-10-09,601117.SH,8.341,8.382,8.26,8.321,25113450.0,-0.488,8.314,1.02,0.509,1.529,0,交易,5.442119032047089,16.387033398821217,3040369.2493946734,0.9918873777141494,0.9854450011930327,0.9991587549573369
2013-10-10,601117.SH,8.331,8.341,8.076,8.148,32588836.0,-2.083,8.202,1.02,0.661,1.984,0,交易,4.106854838709677,12.603630862329801,4035269.440316988,0.9833353314950246,0.9682292291092197,1.0066273932253313
2013-10-11,601117.SH,8.209,8.239,8.117,8.219,38173606.0,0.876,8.174,1.02,0.774,2.324,0,交易,3.5365748709122204,10.60594315245478,4702920.537144264,0.9921106930452723,0.9851923777157422,0.9945248813724298
2013-10-14,601117.SH,8.219,8.443,8.168,8.443,48238140.0,2.73,8.33,1.02,0.978,2.937,0,交易,2.874702076949268,8.403885480572598,5905746.81684623,0.9866161317067393,0.9674286391093213,0.9866161317067393
2013-10-15,601117.SH,8.454,8.535,8.28,8.382,37364139.0,-0.725,8.406,1.02,0.757,2.275,0,交易,3.6843956043956045,11.16776750330251,4512577.173913044,0.9848857644991214,0.9701230228471001,1.0028632784538298
2013-10-16,601117.SH,8.341,8.352,8.127,8.199,26276813.0,-2.19,8.2,1.02,0.533,1.6,0,交易,5.124375,15.649155722326451,3233273.4096222464,0.9818007662835248,0.9730603448275863,1.000121966093426
2013-10-17,601117.SH,8.25,8.341,8.188,8.219,31315396.000000004,0.249,8.263,1.02,0.635,1.907,0,交易,4.309910854745674,12.992125984251969,3824547.6306790425,0.990648603284978,0.9816568756743798,1.0053534493247354
2013-10-18,601117.SH,8.199,8.199,8.107,8.158,20006840.0,-0.744,8.152,1.02,0.406,1.218,0,交易,6.697865353037766,20.194581280788174,2467847.539163686,0.9942675936089767,0.9887791194048055,0.9992645256190242
2013-10-21,601117.SH,8.199,8.311,8.056,8.26,43725351.0,1.25,8.181,1.02,0.886,2.662,0,交易,3.102930127723516,9.25395033860045,5427675.148957299,0.9843580796534712,0.9693177716279628,0.9904358353510895
2013-10-22,601117.SH,8.219,8.301,8.148,8.188,37016770.0,-0.864,8.21,1.02,0.75,2.254,0,交易,3.6326530612244903,10.958666666666666,4543049.8281786945,0.9890374653656187,0.9815684857246114,1.0026868588177822
2013-10-23,601117.SH,8.168,8.229,8.066,8.076,29935180.0,-1.37,8.133,1.02,0.607,1.823,0,交易,4.430060340098739,13.456342668863261,3711279.4445821964,0.988333940940576,0.9801920038886865,1.0070579494799403
2013-10-24,601117.SH,8.097,8.107,8.005,8.046,14575023.000000002,-0.379,8.064,1.02,0.295,0.887,0,交易,9.071025930101465,27.447457627118645,1820739.9125546534,0.9946959417787099,0.9874182804983349,1.0022371364653244
2013-10-25,601117.SH,8.046,8.097,7.668,7.719,39962723.0,-4.056,7.838,1.02,0.81,2.433,0,交易,3.172626387176326,9.933333333333332,5211622.717788211,0.9680128442633075,0.9470174138569841,1.0154165047285917
2013-10-28,601117.SH,7.791,7.821,7.607,7.638,25843065.0,-1.057,7.701,1.02,0.524,1.573,0,交易,4.855689764780674,14.868320610687023,3397274.2211121335,0.984656693517453,0.9726377701061246,1.0082482325216024
2013-10-29,601117.SH,7.648,7.719,7.107,7.281,49792297.0,-4.673,7.354,1.02,1.009,3.032,0,交易,2.401385224274406,7.5797819623389495,7006092.162656535,0.9527140821349915,0.9207151185386708,1.0100260953165774
2013-10-30,601117.SH,7.311,7.383,7.23,7.373,22810857.0,1.261,7.328,1.02,0.462,1.389,0,交易,5.308135349172066,15.824675324675324,3155028.630705394,0.9925504537450901,0.9792767167817961,0.9938966499389665
2013-10-31,601117.SH,7.332,7.413,7.271,7.322,18161193.0,-0.692,7.325,1.02,0.368,1.106,0,交易,6.620253164556962,19.92391304347826,2497757.2548480267,0.9881289626332119,0.9808444624308646,1.0004097241190932
2013-11-01,601117.SH,7.322,7.373,7.25,7.352,15593998.000000002,0.418,7.312,1.02,0.316,0.949,0,交易,7.747102212855638,23.170886075949365,2150896.2758620693,0.9917265699172657,0.9833175098331751,0.9945593035908596
2013-11-04,601117.SH,7.352,7.393,7.291,7.291,14494341.0,-0.832,7.318,1.02,0.294,0.882,0,交易,8.266439909297052,25.006802721088437,1987977.09504869,0.989855268497227,0.986203165156229,1.0037031957207516
2013-11-05,601117.SH,7.291,7.658,7.26,7.607,46475171.0,4.336,7.518,1.02,0.942,2.83,0,交易,2.687985865724382,7.739915074309979,6401538.70523416,0.9817184643510054,0.9480282057978584,0.9883002497699487
2013-11-06,601117.SH,7.597,7.628,7.495,7.505,23277429.0,-1.34,7.555,1.02,0.472,1.417,0,交易,5.296400846859562,16.095338983050848,3105727.6851234157,0.9904299947561614,0.9825642370214998,1.0066622251832111
2013-11-07,601117.SH,7.607,8.107,7.607,7.944,78163062.0,5.842,7.933,1.02,1.584,4.759,0,交易,1.6692582475309938,4.80239898989899,10275149.467595635,0.9785370667324534,0.938324904403602,0.9986153071500503
2013-11-08,601117.SH,7.944,8.046,7.811,7.995,43962633.0,0.642,7.959,1.02,0.891,2.677,0,交易,2.986552110571535,8.915824915824915,5628297.657150173,0.9891871737509321,0.9707929405915984,0.9954971857410881
2013-11-11,601117.SH,7.903,7.954,7.658,7.903,33372998.0,-1.148,7.846,1.02,0.677,2.032,0,交易,3.889271653543307,11.673559822747414,4357926.090363019,0.9864219260749308,0.9627860196127735,0.9927875490320133
2013-11-12,601117.SH,7.893,7.944,7.77,7.842,23660960.0,-0.774,7.857,1.02,0.48,1.441,0,交易,5.44205412907703,16.44375,3045168.5971685974,0.9890483383685801,0.97809667673716,1.001912777352716
2013-11-13,601117.SH,7.832,7.832,7.495,7.495,35602261.0,-4.421,7.598,1.02,0.722,2.168,0,交易,3.4571033210332103,10.847645429362881,4750134.889926618,0.9701225740551583,0.9569713993871297,1.0137424949966645
2013-11-14,601117.SH,7.617,7.689,7.505,7.577,21979741.0,1.088,7.588,1.02,0.446,1.338,0,交易,5.662929745889387,17.07847533632287,2928679.680213191,0.9868643516712187,0.9760697099752893,1.0014517619110466
2013-11-15,601117.SH,7.587,8.005,7.536,7.944,53335863.0,4.845,7.865,1.02,1.081,3.247,0,交易,2.446566060979366,7.01850138760407,7077476.512738854,0.9825109306683322,0.941411617738913,0.990055387713998
2013-11-18,601117.SH,8.025,8.097,7.842,8.066,53943631.00000001,1.54,7.978,1.02,1.094,3.284,0,交易,2.4561510353227773,7.335466179159049,6878810.380005102,0.9853031987155737,0.968506854390515,0.9890900074386312
2013-11-19,601117.SH,8.097,8.515,7.974,8.433,93319513.0,4.551,8.321,1.02,1.892,5.682,0,交易,1.4841605068637802,4.279598308668076,11702973.789816905,0.9772166764533176,0.9364650616559013,0.9867188426420016
2013-11-20,601117.SH,8.413,8.596,8.311,8.443,57232698.0,0.121,8.44,1.02,1.16,3.485,0,交易,2.422668579626973,7.252586206896552,6886379.2564071715,0.981852024197301,0.9668450442066077,0.9996446760630108
2013-11-21,601117.SH,8.362,8.494,8.239,8.392,49084037.0,-0.604,8.381,1.02,0.995,2.988,0,交易,2.8085676037483265,8.404020100502512,5957523.607233887,0.9866964916411585,0.9699788085707559,0.9986892278360344
2013-11-22,601117.SH,8.413,8.657,8.372,8.382,62238749.0,-0.122,8.531,1.02,1.262,3.789,0,交易,2.2121931908155186,6.666402535657686,7434155.398948877,0.9854453043779601,0.9670786646644334,1.0177761870675257
2013-11-25,601117.SH,8.29,8.454,8.178,8.199,41440158.0,-2.19,8.311,1.02,0.84,2.523,0,交易,3.2497027348394765,9.869047619047619,5067272.927366104,0.9830849302105511,0.9673527324343506,1.0136602024637151
2013-11-26,601117.SH,8.188,8.494,8.107,8.443,49565676.0,2.985,8.301,1.02,1.005,3.018,0,交易,2.7975480450629555,8.147263681592042,6113935.611200198,0.9772780786437486,0.9544384271250294,0.9831813336491769
2013-11-27,601117.SH,8.392,8.494,8.26,8.382,40387481.0,-0.725,8.383,1.02,0.819,2.459,0,交易,3.408702724684831,10.246642246642246,4889525.544794189,0.9869319519660936,0.972451141982576,1.0001193032689095
2013-11-28,601117.SH,8.382,8.657,8.362,8.535,65318624.0,1.825,8.547,1.02,1.324,3.977,0,交易,2.146090017601207,6.330815709969788,7811363.788567328,0.9872935196950445,0.9659235300912556,1.0014059753954305
2013-11-29,601117.SH,8.566,8.586,8.403,8.464,35344359.0,-0.836,8.457,1.02,0.716,2.152,0,交易,3.933085501858736,11.963687150837991,4206159.585862191,0.9849755415793152,0.9786862334032146,0.9991729678638942
2013-12-02,601117.SH,8.301,8.494,8.137,8.199,49182837.0,-3.133,8.301,1.02,0.997,2.995,0,交易,2.7375626043405674,8.325977933801404,6044345.213223547,0.9772780786437486,0.9579703319990582,1.0124405415294548
2013-12-03,601117.SH,8.199,8.443,8.178,8.403,30988676.0,2.488,8.36,1.02,0.628,1.887,0,交易,4.4531001589825125,13.055732484076433,3789273.1719246753,0.9901693710766315,0.9686130522326188,0.9948827799595381
2013-12-04,601117.SH,8.403,8.606,8.392,8.535,51419061.0,1.578,8.527,1.02,1.042,3.131,0,交易,2.725966145001597,8.064299424184261,6127152.168732126,0.9908203578898442,0.9751336277016035,0.9990626830697128
2013-12-05,601117.SH,8.505,8.841,8.505,8.749,72900399.0,2.509,8.696,1.02,1.478,4.439,0,交易,1.9709394007659384,5.7543978349120435,8571475.485008817,0.9835991403687366,0.961995249406176,0.9939421648188363
2013-12-06,601117.SH,8.729,8.994,8.668,8.708,64889221.0,-0.466,8.843,1.02,1.315,3.951,0,交易,2.2039989875980766,6.638022813688212,7486066.105214583,0.9832110295752724,0.9637536135201245,1.0155029857602205
2013-12-09,601117.SH,8.719,8.933,8.688,8.77,35755995.0,0.703,8.806,1.02,0.725,2.177,0,交易,4.028479559026183,12.026206896551724,4115561.11878453,0.9857830516064031,0.9725736034926677,1.0041049030786773
2013-12-10,601117.SH,8.8,9.106,8.8,8.953,58060418.00000001,2.093,8.977,1.02,1.177,3.535,0,交易,2.5326732673267323,7.4766355140186915,6597774.772727273,0.9858335163628378,0.9663957830002198,1.0026806656986487
2013-12-11,601117.SH,9.004,9.045,8.77,8.882,43722797.0,-0.797,8.916,1.02,0.886,2.662,0,交易,3.336589030803907,10.162528216704288,4985495.667046751,0.985737976782753,0.9695964621337755,1.0038279666741725
2013-12-12,601117.SH,8.861,8.974,8.739,8.851,37149655.0,-0.344,8.848,1.02,0.753,2.262,0,交易,3.91290893015031,11.767596281540506,4251018.995308387,0.9859594383775352,0.9738132382438155,0.9996610552479945
2013-12-13,601117.SH,8.77,8.861,8.637,8.668,46571456.0,-2.074,8.72,1.02,0.944,2.836,0,交易,3.0564174894217206,9.290254237288135,5392087.067268727,0.9840875747658278,0.9747206861528044,1.005999077065067
2013-12-16,601117.SH,8.688,8.708,8.331,8.352,43430657.0,-3.647,8.465,1.02,0.88,2.644,0,交易,3.1588502269288954,9.872727272727273,5213138.518785261,0.9720946256316031,0.9567064768029397,1.01352969348659
2013-12-17,601117.SH,8.372,8.423,8.301,8.372,21290449.0,0.244,8.368,1.02,0.432,1.296,0,交易,6.459876543209877,19.37962962962963,2564805.3246596796,0.9934702600023745,0.9855158494598124,0.9995222169135213
2013-12-18,601117.SH,8.372,8.423,8.28,8.311,20074158.0,-0.731,8.337,1.02,0.407,1.222,0,交易,6.801145662847791,20.57002457002457,2424415.2173913047,0.9897898610946219,0.9830226760061735,1.0031283840693057
2013-12-19,601117.SH,8.352,8.382,8.127,8.127,28106887.0,-2.209,8.226,1.02,0.57,1.711,0,交易,4.749853886616014,14.65263157894737,3458457.8565276237,0.9813886900501075,0.9695776664280602,1.0121816168327797
2013-12-20,601117.SH,8.117,8.178,7.76,7.811,35663081.0,-3.89,7.912,1.02,0.723,2.171,0,交易,3.5978811607554126,11.226832641770402,4595757.860824742,0.9674737099535338,0.9488872584984103,1.0129304826526693
2013-12-23,601117.SH,7.862,7.995,7.73,7.933,20971415.0,1.567,7.9,1.02,0.425,1.277,0,交易,6.21221613155834,18.498823529411766,2712990.297542044,0.9881175734834272,0.9668542839274546,0.9958401613513174
2013-12-24,601117.SH,7.944,8.025,7.801,7.882,23968059.0,-0.643,7.932,1.02,0.486,1.459,0,交易,5.402330363262508,16.34567901234568,3072434.1751057557,0.988411214953271,0.9720872274143302,1.006343567622431
2013-12-25,601117.SH,7.882,8.046,7.852,8.015,19423956.0,1.682,7.984,1.02,0.394,1.183,0,交易,6.775147928994083,20.005076142131976,2473759.042282221,0.9922943077305494,0.9758886403181707,0.9961322520274485
2013-12-26,601117.SH,7.984,8.005,7.76,7.791,18496950.0,-2.799,7.875,1.02,0.375,1.126,0,交易,6.919182948490232,21.290666666666667,2383627.5773195876,0.9837601499063084,0.9693941286695814,1.0107816711590296
2013-12-27,601117.SH,7.791,7.944,7.75,7.893,22809079.0,1.309,7.854,1.02,0.462,1.389,0,交易,5.682505399568035,16.863636363636363,2943106.9677419355,0.9886706948640483,0.9755790533736153,0.9950589129608515
2013-12-30,601117.SH,7.933,8.209,7.852,8.158,31007414.0,3.359,8.021,1.02,0.629,1.888,0,交易,4.320974576271186,12.6120826709062,3948982.9342842586,0.9770983067365089,0.9565111463028384,0.9832066683010543
2013-12-31,601117.SH,8.107,8.301,8.025,8.158,20450911.0,0.0,8.177,1.02,0.415,1.245,0,交易,6.552610441767067,19.534939759036146,2548400.1246105917,0.9850620407179858,0.9667509938561619,1.002329002206423
2014-01-02,601117.SH,8.158,8.188,8.005,8.086,18020847.0,-0.875,8.068,1.02,0.365,1.097,0,交易,7.371011850501368,22.350684931506848,2251198.8757026857,0.985344406448461,0.9776502198339033,0.9977739302498144
2014-01-03,601117.SH,8.035,8.066,7.791,7.791,31055481.0,-3.657,7.864,1.02,0.63,1.891,0,交易,4.120042305658382,12.753968253968255,3986071.2360415864,0.9749566079841309,0.9659062732457228,1.009369785650109
2014-01-06,601117.SH,7.73,7.73,7.209,7.393,41152008.0,-5.105,7.408,1.02,0.834,2.506,0,交易,2.950119712689545,9.268585131894485,5708421.140241365,0.9583441138421733,0.9326002587322121,1.0020289463005547
2014-01-07,601117.SH,7.271,7.485,7.271,7.373,18325468.0,-0.276,7.377,1.02,0.371,1.116,0,交易,6.606630824372759,19.598382749326145,2520350.4332278916,0.9855711422845691,0.9714094856379425,1.0005425200054252
2014-01-08,601117.SH,7.393,7.597,7.362,7.403,23018452.0,0.415,7.447,1.02,0.467,1.401,0,交易,5.284082798001427,15.830835117773018,3126657.430046183,0.9802553639594577,0.969066736869817,1.0059435364041605
2014-01-09,601117.SH,7.403,7.485,7.26,7.291,17050354.0,-1.515,7.382,1.02,0.346,1.038,0,交易,7.024084778420039,21.395953757225435,2348533.608815427,0.9862391449565797,0.969939879759519,1.0124811411329036
2014-01-10,601117.SH,7.25,7.322,7.118,7.271,25812360.0,-0.28,7.214,1.02,0.523,1.572,0,交易,4.62531806615776,13.862332695984703,3626350.098342231,0.9852499317126469,0.9721387599016662,0.9921606381515611
2014-01-13,601117.SH,7.24,7.332,7.138,7.169,14462090.0,-1.403,7.209,1.02,0.293,0.881,0,交易,8.137343927355278,24.709897610921505,2026070.3278229197,0.9832242225859247,0.9735406437534098,1.005579578741805
2014-01-14,601117.SH,7.189,7.189,6.496,6.802,57629725.0,-5.121,6.726,1.02,1.168,3.509,0,交易,1.9384440011399258,6.154965753424658,8871570.966748768,0.9355960495201001,0.9036027263875366,0.9888268156424581
2014-01-15,601117.SH,6.73,6.771,6.659,6.73,20710335.0,-1.049,6.722,1.02,0.42,1.261,0,交易,5.337034099920698,16.023809523809526,3110126.89593032,0.9927632550583371,0.9834588687047703,0.9988112927191679
2014-01-16,601117.SH,6.73,6.832,6.73,6.771,19429431.0,0.606,6.779,1.02,0.394,1.183,0,交易,5.723584108199493,17.081218274111677,2886988.2615156015,0.9922423887587822,0.9850702576112413,1.0011815093782306
2014-01-17,601117.SH,6.751,6.761,6.445,6.465,34905154.0,-4.518,6.56,1.02,0.708,2.125,0,交易,3.0423529411764707,9.535310734463279,5415850.116369278,0.9702706700192278,0.953261351871025,1.0146945088940449
2014-01-20,601117.SH,6.445,6.445,6.067,6.2,55315168.00000001,-4.101,6.198,1.02,1.121,3.368,0,交易,1.8408551068883612,5.749330954504907,9117383.880006595,0.9616757176105508,0.9413498836307215,0.9996774193548388
2014-01-21,601117.SH,6.2,6.241,6.149,6.22,32172700.0,0.329,6.197,1.02,0.652,1.959,0,交易,3.175089331291475,9.50920245398773,5232184.094974793,0.9929498477808044,0.985258772632591,0.9963022508038586
2014-01-22,601117.SH,6.21,6.587,6.18,6.516,52828118.00000001,4.754,6.437,1.02,1.071,3.216,0,交易,2.0261194029850746,5.798319327731092,8548239.158576053,0.977227873083346,0.9382116289661454,0.9878759975445058
2014-01-23,601117.SH,6.516,6.638,6.475,6.547,29229920.0,0.469,6.567,1.02,0.593,1.78,0,交易,3.678089887640449,10.988195615514334,4514273.3590733595,0.9893040072310938,0.9754444109671587,1.0030548342752406
2014-01-24,601117.SH,6.506,6.669,6.475,6.628,24158908.0,1.246,6.596,1.02,0.49,1.471,0,交易,4.505778382053025,13.277551020408165,3731105.4826254826,0.9890538311590944,0.9709101814364972,0.9951719975859988
2014-01-27,601117.SH,6.557,6.587,6.343,6.363,34768514.0,-4.0,6.439,1.02,0.705,2.117,0,交易,3.005668398677374,9.300709219858158,5481399.022544538,0.9775315014422348,0.9629573402155762,1.0119440515480118
2014-01-28,601117.SH,6.363,6.475,6.312,6.465,25130267.0,1.603,6.406,1.02,0.509,1.53,0,交易,4.2254901960784315,12.50098231827112,3981347.7503168564,0.9893436293436294,0.974826254826255,0.9908739365815932
2014-01-29,601117.SH,6.485,6.506,6.383,6.434,20968112.0,-0.473,6.427,1.02,0.425,1.277,0,交易,5.038371182458889,15.258823529411766,3284993.263355789,0.9878573624346756,0.9810943744236089,0.9989120298414671
2014-01-30,601117.SH,6.414,6.414,6.271,6.322,17660225.0,-1.743,6.315,1.02,0.358,1.075,0,交易,5.88093023255814,17.916201117318437,2816173.656514113,0.9845650140318055,0.9777050202681634,0.9988927554571339
2014-02-07,601117.SH,6.282,6.383,6.18,6.373,17046962.0,0.806,6.295,1.02,0.346,1.038,0,交易,6.139691714836223,18.15606936416185,2758408.090614887,0.9862133792887356,0.9681967726774243,0.9877608661540875
2014-02-10,601117.SH,6.394,6.618,6.394,6.587,34837352.0,3.36,6.565,1.02,0.706,2.121,0,交易,3.1056105610561056,9.056657223796035,5448444.166406006,0.9919915382290723,0.966152916288909,0.9966600880522242
2014-02-11,601117.SH,6.567,6.781,6.547,6.7,42551794.0,1.703,6.674,1.02,0.863,2.591,0,交易,2.5858741798533385,7.609501738122828,6499433.939208798,0.9842206164282555,0.9654918153664651,0.9961194029850746
2014-02-12,601117.SH,6.73,6.771,6.618,6.771,36441162.0,1.065,6.712,1.02,0.739,2.219,0,交易,3.0513744930148716,9.106901217861976,5506370.806890299,0.9912863683355486,0.9774036331413382,0.9912863683355486
2014-02-13,601117.SH,6.853,6.975,6.628,6.649,50260473.0,-1.807,6.796,1.02,1.019,3.06,0,交易,2.172875816993464,6.725220804710501,7583052.655401328,0.9743369175627241,0.9502508960573477,1.0221085877575575
2014-02-14,601117.SH,6.618,6.771,6.587,6.72,31800892.0,1.074,6.703,1.02,0.645,1.936,0,交易,3.4710743801652892,10.26046511627907,4827826.3245787155,0.9899571702850392,0.9728252843006941,0.9974702380952382
2014-02-17,601117.SH,6.771,6.781,6.669,6.751,38880947.0,0.455,6.704,1.02,0.788,2.367,0,交易,2.8521335023236167,8.592639593908629,5830101.514469936,0.988644742663324,0.983483262055744,0.993038068434306
2014-02-18,601117.SH,6.751,6.751,6.485,6.526,51256377.0,-3.323,6.588,1.02,1.039,3.121,0,交易,2.0909964754886254,6.4975938402309925,7903836.083269082,0.9758554288253591,0.9605984298622426,1.0095004596996628
2014-02-19,601117.SH,6.526,6.608,6.353,6.547,44836979.0,0.312,6.487,1.02,0.909,2.73,0,交易,2.398168498168498,7.179317931793179,7057607.272154888,0.9816888619854722,0.961410411622276,0.9908354971742783
2014-02-20,601117.SH,6.628,6.72,6.485,6.506,46394710.0,-0.623,6.612,1.02,0.94,2.825,0,交易,2.3030088495575223,7.051063829787235,7154157.286044718,0.9839285714285715,0.965029761904762,1.0162926529357517
2014-02-21,601117.SH,6.485,6.506,6.333,6.373,39469739.0,-2.038,6.393,1.02,0.8,2.403,0,交易,2.6521015397419894,8.10625,6232392.073267014,0.9826314171533967,0.9734091607746695,1.0031382394476698
2014-02-24,601117.SH,6.373,6.373,6.098,6.169,49388887.0,-3.2,6.175,1.02,1.001,3.007,0,交易,2.051546391752577,6.366633366633367,8099194.326008528,0.9689314294680683,0.9568492075945394,1.0009726049602854
2014-02-25,601117.SH,6.169,6.19,5.965,5.986,42202107.0,-2.975,6.093,1.02,0.856,2.569,0,交易,2.330089528999611,7.206775700934579,7074955.071248952,0.984329563812601,0.9636510500807753,1.0178750417641163
2014-02-26,601117.SH,5.925,5.945,5.761,5.863,42392338.0,-2.044,5.836,1.02,0.859,2.581,0,交易,2.2716001549786906,6.89755529685681,7358503.384829023,0.9816652649285114,0.9690496215306981,0.9953948490533856
2014-02-27,601117.SH,5.884,5.965,5.812,5.914,42509135.0,0.87,5.891,1.02,0.862,2.588,0,交易,2.28516228748068,6.825986078886311,7314028.733654507,0.9875943000838223,0.9743503772003353,0.9961109232330064
2014-02-28,601117.SH,5.925,5.935,5.721,5.863,45008932.0,-0.862,5.814,1.02,0.912,2.74,0,交易,2.1397810218978104,6.496710526315789,7867319.000174794,0.9796124684077507,0.9639427127211458,0.9916425038376258
2014-03-03,601117.SH,5.853,6.016,5.823,6.006,37815595.0,2.435,5.941,1.02,0.767,2.302,0,交易,2.6090356211989576,7.63102998696219,6494177.399965653,0.987533244680851,0.9679188829787234,0.9891774891774892
2014-03-04,601117.SH,5.965,5.965,5.874,5.955,27799053.000000004,-0.849,5.927,1.02,0.564,1.693,0,交易,3.5174246898995865,10.576241134751774,4732559.244126661,0.9936295054484492,0.9847443419949706,0.9952980688497061
2014-03-05,601117.SH,5.965,6.098,5.925,5.965,34498725.0,0.171,6.017,1.02,0.699,2.1,0,交易,2.84047619047619,8.533619456366237,5822569.620253164,0.9867169563791408,0.9716300426369301,1.0087175188600168
2014-03-06,601117.SH,5.965,5.965,5.823,5.925,22933929.0,-0.684,5.902,1.02,0.465,1.396,0,交易,4.2442693409742125,12.82795698924731,3938507.4703760943,0.9894383906119029,0.9761944677284159,0.9961181434599157
2014-03-07,601117.SH,5.904,6.078,5.904,5.986,30481465.000000004,1.033,6.008,1.02,0.618,1.856,0,交易,3.225215517241379,9.553398058252426,5162849.76287263,0.9884830536360645,0.9713721618953602,1.0036752422318744
2014-03-10,601117.SH,5.914,6.18,5.823,6.118,55561652.0,2.215,6.026,1.02,1.126,3.383,0,交易,1.8084540348802838,5.252220248667851,9541757.169843722,0.9750809061488673,0.942233009708738,0.9849624060150375
2014-03-11,601117.SH,6.078,6.2,6.016,6.149,43351499.0,0.5,6.115,1.02,0.879,2.639,0,交易,2.330049261083744,6.914675767918089,7206033.743351064,0.9862903225806452,0.9703225806451613,0.9944706456334363
2014-03-12,601117.SH,6.149,6.383,6.118,6.282,62536506.00000001,2.156,6.273,1.02,1.268,3.808,0,交易,1.64968487394958,4.849369085173501,10221723.765936581,0.9827667241109196,0.958483471721761,0.9985673352435529
2014-03-13,601117.SH,6.271,6.434,6.21,6.251,43294574.0,-0.487,6.318,1.02,0.878,2.636,0,交易,2.3713960546282244,7.142369020501139,6971751.046698873,0.9819707802300279,0.9651849549269506,1.0107182850743879
2014-03-14,601117.SH,6.231,6.271,6.098,6.19,31114248.0,-0.979,6.177,1.02,0.631,1.894,0,交易,3.268215417106653,9.874801901743265,5102369.301410299,0.9850103651730187,0.9724126933503429,0.9978998384491113
2014-03-17,601117.SH,6.2,6.251,6.149,6.251,24864646.0,0.988,6.214,1.02,0.504,1.514,0,交易,4.128797886393659,12.301587301587302,4043689.3803870548,0.9940809470484723,0.9836826107822748,0.9940809470484723
2014-03-18,601117.SH,6.251,6.292,6.159,6.22,22080244.0,-0.489,6.215,1.02,0.448,1.344,0,交易,4.62797619047619,13.953125,3585037.1813606108,0.9877622377622378,0.9788620470438653,0.9991961414790997
2014-03-19,601117.SH,6.2,6.21,6.027,6.047,32114457.0,-2.787,6.098,1.02,0.651,1.955,0,交易,3.09309462915601,9.523809523809524,5328431.557989049,0.9819645732689211,0.9705314009661836,1.0084339341822393
2014-03-20,601117.SH,6.027,6.231,6.016,6.047,29603333.0,0.0,6.144,1.02,0.6,1.802,0,交易,3.3557158712541617,10.045,4920766.78856383,0.9860375541646607,0.9654951051195635,1.016041012072102
2014-03-21,601117.SH,6.016,6.445,5.996,6.404,56321630.00000001,5.902,6.3,1.02,1.142,3.429,0,交易,1.8675998833479148,5.267950963222417,9393200.466977986,0.9775019394879751,0.93033359193173,0.9837601499063086
2014-03-24,601117.SH,6.414,6.608,6.414,6.557,59145659.0,2.389,6.526,1.02,1.199,3.601,0,交易,1.8208830880311027,5.3494578815679725,9221337.542874962,0.9875907990314771,0.9706416464891041,0.9952722281531187
2014-03-25,601117.SH,6.547,6.608,6.322,6.414,39545137.0,-2.177,6.451,1.02,0.802,2.408,0,交易,2.663621262458472,8.163341645885286,6255162.448592218,0.9762409200968523,0.9567191283292978,1.0057686311194263
2014-03-26,601117.SH,6.434,6.547,6.353,6.536,32353667.0,1.908,6.441,1.02,0.656,1.97,0,交易,3.3177664974619288,9.807926829268293,5092659.68833622,0.9838093783412251,0.9703681075301664,0.9854651162790699
2014-03-27,601117.SH,6.506,6.567,6.383,6.465,31232634.000000004,-1.092,6.481,1.02,0.633,1.902,0,交易,3.3990536277602525,10.278041074249606,4893096.349678835,0.986904218059997,0.9719811177097609,1.0024748646558392
2014-03-28,601117.SH,6.455,6.506,6.383,6.424,19903886.0,-0.631,6.434,1.02,0.403,1.212,0,交易,5.300330033003301,16.017369727047146,3118265.079116403,0.9889332923455272,0.9810943744236089,1.0015566625155665
2014-03-31,601117.SH,6.424,6.465,6.333,6.343,17903379.0,-1.27,6.388,1.02,0.363,1.09,0,交易,5.819266055045871,17.6969696969697,2826998.1051634294,0.9880897138437742,0.9795823665893272,1.0070944348100268
2014-04-01,601117.SH,6.353,6.383,6.292,6.322,24474719.0,-0.322,6.323,1.02,0.496,1.49,0,交易,4.2429530201342285,12.808467741935484,3889815.479974571,0.9906000313332289,0.9857433808553971,1.000158177791838
2014-04-02,601117.SH,6.343,6.424,6.322,6.424,23037164.0,1.613,6.378,1.02,0.467,1.403,0,交易,4.5787598004276555,13.582441113490363,3643967.731730465,0.9928393524283935,0.9841220423412204,0.9928393524283935
2014-04-03,601117.SH,6.455,6.455,6.231,6.251,32892831.0,-2.698,6.324,1.02,0.667,2.003,0,交易,3.1208187718422367,9.677661169415291,5278900.818488204,0.979705654531371,0.9652982184353214,1.01167813149896
2014-04-04,601117.SH,6.21,6.292,6.18,6.251,16924119.0,0.0,6.251,1.02,0.343,1.03,0,交易,6.0689320388349515,18.104956268221574,2738530.582524272,0.9934837889383344,0.9821996185632549,1.0
2014-04-08,601117.SH,6.261,6.557,6.251,6.547,63105265.0,4.731,6.464,1.02,1.279,3.842,0,交易,1.7040603852160332,4.895230648944488,10095227.163653815,0.9858166844593564,0.9533323166082049,0.9873224377577517
2014-04-09,601117.SH,6.557,6.587,6.455,6.496,47028619.0,-0.779,6.507,1.02,0.953,2.863,0,交易,2.268948655256724,6.880377754459602,7285610.999225407,0.9878548656444511,0.9799605283133446,1.0016933497536944
2014-04-10,601117.SH,6.516,6.638,6.424,6.577,62250801.0,1.256,6.532,1.02,1.262,3.79,0,交易,1.7353562005277046,5.163232963549921,9690348.848069739,0.9840313347393793,0.9677613739078036,0.9931579747605291
2014-04-11,601117.SH,6.547,6.557,6.414,6.465,44849389.0,-1.705,6.479,1.02,0.909,2.731,0,交易,2.367264738191139,7.202420242024202,6992421.110071719,0.9881043159981698,0.9781912459966448,1.0021655065738593
2014-04-14,601117.SH,6.485,6.506,6.404,6.455,27172015.999999996,-0.158,6.446,1.02,0.551,1.654,0,交易,3.902660217654172,11.76950998185118,4242975.640224859,0.9907777436212726,0.9843221641561635,0.9986057319907048
2014-04-15,601117.SH,6.455,6.526,6.414,6.516,38367982.0,0.948,6.475,1.02,0.778,2.336,0,交易,2.789383561643836,8.296915167095115,5981911.755534768,0.9921851057309224,0.9828378792522219,0.993707796193984
2014-04-16,601117.SH,6.485,6.485,6.343,6.394,43196568.0,-1.878,6.395,1.02,0.876,2.63,0,交易,2.4311787072243347,7.402968036529681,6810116.3487308845,0.9861218195836545,0.9781033153430994,1.000156396621833
2014-04-17,601117.SH,6.404,6.434,6.322,6.333,24854844.0,-0.957,6.356,1.02,0.504,1.513,0,交易,4.185723727693325,12.706349206349206,3931484.340398608,0.9878769039477774,0.9825924774634752,1.0036317700931627
2014-04-18,601117.SH,6.322,6.353,6.271,6.312,23171866.0,-0.322,6.309,1.02,0.47,1.411,0,交易,4.473423104181432,13.451063829787236,3695083.0808483497,0.9930741382024241,0.9870927121045175,0.9995247148288973
2014-04-21,601117.SH,6.271,6.373,6.22,6.282,30343971.999999996,-0.485,6.292,1.02,0.615,1.847,0,交易,3.4011911207363292,10.196747967479675,4878452.090032154,0.987290130236937,0.9759924682253255,1.0015918497293854
2014-04-22,601117.SH,6.261,6.292,6.129,6.22,24488720.0,-0.974,6.2,1.02,0.496,1.491,0,交易,4.171696847753186,12.622983870967742,3995549.0292054173,0.9853782581055309,0.9740940877304514,0.9967845659163987
2014-04-23,601117.SH,6.22,6.231,6.098,6.139,23054248.0,-1.311,6.149,1.02,0.467,1.404,0,交易,4.372507122507123,13.319057815845824,3780624.4670383735,0.9868399935804847,0.9786551115390788,1.0016289297931258
2014-04-24,601117.SH,6.149,6.2,6.118,6.159,17330895.0,0.332,6.165,1.02,0.351,1.055,0,交易,5.837914691943128,17.51851851851852,2832771.330500163,0.9943548387096774,0.9867741935483871,1.0009741841207989
2014-04-25,601117.SH,6.129,6.169,5.976,5.986,21915400.0,-2.815,6.077,1.02,0.444,1.334,0,交易,4.487256371814093,13.804054054054053,3667235.609103079,0.9850867239422921,0.9687145404441563,1.0152021383227532
2014-04-28,601117.SH,5.935,5.976,5.741,5.751,28678451.0,-3.918,5.82,1.02,0.581,1.746,0,交易,3.293814432989691,10.21514629948365,4995375.544330256,0.9738955823293173,0.9606760374832664,1.0119979134063641
2014-04-29,601117.SH,5.751,5.843,5.731,5.843,15983874.0,1.596,5.797,1.02,0.324,0.973,0,交易,6.00513874614594,17.75,2789020.066306055,0.992127331850077,0.9808317645045354,0.992127331850077
2014-04-30,601117.SH,5.843,6.047,5.802,5.996,26129906.0,2.618,5.926,1.02,0.53,1.591,0,交易,3.7686989314896295,11.024528301886791,4503603.240261979,0.9799900777244915,0.9594840416735572,0.9883255503669113
2014-05-05,601117.SH,5.955,6.027,5.863,5.965,22377825.0,-0.51,5.949,1.02,0.454,1.362,0,交易,4.379588839941262,13.116740088105727,3816787.4808118707,0.987058237929318,0.9727891156462586,0.9973176865046103
2014-05-06,601117.SH,5.965,6.006,5.925,5.935,14569004.999999998,-0.513,5.965,1.02,0.295,0.887,0,交易,6.691093573844419,20.220338983050848,2458903.797468354,0.9931734931734931,0.9865134865134865,1.0050547598989048
2014-05-07,601117.SH,5.914,5.965,5.833,5.884,19138637.0,-0.859,5.883,1.02,0.388,1.165,0,交易,5.050643776824034,15.242268041237113,3281096.6912394995,0.9862531433361275,0.9778709136630345,0.9998300475866757
2014-05-08,601117.SH,5.863,6.037,5.833,5.935,19722568.0,0.867,5.943,1.02,0.4,1.201,0,交易,4.9417152373022475,14.6575,3381204.8688496486,0.9844293523273149,0.9662083816465132,1.0013479359730413
2014-05-09,601117.SH,5.965,5.976,5.853,5.894,21078905.0,-0.687,5.909,1.02,0.427,1.283,0,交易,4.593920498830865,13.969555035128806,3601384.7599521615,0.9887884872824632,0.9794176706827309,1.002544960977265
2014-05-12,601117.SH,5.945,6.129,5.914,6.088,39975323.0,3.287,6.031,1.02,0.81,2.434,0,交易,2.5012325390304024,7.339506172839506,6759439.127494082,0.9840104421602219,0.9649208680045684,0.9906373193166885
2014-05-13,601117.SH,6.088,6.129,6.027,6.088,31017834.000000004,0.0,6.085,1.02,0.629,1.889,0,交易,3.222869242985707,9.67885532591415,5146479.840716775,0.9928210148474467,0.9833578071463535,0.9995072273324572
2014-05-14,601117.SH,6.088,6.108,6.047,6.047,16375560.999999998,-0.67,6.077,1.02,0.332,0.997,0,交易,6.0651955867602805,18.337349397590362,2708047.1308086654,0.9949246889325475,0.9900130975769482,1.0049611377542584
2014-05-15,601117.SH,6.067,6.067,5.863,5.874,24886223.0,-2.867,5.941,1.02,0.504,1.515,0,交易,3.877227722772277,12.037698412698413,4244622.71874467,0.979231910334597,0.9663754738750618,1.0114061967994552
2014-05-16,601117.SH,5.863,5.904,5.833,5.894,14024754.0,0.347,5.865,1.02,0.284,0.854,0,交易,6.901639344262295,20.644366197183103,2404380.936053489,0.9933943089430894,0.9879742547425475,0.995079742110621
2014-05-19,601117.SH,5.853,5.874,5.619,5.68,38852653.0,-3.633,5.735,1.02,0.788,2.366,0,交易,2.4006762468300926,7.427664974619288,6914513.792489767,0.9763363976847124,0.95658835546476,1.0096830985915495
2014-05-20,601117.SH,5.71,5.751,5.649,5.67,13816729.999999998,-0.18,5.696,1.02,0.28,0.841,0,交易,6.7419738406658745,20.392857142857142,2445871.8357231366,0.9904364458355067,0.9822639540949399,1.0045855379188713
2014-05-21,601117.SH,5.69,5.741,5.608,5.731,17981335.0,1.079,5.694,1.02,0.365,1.095,0,交易,5.233789954337899,15.589041095890412,3206372.146932953,0.9918132729489636,0.9768333043023864,0.9935438841388937
2014-05-22,601117.SH,5.741,5.792,5.68,5.69,16400270.000000002,-0.712,5.744,1.02,0.332,0.999,0,交易,5.695695695695696,17.292168674698793,2887371.47887324,0.9917127071823204,0.9806629834254144,1.0094903339191563
2014-05-23,601117.SH,5.69,5.741,5.67,5.731,13437075.0,0.717,5.705,1.02,0.272,0.818,0,交易,7.006112469437653,20.919117647058822,2369854.497354497,0.9937293154502701,0.9876328165824769,0.9954632699354389
2014-05-26,601117.SH,5.782,5.833,5.731,5.802,24130958.0,1.246,5.789,1.02,0.489,1.469,0,交易,3.9496255956432944,11.824130879345603,4210601.640202408,0.9924567118121035,0.9825132864735128,0.9977593933126508
2014-05-27,601117.SH,5.802,5.823,5.71,5.751,20535062.0,-0.879,5.767,1.02,0.416,1.25,0,交易,4.6008000000000004,13.947115384615385,3596333.0998248686,0.9903829641078482,0.9805941954319078,1.0027821248478526
2014-05-28,601117.SH,5.761,5.782,5.69,5.782,24361603.0,0.532,5.735,1.02,0.494,1.483,0,交易,3.898853674983142,11.661943319838057,4281476.801405975,0.991871324801107,0.9840885506745072,0.991871324801107
2014-05-29,601117.SH,5.772,5.782,5.68,5.7,19052825.0,-1.411,5.74,1.02,0.386,1.16,0,交易,4.913793103448277,14.953367875647668,3354370.5985915493,0.9927360774818402,0.9823590453130404,1.0070175438596491
2014-05-30,601117.SH,5.7,5.751,5.67,5.71,13057217.0,0.179,5.709,1.02,0.265,0.795,0,交易,7.182389937106918,21.50943396226415,2302860.1410934743,0.992696922274387,0.9859154929577464,0.9998248686514886
2014-06-03,601117.SH,5.731,5.751,5.69,5.7,10612048.0,-0.179,5.714,1.02,0.215,0.646,0,交易,8.823529411764707,26.655813953488373,1865034.7978910368,0.993566336289341,0.9893931490175621,1.0024561403508772
2014-06-04,601117.SH,5.7,5.7,5.568,5.608,20866098.0,-1.61,5.617,1.02,0.423,1.27,0,交易,4.415748031496062,13.47517730496454,3747503.2327586208,0.985438596491228,0.9768421052631578,1.00160485021398
2014-06-05,601117.SH,5.608,5.659,5.588,5.659,11788237.0,0.909,5.622,1.02,0.239,0.718,0,交易,7.881615598885794,23.464435146443513,2109562.813171081,0.993461742357307,0.9874536137126702,0.993461742357307
2014-06-06,601117.SH,5.68,5.68,5.568,5.588,11991740.0,-1.261,5.603,1.02,0.243,0.73,0,交易,7.654794520547945,23.374485596707817,2153688.9367816094,0.986443661971831,0.9802816901408451,1.0026843235504652
2014-06-09,601117.SH,5.578,5.639,5.568,5.578,12365659.0,-0.182,5.596,1.02,0.251,0.753,0,交易,7.407702523240372,22.223107569721115,2220843.9295977014,0.9923745344919311,0.9874091150913281,1.0032269630692003
2014-06-10,601117.SH,5.588,5.629,5.558,5.608,16680732.0,0.548,5.601,1.02,0.338,1.016,0,交易,5.519685039370079,16.532544378698223,3001211.2270600935,0.9950257594599397,0.9873867472019897,0.9987517831669045
2014-06-11,601117.SH,5.608,5.619,5.578,5.588,19385391.0,-0.364,5.596,1.02,0.393,1.18,0,交易,4.735593220338983,14.26972010178117,3475330.0466116886,0.995906744972415,0.9927033279943052,1.001431639226915
2014-06-12,601117.SH,5.578,5.588,5.537,5.547,18597386.0,-0.73,5.559,1.02,0.377,1.132,0,交易,4.90017667844523,14.795755968169763,3358747.697309012,0.9948103078024338,0.990873299928418,1.0021633315305571
2014-06-13,601117.SH,5.547,5.639,5.537,5.608,17963949.0,1.103,5.596,1.02,0.364,1.094,0,交易,5.126142595978061,15.239010989010989,3244346.93877551,0.9923745344919311,0.9819116864692321,0.9978601997146934
2014-06-16,601117.SH,5.598,5.639,5.578,5.608,26531853.999999996,0.0,5.602,1.02,0.538,1.615,0,交易,3.4724458204334363,10.405204460966543,4756517.389745427,0.9934385529349176,0.9891824791629722,0.9989300998573468
2014-06-17,601117.SH,5.598,5.598,5.558,5.578,16101385.999999998,-0.545,5.574,1.02,0.326,0.98,0,交易,5.691836734693878,17.17177914110429,2896974.811083123,0.9957127545551983,0.9928545909253305,0.9992828970957331
2014-06-18,601117.SH,5.568,5.578,5.445,5.456,27832048.0,-2.194,5.495,1.02,0.564,1.695,0,交易,3.218879056047198,9.872340425531915,5111487.235996326,0.9851201147364647,0.9761563284331302,1.0071480938416422
2014-06-19,601117.SH,5.425,5.466,5.231,5.262,30929424.0,-3.551,5.341,1.02,0.627,1.883,0,交易,2.7944768985661175,8.65231259968102,5912717.262473715,0.9771313574826198,0.9570069520673252,1.015013302926644
2014-06-20,601117.SH,5.262,5.313,5.241,5.272,14543724.0,0.194,5.278,1.02,0.295,0.885,0,交易,5.957062146892656,17.83728813559322,2774990.2690326273,0.9934123847167325,0.9864483342744212,1.0011380880121394
2014-06-23,601117.SH,5.292,5.313,5.231,5.252,16841223.0,-0.387,5.274,1.02,0.341,1.025,0,交易,5.12390243902439,15.519061583577711,3219503.536608679,0.9926595143986449,0.984566158479202,1.0041888804265042
2014-06-24,601117.SH,5.252,5.272,5.211,5.252,15578006.0,0.0,5.238,1.02,0.316,0.948,0,交易,5.540084388185654,16.62025316455696,2989446.5553636537,0.9935508345978756,0.9884294385432474,0.9973343488194975
2014-06-25,601117.SH,5.252,5.252,5.19,5.221,13602443.0,-0.583,5.217,1.02,0.276,0.828,0,交易,6.305555555555556,19.028985507246375,2620894.6050096336,0.9933358720487433,0.9881949733434883,0.9992338632445891
2014-06-26,601117.SH,5.231,5.292,5.231,5.252,18557627.0,0.586,5.262,1.02,0.376,1.13,0,交易,4.647787610619469,13.912234042553191,3547625.119480023,0.9943310657596371,0.9884731670445956,1.0019040365575018
2014-06-27,601117.SH,5.262,5.313,5.221,5.282,20760574.0,0.583,5.253,1.02,0.421,1.264,0,交易,4.17879746835443,12.498812351543942,3976359.7012066655,0.9887069452286844,0.9826839826839827,0.994509655433548
2014-06-30,601117.SH,5.282,5.323,5.262,5.313,19001645.0,0.579,5.303,1.02,0.385,1.157,0,交易,4.5920484010371645,13.71948051948052,3611106.993538579,0.9962427202705241,0.9885402968250985,0.9981178242047808
2014-07-01,601117.SH,5.323,5.354,5.303,5.343,16953784.0,0.576,5.325,1.02,0.344,1.032,0,交易,5.1773255813953485,15.473837209302328,3197017.53724307,0.9945834889802018,0.9904744116548375,0.9966311061201573
2014-07-02,601117.SH,5.384,5.384,5.303,5.354,16355850.0,0.191,5.343,1.02,0.332,0.996,0,交易,5.375502008032129,16.216867469879517,3084263.6243635677,0.9923848439821693,0.9849554234769687,0.9979454613373179
2014-07-03,601117.SH,5.384,5.425,5.343,5.415,27922428.999999996,1.143,5.387,1.02,0.566,1.7,0,交易,3.185294117647059,9.51236749116608,5225983.342691371,0.9929953917050691,0.9848847926267281,0.9948291782086796
2014-07-04,601117.SH,5.405,5.405,5.343,5.374,16177564.000000002,-0.753,5.372,1.02,0.328,0.985,0,交易,5.455837563451777,16.478658536585368,3027805.352798054,0.9938945420906568,0.9885291396854764,0.9996278377372535
2014-07-07,601117.SH,5.374,5.384,5.303,5.323,16271964.000000002,-0.949,5.339,1.02,0.33,0.991,0,交易,5.371342078708376,16.28484848484848,3068445.0311144637,0.9916419019316494,0.9849554234769687,1.0030058237835806
2014-07-08,601117.SH,5.313,5.364,5.282,5.354,17876142.0,0.575,5.316,1.02,0.362,1.088,0,交易,4.920955882352941,14.676795580110497,3384351.0034078,0.9910514541387024,0.9847129008202834,0.9929025028016436
2014-07-09,601117.SH,5.354,5.364,5.272,5.282,18398863.0,-1.333,5.31,1.02,0.373,1.12,0,交易,4.7160714285714285,14.353887399463808,3489920.902883156,0.9899328859060402,0.9828486204325131,1.0053010223400227
2014-07-10,601117.SH,5.272,5.333,5.272,5.282,16121371.0,0.0,5.292,1.02,0.327,0.982,0,交易,5.378818737270876,16.122324159021407,3057923.1790591804,0.9923120195012187,0.9885617851115694,1.0018932222642938
2014-07-11,601117.SH,5.292,5.343,5.252,5.313,26248421.000000004,0.579,5.306,1.02,0.532,1.598,0,交易,3.324780976220275,9.94736842105263,4997795.31607007,0.993075051469212,0.9829683698296836,0.9986824769433466
2014-07-14,601117.SH,5.313,5.537,5.303,5.496,56458480.00000001,3.455,5.435,1.02,1.145,3.437,0,交易,1.5990689554844344,4.640174672489082,10646517.065811805,0.9815784720968033,0.95773884775149,0.9889010189228529
2014-07-15,601117.SH,5.486,5.527,5.445,5.496,34582269.0,0.0,5.484,1.02,0.701,2.106,0,交易,2.60968660968661,7.825962910128388,6351197.245179063,0.9922200108557988,0.9851637416319885,0.9978165938864628
2014-07-16,601117.SH,5.496,5.588,5.496,5.568,40501705.0,1.299,5.553,1.02,0.821,2.466,0,交易,2.257907542579075,6.6942752740560305,7369305.858806404,0.9937365783822476,0.9835361488904797,0.9973060344827587
2014-07-17,601117.SH,5.578,5.578,5.485,5.516,20169007.0,-0.933,5.522,1.039,0.409,1.228,0,交易,4.49185667752443,13.638141809290955,3677120.6927985414,0.9899605593402653,0.9833273574757978,1.001087744742567
2014-07-18,601117.SH,5.485,5.588,5.464,5.526,20215336.0,0.188,5.531,1.039,0.41,1.231,0,交易,4.4890333062550765,13.378048780487806,3699732.0644216686,0.9897995705082319,0.9778095919828204,1.0009048136083967
2014-07-21,601117.SH,5.526,5.568,5.505,5.547,16771491.0,0.376,5.537,1.039,0.34,1.021,0,交易,5.432908912830558,16.252941176470586,3046592.370572207,0.9944324712643678,0.9886853448275863,0.9981972237245358
2014-07-22,601117.SH,5.526,5.609,5.516,5.599,32078630.0,0.936,5.571,1.039,0.65,1.953,0,交易,2.8668714797747055,8.50153846153846,5815560.188542422,0.9932251738277768,0.9834195043679801,0.9949991069833898
2014-07-23,601117.SH,5.599,5.879,5.588,5.786,79327212.0,3.34,5.746,1.039,1.608,4.83,0,交易,1.1979296066252587,3.4819651741293534,14195993.55762348,0.9773771049498216,0.9505017860180304,0.9930867611475978
2014-07-24,601117.SH,5.827,6.025,5.765,5.942,100574604.0,2.693,5.924,1.039,2.039,6.124,0,交易,0.9702808621815807,2.8577734183423242,17445724.891587164,0.9832365145228216,0.9568464730290456,0.9969707169303266
2014-07-25,601117.SH,5.9,6.004,5.848,5.962,52016500.0,0.35,5.927,1.039,1.054,3.167,0,交易,1.8825386801389328,5.597722960151803,8894750.341997264,0.9871752165223184,0.9740173217854764,0.9941294867494129
2014-07-28,601117.SH,5.994,6.097,5.952,6.025,69079059.0,1.045,6.032,1.039,1.4,4.206,0,交易,1.4324774132192106,4.281428571428571,11606024.697580645,0.9893390191897654,0.9762178120387075,1.001161825726141
2014-07-29,601117.SH,6.025,6.046,5.952,6.004,45559385.0,-0.345,5.99,1.039,0.924,2.774,0,交易,2.1643835616438354,6.520562770562771,7654466.565860215,0.9907376778035064,0.9844525305987429,0.9976682211858762
2014-07-30,601117.SH,5.994,5.994,5.89,5.91,43142253.0,-1.557,5.933,1.039,0.875,2.627,0,交易,2.24971450323563,6.850285714285714,7324660.950764007,0.9898231564898232,0.9826493159826493,1.003891708967851
2014-07-31,601117.SH,5.921,6.17,5.89,6.149,67370533.0,4.042,6.056,1.039,1.366,4.102,0,交易,1.4990248659190637,4.3345534407027815,11438121.05263158,0.9815235008103728,0.9546191247974067,0.9848755895267524
2014-08-01,601117.SH,6.118,6.201,6.046,6.066,63219293.99999999,-1.351,6.131,1.039,1.282,3.849,0,交易,1.5759937646141853,4.772230889235569,10456383.39397949,0.9887114981454606,0.9750040316078052,1.0107154632377184
2014-08-04,601117.SH,6.066,6.17,6.046,6.149,36133147.0,1.37,6.107,1.039,0.732,2.2,0,交易,2.795,8.286885245901638,5976372.312272577,0.9897893030794166,0.9799027552674231,0.9931696210765979
2014-08-05,601117.SH,6.149,6.222,6.108,6.181,41981102.0,0.507,6.17,1.039,0.851,2.556,0,交易,2.418231611893584,7.225616921269095,6873133.922724296,0.9916425586628093,0.9816779170684666,0.9982203526937389
2014-08-06,601117.SH,6.181,6.181,6.066,6.118,37212458.0,-1.008,6.104,1.039,0.754,2.266,0,交易,2.69991173874669,8.197612732095491,6134595.779756017,0.9875424688561721,0.9813945963436337,0.9977116704805492
2014-08-07,601117.SH,6.108,6.139,5.973,5.983,42338062.0,-2.207,6.042,1.039,0.858,2.578,0,交易,2.3207913110938714,7.118881118881118,7088240.7500418555,0.9841993810066786,0.9729597654341098,1.0098612736085577
2014-08-08,601117.SH,5.973,6.097,5.973,6.066,28616409.000000004,1.389,6.031,1.039,0.58,1.742,0,交易,3.4822043628013777,10.298275862068966,4790960.823706681,0.9891750041003771,0.9796621289158601,0.99423013517969
2014-08-11,601117.SH,6.108,6.139,6.066,6.118,29411201.0,0.856,6.106,1.039,0.596,1.791,0,交易,3.4159687325516472,10.248322147651006,4848532.9706561165,0.9946245316826844,0.9881088125101808,0.9980385746976135
2014-08-12,601117.SH,6.108,6.118,6.046,6.077,23594898.0,-0.679,6.073,1.039,0.478,1.437,0,交易,4.228949199721642,12.778242677824268,3902563.3476678794,0.992644655116051,0.9882314481856815,0.9993417804837914
2014-08-13,601117.SH,6.077,6.212,6.046,6.17,54074818.00000001,1.538,6.133,1.039,1.096,3.292,0,交易,1.8742405832320779,5.544708029197079,8943899.768441945,0.9872826786864134,0.9732775273663877,0.9940032414910859
2014-08-14,601117.SH,6.149,6.181,6.066,6.077,29516990.000000004,-1.515,6.133,1.039,0.598,1.797,0,交易,3.3817473567056204,10.282608695652174,4865972.634355424,0.9922342662999515,0.9813945963436337,1.0092150732269212
2014-08-15,601117.SH,6.056,6.139,6.046,6.108,27425346.000000004,0.513,6.091,1.039,0.556,1.67,0,交易,3.6574850299401196,10.892086330935252,4536114.12504135,0.9921811369929956,0.984850952923929,0.9972167648984939
2014-08-18,601117.SH,6.118,6.149,6.066,6.139,32828740.999999996,0.51,6.12,1.039,0.665,1.999,0,交易,3.0710355177588795,9.2,5411925.651170458,0.9952837859814604,0.9865018702228004,0.9969050333930607
2014-08-19,601117.SH,6.139,6.16,6.077,6.129,31088756.0,-0.169,6.108,1.039,0.63,1.893,0,交易,3.237717908082409,9.744444444444445,5115806.483462235,0.9915584415584415,0.986525974025974,0.9965736661771905
2014-08-20,601117.SH,6.129,6.326,6.097,6.284,61791337.0,2.542,6.251,1.039,1.253,3.762,0,交易,1.670388091440723,4.89146049481245,10134711.661472855,0.9881441669301297,0.9638001896933293,0.9947485677912159
2014-08-21,601117.SH,6.253,6.274,6.118,6.181,42809018.0,-1.653,6.179,1.039,0.868,2.606,0,交易,2.371834228702993,7.203917050691245,6997224.256292906,0.9848581447242589,0.9751354797577304,0.999676427762498
2014-08-22,601117.SH,6.201,6.284,6.17,6.222,34472860.0,0.672,6.214,1.039,0.699,2.099,0,交易,2.9642686993806575,8.871244635193133,5587173.419773095,0.9888605983450033,0.981858688733291,0.9987142397942783
2014-08-25,601117.SH,6.253,6.274,6.077,6.087,36143868.0,-2.17,6.141,1.039,0.733,2.201,0,交易,2.7655611085870055,8.530695770804911,5947649.827217377,0.9788014026139624,0.968600573796621,1.0088713652045342
2014-08-26,601117.SH,6.077,6.097,5.869,5.91,42394133.0,-2.901,5.976,1.039,0.859,2.581,0,交易,2.2898101511042235,7.074505238649593,7223399.727381156,0.9801541741840248,0.9626045596194849,1.0111675126903552
2014-08-27,601117.SH,5.91,5.952,5.91,5.942,16908696.0,0.527,5.934,1.039,0.343,1.029,0,交易,5.774538386783285,17.230320699708454,2861031.4720812184,0.996975806451613,0.9929435483870968,0.998653651969034
2014-08-28,601117.SH,5.942,5.973,5.848,5.869,19628371.0,-1.224,5.905,1.039,0.398,1.195,0,交易,4.911297071129707,14.92964824120603,3356424.5896032834,0.9886154361292483,0.9790724928846476,1.0061339240074971
2014-08-29,601117.SH,5.9,5.952,5.838,5.942,15942774.0,1.239,5.887,1.039,0.323,0.971,0,交易,6.11946446961895,18.26625386996904,2730862.281603289,0.9890793010752688,0.9808467741935484,0.9907438572871086
2014-09-01,601117.SH,5.952,5.994,5.9,5.983,26193123.0,0.699,5.956,1.039,0.531,1.595,0,交易,3.7510971786833855,11.209039548022599,4439512.372881356,0.9936603269936605,0.9843176509843178,0.9954872137723552
2014-09-02,601117.SH,5.994,6.097,5.962,6.087,37785652.0,1.736,6.025,1.039,0.766,2.301,0,交易,2.6453715775749673,7.825065274151435,6337747.735659175,0.9881909135640479,0.9778579629325896,0.9898143584688682
2014-09-03,601117.SH,6.087,6.16,6.087,6.118,38831217.0,0.512,6.128,1.039,0.787,2.364,0,交易,2.5879864636209815,7.734434561626429,6379368.6545096105,0.9948051948051948,0.9881493506493506,1.001634521085322
2014-09-04,601117.SH,6.139,6.201,6.108,6.191,46052260.0,1.188,6.156,1.039,0.934,2.804,0,交易,2.207917261055635,6.572805139186295,7539662.737393582,0.9927431059506532,0.9850024189646831,0.9943466322080439
2014-09-05,601117.SH,6.191,6.316,6.16,6.295,65190760.0,1.678,6.239,1.039,1.322,3.969,0,交易,1.5860418241370622,4.683055975794251,10582915.584415585,0.9878087397086763,0.9753008233058899,0.9911040508339952
2014-09-09,601117.SH,6.274,6.326,6.243,6.243,48789853.0,-0.825,6.27,1.039,0.989,2.971,0,交易,2.101312689330192,6.343781597573306,7815129.42495595,0.9911476446411634,0.9868795447360103,1.004324843825084
2014-09-10,601117.SH,6.233,6.264,6.17,6.253,40520827.0,0.166,6.221,1.039,0.821,2.467,0,交易,2.534657478719092,7.591961023142509,6567394.975688817,0.9931353767560663,0.984993614303959,0.994882456420918
2014-09-11,601117.SH,6.264,6.565,6.222,6.419,98941611.0,2.658,6.41,1.039,2.006,6.024,0,交易,1.065571049136786,3.1226321036889337,15901898.26422372,0.9763899466869763,0.9477532368621477,0.9985979124474218
2014-09-12,601117.SH,6.409,6.555,6.368,6.513,78391625.0,1.456,6.484,1.039,1.589,4.773,0,交易,1.3645505971087366,4.033354310887351,12310242.619346732,0.9891685736079329,0.9714721586575135,0.9955473668048519
2014-09-15,601117.SH,6.482,6.555,6.43,6.471,55719412.0,-0.638,6.472,1.039,1.13,3.392,0,交易,1.9077240566037736,5.736283185840708,8665538.413685847,0.9873379099923724,0.9809305873379099,1.0001545356204606
2014-09-16,601117.SH,6.471,6.638,6.284,6.326,118832651.0,-2.247,6.451,1.039,2.409,7.235,0,交易,0.8743607463718036,2.6861768368617684,18910351.84595799,0.9718288641156975,0.946670683940946,1.0197597217831174
2014-09-17,601117.SH,6.347,6.409,6.233,6.347,58843793.99999999,0.328,6.327,1.039,1.193,3.583,0,交易,1.7714205972648618,5.320201173512154,9440685.70511792,0.9872054922764862,0.9725386175690435,0.9968489049944855
2014-09-18,601117.SH,6.336,6.368,6.274,6.316,39686540.0,-0.491,6.321,1.039,0.805,2.416,0,交易,2.6142384105960264,7.870807453416149,6325556.263946446,0.9926193467336683,0.9852386934673366,1.0007916402786574
2014-09-19,601117.SH,6.316,6.388,6.274,6.357,45805626.0,0.658,6.336,1.039,0.929,2.789,0,交易,2.279311581211904,6.7987082884822385,7300864.83901817,0.991859737006888,0.9821540388227927,0.9966965549787635
2014-09-22,601117.SH,6.316,6.316,6.191,6.222,38403642.0,-2.124,6.252,1.039,0.779,2.338,0,交易,2.6612489307100087,8.10783055198973,6203140.365046035,0.9898670044331855,0.9802089930335656,1.004821600771456
2014-09-23,601117.SH,6.222,6.274,6.201,6.243,29070290.000000004,0.334,6.235,1.039,0.589,1.77,0,交易,3.5271186440677966,10.563667232597624,4688000.322528625,0.9937838699394326,0.9883646796302199,0.9987185647925677
2014-09-24,601117.SH,6.233,6.43,6.212,6.419,71560509.0,2.829,6.37,1.039,1.451,4.357,0,交易,1.4732614184071606,4.2956581667815295,11519721.345782356,0.9906687402799379,0.9660964230171073,0.9923664122137406
2014-09-25,601117.SH,6.419,6.555,6.347,6.378,73039915.0,-0.647,6.452,1.039,1.481,4.447,0,交易,1.4342253204407465,4.334233625928426,11507785.567984873,0.9842868039664379,0.9682684973302823,1.0116023831922232
2014-09-26,601117.SH,6.347,6.762,6.336,6.71,160414832.0,5.212,6.626,1.039,3.252,9.767,0,交易,0.6870072693764718,1.9517220172201724,25317997.474747475,0.9798876072167999,0.9370008873114464,0.9874813710879285
2014-09-29,601117.SH,6.731,6.731,6.606,6.679,82956610.0,-0.464,6.657,1.039,1.682,5.051,0,交易,1.3223124133834885,4.001783590963139,12557767.181350287,0.9890060912197296,0.9814292081414352,0.9967060937266058
2014-09-30,601117.SH,6.658,6.814,6.638,6.773,85641205.0,1.4,6.721,1.039,1.736,5.214,0,交易,1.2990026850786343,3.8352534562211984,12901657.87887918,0.9863516289991194,0.9741708247725271,0.9923224568138196
2014-10-08,601117.SH,6.762,6.866,6.71,6.793,70430707.0,0.307,6.783,1.039,1.428,4.288,0,交易,1.584188432835821,4.735294117647059,10496379.582712369,0.9879114477133704,0.977279347509467,0.998527896363904
2014-10-09,601117.SH,6.762,6.877,6.679,6.814,78878938.0,0.306,6.773,1.039,1.599,4.803,0,交易,1.418696647928378,4.228893058161351,11809992.214403354,0.9848771266540642,0.9712083757452378,0.9939829762254182
2014-10-10,601117.SH,6.762,6.783,6.627,6.648,61446246.0,-2.439,6.704,1.039,1.246,3.741,0,交易,1.7770649558941458,5.426966292134831,9272105.930285197,0.9883532360312545,0.977001326846528,1.0084235860409145
2014-10-13,601117.SH,6.617,6.638,6.503,6.617,51570041.0,-0.469,6.558,1.039,1.045,3.14,0,交易,2.1073248407643312,6.332057416267943,7930192.372751038,0.9879481771617957,0.9796625489605303,0.9910835726159891
2014-10-14,601117.SH,6.627,6.773,6.565,6.658,67314626.0,0.628,6.654,1.039,1.365,4.098,0,交易,1.6246949731576381,4.854945054945055,10253560.700685453,0.9824302377085486,0.9692898272552785,0.99939921898468
2014-10-15,601117.SH,6.627,6.679,6.513,6.638,53828488.0,-0.312,6.594,1.039,1.091,3.277,0,交易,2.025633201098566,6.074243813015582,8264776.293566713,0.9872735439437041,0.9751459799371163,0.9933714974389877
2014-10-16,601117.SH,6.586,6.835,6.555,6.658,87778779.0,0.313,6.72,1.039,1.779,5.344,0,交易,1.2458832335329342,3.7020798201236653,13391118.077803204,0.9831748354059985,0.9590343818580833,1.0093121057374586
2014-10-17,601117.SH,6.648,6.752,6.523,6.596,53521522.0,-0.936,6.608,1.039,1.085,3.259,0,交易,2.023933722000614,6.127188940092166,8205047.064234248,0.9786729857819905,0.9660841232227488,1.0018192844147968
2014-10-20,601117.SH,6.606,6.669,6.544,6.617,34588426.0,0.315,6.602,1.039,0.701,2.106,0,交易,3.1419753086419755,9.423680456490727,5285517.420537897,0.9899535162693058,0.9812565602039286,0.9977331116820312
2014-10-21,601117.SH,6.617,6.627,6.461,6.471,43036025.0,-2.198,6.542,1.039,0.872,2.62,0,交易,2.4698473282442746,7.588302752293578,6660892.276737347,0.9871736834163272,0.9749509582012978,1.0109720290526967
2014-10-22,601117.SH,6.503,6.513,6.316,6.326,44907882.0,-2.247,6.409,1.039,0.91,2.734,0,交易,2.313825896122897,7.146153846153846,7110177.644078531,0.9840319361277445,0.9697528020881314,1.0131204552639899
2014-10-23,601117.SH,6.316,6.378,6.284,6.326,31372605.0,0.0,6.324,1.039,0.636,1.91,0,交易,3.312041884816754,9.930817610062892,4992457.829408021,0.9915333960489181,0.9852618375666352,0.9996838444514702
2014-10-24,601117.SH,6.326,6.347,6.129,6.17,44203966.0,-2.463,6.241,1.039,0.896,2.691,0,交易,2.292827945001858,7.060267857142857,7212263.99086311,0.9832991964707735,0.9656530644398927,1.0115072933549432
2014-10-27,601117.SH,6.129,6.16,6.087,6.118,26922771.000000004,-0.842,6.12,1.039,0.546,1.639,0,交易,3.7327638804148875,11.225274725274724,4422995.071463776,0.9935064935064934,0.9881493506493506,1.0003269042170644
2014-10-28,601117.SH,6.139,6.316,6.139,6.316,36964628.0,3.226,6.24,1.039,0.749,2.251,0,交易,2.8058640604175924,8.19626168224299,6021278.384101645,0.9879670677644079,0.9719759341355289,0.9879670677644079
2014-10-29,601117.SH,6.336,6.44,6.295,6.388,52675376.0,1.151,6.368,1.039,1.068,3.207,0,交易,1.9918927346429687,5.932584269662922,8367811.914217633,0.9888198757763975,0.9774844720496894,0.9968691296180339
2014-10-30,601117.SH,6.378,7.032,6.336,6.897,241526218.00000003,7.967,6.712,1.039,4.896,14.705,0,交易,0.4690241414484869,1.3026960784313726,38119668.2449495,0.9544937428896473,0.901023890784983,0.9731767435116717
2014-10-31,601117.SH,6.825,6.908,6.773,6.845,127860429.0,-0.753,6.818,1.039,2.592,7.785,0,交易,0.8792549775208734,2.6331018518518516,18877960.874058764,0.9869716270990155,0.9804574406485234,0.9960555149744339
2014-11-03,601117.SH,6.856,7.012,6.783,6.856,115748312.00000001,0.152,6.877,1.039,2.346,7.047,0,交易,0.972896267915425,2.9224211423699913,17064471.76765443,0.9807472903593839,0.967341699942955,1.0030630105017502
2014-11-04,601117.SH,6.835,7.323,6.835,7.147,234065502.0,4.242,7.142,1.039,4.745,14.251,0,交易,0.5015086660585223,1.440463645943098,34245135.625457205,0.9752833538167418,0.9333606445445854,0.9993004057646565
2014-11-05,601117.SH,7.188,7.188,6.96,6.991,111097568.0,-2.18,7.025,1.039,2.252,6.764,0,交易,1.033560023654642,3.191829484902309,15962294.252873564,0.9773233166388426,0.9682804674457429,1.0048633957945932
2014-11-06,601117.SH,7.001,7.001,6.804,6.949,91228225.0,-0.594,6.901,1.039,1.849,5.554,0,交易,1.2511703276917536,3.786371011357491,13408028.365667254,0.9857163262391087,0.9718611626910442,0.9930925312994675
2014-11-07,601117.SH,6.949,7.022,6.773,6.814,95293418.0,-1.943,6.904,1.039,1.932,5.802,0,交易,1.1744226128921063,3.596790890269151,14069602.539495055,0.9831956707490743,0.9645400170891483,1.013208100968594
2014-11-10,601117.SH,6.856,7.136,6.814,7.115,143124592.0,4.421,7.016,1.039,2.901,8.714,0,交易,0.8165021803993573,2.3633229920716996,21004489.5802759,0.9831838565022422,0.9548766816143498,0.9860857343640197
2014-11-11,601117.SH,7.136,7.157,6.762,6.845,125808689.99999999,-3.796,6.951,1.039,2.55,7.66,0,交易,0.8936031331592689,2.79843137254902,18605248.447204966,0.9712169903590889,0.944809277630292,1.0154857560262966
2014-11-12,601117.SH,6.814,7.209,6.773,7.188,112000032.0,5.008,7.005,1.039,2.27,6.819,0,交易,1.0541135063792344,3.001762114537445,16536251.587184409,0.9717020391177695,0.9395200443889582,0.9745409015025042
2014-11-13,601117.SH,7.199,7.427,7.074,7.188,147601642.0,0.0,7.257,1.039,2.992,8.987,0,交易,0.7998219650606431,2.406082887700535,20865372.066723213,0.9771105426147839,0.9524707149589337,1.0095993322203674
2014-11-14,601117.SH,7.147,7.167,6.98,7.074,71522078.0,-1.59,7.05,1.039,1.45,4.355,0,交易,1.6243398392652122,4.928965517241379,10246716.045845272,0.9836751778987024,0.9739081903167296,0.996607294317218
2014-11-17,601117.SH,7.147,7.219,6.887,6.939,60904546.0,-1.909,6.982,1.039,1.235,3.708,0,交易,1.8713592233009708,5.7870445344129555,8843407.289095398,0.9671699681396315,0.9540102507272474,1.0061968583369363
2014-11-18,601117.SH,6.928,7.012,6.866,6.939,42230243.0,0.0,6.936,1.039,0.856,2.571,0,交易,2.6989498249708284,8.093457943925234,6150632.537139528,0.9891614375356532,0.9791785510553337,0.9995676610462603
2014-11-19,601117.SH,6.908,6.939,6.835,6.866,44365388.0,-1.048,6.88,1.039,0.899,2.701,0,交易,2.542021473528323,7.6840934371523915,6490912.6554498905,0.9914973339097852,0.9850122496036893,1.002039032915817
2014-11-20,601117.SH,6.835,6.897,6.804,6.845,35137027.0,-0.303,6.84,1.039,0.712,2.139,0,交易,3.200093501636279,9.599719101123595,5164172.1046443265,0.9917355371900826,0.9865158764680296,0.9992695398100804
2014-11-21,601117.SH,6.897,7.084,6.866,7.012,76820196.0,2.428,6.97,1.039,1.557,4.677,0,交易,1.4992516570451144,4.429672447013488,11188493.44596563,0.9839073969508753,0.9692264257481649,0.9940102681118084
2014-11-24,601117.SH,7.115,7.271,7.012,7.157,116495452.0,2.074,7.169,1.039,2.362,7.093,0,交易,1.0090229804032145,3.0122777307366637,16613726.754135769,0.9859716682712144,0.9643790400220051,1.0016766801732568
2014-11-25,601117.SH,7.126,7.427,7.095,7.365,109457659.00000001,2.903,7.312,1.039,2.219,6.664,0,交易,1.1051920768307324,3.211356466876972,15427436.081747713,0.9845159552982362,0.9552982361653427,0.9928038017651052
2014-11-26,601117.SH,7.375,7.386,7.136,7.271,106067735.00000001,-1.269,7.245,1.039,2.15,6.458,0,交易,1.1258903685351502,3.430232558139535,14863752.10201794,0.9809098294069862,0.9661521797996209,0.9964241507357998
2014-11-27,601117.SH,7.24,7.344,7.157,7.313,95941703.0,0.571,7.225,1.039,1.945,5.841,0,交易,1.2520116418421503,3.7223650385604112,13405295.93405058,0.9837962962962962,0.974537037037037,0.9879666347600164
2014-11-28,601117.SH,7.292,7.406,7.147,7.386,136274364.0,0.994,7.272,1.039,2.763,8.297,0,交易,0.8902012775702061,2.6391603329714077,19067351.895900376,0.9819065622468269,0.9650283553875237,0.9845653939886272
2014-12-01,601117.SH,7.406,7.593,7.25,7.261,140274420.0,-1.688,7.41,1.039,2.844,8.541,0,交易,0.8501346446551926,2.6040787623066106,19348195.862068966,0.975898854207823,0.954826814170947,1.020520589450489
2014-12-02,601117.SH,7.219,7.51,7.178,7.417,137576569.0,2.146,7.34,1.039,2.789,8.376,0,交易,0.8855062082139447,2.5883829329508785,19166420.86932293,0.9773635153129161,0.955792276964048,0.9896184441148712
2014-12-03,601117.SH,7.417,7.728,7.406,7.552,175418334.0,1.821,7.547,1.039,3.556,10.68,0,交易,0.7071161048689139,2.0857705286839145,23685975.425330814,0.9765786749482401,0.9583333333333334,0.9993379237288136
2014-12-04,601117.SH,7.521,7.936,7.489,7.853,188675725.0,3.989,7.741,1.039,3.825,11.488,0,交易,0.6835828690807799,1.9662745098039214,25193714.114033915,0.9754284274193548,0.9436743951612904,0.9857379345473067
2014-12-05,601117.SH,7.967,8.04,7.406,7.562,187705447.0,-3.704,7.719,1.039,3.805,11.428,0,交易,0.6617080854042702,2.0938239159001313,25345050.90467189,0.9600746268656718,0.9211442786069652,1.0207617032531076
2014-12-08,601117.SH,7.531,8.165,7.386,8.092,216952133.0,7.005,7.864,1.039,4.398,13.209,0,交易,0.6126126126126127,1.7123692587539792,29373427.159490928,0.96313533374158,0.9045927740355175,0.9718240237271378
2014-12-09,601117.SH,8.133,8.622,7.635,7.78,293342686.0,-3.851,8.269,1.039,5.947,17.86,0,交易,0.4356103023516238,1.3675802925844962,38420784.02095612,0.9590582231500813,0.8855254001391788,1.062853470437018
2014-12-10,601117.SH,7.749,8.289,7.739,8.248,148260039.0,6.008,8.029,1.039,3.005,9.027,0,交易,0.9137033344411211,2.578702163061564,19157518.930094328,0.9686331282422488,0.9336470020509109,0.9734481086323958
2014-12-11,601117.SH,8.31,8.663,8.206,8.404,185995512.0,1.889,8.444,1.039,3.77,11.324,0,交易,0.7421405863652419,2.204244031830239,22665794.784304168,0.9747200738774098,0.9472469121551425,1.0047596382674917
2014-12-12,601117.SH,8.466,8.57,8.237,8.414,115497993.0,0.124,8.36,1.039,2.341,7.032,0,交易,1.1965301478953356,3.6164032464758646,14021851.766419813,0.9754959159859976,0.9611435239206534,0.9935821250297123
2014-12-15,601117.SH,8.393,9.245,8.227,9.079,225925827.99999997,7.901,8.752,1.039,4.58,13.756,0,交易,0.6600029078220413,1.832532751091703,27461508.204691865,0.9466738777717687,0.8898864250946459,0.9639828174909131
2014-12-16,601117.SH,8.944,9.297,8.746,9.027,195687993.0,-0.572,8.984,1.039,3.967,11.914,0,交易,0.7576800402887359,2.2546004537433832,22374570.432197575,0.9663332257717543,0.9407335699688071,0.9952365126841698
2014-12-17,601117.SH,8.954,9.421,8.736,9.12,180784797.0,1.036,9.088,1.039,3.665,11.007,0,交易,0.8285636413191605,2.4431105047748978,20694230.425824173,0.964653433818066,0.9272900965927185,0.9964912280701754
2014-12-18,601117.SH,9.037,9.567,8.84,9.546,238664920.00000003,4.67,9.282,1.039,4.838,14.531,0,交易,0.656940334457367,1.867920628358826,26998294.117647063,0.9702100972091564,0.9240096163896728,0.9723444374607166
2014-12-19,601117.SH,9.879,10.502,9.567,10.502,340235952.0,10.011,10.095,1.039,6.897,20.715,0,交易,0.5069756215302921,1.4323618964767288,35563494.51238633,0.9612454770519901,0.9109693391734908,0.9612454770519901
2014-12-22,601117.SH,10.907,11.374,9.692,9.858,385660581.0,-6.133,10.579,1.039,7.818,23.481,0,交易,0.41982879775137344,1.3951138398567409,39791640.63144862,0.9301037453842096,0.8521188675927553,1.0731385676607832
2014-12-23,601117.SH,9.567,9.982,8.871,9.214,199381206.0,-6.533,9.353,1.039,4.042,12.139,0,交易,0.7590411071752204,2.366897575457694,22475617.855935067,0.9369865758365058,0.8886996593868965,1.015085739092685
2014-12-24,601117.SH,9.151,9.453,8.985,9.37,134983752.0,1.691,9.252,1.039,2.736,8.219,0,交易,1.140041367562964,3.344663742690058,15023233.388981637,0.978736908917804,0.9504919073310061,0.9874066168623268
2014-12-25,601117.SH,9.453,10.18,9.255,10.128,205026078.0,8.093,9.757,1.039,4.156,12.483,0,交易,0.8113434270608026,2.2745428296438885,22153006.80713128,0.9584479371316307,0.9091355599214146,0.96336887835703
2014-12-26,601117.SH,9.92,10.367,9.671,9.982,258312742.0,-1.436,9.991,1.039,5.236,15.727,0,交易,0.6347046480574807,1.894576012223071,26710034.32943853,0.9637310697405227,0.9328638950516059,1.0009016229212584
2014-12-29,601117.SH,9.868,10.595,9.764,10.252,231103638.0,2.706,10.195,1.039,4.685,14.071,0,交易,0.7285907184990407,2.106296691568837,23668951.044653833,0.9622463426144408,0.9215667767815006,0.9944401092469761
2014-12-30,601117.SH,10.159,10.439,9.827,9.92,146206867.0,-3.242,10.064,1.039,2.964,8.902,0,交易,1.1143563244214785,3.427462887989204,14878077.439706929,0.9640770188715394,0.9413736947983523,1.0145161290322582
2014-12-31,601117.SH,9.951,10.024,9.546,9.816,148953349.0,-1.047,9.775,1.039,3.02,8.802,0,交易,1.1152010906612135,3.2950331125827814,15603744.919337943,0.9751596169193936,0.9523144453312051,0.9958231458842706
2015-01-05,601117.SH,9.91,10.367,9.681,10.18,197137189.0,3.704,10.081,1.039,3.996,11.649,0,交易,0.873894754914585,2.47997997997998,20363308.43921083,0.9724124626217805,0.9338284942606345,0.9902750491159136
2015-01-06,601117.SH,10.034,10.221,9.733,9.962,147222702.0,-2.143,9.978,1.039,2.984,8.7,0,交易,1.145057471264368,3.3626005361930296,15126138.086920785,0.9762254182565306,0.9522551609431563,1.0016061031921302
2015-01-07,601117.SH,9.889,10.252,9.827,10.128,137869016.0,1.668,10.065,1.039,2.795,8.147,0,交易,1.2431569903031792,3.538103756708408,14029613.920830365,0.9817596566523604,0.9585446742099102,0.9937796208530805
2015-01-08,601117.SH,10.076,10.117,9.494,9.536,152544991.0,-5.846,9.711,1.039,3.092,9.014,0,交易,1.0579099179054805,3.258732212160414,16067515.378133558,0.959869526539488,0.938420480379559,1.018351510067114
2015-01-09,601117.SH,9.484,9.806,9.276,9.297,146427437.0,-2.505,9.526,1.039,2.968,8.653,0,交易,1.0744250548942564,3.1954177897574123,15785622.789995689,0.9714460534366715,0.9459514582908424,1.0246316015919112
2015-01-12,601117.SH,9.172,9.203,8.694,8.819,110019428.0,-5.14,8.96,1.039,2.23,6.501,0,交易,1.3565605291493616,4.113004484304933,12654638.601334251,0.9735955666630448,0.9446919482777357,1.0159882072797368
2015-01-13,601117.SH,8.819,8.975,8.757,8.861,57381509.0,0.471,8.862,1.039,1.163,3.391,0,交易,2.613093482748452,7.582975064488393,6552644.6271554185,0.9874094707520892,0.9757103064066852,1.0001128540796749
2015-01-14,601117.SH,8.892,8.964,8.798,8.871,54078388.0,0.117,8.887,1.039,1.096,3.196,0,交易,2.775657071339174,8.113138686131386,6146668.333712207,0.9914100847835787,0.9814814814814814,1.0018036298049826
2015-01-15,601117.SH,8.881,9.162,8.829,9.151,72977743.0,3.162,9.03,1.039,1.479,4.312,0,交易,2.12221706864564,6.00473292765382,8265686.147921622,0.9855926653569088,0.9636542239685658,0.9867774013768986
2015-01-16,601117.SH,9.193,9.297,9.12,9.162,77785298.0,0.114,9.193,1.039,1.577,4.597,0,交易,1.9930389384381118,5.829422954977806,8529089.692982458,0.988813595783586,0.9809616005162954,1.003383540711635
2015-01-19,601117.SH,8.58,8.788,8.248,8.248,116226901.0,-9.977,8.486,1.039,2.356,6.868,0,交易,1.2009318578916715,3.641765704584041,14091525.339476237,0.9656349567592172,0.9385525716886662,1.028855480116392
2015-01-20,601117.SH,8.32,8.528,8.217,8.445,83969445.0,2.393,8.399,1.039,1.702,4.962,0,交易,1.7019347037484887,4.888366627497063,10218990.507484483,0.9848733583489679,0.963531894934334,0.9945529899348726
2015-01-21,601117.SH,8.466,8.798,8.393,8.767,95155319.0,3.813,8.615,1.039,1.929,5.623,0,交易,1.5591321358705317,4.388802488335925,11337462.051709758,0.9791998181404865,0.9539668106387816,0.9826622561879778
2015-01-22,601117.SH,8.736,8.964,8.684,8.871,90872370.0,1.185,8.804,1.039,1.842,5.37,0,交易,1.65195530726257,4.742671009771987,10464344.771994473,0.9821508255243195,0.968763944667559,0.9924473001916356
2015-01-23,601117.SH,8.902,8.964,8.653,8.746,89443920.0,-1.405,8.834,1.039,1.813,5.285,0,交易,1.654872280037843,4.910093767236624,10336752.571362533,0.9854975457385096,0.965305667112896,1.010061742510862
2015-01-26,601117.SH,8.746,8.954,8.674,8.923,67554368.0,2.019,8.828,1.039,1.369,3.992,0,交易,2.2352204408817635,6.388604821037254,7788144.800553379,0.9859280768371677,0.9687290596381504,0.9893533564944524
2015-01-27,601117.SH,8.944,8.975,8.705,8.923,101527688.0,0.0,8.863,1.039,2.058,6.0,0,交易,1.4871666666666667,4.345966958211857,11663146.237794371,0.9875208913649025,0.96991643454039,0.9932758041017594
2015-01-28,601117.SH,8.829,8.861,8.674,8.715,70485659.0,-2.328,8.764,1.039,1.429,4.165,0,交易,2.092436974789916,6.1784464660601826,8126084.735992623,0.9890531542715267,0.9788962871007786,1.0056224899598394
2015-01-29,601117.SH,8.58,8.736,8.528,8.601,45283686.0,-1.311,8.635,1.039,0.918,2.676,0,交易,3.214125560538117,9.34640522875817,5310000.703564728,0.9884386446886446,0.9761904761904762,1.0039530287175908
2015-01-30,601117.SH,8.674,8.746,8.435,8.445,49181448.0,-1.812,8.55,1.039,0.997,2.906,0,交易,2.906056434962147,8.700100300902708,5830639.952578542,0.9775897553167162,0.9644408872627487,1.0124333925399644
2015-02-02,601117.SH,8.31,8.352,8.102,8.123,58117569.99999999,-3.813,8.23,1.039,1.178,3.434,0,交易,2.3654630168899238,7.054329371816639,7173237.472229078,0.9853927203065134,0.9700670498084292,1.0131724732241785
2015-02-03,601117.SH,8.185,8.32,8.061,8.289,82399533.0,2.046,8.21,1.039,1.67,4.869,0,交易,1.7024029574861368,4.901197604790419,10221998.883513212,0.9867788461538463,0.9688701923076922,0.9904692966582219
2015-02-04,601117.SH,8.3,8.393,8.237,8.258,62679093.00000001,-0.376,8.324,1.039,1.271,3.704,0,交易,2.229481641468682,6.530291109362707,7609456.476872649,0.9917788633384963,0.9814130823305135,1.0079922499394527
2015-02-05,601117.SH,8.404,8.445,7.988,7.998,63048450.0,-3.145,8.215,1.039,1.278,3.726,0,交易,2.1465378421900163,6.575899843505477,7892895.593390085,0.9727649496743634,0.9458851391355833,1.0271317829457365
2015-02-06,601117.SH,7.988,7.988,7.739,7.791,62329214.0,-2.597,7.88,1.039,1.264,3.683,0,交易,2.1153950583763237,6.319620253164557,8053910.582762631,0.986479719579369,0.9688282423635453,1.011423437299448
2015-02-09,601117.SH,7.77,7.957,7.718,7.863,40946487.0,0.933,7.866,1.039,0.83,2.42,0,交易,3.2491735537190087,9.36144578313253,5305323.529411765,0.9885635289682041,0.9699635541033053,1.0003815337657382
2015-02-10,601117.SH,7.863,8.185,7.832,8.154,64263081.00000001,3.699,8.0,1.039,1.303,3.797,0,交易,2.147484856465631,6.034535686876439,8205194.203268643,0.9773976786805131,0.9568723274282223,0.9811135638950209
2015-02-11,601117.SH,8.279,8.279,8.102,8.217,46552363.0,0.764,8.179,1.039,0.944,2.751,0,交易,2.9869138495092695,8.770127118644067,5745786.595902246,0.9879212465273585,0.9786206063534244,0.9953754411585737
2015-02-12,601117.SH,8.196,8.279,8.165,8.237,31963052.0,0.253,8.233,1.039,0.648,1.889,0,交易,4.360508205399682,12.648148148148147,3914642.0085731787,0.9944437734025849,0.9862302210411884,0.9995143863056939
2015-02-13,601117.SH,8.268,8.445,8.248,8.32,49821501.0,1.009,8.342,1.039,1.01,2.944,0,交易,2.8260869565217392,8.186138613861386,6040434.165858391,0.9878034339846063,0.9766725873297808,1.0026442307692307
2015-02-16,601117.SH,8.31,8.383,8.279,8.32,44476328.0,0.0,8.315,1.039,0.902,2.628,0,交易,3.165905631659056,9.212860310421286,5372186.012803479,0.9918883454610522,0.9875939401169034,0.9993990384615383
2015-02-17,601117.SH,8.32,8.518,8.32,8.466,55151514.0,1.748,8.436,1.039,1.118,3.259,0,交易,2.597729364835839,7.441860465116279,6628787.740384615,0.9903733270720826,0.9767551068325898,0.9964564138908576
2015-02-25,601117.SH,8.497,8.539,8.352,8.383,47779634.0,-0.982,8.46,1.039,0.969,2.823,0,交易,2.969535954658165,8.768833849329205,5720741.618773947,0.9907483311863217,0.9781004801499005,1.0091852558749852
2015-02-26,601117.SH,8.383,8.881,8.279,8.85,150317029.0,5.576,8.687,1.039,3.047,8.883,0,交易,0.9962850388382304,2.751230718739744,18156423.360309217,0.978155613106632,0.9322148406710956,0.9815819209039548
2015-02-27,601117.SH,8.788,8.85,8.694,8.757,88824442.0,-1.056,8.759,1.039,1.801,5.249,0,交易,1.6683177748142504,4.879511382565242,10216752.012882447,0.9897175141242939,0.9823728813559324,1.0002283887175973
2015-03-02,601117.SH,8.829,8.881,8.746,8.861,82760528.0,1.186,8.82,1.039,1.678,4.891,0,交易,1.8116949499079944,5.261620977353993,9462671.849988565,0.9931314041211575,0.9847990091205946,0.9953729827333258
2015-03-03,601117.SH,8.829,8.84,8.58,8.611,92040221.0,-2.814,8.696,1.039,1.866,5.439,0,交易,1.5831954403382975,4.731511254019293,10727298.484848484,0.983710407239819,0.9705882352941176,1.0098710951109044
2015-03-04,601117.SH,8.642,8.694,8.518,8.674,60664325.0,0.724,8.611,1.039,1.23,3.585,0,交易,2.41952580195258,7.026016260162601,7121897.745949753,0.99045318610536,0.9797561536691971,0.9927369149181463
2015-03-05,601117.SH,8.632,8.642,8.414,8.487,61370562.0,-2.156,8.503,1.039,1.244,3.627,0,交易,2.339950372208437,6.938906752411575,7293862.847634895,0.9839157602406851,0.9736172182365194,1.0018852362436668
2015-03-06,601117.SH,8.487,8.601,8.455,8.539,46767064.0,0.612,8.536,1.039,0.948,2.764,0,交易,3.0893632416787264,8.952531645569621,5531290.833826139,0.99244273921637,0.9830252296244621,0.9996486708045439
2015-03-09,601117.SH,8.466,8.642,8.372,8.632,58061382.99999999,1.095,8.495,1.039,1.177,3.431,0,交易,2.5158845817545905,7.1928632115547995,6935186.693741041,0.9829900485998612,0.968757232122194,0.9841288229842446
2015-03-10,601117.SH,8.58,8.674,8.528,8.611,48438826.0,-0.241,8.622,1.039,0.982,2.862,0,交易,3.0087351502445845,8.737270875763748,5679974.9061913695,0.9940050726308509,0.9831680885404659,1.0012774358378818
2015-03-11,601117.SH,8.663,8.798,8.632,8.684,63843865.0,0.844,8.717,1.039,1.294,3.773,0,交易,2.301616750596342,6.694744976816074,7396184.545875811,0.9907933621277564,0.9811320754716981,1.0038000921234456
2015-03-12,601117.SH,8.726,8.85,8.653,8.819,85663022.0,1.555,8.773,1.039,1.737,5.062,0,交易,1.7421967601738444,5.023603914795625,9899806.078816595,0.9912994350282486,0.9777401129943504,0.9947839891144119
2015-03-13,601117.SH,8.84,9.027,8.788,8.902,106793092.0,0.942,8.902,1.039,2.165,6.311,0,交易,1.4105530026937092,4.083140877598153,12152149.749658626,0.9861526531516561,0.9735238728259666,1.0
2015-03-16,601117.SH,8.975,9.183,8.892,9.172,119829339.99999999,3.034,9.064,1.039,2.429,7.081,0,交易,1.2952972743962716,3.6949361877315767,13476084.120557804,0.9870412719154961,0.968311009474028,0.9882250327082425
2015-03-17,601117.SH,9.203,9.484,9.203,9.328,151532702.0,1.699,9.314,1.039,3.072,8.954,0,交易,1.0417690417690417,2.9957682291666665,16465576.659784853,0.9820750738085197,0.9703711514129059,0.9984991423670669
2015-03-18,601117.SH,9.328,9.442,9.255,9.432,118780247.0,1.114,9.347,1.039,2.408,7.019,0,交易,1.343781165408178,3.87375415282392,12834170.394381415,0.9899385723363694,0.9801948739673798,0.9909881255301102
2015-03-19,601117.SH,9.411,9.879,9.307,9.65,188292909.0,2.313,9.661,1.039,3.817,11.127,0,交易,0.8672598184596028,2.4655488603615403,20231321.478457075,0.9779329891689442,0.9420994027735602,1.001139896373057
2015-03-20,601117.SH,9.629,9.692,9.505,9.608,116514249.0,-0.431,9.581,1.039,2.362,6.885,0,交易,1.3954974582425563,4.0766299745977985,12258206.10205155,0.9885472554684275,0.9807057366900537,0.9971898417985011
2015-03-23,601117.SH,9.66,9.795,9.629,9.712,127867996.0,1.081,9.715,1.039,2.592,7.556,0,交易,1.2853361566966648,3.7268518518518516,13279467.857513761,0.9918325676365493,0.9830525778458397,1.0003088962108733
2015-03-24,601117.SH,9.723,9.723,9.276,9.598,159686212.0,-1.176,9.515,1.039,3.237,9.436,0,交易,1.017168291649004,3.003707136237257,17214986.200948685,0.9786074256916589,0.9540265350200554,0.9913523650760575
2015-03-25,601117.SH,9.557,9.598,9.359,9.463,106773814.99999999,-1.407,9.457,1.039,2.164,6.31,0,交易,1.4996830427892234,4.416358595194085,11408677.743348647,0.9853094394665556,0.9750989789539487,0.9993659516009724
2015-03-26,601117.SH,9.473,10.408,9.349,9.972,230305034.0,5.379,9.951,1.039,4.669,13.609,0,交易,0.73275038577412,2.028914114371386,24634189.11113488,0.9560914681014605,0.8982513451191392,0.9978941034897715
2015-03-27,601117.SH,9.93,10.149,9.775,9.982,158306531.0,0.104,9.991,1.039,3.209,9.355,0,交易,1.067022982362373,3.0944219382985354,16195041.534526853,0.98443196374027,0.9631490787269683,1.0009016229212584
2015-03-30,601117.SH,10.128,10.689,10.034,10.574,231109622.00000003,5.931,10.473,1.039,4.685,13.657,0,交易,0.77425496082595,2.16179295624333,23032651.18596771,0.979792309851249,0.9387220507063336,0.9904482693398904
2015-03-31,601117.SH,10.637,10.73,10.076,10.138,202805876.0,-4.126,10.347,1.039,4.111,11.984,0,交易,0.8459612817089452,2.587448309413768,20127617.705438666,0.9643056849953401,0.939049394221808,1.020615506016966
2015-04-01,601117.SH,9.972,10.346,9.941,10.263,146792570.0,1.23,10.182,1.039,2.976,8.674,0,交易,1.1831911459534241,3.350806451612903,14766378.633940246,0.9841484631741736,0.960854436497197,0.992107570885706
2015-04-02,601117.SH,10.263,10.336,10.024,10.18,122483026.0,-0.81,10.149,1.039,2.483,7.238,0,交易,1.4064658745509808,4.1333064840918246,12218977.05506784,0.981907894736842,0.969814241486068,0.9969548133595284
2015-04-03,601117.SH,10.117,10.336,10.045,10.221,109315101.0,0.408,10.21,1.039,2.216,6.46,0,交易,1.5821981424148608,4.56543321299639,10882538.675958188,0.9878095975232198,0.9718459752321981,0.9989237843655221
2015-04-07,601117.SH,10.284,10.554,10.242,10.45,151652293.0,2.236,10.423,1.039,3.074,8.961,0,交易,1.1661644905702488,3.34547820429408,14806902.26518258,0.9875876444949782,0.9704377487208642,0.9974162679425838
2015-04-08,601117.SH,10.471,10.886,10.367,10.876,234538396.0,4.076,10.638,1.039,4.754,13.859,0,交易,0.7847608052529043,2.202566259991586,22623555.126844794,0.9772184457100864,0.9523240859819954,0.9781169547627805
2015-04-09,601117.SH,10.751,10.845,10.252,10.46,149024961.0,-3.82,10.51,1.039,3.021,8.806,0,交易,1.1878264819441293,3.5587553790135718,14536184.256730393,0.9691101890272014,0.9453204241585984,1.0047801147227533
2015-04-10,601117.SH,10.46,10.741,10.398,10.564,124004854.0,0.993,10.562,1.039,2.514,7.328,0,交易,1.4415938864628821,4.160700079554496,11925837.084054627,0.9833348850200168,0.968066288055116,0.9998106777735706
2015-04-13,601117.SH,10.647,11.052,10.595,10.917,163244586.0,3.343,10.862,1.039,3.309,9.647,0,交易,1.1316471441899036,3.217588395285585,15407700.424728645,0.9828085414404633,0.9586500180962723,0.9949619858935606
2015-04-14,601117.SH,10.855,11.208,10.772,10.98,155780891.0,0.571,10.994,1.039,3.158,9.205,0,交易,1.1928299837045084,3.437302089930336,14461649.74006684,0.9809064953604568,0.9610992148465382,1.0012750455373405
2015-04-15,601117.SH,10.959,12.081,10.803,11.489,302289640.0,4.636,11.483,1.039,6.128,17.863,0,交易,0.6431730392431283,1.7883485639686683,27982008.701286677,0.9505007863587452,0.8942140551278869,0.999477761336931
2015-04-16,601117.SH,11.219,11.966,11.021,11.748,211363025.0,2.26,11.575,1.039,4.285,12.49,0,交易,0.9405924739791833,2.618203033838973,19178207.51292986,0.9673240849072372,0.9210262410162128,0.9852740892066735
2015-04-17,601117.SH,11.53,12.559,11.53,12.185,351248135.0,3.714,12.117,1.039,7.12,20.756,0,交易,0.5870591636153402,1.61938202247191,30463845.18647008,0.9648061151365556,0.9180667250577276,0.9944193680755027
2015-04-20,601117.SH,12.133,13.14,11.842,12.372,378502472.0,1.535,12.44,1.039,7.673,22.367,0,交易,0.5531363168954263,1.5812589599895737,31962715.08191184,0.9467275494672754,0.9012176560121765,1.0054962819269317
2015-04-21,601117.SH,12.205,12.434,11.509,11.987,251037620.00000003,-3.107,11.865,1.039,5.089,14.834,0,交易,0.8080760415262236,2.3983100805659263,21812287.774784952,0.9542383786392151,0.9256072060479331,0.9898223074997915
2015-04-22,601117.SH,11.998,12.86,11.831,12.475,282136873.0,4.073,12.49,1.039,5.719,16.672,0,交易,0.748260556621881,2.097919216646267,23847254.923506044,0.9712286158631416,0.9199844479004665,1.0012024048096193
2015-04-23,601117.SH,12.475,13.712,12.361,13.628,368981620.0,9.242,12.908,1.039,7.48,21.804,0,交易,0.6250229315721887,1.6677807486631016,29850466.790712725,0.941365227537923,0.901473162193699,0.9471675961256236
2015-04-24,601117.SH,13.192,13.431,12.777,13.109,265951845.00000003,-3.811,13.15,1.039,5.391,15.716,0,交易,0.8341180962076865,2.4470413652383605,20814889.645456683,0.9790782518055247,0.9513066785794059,1.0031276222442598
2015-04-27,601117.SH,13.244,13.815,12.901,13.556,296105004.0,3.407,13.353,1.039,6.003,17.498,0,交易,0.7747171105269173,2.206230218224221,22952097.04674056,0.966558089033659,0.9338400289540355,0.9850250811448805
2015-04-28,601117.SH,13.452,14.117,13.192,14.013,353717717.0,3.372,13.738,1.039,7.17,20.902,0,交易,0.6704143144196727,1.8761506276150628,26813047.07398423,0.9731529361762413,0.9344761634908266,0.9803753657318204
2015-04-29,601117.SH,13.899,13.899,12.984,13.338,224620749.00000003,-4.818,13.39,1.039,4.553,13.273,0,交易,1.0048971596474046,3.052712497254557,17299811.229205176,0.963378660335276,0.934167925750054,1.003898635477583
2015-04-30,601117.SH,13.254,14.397,13.151,13.68,271975900.0,2.57,13.93,1.039,5.513,16.072,0,交易,0.8511697361871579,2.4041356793034647,20681005.246749297,0.9675626866708341,0.9134541918455233,1.0182748538011697
2015-05-04,601117.SH,13.763,14.75,13.525,14.283,275670624.0,4.404,14.242,1.039,5.588,16.29,0,交易,0.8767955801104973,2.4629563350035792,20382301.21996303,0.9655593220338984,0.9169491525423729,0.9971294545963734
2015-05-05,601117.SH,14.439,14.449,12.86,12.86,277569431.0,-9.964,13.462,1.039,5.627,16.402,0,交易,0.7840507255212779,2.5660209703216634,21583937.091757387,0.9316907744480587,0.8900269914873001,1.0468118195956455
2015-05-06,601117.SH,12.891,13.088,11.821,12.05,209242553.0,-6.3,12.501,1.039,4.242,12.365,0,交易,0.9745248685806713,3.0388967468175387,17700918.11183487,0.9551497555012225,0.9031937652811737,1.0374273858921161
2015-05-07,601117.SH,11.966,11.966,11.011,11.135,162861596.0,-7.586,11.532,1.039,3.301,9.624,0,交易,1.1570033250207812,3.624962132687064,14790808.8275361,0.9637305699481866,0.920190539862945,1.0356533453075887
2015-05-08,601117.SH,11.229,11.541,11.011,11.52,152724642.0,3.451,11.306,1.039,3.096,9.025,0,交易,1.2764542936288088,3.6269379844961236,13870188.175460903,0.9796378130144701,0.9540767697773156,0.9814236111111111
2015-05-11,601117.SH,11.613,11.894,11.354,11.883,169085952.0,3.156,11.634,1.039,3.428,9.992,0,交易,1.1892514011208966,3.3876896149358227,14892192.35511714,0.9781402387758534,0.9545989574575415,0.9790456955314315
2015-05-12,601117.SH,11.831,12.216,11.748,12.06,157742065.0,1.486,11.977,1.039,3.198,9.321,0,交易,1.2938525909237206,3.699499687304565,13427142.066734765,0.9804354944335298,0.9616895874263262,0.9931177446102819
2015-05-13,601117.SH,11.987,12.029,11.426,11.572,156251093.0,-4.048,11.737,1.039,3.167,9.233,0,交易,1.2533304451424236,3.7849700031575626,13675047.523192719,0.9757253304514091,0.9498711447335606,1.0142585551330798
2015-05-14,601117.SH,11.509,11.717,11.25,11.707,126317493.0,1.167,11.462,1.039,2.561,7.464,0,交易,1.5684619506966775,4.493947676688793,11228221.6,0.9782367500213365,0.9601433814116241,0.9790723498761424
2015-05-15,601117.SH,11.624,11.624,11.322,11.374,94738964.0,-2.839,11.457,1.039,1.921,5.598,0,交易,2.0317970703822796,6.051015096304009,8367688.040982159,0.9856331727460427,0.9740192704748795,1.0072973448215228
2015-05-18,601117.SH,11.198,11.322,11.0,11.052,95113663.0,-2.831,11.141,1.039,1.928,5.62,0,交易,1.9665480427046262,5.808091286307055,8646696.636363637,0.9840134251898959,0.971559795089207,1.0080528411147305
2015-05-19,601117.SH,11.063,11.582,11.063,11.572,120202370.0,4.699,11.417,1.039,2.437,7.103,0,交易,1.6291707729128537,4.539597866228971,10865259.875259874,0.985753755828009,0.9551890865135555,0.9866055997234705
2015-05-20,601117.SH,11.686,11.894,11.541,11.582,138085382.0,0.09,11.67,1.039,2.799,8.16,0,交易,1.4193627450980393,4.175062522329403,11964767.524477948,0.9811669749453505,0.9703211703379856,1.0075979968917286
2015-05-21,601117.SH,11.53,11.779,11.468,11.759,115731872.0,1.525,11.624,1.039,2.346,6.839,0,交易,1.7194034215528586,4.914748508098891,10091722.357865365,0.9868409881993379,0.9735970795483487,0.9885194319244834
2015-05-22,601117.SH,11.852,12.372,11.769,12.226,177799881.0,3.975,12.106,1.039,3.604,10.507,0,交易,1.163605215570572,3.288568257491676,15107475.65638542,0.9784998383446492,0.9512609117361784,0.9901848519548503
2015-05-25,601117.SH,12.226,12.912,12.05,12.777,207681490.0,4.503,12.574,1.039,4.21,12.272,0,交易,1.0411505867014341,2.904038004750594,17234978.42323651,0.9738228004956628,0.9332403965303594,0.9841120763872584
2015-05-26,601117.SH,12.881,12.974,12.548,12.849,182195617.0,0.569,12.733,1.039,3.693,10.766,0,交易,1.1934794724131526,3.487950176008665,14519892.970991394,0.9814243872360106,0.9671650994296285,0.9909720600824967
2015-05-27,601117.SH,12.787,12.808,12.475,12.642,166886082.0,-1.617,12.612,1.039,3.383,9.862,0,交易,1.2818900831474345,3.7797812592373634,13377641.843687376,0.9846970643347908,0.974000624609619,0.9976269577598482
2015-05-28,601117.SH,12.6,13.66,12.018,12.122,262236206.99999997,-4.108,12.967,1.039,5.316,15.496,0,交易,0.782266391326794,2.37020316027088,21820286.81977034,0.9492679355783309,0.8797950219619327,1.0697079689820161
2015-05-29,601117.SH,12.091,12.351,11.291,11.728,156239444.0,-3.256,11.767,1.039,3.167,9.233,0,交易,1.2702263619625256,3.8178086517208714,13837520.50305553,0.9527163792405472,0.9141769897174318,1.003325375170532
2015-06-01,601117.SH,11.728,12.881,11.561,12.797,187787431.0,9.123,12.427,1.039,3.807,11.097,0,交易,1.1531945570875013,3.0806409246125557,16243182.337168066,0.9647542892632559,0.8975234842015372,0.9710869735094162
2015-06-02,601117.SH,12.777,13.296,12.59,13.078,181454863.0,2.192,12.921,1.039,3.678,10.723,0,交易,1.2196213746153128,3.4738988580750405,14412618.18903892,0.9717960288808665,0.9469013237063779,0.9879951062853647
2015-06-03,601117.SH,13.026,13.296,12.569,12.849,161966577.0,-1.747,12.925,1.039,3.283,9.571,0,交易,1.3424929474454081,3.9677124581175756,12886194.367093641,0.9720968712394706,0.9453219013237065,1.0059148571873298
2015-06-04,601117.SH,12.964,13.192,11.561,12.932,139661184.0,0.647,12.66,1.039,2.831,8.253,0,交易,1.5669453532048951,4.579300600494525,12080372.286134418,0.9596725288053366,0.8763644633110976,0.9789669038045159
2015-06-05,601117.SH,13.14,13.66,12.881,13.618,266455987.0,5.301,13.348,1.039,5.401,15.746,0,交易,0.8648545662390449,2.4328827994815776,20685970.57681857,0.9771595900439239,0.9429721815519766,0.9801733000440593
2015-06-08,601117.SH,13.66,13.919,13.275,13.753,259229239.0,0.992,13.648,1.039,5.255,15.318,0,交易,0.8978326152239196,2.599429115128449,19527626.29001883,0.9805302105036281,0.9537323083554853,0.9923653021159019
2015-06-09,601117.SH,13.795,13.795,13.078,13.369,191750223.0,-2.795,13.396,1.039,3.887,11.331,0,交易,1.1798605595269616,3.5490095189091844,14662044.88453892,0.9710764769844147,0.948024646611091,1.002019597576483
2015-06-10,601117.SH,13.182,13.691,12.953,13.39,148279449.0,0.155,13.26,1.039,3.006,8.762,0,交易,1.5281899109792285,4.385229540918164,11447498.571759438,0.9685194653421956,0.9460959754583302,0.9902912621359222
2015-06-11,601117.SH,13.348,13.39,13.005,13.223,114972006.0,-1.241,13.166,1.039,2.331,6.794,0,交易,1.946276125993524,5.726297726297727,8840600.230680507,0.9832710978342046,0.9712471994025392,0.9956893291991227
2015-06-12,601117.SH,13.119,13.348,12.932,13.161,138241102.0,-0.471,13.149,1.039,2.802,8.169,0,交易,1.611090708777084,4.682012847965739,10689847.046087226,0.9850913994605932,0.9688342822894815,0.9990882151812172
2015-06-15,601117.SH,13.171,13.234,12.642,12.735,119140946.0,-3.236,12.985,1.039,2.415,7.04,0,交易,1.8089488636363635,5.453830227743271,9424216.579655118,0.9811848269608584,0.955266737192081,1.0196309383588535
2015-06-16,601117.SH,12.6,12.6,11.8,11.863,128472747.0,-6.852,12.2,1.039,2.604,7.592,0,交易,1.5625658587987354,4.838709677419354,10887520.93220339,0.9682539682539683,0.9365079365079366,1.0284076540504088
2015-06-17,601117.SH,11.873,12.351,11.655,12.288,95527964.0,3.59,11.99,1.039,1.937,5.645,0,交易,2.176793622674934,6.129581827568404,8196307.507507508,0.9707715974415027,0.9436482875880494,0.9757486979166666
2015-06-18,601117.SH,12.257,12.434,11.696,11.728,85264391.0,-4.565,12.135,1.039,1.728,5.038,0,交易,2.3279078999603016,7.093171296296296,7290047.110123119,0.9759530320090076,0.9406466141225672,1.0347032742155526
2015-06-19,601117.SH,11.53,11.821,10.595,10.658,102614764.0,-9.123,11.283,1.039,2.08,6.064,0,交易,1.7575857519788918,5.54326923076923,9685206.606890041,0.9544877759918788,0.8962862701971069,1.0586413961343593
2015-06-23,601117.SH,10.751,11.167,10.18,11.146,93563944.0,4.581,10.789,1.039,1.897,5.529,0,交易,2.0159160788569364,5.667369530838165,9190957.17092338,0.9661502641712187,0.9116145786692934,0.9679705724026556
2015-06-24,601117.SH,11.167,11.499,11.021,11.478,108318924.0,2.982,11.282,1.039,2.196,6.401,0,交易,1.7931573191688799,5.085154826958105,9828411.577896742,0.9811287938081572,0.9584311679276459,0.9829238543300227
2015-06-25,601117.SH,11.53,11.644,10.907,10.98,90623718.0,-4.344,11.356,1.039,1.837,5.355,0,交易,2.0504201680672267,6.276537833424061,8308766.663610525,0.9752662315355548,0.9367055994503607,1.0342440801457193
2015-06-26,601117.SH,10.678,10.917,9.879,9.879,115531399.0,-10.028,10.365,1.039,2.342,6.827,0,交易,1.447048483960744,4.55935098206661,11694645.105779938,0.9494366584226436,0.9049189337730146,1.049195262678409
2015-06-29,601117.SH,10.169,10.232,8.892,9.359,117634419.0,-5.258,9.626,1.039,2.385,6.951,0,交易,1.3464249748237664,4.263731656184487,13229241.90283401,0.9407740422204848,0.8690383111806098,1.0285286889624958
2015-06-30,601117.SH,9.349,10.18,8.632,10.159,124955312.00000001,8.546,9.54,1.039,2.533,7.061,0,交易,1.438748052683756,3.6908803789972366,14475823.911028733,0.93713163064833,0.8479371316306483,0.9390688059848409
2015-07-01,601117.SH,9.868,10.367,9.266,9.37,95800245.0,-7.771,10.015,1.039,1.942,5.413,0,交易,1.731017919822649,5.081359423274974,10338899.74098856,0.9660461078421916,0.8937976270859457,1.068836712913554
2015-07-02,601117.SH,9.442,9.629,8.611,8.85,98793037.0,-5.543,9.206,1.039,2.003,5.582,0,交易,1.5854532425653887,4.713929106340489,11472887.817907328,0.9560702045903001,0.8942777027728738,1.040225988700565
2015-07-03,601117.SH,8.767,9.027,7.967,7.967,123833096.0,-9.977,8.386,1.039,2.51,6.997,0,交易,1.1386308417893383,3.492828685258964,15543252.918287938,0.9289908053616927,0.8825744987260441,1.052591941759759
2015-07-06,601117.SH,8.767,8.767,7.645,8.279,141394897.0,3.911,8.221,1.039,2.866,7.989,0,交易,1.0362999123795218,3.058967201674808,18495081.360366255,0.9377209992015514,0.8720200752823086,0.9929943229858679
2015-07-07,601117.SH,8.009,8.466,7.562,8.331,180152905.0,0.627,8.123,1.039,3.652,10.179,0,交易,0.8184497494842322,2.1930449069003286,23823446.83946046,0.9594849988188047,0.8932199385778409,0.975033009242588
2015-07-08,601117.SH,7.5,7.676,7.5,7.5,106728522.0,-9.975,7.531,1.039,2.164,6.031,0,交易,1.2435748632067651,3.4658040665434378,14230469.6,0.9811099531005731,0.9770713913496613,1.0041333333333333
2015-07-09,601117.SH,7.5,8.248,6.96,8.248,159736126.0,9.972,7.833,1.039,3.238,9.026,0,交易,0.913804564591181,2.316244595429277,22950592.816091955,0.9496847720659555,0.8438409311348206,0.9496847720659555
2015-07-10,601117.SH,8.31,9.068,8.206,9.068,160720294.0,9.95,8.923,1.039,3.258,9.081,0,交易,0.9985684395991631,2.550644567219153,19585704.850109678,0.9840097044552272,0.9049404499338333,0.9840097044552272
2015-07-13,601117.SH,9.203,9.858,8.996,9.764,198096775.0,7.675,9.467,1.039,4.016,11.193,0,交易,0.8723309211114089,2.291583665338645,22020539.684304133,0.9603367823087847,0.9125583282613106,0.9695821384678411
2015-07-14,601117.SH,9.349,9.567,8.84,8.985,197375931.0,-7.979,9.22,1.039,4.001,11.153,0,交易,0.8056128395947277,2.3366658335416144,22327594.004524887,0.9637294867774643,0.9240096163896728,1.0261547022815805
2015-07-15,601117.SH,8.674,8.809,8.092,8.185,122712315.99999999,-8.902,8.372,1.039,2.488,6.934,0,交易,1.1804153446783963,3.4863344051446945,15164646.07019278,0.9503916449086163,0.9186059711658532,1.022846670739157
2015-07-16,601117.SH,8.185,8.684,7.749,8.539,92846140.0,4.315,8.439,1.039,1.882,5.246,0,交易,1.6277163553183376,4.349096705632307,11981693.121693123,0.9717871948410871,0.8923307231690466,0.9882890268181286
2015-07-17,601117.SH,8.644,9.096,8.518,8.917,85630451.0,4.434,8.793,1.052,1.736,4.839,0,交易,1.8427361025005164,4.97926267281106,10052882.249354308,0.9666886543535619,0.9364555848724715,0.9860939777952226
2015-07-20,601117.SH,8.854,9.432,8.717,9.285,140866829.0,4.127,9.038,1.052,2.856,7.96,0,交易,1.1664572864321607,3.1001400560224086,16160012.504301937,0.9582273112807463,0.9241942324003393,0.9733979536887453
2015-07-21,601117.SH,9.043,9.338,8.917,9.138,106709290.99999999,-1.586,9.153,1.052,2.163,6.03,0,交易,1.5154228855721392,4.180767452612113,11966949.758887516,0.9801884771899766,0.9549153994431356,1.0016414970453054
2015-07-22,601117.SH,9.127,9.38,8.791,9.264,123137834.00000001,1.381,9.116,1.052,2.496,6.958,0,交易,1.331417073871802,3.6566506410256414,14007261.289955638,0.9718550106609807,0.9372068230277185,0.9840241796200345
2015-07-23,601117.SH,9.296,9.685,9.222,9.538,149730269.0,2.951,9.446,1.052,3.035,8.46,0,交易,1.1274231678486997,3.062932454695222,16236203.535024941,0.9753226639132678,0.9521941146102219,0.9903543719857412
2015-07-24,601117.SH,9.359,9.811,9.148,9.254,163540624.0,-2.977,9.511,1.052,3.315,9.241,0,交易,1.0014067741586408,2.8232277526395175,17877199.825098384,0.969422077260218,0.932422790745082,1.027771774367841
2015-07-27,601117.SH,8.886,9.096,8.328,8.328,108895629.0,-10.0,8.747,1.052,2.207,6.153,0,交易,1.3534861043393467,4.02628001812415,13075844.02017291,0.9616314863676341,0.9155672823218997,1.050312199807877
2015-07-28,601117.SH,7.781,8.244,7.498,7.939,124956936.00000001,-4.672,7.832,1.052,2.533,7.061,0,交易,1.124344993626965,3.0718515594157125,16665368.898372902,0.9500242600679282,0.9095099466278506,0.986522232019146
2015-07-29,601117.SH,8.076,8.402,7.897,8.381,70212509.0,5.563,8.104,1.052,1.423,3.967,0,交易,2.112679606755735,5.675333801827126,8891035.709763201,0.9645322542251845,0.9398952630326114,0.9669490514258441
2015-07-30,601117.SH,8.381,8.496,7.971,7.992,65768299.0,-4.642,8.297,1.052,1.333,3.716,0,交易,2.1506996770721205,6.287321830457615,8250947.05808556,0.9765772128060264,0.9382062146892655,1.0381631631631631
2015-07-31,601117.SH,7.845,8.118,7.845,8.065,59851565.0,0.921,7.982,1.052,1.213,3.382,0,交易,2.38468361916026,6.467436108821104,7629262.587635437,0.9832471051983247,0.966371027346637,0.9897086174829511
2015-08-03,601117.SH,7.939,8.507,7.897,8.496,83269709.0,5.346,8.175,1.052,1.688,4.705,0,交易,1.805738575982997,4.703199052132701,10544473.724199062,0.9609733160926297,0.9282943458328436,0.9622175141242938
2015-08-04,601117.SH,8.454,8.77,8.307,8.707,61405051.0,2.475,8.565,1.052,1.245,3.47,0,交易,2.5092219020172912,6.790361445783132,7391964.728542193,0.9766248574686431,0.9472063854047892,0.9836912828758468
2015-08-05,601117.SH,8.654,8.886,8.433,8.465,56990631.00000001,-2.778,8.65,1.052,1.155,3.22,0,交易,2.6288819875776395,7.492640692640692,6758049.448594807,0.9734413684447447,0.949020931802836,1.021854695806261
2015-08-06,601117.SH,8.202,8.528,8.181,8.349,29957865.000000004,-1.366,8.371,1.052,0.607,1.693,0,交易,4.9314825753101,13.512355848434925,3661883.021635498,0.9815900562851783,0.959310506566604,1.0026350461133071
2015-08-07,601117.SH,8.381,8.633,8.381,8.539,42925639.0,2.267,8.522,1.052,0.87,2.425,0,交易,3.521237113402062,9.633333333333333,5121780.097840353,0.9871423607089078,0.9708096837715743,0.9980091345590819
2015-08-10,601117.SH,8.707,9.327,8.633,9.222,126279918.0,8.005,9.109,1.052,2.56,7.135,0,交易,1.2925017519271198,3.401171875,14627582.300474923,0.9766269968907473,0.9255923662485257,0.9877466926913901
2015-08-11,601117.SH,9.233,9.453,9.127,9.296,123758371.0,0.798,9.331,1.052,2.509,6.993,0,交易,1.3293293293293291,3.679952172180152,13559589.240714364,0.9870940442187666,0.9655135935681796,1.0037650602409638
2015-08-12,601117.SH,9.338,9.727,9.201,9.212,107154678.0,-0.905,9.511,1.052,2.172,6.055,0,交易,1.5213872832369943,4.299263351749539,11645981.741115095,0.9777937699187826,0.9459237174874062,1.0324576639166305
2015-08-13,601117.SH,9.138,9.516,8.949,9.443,85965654.0,2.511,9.279,1.052,1.743,4.857,0,交易,1.9442042413012146,5.242685025817556,9606174.321153201,0.975094577553594,0.9404161412358133,0.9826326379328604
2015-08-14,601117.SH,9.464,9.559,9.201,9.285,81654720.0,-1.67,9.393,1.052,1.655,4.614,0,交易,2.0123537061118335,5.718429003021148,8874548.418650147,0.9826341667538447,0.9625483837221468,1.0116316639741518
2015-08-17,601117.SH,9.201,9.432,9.033,9.369,85140085.0,0.906,9.217,1.052,1.726,4.811,0,交易,1.9474121804198712,5.330822711471611,9425449.46307982,0.9772052586938084,0.9576972010178116,0.9837762834880991
2015-08-18,601117.SH,9.411,9.443,8.433,8.433,94319898.0,-9.989,8.946,1.052,1.912,5.33,0,交易,1.5821763602251406,4.922071129707113,11184619.708288865,0.9473684210526316,0.8930424653182252,1.0608324439701173
2015-08-19,601117.SH,8.107,8.843,7.95,8.665,76622894.0,2.743,8.408,1.052,1.553,4.33,0,交易,2.0011547344110854,5.220218931101094,9638099.874213837,0.9508085491349089,0.8990161709826981,0.9703404500865551
2015-08-20,601117.SH,8.528,8.738,8.265,8.307,50409012.0,-4.126,8.562,1.052,1.022,2.848,0,交易,2.916783707865169,8.344422700587085,6099094.010889292,0.9798580910963607,0.9458686198214695,1.0306970025279882
2015-08-21,601117.SH,8.265,8.36,7.781,7.813,60618127.0,-5.949,8.054,1.052,1.229,3.425,0,交易,2.281167883211679,6.724979658258747,7790531.679732682,0.9633971291866029,0.9307416267942584,1.0308460258543455
2015-08-24,601117.SH,7.55,7.634,7.035,7.035,102903000.0,-9.96,7.097,1.052,2.086,5.814,0,交易,1.2100103199174406,3.619367209971237,14627292.1108742,0.9296567985328792,0.9215352370971968,1.0088130774697939
2015-08-25,601117.SH,6.572,6.919,6.33,6.33,104215679.0,-10.015,6.44,1.052,2.113,5.889,0,交易,1.074885379521141,3.110269758637009,16463772.353870457,0.9307703425350485,0.9148720913426797,1.0173775671406005
2015-08-26,601117.SH,6.488,6.761,6.12,6.362,69376204.0,0.498,6.47,1.052,1.406,3.92,0,交易,1.6229591836734694,4.614509246088194,11335981.045751633,0.9569590297293299,0.9051915397130602,1.0169757937755421
2015-08-27,601117.SH,6.509,6.814,6.425,6.793,58838513.0,6.777,6.605,1.052,1.193,3.325,0,交易,2.0430075187969923,5.4559932942162614,9157745.214007782,0.969327854417376,0.9429116524801878,0.9723244516413956
2015-08-28,601117.SH,6.803,7.266,6.803,7.203,84759978.0,6.037,7.041,1.052,1.718,4.789,0,交易,1.5040718312800168,3.959837019790454,12459205.938556518,0.9690338563170934,0.9362785576658409,0.9775093710953769
2015-08-31,601117.SH,7.172,7.382,6.856,7.361,78440938.0,2.19,7.086,1.052,1.59,4.432,0,交易,1.6608754512635377,4.5106918238993705,11441210.32672112,0.9599024654565159,0.9287455973990789,0.962640945523706
2015-09-01,601117.SH,7.161,7.55,6.856,7.498,104150865.0,1.857,7.264,1.052,2.111,5.885,0,交易,1.274086661002549,3.3922311700615815,15191199.679113185,0.9621192052980133,0.9080794701986755,0.9687916777807415
2015-09-02,601117.SH,7.151,7.866,7.024,7.603,99994806.0,1.403,7.544,1.052,2.027,5.65,0,交易,1.3456637168141592,3.5278737049827327,14236162.585421413,0.9590643274853801,0.8929570302568015,0.9922399053005393
2015-09-07,601117.SH,7.519,7.781,6.993,7.024,84006694.0,-7.607,7.363,1.052,1.703,4.747,0,交易,1.4796713713924585,4.415149735760423,12012969.254969254,0.9462793985348927,0.8987276699653002,1.0482630979498861
2015-09-08,601117.SH,6.94,7.287,6.74,7.256,39004045.0,3.293,7.026,1.052,0.791,2.204,0,交易,3.2921960072595278,8.773704171934261,5786950.296735905,0.9641827912721285,0.924934815424729,0.9683020948180815
2015-09-09,601117.SH,7.298,7.519,7.214,7.434,46783520.0,2.464,7.382,1.052,0.948,2.643,0,交易,2.812712826333712,7.69831223628692,6485101.19212642,0.9817794919537172,0.9594360952254289,0.9930051116491794
2015-09-10,601117.SH,7.298,7.371,7.203,7.235,26988932.0,-2.687,7.292,1.052,0.547,1.525,0,交易,4.744262295081968,13.341864716636197,3746901.5687907813,0.9892823226156559,0.9772079772079771,1.0078783690393918
2015-09-11,601117.SH,7.235,7.319,7.087,7.182,19526495.0,-0.727,7.196,1.052,0.396,1.103,0,交易,6.511332728921125,18.27020202020202,2755255.3972061523,0.9831944254679601,0.9683016805574531,1.0019493177387913
2015-09-14,601117.SH,7.287,7.519,6.719,7.182,60101861.0,0.0,7.219,1.052,1.218,3.396,0,交易,2.1148409893992937,5.982758620689655,8945060.42565858,0.9601010772709138,0.8936028727224365,1.0051517683096631
2015-09-15,601117.SH,6.909,6.993,6.467,6.541,35692589.0,-8.931,6.776,1.052,0.724,2.017,0,交易,3.2429350520575113,9.542817679558011,5519188.031544766,0.9689689689689689,0.9247819247819247,1.0359272282525607
2015-09-16,601117.SH,6.583,7.193,6.509,7.056,35404715.0,7.878,6.772,1.052,0.718,2.001,0,交易,3.5262368815592207,9.168523676880223,5439347.826086956,0.9414708744612819,0.9049075490059781,0.9597505668934241
2015-09-17,601117.SH,6.94,7.235,6.846,6.877,38292362.0,-2.534,7.038,1.052,0.776,2.164,0,交易,3.1779112754158962,8.943298969072165,5593392.053754017,0.9727712508638563,0.9462335867311679,1.0234113712374582
2015-09-18,601117.SH,6.909,6.972,6.772,6.898,20546943.0,0.306,6.868,1.052,0.417,1.161,0,交易,5.941429801894918,16.568345323741006,3034102.6284701712,0.985083189902467,0.9713138267355135,0.9956509133082053
2015-09-21,601117.SH,6.803,7.035,6.782,7.035,24198222.0,1.982,6.929,1.052,0.491,1.367,0,交易,5.146305779078274,13.855397148676172,3568006.7826599823,0.9849324804548686,0.9640369580668088,0.9849324804548686
2015-09-22,601117.SH,7.024,7.182,6.993,7.119,28358609.000000004,1.196,7.104,1.052,0.575,1.602,0,交易,4.443820224719101,12.215652173913044,4055285.1422851426,0.9891395154553049,0.9736842105263158,0.9978929624947325
2015-09-23,601117.SH,7.003,7.045,6.835,6.846,21254612.0,-3.84,6.933,1.052,0.431,1.201,0,交易,5.700249791840133,16.248259860788863,3109672.567666423,0.9841022001419446,0.9701916252661462,1.0127081507449605
2015-09-24,601117.SH,6.888,6.951,6.814,6.94,19287328.0,1.382,6.878,1.052,0.391,1.09,0,交易,6.36697247706422,17.616368286445013,2830544.173759906,0.9894979139692132,0.9802906056682492,0.9910662824207492
2015-09-25,601117.SH,6.888,6.951,6.646,6.677,19760923.0,-3.788,6.782,1.052,0.401,1.117,0,交易,5.977618621307072,17.17705735660848,2973355.8531447486,0.9756869515177673,0.956121421378219,1.015725625280815
2015-09-28,601117.SH,6.698,6.73,6.572,6.719,11221423.0,0.63,6.66,1.052,0.227,0.634,0,交易,10.597791798107256,29.506607929515418,1707459.3730979916,0.9895988112927191,0.9765230312035661,0.9912189313885995
2015-09-29,601117.SH,6.614,6.635,6.456,6.53,15650950.0,-2.817,6.559,1.052,0.317,0.884,0,交易,7.386877828054299,20.86435331230284,2424248.760842627,0.9885455915599096,0.9730218538055766,1.0044410413476264
2015-09-30,601117.SH,6.572,6.625,6.509,6.53,11620812.0,0.0,6.56,1.052,0.236,0.666,0,交易,9.804804804804805,27.847457627118647,1785345.2143186356,0.990188679245283,0.9824905660377359,1.004594180704441
2015-10-08,601117.SH,6.919,6.919,6.74,6.772,25388245.0,3.704,6.815,1.052,0.515,1.455,0,交易,4.6542955326460484,13.434951456310678,3766801.9287833828,0.9849689261453969,0.9741292094233271,1.0063496751329002
2015-10-09,601117.SH,6.782,6.919,6.751,6.877,17790579.0,1.553,6.845,1.052,0.361,1.019,0,交易,6.748773307163886,18.786703601108034,2635250.925788772,0.9893048128342247,0.975719034542564,0.9953468082012505
2015-10-12,601117.SH,6.909,7.235,6.909,7.214,43305390.0,4.893,7.125,1.052,0.878,2.482,0,交易,2.9065269943593877,7.869020501138952,6267967.867998263,0.9847961299239806,0.9549412577747062,0.9876628777377321
2015-10-13,601117.SH,7.172,7.214,7.108,7.193,27155356.0,-0.292,7.16,1.052,0.55,1.556,0,交易,4.622750642673521,13.04,3820393.359594823,0.9925145550318825,0.9853063487662876,0.995412206311692
2015-10-14,601117.SH,7.172,7.319,7.14,7.172,29473889.0,-0.292,7.228,1.052,0.597,1.689,0,交易,4.246299585553582,12.013400335008376,4127995.6582633057,0.9875666074600356,0.9755431069818281,1.0078081427774679
2015-10-15,601117.SH,7.172,7.34,7.129,7.329,33495932.0,2.199,7.271,1.052,0.679,1.919,0,交易,3.819176654507556,10.562592047128128,4698545.658577641,0.990599455040872,0.9712534059945503,0.9920862327739118
2015-10-16,601117.SH,7.35,7.413,7.214,7.403,52554904.0,1.004,7.338,1.052,1.065,3.012,0,交易,2.4578353253652057,6.901408450704225,7285126.698087052,0.9898826386078511,0.9731552677728316,0.9912197757665812
2015-10-19,601117.SH,7.434,7.434,7.235,7.277,39246346.0,-1.705,7.328,1.052,0.796,2.249,0,交易,3.2356602934637615,9.339195979899497,5424512.232204561,0.9857411891310196,0.9732311003497445,1.0070083825752372
2015-10-20,601117.SH,7.277,7.519,7.214,7.476,44895781.0,2.746,7.354,1.052,0.91,2.573,0,交易,2.905557714729887,7.996703296703297,6223424.036595508,0.9780555924990025,0.9594360952254289,0.983681112894596
2015-10-21,601117.SH,7.466,7.729,6.94,7.108,85063073.0,-4.923,7.481,1.052,1.724,4.874,0,交易,1.4583504308576118,4.33062645011601,12256926.945244957,0.967913054728943,0.897916936214258,1.052476083286438
2015-10-22,601117.SH,7.024,7.277,7.014,7.256,36558587.0,2.071,7.163,1.052,0.741,2.095,0,交易,3.463484486873508,9.479082321187585,5212230.824066153,0.9843342036553525,0.9638587329943659,0.9871830209481808
2015-10-23,601117.SH,7.287,7.392,7.203,7.361,37031841.0,1.449,7.289,1.052,0.751,2.122,0,交易,3.4688972667295004,9.703062583222371,5141169.096209913,0.9860660173160172,0.9744318181818181,0.9902187202825703
2015-10-26,601117.SH,7.424,7.582,7.361,7.529,55860637.0,2.286,7.452,1.052,1.132,3.201,0,交易,2.352077475788816,6.558303886925796,7588729.384594484,0.9828541281983646,0.9708520179372198,0.9897728782042768
2015-10-27,601117.SH,7.445,7.529,7.161,7.455,40424221.0,-0.978,7.377,1.052,0.819,2.316,0,交易,3.218911917098446,9.090354090354092,5645052.506633152,0.9798113959357152,0.9511223270022579,0.9895372233400402
2015-10-28,601117.SH,7.413,7.519,7.277,7.298,25550434.0,-2.116,7.422,1.052,0.518,1.464,0,交易,4.9849726775956285,14.31081081081081,3511121.8908891026,0.9870993483175954,0.9678148689985371,1.0169909564264181
2015-10-29,601117.SH,7.35,7.466,7.298,7.392,21345324.0,1.297,7.393,1.052,0.433,1.223,0,交易,6.044153720359771,16.97459584295612,2924818.306385311,0.9902223412804714,0.9774979908920439,1.0001352813852813
2015-10-30,601117.SH,7.319,7.466,7.235,7.329,21967575.0,-0.853,7.355,1.052,0.445,1.259,0,交易,5.821286735504369,16.447191011235955,3036292.3289564615,0.9851326011251005,0.9690597374765604,1.0035475508254879
2015-11-02,601117.SH,7.277,7.561,7.245,7.382,36161087.0,0.717,7.442,1.052,0.733,2.072,0,交易,3.5627413127413123,9.927694406548431,4991178.329882678,0.9842613410924481,0.9582065864303664,1.0081278786236794
2015-11-03,601117.SH,7.392,7.445,7.287,7.35,20854262.0,-0.427,7.349,1.052,0.423,1.195,0,交易,6.150627615062761,17.47517730496454,2861844.6548648276,0.9871054398925453,0.9787777031564808,0.9998639455782313
2015-11-04,601117.SH,7.361,7.729,7.35,7.718,70234059.0,5.007,7.577,1.052,1.424,4.025,0,交易,1.9175155279503104,5.169241573033708,9555654.285714285,0.980333807737094,0.95096390218657,0.9817310183985488
2015-11-05,601117.SH,7.655,8.37,7.655,8.002,138380793.0,3.678,8.035,1.052,2.805,7.93,0,交易,1.0090794451450191,2.729055258467023,18077177.4003919,0.9599761051373956,0.9145758661887695,1.004123969007748
2015-11-06,601117.SH,7.95,8.086,7.887,8.034,86699374.0,0.394,7.972,1.052,1.758,4.968,0,交易,1.6171497584541064,4.522184300341297,10992693.546342082,0.9859015582488252,0.9753895622062824,0.9922827981080408
2015-11-09,601117.SH,7.981,8.286,7.981,8.086,81996455.0,0.654,8.131,1.052,1.662,4.699,0,交易,1.720791657799532,4.802045728038508,10273957.524119785,0.9812937484914314,0.9631909244508811,1.0055651743754637
2015-11-10,601117.SH,7.992,8.107,7.96,8.034,45318094.0,-0.65,8.039,1.052,0.919,2.597,0,交易,3.0935695032730077,8.696409140369967,5693227.889447236,0.9916121869988899,0.981867521894659,1.000622354991287
2015-11-11,601117.SH,8.002,8.065,7.929,8.023,39029081.0,-0.131,8.004,1.052,0.791,2.237,0,交易,3.5864997764863653,10.116308470290772,4922320.721402447,0.9924364538127712,0.9831370117792934,0.9976318085504176
2015-11-12,601117.SH,8.097,8.118,7.918,7.981,42411471.0,-0.524,8.012,1.052,0.86,2.43,0,交易,3.284362139917695,9.415116279069768,5356336.322303612,0.9869425966986943,0.9753633899975364,1.0038842250344568
2015-11-13,601117.SH,7.897,7.971,7.718,7.729,38074492.0,-3.162,7.83,1.052,0.772,2.182,0,交易,3.5421631530705775,10.229274611398964,4933207.04845815,0.9823108769288671,0.9682599422908041,1.0130676672273256
2015-11-16,601117.SH,7.603,7.834,7.592,7.823,28650328.000000004,1.224,7.727,1.052,0.581,1.642,0,交易,4.764311814859927,13.08605851979346,3773752.370916755,0.9863415879499617,0.9691090119989788,0.987728492905535
2015-11-17,601117.SH,7.866,8.023,7.781,7.802,39719417.0,-0.269,7.924,1.052,0.805,2.276,0,交易,3.4279437609841827,9.77142857142857,5104667.394936384,0.9876604761311231,0.9698367194316341,1.0156370161497053
2015-11-18,601117.SH,7.802,7.876,7.708,7.771,26855477.0,-0.404,7.785,1.052,0.544,1.539,0,交易,5.049382716049383,14.34191176470588,3484104.436948625,0.9884459116302692,0.97866937531742,1.0018015699395189
2015-11-19,601117.SH,7.781,7.866,7.729,7.866,23663738.0,1.218,7.804,1.052,0.48,1.356,0,交易,5.8008849557522115,16.210416666666667,3061681.7182041663,0.9921179760996696,0.9825832697686245,0.9921179760996696
2015-11-20,601117.SH,7.876,7.939,7.792,7.866,31624371.999999996,0.0,7.857,1.052,0.641,1.812,0,交易,4.341059602649007,12.287051482059283,4058569.301848049,0.989671243229626,0.9814838140823781,0.9988558352402747
2015-11-23,601117.SH,7.887,8.013,7.823,7.855,37467791.0,-0.134,7.922,1.052,0.76,2.147,0,交易,3.658593386120168,10.377631578947367,4789440.240317014,0.9886434543866217,0.9762885311369026,1.0085295989815404
2015-11-24,601117.SH,7.834,7.855,7.655,7.76,25800386.0,-1.205,7.737,1.052,0.523,1.478,0,交易,5.2503382949932345,14.978967495219884,3370396.6035271063,0.9849777211966899,0.9745385105028644,0.9970360824742268
2015-11-25,601117.SH,7.75,7.823,7.708,7.802,27428483.0,0.542,7.765,1.052,0.556,1.572,0,交易,4.963104325699745,13.938848920863308,3558443.5651271404,0.9925859644637606,0.985299757126422,0.9952576262496796
2015-11-26,601117.SH,7.845,7.981,7.802,7.845,37102324.0,0.539,7.885,1.052,0.752,2.126,0,交易,3.6900282220131704,10.43218085106383,4755488.849013073,0.9879714321513595,0.9775717328655557,1.0050987890376035
2015-11-27,601117.SH,7.845,7.845,7.151,7.235,48119739.0,-7.775,7.489,1.052,0.975,2.757,0,交易,2.6242292346753717,8.046153846153846,6729092.294783946,0.9546207775653283,0.9115360101975781,1.0351071181755356
2015-11-30,601117.SH,7.235,7.298,6.919,7.129,29717896.999999996,-1.453,7.113,1.052,0.602,1.703,0,交易,4.186142102172636,12.01827242524917,4295114.467408584,0.9746505892025213,0.9480679638257056,0.9977556459531493
2015-12-01,601117.SH,7.14,7.34,7.077,7.224,29091811.0,1.327,7.197,1.052,0.59,1.667,0,交易,4.333533293341332,12.101694915254237,4110754.6983184963,0.9805177111716622,0.9641689373297003,0.9962624584717608
2015-12-02,601117.SH,7.214,7.529,7.172,7.487,40556057.0,3.639,7.372,1.052,0.822,2.324,0,交易,3.2216006884681585,8.776155717761558,5654776.491912995,0.9791472971178111,0.9525833444016469,0.9846400427407506
2015-12-03,601117.SH,7.434,7.519,7.361,7.466,43441354.0,-0.281,7.454,1.052,0.881,2.489,0,交易,2.9995982322217762,8.438138479001136,5901556.038581715,0.9913552334086979,0.9789865673626812,0.9983927136351459
2015-12-04,601117.SH,7.413,7.466,7.256,7.298,35267134.0,-2.254,7.365,1.052,0.715,2.021,0,交易,3.611083621969322,10.36783216783217,4860409.8676957,0.9864720064291455,0.9718724886150549,1.0091805974239518
2015-12-07,601117.SH,7.319,7.371,7.245,7.308,15759014.000000002,0.144,7.31,1.052,0.319,0.903,0,交易,8.093023255813954,22.943573667711597,2175157.2118702554,0.9917243250576583,0.9829059829059829,1.0002736726874657
2015-12-08,601117.SH,7.277,7.413,7.182,7.214,23105640.0,-1.295,7.303,1.052,0.468,1.324,0,交易,5.448640483383686,15.549145299145298,3217159.565580618,0.9851612032915149,0.9688385269121813,1.0123371222622677
2015-12-09,601117.SH,7.172,7.256,7.129,7.161,14506719.0,-0.729,7.188,1.052,0.294,0.831,0,交易,8.617328519855596,24.39455782312925,2034888.3433861693,0.9906284454244763,0.9824972436604189,1.0037704231252618
2015-12-10,601117.SH,7.14,7.224,7.035,7.077,18248483.0,-1.175,7.139,1.052,0.37,1.046,0,交易,6.7657743785850855,19.2972972972973,2593956.3610518835,0.988233665559247,0.9738372093023255,1.0087607743394094
2015-12-11,601117.SH,7.066,7.066,6.898,6.993,20674625.0,-1.189,6.976,1.052,0.419,1.185,0,交易,5.9012658227848105,16.863961813842483,2997191.2148448825,0.9872629493348429,0.9762241720917068,0.9975689975689975
2015-12-14,601117.SH,6.94,7.235,6.919,7.224,25900774.0,3.308,7.088,1.052,0.525,1.484,0,交易,4.867924528301887,13.21904761904762,3743427.3738979623,0.9796821008984105,0.956323427781617,0.9811738648947951
2015-12-15,601117.SH,7.35,7.413,7.161,7.214,36071701.0,-0.146,7.303,1.052,0.731,2.067,0,交易,3.490082244799226,10.054719562243502,5037243.541404832,0.9851612032915149,0.9660056657223796,1.0123371222622677
2015-12-16,601117.SH,7.235,7.319,7.203,7.224,19095835.0,0.146,7.251,1.052,0.387,1.094,0,交易,6.603290676416819,18.695090439276488,2651094.6827710676,0.9907091132668397,0.9841508402787267,1.0037375415282392
2015-12-17,601117.SH,7.277,7.392,7.235,7.361,30412027.0,1.892,7.334,1.052,0.617,1.743,0,交易,4.223178427997705,11.794165316045381,4203459.156876296,0.9921536796536795,0.9787608225108225,0.9963320201059639
2015-12-18,601117.SH,7.34,7.392,7.256,7.308,24307613.0,-0.714,7.317,1.052,0.493,1.393,0,交易,5.2462311557788945,14.888438133874239,3350001.7916207276,0.9898538961038961,0.9816017316017316,1.001231527093596
2015-12-21,601117.SH,7.266,7.466,7.245,7.455,38280096.0,2.014,7.404,1.052,0.776,2.194,0,交易,3.3979033728350045,9.36340206185567,5283657.142857143,0.991695687114921,0.9703991427806054,0.993158953722334
2015-12-22,601117.SH,7.455,7.498,7.361,7.455,31461978.000000004,0.0,7.432,1.052,0.638,1.803,0,交易,4.13477537437604,11.684952978056426,4274144.545578047,0.9911976527073887,0.9817284609229128,0.996914822266935
2015-12-23,601117.SH,7.455,7.624,7.434,7.487,46788913.0,0.423,7.516,1.052,0.948,2.681,0,交易,2.7926146960089517,7.863924050632912,6293908.124831853,0.9858342077649528,0.9750786988457504,1.0038733805262454
2015-12-24,601117.SH,7.487,7.498,7.319,7.392,25126129.0,-1.264,7.386,1.052,0.509,1.44,0,交易,5.133333333333334,14.709233791748526,3433000.2732613743,0.9850626833822352,0.9761269671912509,0.9991883116883117
2015-12-25,601117.SH,7.392,7.466,7.35,7.445,18817388.0,0.711,7.406,1.052,0.381,1.078,0,交易,6.906307977736549,19.401574803149607,2560188.843537415,0.99196356817573,0.9844628984730779,0.9947615849563465
2015-12-28,601117.SH,7.466,7.476,7.214,7.224,35874465.0,-2.966,7.356,1.052,0.727,2.056,0,交易,3.5136186770428015,10.269601100412656,4972895.065151094,0.9839486356340289,0.9649545211342965,1.0182724252491695
2015-12-29,601117.SH,7.277,7.361,7.203,7.35,20439478.0,1.747,7.285,1.052,0.414,1.171,0,交易,6.2766865926558495,17.57729468599034,2837634.0413716505,0.9896753158538243,0.9785355250645293,0.9911564625850341
2015-12-30,601117.SH,7.35,7.403,7.298,7.361,18251961.0,0.143,7.357,1.052,0.37,1.046,0,交易,7.037284894837476,19.864864864864863,2500953.822965196,0.993786302850196,0.9858165608537081,0.999456595571254
2015-12-31,601117.SH,7.35,7.392,7.235,7.245,19689224.0,-1.571,7.31,1.052,0.399,1.128,0,交易,6.422872340425533,18.421052631578945,2721385.487214927,0.9889069264069263,0.9787608225108225,1.0089717046238784
2016-01-04,601117.SH,7.266,7.266,6.572,6.677,21877701.0,-7.837,7.017,1.052,0.443,1.254,0,交易,5.324561403508771,16.401805869074494,3328925.897748022,0.9657308009909167,0.9044866501513901,1.0509210723378763
2016-01-05,601117.SH,6.604,6.877,6.53,6.751,27942728.000000004,1.102,6.707,1.052,0.566,1.601,0,交易,4.216739537788882,11.667844522968199,4279131.393568147,0.9752799185691435,0.9495419514323107,0.9934824470448822
2016-01-06,601117.SH,6.751,6.972,6.709,6.961,28753515.000000004,3.115,6.877,1.052,0.583,1.648,0,交易,4.223907766990291,11.579759862778731,4285812.341630646,0.9863740676993689,0.9622776821572001,0.9879327682804194
2016-01-07,601117.SH,6.846,6.867,6.404,6.435,6735900.0,-7.553,6.676,1.052,0.137,0.386,0,交易,16.670984455958546,49.97080291970803,1051826.9831355403,0.9721858162225135,0.9325760885393913,1.0374514374514376
2016-01-08,601117.SH,6.625,6.793,6.383,6.635,27318176.0,3.105,6.602,1.052,0.554,1.565,0,交易,4.23961661341853,11.958483754512635,4279833.3072223095,0.9718828205505667,0.9396437509200648,0.9950263752825924
2016-01-11,601117.SH,6.583,6.761,6.32,6.341,27498117.0,-4.437,6.554,1.052,0.557,1.576,0,交易,4.023477157360406,11.81867145421903,4350967.879746836,0.9693832273332348,0.9347729625795,1.0335909162592651
2016-01-12,601117.SH,6.351,6.488,6.309,6.425,17529850.0,1.327,6.401,1.052,0.355,1.005,0,交易,6.3930348258706475,17.890140845070423,2778546.52084324,0.9865906288532674,0.972410604192355,0.9962645914396887
2016-01-13,601117.SH,6.456,6.488,6.278,6.299,17749309.0,-1.964,6.4,1.052,0.36,1.017,0,交易,6.193706981317602,17.933333333333334,2827223.4788149092,0.9864364981504316,0.9676325524044388,1.0160342911573266
2016-01-14,601117.SH,6.173,6.435,6.099,6.393,24542914.0,1.503,6.266,1.052,0.498,1.406,0,交易,4.546941678520626,12.39558232931727,4024088.211182161,0.9737373737373738,0.9477855477855479,0.9801345221335837
2016-01-15,601117.SH,6.362,6.372,6.046,6.078,23102534.0,-4.934,6.198,1.052,0.468,1.324,0,交易,4.590634441087613,13.594017094017094,3821127.0261329804,0.972693032015066,0.9488386691776522,1.0197433366238895
2016-01-18,601117.SH,5.994,6.183,5.899,6.088,14671988.0,0.173,6.073,1.052,0.297,0.841,0,交易,7.239001189060643,20.181818181818183,2487199.186302763,0.9822092835193272,0.9540676047226266,0.9975361366622865
2016-01-19,601117.SH,6.057,6.52,6.057,6.456,40573041.0,6.045,6.374,1.052,0.822,2.325,0,交易,2.776774193548387,7.368613138686133,6698537.394749876,0.9776073619631902,0.9289877300613498,0.9872986369268896
2016-01-20,601117.SH,6.404,6.456,6.225,6.288,31559371.999999996,-2.606,6.355,1.052,0.64,1.808,0,交易,3.47787610619469,10.00625,5069778.634538152,0.9843556381660471,0.9642193308550184,1.0106552162849873
2016-01-21,601117.SH,6.194,6.362,5.983,6.004,25822614.0,-4.515,6.17,1.052,0.523,1.48,0,交易,4.056756756756757,11.84321223709369,4315997.660036772,0.9698208110657026,0.9404275385099025,1.0276482345103266
2016-01-22,601117.SH,6.099,6.246,6.004,6.141,16325371.0,2.277,6.12,1.052,0.331,0.936,0,交易,6.560897435897435,18.425981873111784,2719082.4450366423,0.9798270893371758,0.9612552033301311,0.9965803615046409
2016-01-25,601117.SH,6.204,6.215,6.141,6.194,12917037.0,0.856,6.179,1.052,0.262,0.74,0,交易,8.37027027027027,23.679389312977097,2103409.379579873,0.9942075623491553,0.988093322606597,0.9975783015821763
2016-01-26,601117.SH,6.099,6.131,5.647,5.71,22419836.0,-7.81,5.936,1.052,0.454,1.285,0,交易,4.443579766536965,13.433920704845814,3970220.648131751,0.9681944217908987,0.9210569238297178,1.0395796847635728
2016-01-27,601117.SH,5.741,5.805,5.415,5.668,21169295.0,-0.737,5.656,1.052,0.429,1.213,0,交易,4.672712283594394,13.382284382284382,3909380.4247460756,0.9743324720068907,0.9328165374677003,0.9978828510938602
2016-01-28,601117.SH,5.605,5.752,5.521,5.531,15352729.999999998,-2.412,5.643,1.052,0.311,0.88,0,交易,6.285227272727273,18.02250803858521,2780787.900742619,0.9810500695410292,0.9598400556328234,1.0202495028023866
2016-01-29,601117.SH,5.563,5.752,5.479,5.71,16646835.0,3.232,5.677,1.052,0.337,0.954,0,交易,5.985324947589099,16.50741839762611,3038298.0470888847,0.9869610570236439,0.952538247566064,0.9942206654991242
2016-02-01,601117.SH,5.71,5.71,5.531,5.605,13160671.0,-1.842,5.619,1.052,0.267,0.754,0,交易,7.433687002652521,21.38576779026217,2379437.8954981016,0.984063047285464,0.9686514886164623,1.0024977698483495
2016-02-02,601117.SH,5.605,5.773,5.605,5.741,14135870.000000002,2.439,5.717,1.052,0.287,0.81,0,交易,7.087654320987653,19.52961672473868,2522010.7047279216,0.9902996708816906,0.9708990126450721,0.9958195436335133
2016-02-03,601117.SH,5.678,6.036,5.626,5.941,29393520.0,3.48,5.833,1.052,0.596,1.684,0,交易,3.5279097387173395,9.526845637583893,5224585.851404195,0.9663684559310802,0.9320742213386349,0.9818212422151154
2016-02-04,601117.SH,5.91,5.973,5.783,5.931,21644409.0,-0.177,5.91,1.052,0.439,1.24,0,交易,4.783064516129032,13.4624145785877,3742764.8279439737,0.9894525364138624,0.9681901891846644,0.9964592817400101
2016-02-05,601117.SH,5.91,5.931,5.815,5.826,14126801.999999998,-1.773,5.876,1.052,0.286,0.81,0,交易,7.192592592592591,20.664335664335667,2429372.6569217537,0.9907266902714551,0.9804417467543417,1.0085822176450396
2016-02-15,601117.SH,5.657,5.783,5.605,5.741,14084010.999999998,-1.444,5.672,1.052,0.286,0.807,0,交易,7.114002478314745,19.77972027972028,2512758.4299732377,0.9808058101331488,0.9692201279612658,0.9879811879463508
2016-02-16,601117.SH,5.752,5.952,5.752,5.92,19605748.0,3.114,5.889,1.052,0.397,1.123,0,交易,5.271593944790739,14.48866498740554,3408509.7357440894,0.9894153225806452,0.9663978494623655,0.9947635135135136
2016-02-17,601117.SH,5.91,6.109,5.878,6.015,28844438.0,1.599,6.002,1.052,0.585,1.653,0,交易,3.6388384754990923,10.102564102564104,4907185.777475332,0.982484858405631,0.9621869373056147,0.9978387364921031
2016-02-18,601117.SH,6.025,6.088,5.973,5.994,24713370.0,-0.35,6.032,1.052,0.501,1.416,0,交易,4.233050847457627,12.025948103792416,4137513.8121546963,0.9908015768725361,0.9811103810775296,1.0063396730063396
2016-02-19,601117.SH,6.025,6.078,5.952,6.036,19822297.0,0.702,6.031,1.052,0.402,1.136,0,交易,5.313380281690141,14.987562189054726,3330359.0389784947,0.9922671931556432,0.979269496544916,0.9991716368455932
2016-02-22,601117.SH,6.067,6.194,6.036,6.152,30457986.0,1.916,6.127,1.052,0.617,1.745,0,交易,3.5255014326647562,9.833063209076176,5046054.671968191,0.9891830804003875,0.974491443332257,0.9959362808842652
2016-02-23,601117.SH,6.162,6.173,5.983,6.057,31045556.0,-1.538,6.056,1.052,0.629,1.779,0,交易,3.404721753794267,9.796502384737678,5188961.390606719,0.9810464927911874,0.9692208002591932,0.999834901766551
2016-02-24,601117.SH,6.015,6.141,5.973,6.131,24571534.0,1.215,6.067,1.052,0.498,1.408,0,交易,4.354403409090909,12.078313253012048,4113767.6209609914,0.9879498453020681,0.9726428920371275,0.9895612461262436
2016-02-25,601117.SH,6.099,6.131,5.594,5.657,31471645.0,-7.719,5.886,1.052,0.638,1.803,0,交易,3.137548530227399,9.559561128526646,5625964.426170897,0.9600391453270266,0.9124123307780134,1.040480820222733
2016-02-26,601117.SH,5.699,5.805,5.605,5.741,20622863.0,1.487,5.708,1.052,0.418,1.182,0,交易,4.857021996615905,13.633971291866029,3679368.9562890274,0.9832902670111974,0.9655469422911285,0.9942518724960809
2016-02-29,601117.SH,5.72,5.731,5.426,5.521,27210148.0,-3.846,5.503,1.052,0.552,1.559,0,交易,3.5413726747915333,10.362318840579709,5014771.102100995,0.960216367126156,0.9467806665503403,0.9967397210650245
2016-03-01,601117.SH,5.542,5.657,5.489,5.615,16953962.0,1.714,5.573,1.052,0.344,0.972,0,交易,5.776748971193416,16.11046511627907,3088715.977409364,0.9851511401803077,0.9703022803606152,0.992520035618878
2016-03-02,601117.SH,5.626,5.899,5.605,5.889,32104094.0,4.869,5.776,1.052,0.651,1.84,0,交易,3.2005434782608697,8.642089093701998,5727759.857270294,0.9791490083064925,0.9501610442447873,0.9808116827984377
2016-03-03,601117.SH,5.878,5.983,5.847,5.931,32224352.0,0.714,5.919,1.052,0.653,1.847,0,交易,3.2111532214401732,9.001531393568147,5511262.52779203,0.9893030252381748,0.9772689286311217,0.9979767324228629
2016-03-04,601117.SH,5.889,6.067,5.868,6.046,47967944.0,1.95,5.992,1.052,0.972,2.749,0,交易,2.199345216442343,6.0586419753086425,8174496.250852078,0.9876380418658315,0.9671996044173398,0.9910684750248098
2016-03-07,601117.SH,6.12,6.162,6.015,6.067,29299030.0,0.348,6.093,1.052,0.594,1.679,0,交易,3.6134603930911258,10.303030303030305,4870994.181213633,0.9888023369036028,0.9761441090555014,1.004285478819845
2016-03-08,601117.SH,5.91,6.067,5.868,6.046,24740399.0,-0.347,5.945,1.052,0.502,1.418,0,交易,4.263751763046545,11.772908366533866,4216155.248807089,0.9798912147684193,0.9671996044173398,0.9832947403241813
2016-03-09,601117.SH,5.941,5.994,5.847,5.983,19304040.0,-1.043,5.92,1.052,0.391,1.106,0,交易,5.409584086799276,15.194373401534525,3301528.9892252437,0.9876543209876544,0.9754754754754755,0.9894701654688284
2016-03-10,601117.SH,5.973,5.994,5.773,5.805,12059703.0,-2.988,5.886,1.052,0.244,0.691,0,交易,8.400868306801737,24.479508196721312,2088983.7173046945,0.981981981981982,0.9631297964631298,1.013953488372093
2016-03-11,601117.SH,5.72,5.847,5.72,5.815,9832979.0,0.181,5.784,1.052,0.199,0.563,0,交易,10.32859680284192,28.74371859296482,1719052.2727272727,0.9892252437147254,0.9782794595519069,0.9946689595872742
2016-03-14,601117.SH,5.857,6.015,5.847,5.952,16036889.000000002,2.351,5.958,1.052,0.325,0.919,0,交易,6.476605005440696,18.021538461538462,2742755.088079357,0.9905236907730675,0.9720698254364091,1.001008064516129
2016-03-15,601117.SH,5.952,6.099,5.889,6.088,27590009.999999996,2.297,6.014,1.052,0.559,1.581,0,交易,3.8507273877292856,10.647584973166367,4685007.641365256,0.9860632890637809,0.9655681259222824,0.9878449408672799
2016-03-16,601117.SH,6.078,6.12,6.025,6.057,26823246.000000004,-0.518,6.085,1.052,0.544,1.537,0,交易,3.9407937540663633,11.172794117647058,4451991.037344399,0.994281045751634,0.9844771241830066,1.0046227505365692
2016-03-17,601117.SH,6.057,6.141,6.004,6.099,22317664.0,0.694,6.091,1.052,0.452,1.279,0,交易,4.768569194683347,13.400442477876107,3717132.578281146,0.9918580035824784,0.9776909298159908,0.998688309558944
2016-03-18,601117.SH,6.12,6.225,6.099,6.141,51859960.0,0.69,6.153,1.052,1.051,2.972,0,交易,2.06628532974428,5.82302568981922,8503026.725692736,0.9884337349397591,0.9797590361445784,1.001954079140205
2016-03-21,601117.SH,6.183,6.383,6.152,6.267,49523168.0,2.055,6.255,1.052,1.004,2.838,0,交易,2.2082452431289643,6.158366533864542,8049929.77893368,0.9799467335108882,0.9638101206329313,0.9980852082336045
2016-03-22,601117.SH,6.246,6.278,6.173,6.204,26623221.000000004,-1.007,6.224,1.052,0.54,1.526,0,交易,4.065530799475753,11.566666666666666,4312849.667908635,0.9913985345651483,0.9832749283211214,1.003223726627982
2016-03-23,601117.SH,6.194,6.225,6.141,6.215,19963807.0,0.169,6.186,1.052,0.405,1.144,0,交易,5.432692307692308,15.293827160493827,3250904.9014818436,0.9937349397590362,0.9865060240963855,0.9953338696701529
2016-03-24,601117.SH,6.162,6.183,6.078,6.099,19264975.0,-1.861,6.138,1.052,0.391,1.104,0,交易,5.52445652173913,15.759590792838875,3169624.05396512,0.992721979621543,0.9830179524502669,1.0063944909001474
2016-03-25,601117.SH,6.088,6.162,6.078,6.131,12296057.0,0.517,6.116,1.052,0.249,0.705,0,交易,8.696453900709221,24.44979919678715,2023043.2708127673,0.9925348912690685,0.9863680623174295,0.9975534170608382
2016-03-28,601117.SH,6.141,6.215,6.067,6.078,17311941.0,-0.858,6.146,1.052,0.351,0.992,0,交易,6.127016129032258,17.495726495726498,2853459.864842591,0.988897827835881,0.976186645213194,1.0111878907535372
2016-03-29,601117.SH,6.088,6.099,5.941,5.994,14247898.000000002,-1.384,6.041,1.052,0.289,0.816,0,交易,7.345588235294118,21.06574394463668,2398232.2841272517,0.9904902443023447,0.9740941137891457,1.0078411745078413
2016-03-30,601117.SH,6.046,6.183,6.004,6.173,22894906.0,2.982,6.119,1.052,0.464,1.312,0,交易,4.705030487804878,13.030172413793103,3813275.4830113263,0.9896490376839722,0.9710496522723596,0.9912522274420864
2016-03-31,601117.SH,6.183,6.246,6.141,6.183,21532673.0,0.17,6.19,1.052,0.437,1.234,0,交易,5.010534846029174,14.1487414187643,3506378.9285132713,0.9910342619276337,0.983189241114313,1.0011321365033157
2016-04-01,601117.SH,6.173,6.257,6.067,6.246,32661677.0,1.02,6.171,1.052,0.662,1.872,0,交易,3.3365384615384617,9.324773413897281,5383497.115543102,0.9862553939587663,0.9696340099089021,0.9879923150816522
2016-04-05,601117.SH,6.236,6.393,6.183,6.32,46255721.0,1.178,6.31,1.052,0.938,2.651,0,交易,2.384006035458318,6.6481876332622605,7481112.89018276,0.9870170498983263,0.9671515720319099,0.9984177215189872
2016-04-06,601117.SH,6.278,6.372,6.267,6.288,21984858.0,-0.499,6.306,1.052,0.446,1.26,0,交易,4.9904761904761905,14.076233183856502,3508035.423647678,0.9896421845574388,0.9835216572504709,1.0028625954198473
2016-04-07,601117.SH,6.309,6.33,6.183,6.194,24728133.0,-1.505,6.241,1.052,0.501,1.417,0,交易,4.3712067748765,12.592814371257486,3999374.5754488115,0.9859399684044233,0.976777251184834,1.0075879883758476
2016-04-08,601117.SH,6.152,6.183,6.078,6.152,16570257.0,-0.679,6.129,1.052,0.336,0.95,0,交易,6.475789473684211,18.30952380952381,2726268.0157946693,0.9912663755458515,0.9830179524502669,0.9962613784135239
2016-04-11,601117.SH,6.194,6.278,6.162,6.257,21493166.0,1.709,6.241,1.052,0.436,1.232,0,交易,5.078733766233766,14.206422018348624,3488017.8513469654,0.994106403313157,0.9815227779547627,0.9974428639923286
2016-04-12,601117.SH,6.236,6.246,6.152,6.215,16154159.0,-0.672,6.197,1.052,0.327,0.926,0,交易,6.711663066954643,19.07033639143731,2625838.589076723,0.9921549791866794,0.9849503682356708,0.9971037811745777
2016-04-13,601117.SH,6.236,6.383,6.225,6.278,42194608.0,1.015,6.32,1.052,0.855,2.418,0,交易,2.596360628618693,7.2935672514619885,6778250.281124499,0.9901300328998903,0.9752467491775026,1.0066900286715517
2016-04-14,601117.SH,6.341,6.383,6.278,6.341,25762582.0,1.005,6.331,1.052,0.522,1.476,0,交易,4.296070460704607,12.147509578544062,4103628.8626951263,0.9918533604887985,0.9835500548331505,0.9984229616779688
2016-04-15,601117.SH,6.33,6.362,6.267,6.309,16530739.000000002,-0.498,6.306,1.052,0.335,0.947,0,交易,6.6620908130939815,18.8955223880597,2637743.5774692837,0.9911977365608299,0.9850675888085508,0.9995244888254874
2016-04-18,601117.SH,6.278,6.278,6.173,6.194,20686005.0,-1.833,6.208,1.052,0.419,1.185,0,交易,5.227004219409283,14.983293556085918,3351045.682812247,0.988849952214081,0.9832749283211214,1.0022602518566355
2016-04-19,601117.SH,6.215,6.257,6.194,6.246,12493442.0,0.849,6.219,1.052,0.253,0.716,0,交易,8.723463687150838,24.565217391304348,2017023.248304811,0.9939268019817805,0.9899312769697939,0.9956772334293947
2016-04-25,601117.SH,6.036,6.036,5.826,5.931,26199874.0,-5.051,5.932,1.052,0.531,1.501,0,交易,3.951365756162559,11.367231638418078,4497060.418812221,0.9827700463883368,0.9652087475149106,1.000168605631428
2016-04-26,601117.SH,5.92,5.952,5.868,5.931,11352451.0,0.0,5.907,1.052,0.23,0.651,0,交易,9.110599078341014,25.739130434782606,1934637.1847307428,0.9924395161290323,0.9858870967741936,0.9959534648457259
2016-04-27,601117.SH,5.92,5.952,5.889,5.889,11609978.0,-0.709,5.914,1.052,0.235,0.665,0,交易,8.85563909774436,25.19148936170213,1971468.5005943284,0.9936155913978494,0.9894153225806452,1.0042452029206994
2016-04-28,601117.SH,5.889,5.91,5.762,5.826,12975455.0,-1.071,5.839,1.052,0.263,0.744,0,交易,7.830645161290322,22.39163498098859,2251901.249566123,0.9879864636209814,0.9749576988155667,1.0022313765877104
2016-04-29,601117.SH,5.826,5.857,5.794,5.836,9268726.0,0.181,5.834,1.052,0.188,0.531,0,交易,10.990583804143126,30.989361702127656,1599711.0804280292,0.9960730749530475,0.9892436400887825,0.9996572995202192
2016-05-03,601117.SH,5.847,5.983,5.815,5.962,15222447.0,2.162,5.93,1.052,0.309,0.872,0,交易,6.837155963302752,18.92233009708738,2617789.6818572655,0.9911415677753636,0.971920441250209,0.9946326735994633
2016-05-04,601117.SH,5.931,6.078,5.92,6.015,15795804.999999998,0.882,6.001,1.052,0.32,0.905,0,交易,6.646408839779005,18.534375,2668210.304054054,0.987331358999671,0.9740046067785455,0.9976724854530342
2016-05-05,601117.SH,6.015,6.046,5.91,5.983,15546920.000000002,-0.524,5.975,1.052,0.315,0.891,0,交易,6.714927048260381,19.095238095238095,2630612.5211505922,0.9882566986437313,0.9775057889513727,0.9986628781547718
2016-05-06,601117.SH,5.952,5.983,5.794,5.805,16230782.999999998,-2.988,5.881,1.052,0.329,0.93,0,交易,6.241935483870967,18.091185410334347,2801308.7676907144,0.9829516964733412,0.968410496406485,1.0130921619293713
2016-05-09,601117.SH,5.762,5.783,5.636,5.668,15284713.0,-2.355,5.699,1.052,0.31,0.876,0,交易,6.470319634703197,18.587096774193547,2711978.8857345637,0.9854746671277883,0.9745806674736296,1.0054693013408609
2016-05-10,601117.SH,5.668,5.762,5.647,5.689,9830590.0,0.371,5.693,1.052,0.199,0.563,0,交易,10.10479573712256,28.482412060301506,1740851.7797060385,0.9880249913224575,0.9800416522040959,1.000703111267358
2016-05-11,601117.SH,5.72,5.773,5.657,5.71,10843897.0,0.37,5.71,1.052,0.22,0.621,0,交易,9.194847020933977,26.0,1916898.8863355136,0.989087129741902,0.9799064611120735,1.0
2016-05-12,601117.SH,5.678,5.689,5.584,5.657,10995261.0,-0.921,5.635,1.052,0.223,0.63,0,交易,8.97936507936508,25.46188340807175,1969065.365329513,0.9905079978906661,0.9815433292318508,0.9961110129043662
2016-05-13,601117.SH,5.636,5.699,5.594,5.615,15910888.0,-0.743,5.637,1.052,0.323,0.912,0,交易,6.156798245614035,17.44891640866873,2844277.4401144083,0.9891208984032286,0.981575715037726,1.0039180765805875
2016-05-16,601117.SH,5.584,5.657,5.563,5.647,10439113.0,0.562,5.615,1.052,0.212,0.598,0,交易,9.443143812709032,26.339622641509433,1876525.7954341185,0.9925755700901538,0.9833834187732012,0.9943332743049407
2016-05-17,601117.SH,5.657,5.678,5.615,5.636,7888038.0,-0.186,5.647,1.052,0.16,0.452,0,交易,12.469026548672566,35.35625,1404815.3161175423,0.994540331102501,0.9889045438534696,1.0019517388218595
2016-05-18,601117.SH,5.626,5.626,5.5,5.573,13641449.0,-1.119,5.553,1.052,0.277,0.782,0,交易,7.126598465473146,20.310469314079423,2480263.4545454546,0.987024528972627,0.9776039815143974,0.9964112686165439
2016-05-19,601117.SH,5.552,5.626,5.552,5.563,6358704.0,-0.189,5.591,1.052,0.129,0.364,0,交易,15.282967032967033,43.03875968992248,1145299.711815562,0.9937788837539993,0.9868467827941698,1.0050332554377135
2016-05-20,601117.SH,5.552,5.636,5.521,5.626,7234287.0,1.134,5.594,1.052,0.147,0.415,0,交易,13.556626506024099,37.7687074829932,1310321.861981525,0.9925479063165366,0.9795954577714691,0.9943121222893708
2016-05-23,601117.SH,5.626,5.678,5.615,5.657,8652109.0,0.561,5.653,1.052,0.175,0.496,0,交易,11.405241935483872,32.14857142857143,1540892.0747996438,0.9955970412116942,0.9889045438534696,0.9992929114371574
2016-05-24,601117.SH,5.657,5.657,5.573,5.636,8194157.000000001,-0.372,5.61,1.052,0.166,0.47,0,交易,11.99148936170213,34.07831325301205,1470331.4193432622,0.9916917093866007,0.9851511401803077,0.9953867991483322
2016-05-25,601117.SH,5.657,5.678,5.605,5.615,6278754.0,-0.373,5.643,1.052,0.127,0.36,0,交易,15.597222222222223,44.54330708661417,1120205.8876003567,0.993835857696372,0.9871433603381473,1.004986642920748
2016-05-26,601117.SH,5.626,5.657,5.542,5.594,9968065.0,-0.375,5.588,1.052,0.202,0.571,0,交易,9.796847635726797,27.85148514851485,1798640.3825333815,0.987802722290967,0.9796712038182782,0.9989274222381123
2016-05-27,601117.SH,5.594,5.605,5.531,5.573,7322895.0,-0.376,5.57,1.052,0.148,0.42,0,交易,13.26904761904762,37.7972972972973,1323973.0609293077,0.9937555753791257,0.9867975022301515,0.9994616902924816
2016-05-30,601117.SH,5.552,5.584,5.479,5.573,6188868.0,0.0,5.545,1.052,0.125,0.355,0,交易,15.698591549295777,44.416,1129561.5988319037,0.993015759312321,0.9811962750716333,0.9949757760631616
2016-05-31,601117.SH,5.552,5.762,5.552,5.752,22069981.0,3.208,5.698,1.052,0.447,1.265,0,交易,4.54703557312253,12.420581655480984,3975140.670028819,0.9888927455744535,0.9635543214161749,0.9906119610570238
2016-06-01,601117.SH,5.741,5.783,5.71,5.752,14407046.0,0.0,5.742,1.052,0.292,0.826,0,交易,6.963680387409201,19.660958904109588,2523125.394045534,0.9929102541933252,0.9873767940515302,0.9982614742698193
2016-06-02,601117.SH,5.731,5.762,5.71,5.752,12077932.0,0.0,5.743,1.052,0.245,0.692,0,交易,8.3121387283237,23.39183673469388,2115224.5183887915,0.9967025338424159,0.9909753557792433,0.9984353268428374
2016-06-03,601117.SH,5.762,5.857,5.731,5.826,17913326.0,1.28,5.804,1.052,0.363,1.027,0,交易,5.672833495618306,15.873278236914599,3125689.4084801953,0.9909509988048489,0.9784872801775653,0.9962238242361827
2016-06-06,601117.SH,5.815,5.868,5.794,5.857,12315278.0,0.542,5.822,1.052,0.25,0.706,0,交易,8.296033994334278,23.26,2125522.609596134,0.9921608725289707,0.9873892297205179,0.9940242444937681
2016-06-07,601117.SH,5.857,5.878,5.815,5.847,10854199.0,-0.18,5.842,1.052,0.22,0.622,0,交易,9.40032154340836,26.622727272727275,1866586.2424763541,0.9938754678462061,0.9892820687308609,0.9991448606122797
2016-06-08,601117.SH,5.836,5.836,5.773,5.805,10671536.0,-0.719,5.801,1.052,0.216,0.612,0,交易,9.485294117647058,27.01851851851852,1848525.2035336914,0.9940027416038382,0.9892049348869087,0.9993109388458227
2016-06-13,601117.SH,5.741,5.794,5.563,5.573,14134772.0,-3.986,5.701,1.052,0.287,0.81,0,交易,6.880246913580247,20.00348432055749,2540854.2153514293,0.9839489126682776,0.9601311701760442,1.0229678808541178
2016-06-14,601117.SH,5.573,5.615,5.542,5.573,10636725.0,0.0,5.568,1.052,0.216,0.61,0,交易,9.136065573770493,25.800925925925927,1919293.5763262361,0.9916295636687443,0.9869991095280498,0.9991028171541358
2016-06-15,601117.SH,5.531,5.678,5.51,5.657,11392350.0,1.509,5.62,1.052,0.231,0.653,0,交易,8.663093415007657,23.943722943722943,2067577.1324863886,0.9897851356111307,0.9704121169425854,0.9934594307937069
2016-06-16,601117.SH,5.647,5.668,5.605,5.626,7825641.0,-0.558,5.637,1.052,0.159,0.448,0,交易,12.558035714285715,35.515723270440255,1396189.2952720784,0.9945306986591389,0.9888849682427665,1.0019552079630287
2016-06-17,601117.SH,5.615,5.689,5.605,5.678,11370372.0,0.935,5.659,1.052,0.23,0.652,0,交易,8.708588957055214,24.41304347826087,2028612.3104371096,0.9947266654948145,0.9852346633854808,0.9966537513208876
2016-06-20,601117.SH,5.689,5.699,5.636,5.657,7173066.0,-0.37,5.653,1.052,0.145,0.411,0,交易,13.763990267639903,39.23448275862069,1272722.853087296,0.991928408492718,0.9889454290226356,0.9992929114371574
2016-06-21,601117.SH,5.71,5.794,5.689,5.699,17609628.0,0.743,5.752,1.052,0.357,1.009,0,交易,5.648166501486621,15.994397759103641,3095381.965195992,0.9927511218501899,0.9818778046254747,1.0092998771714337
2016-06-22,601117.SH,5.699,5.741,5.668,5.741,6432214.0,0.738,5.709,1.052,0.13,0.369,0,交易,15.558265582655826,43.83846153846154,1134829.5695130557,0.9944260581780178,0.9872844452186031,0.9944260581780178
2016-06-23,601117.SH,5.731,5.741,5.689,5.72,5999893.0,-0.366,5.711,1.052,0.122,0.344,0,交易,16.627906976744185,46.97540983606557,1054648.0928106874,0.9947744295418918,0.990942344539279,0.9984265734265735
2016-06-24,601117.SH,5.731,5.783,5.584,5.626,11454149.0,-1.654,5.668,1.052,0.232,0.656,0,交易,8.576219512195122,24.70258620689655,2051244.448424069,0.9801141276154245,0.9655887947432127,1.007465339495201
2016-06-27,601117.SH,5.605,5.752,5.605,5.741,9827016.0,2.056,5.704,1.052,0.199,0.563,0,交易,10.197158081705151,28.165829145728644,1753258.876003568,0.9916550764951321,0.9744436717663423,0.993555129768333
2016-06-28,601117.SH,5.72,5.794,5.699,5.794,10423069.0,0.916,5.753,1.052,0.211,0.597,0,交易,9.705192629815745,27.10900473933649,1828929.4613090015,0.9929237141870901,0.983603727994477,0.9929237141870901
2016-06-29,601117.SH,5.783,5.952,5.773,5.857,18838135.0,1.089,5.88,1.052,0.382,1.08,0,交易,5.423148148148148,15.138743455497384,3263144.8120561233,0.9879032258064516,0.9699260752688171,1.0039269250469522
2016-06-30,601117.SH,5.847,5.857,5.794,5.815,12070660.0,-0.718,5.818,1.052,0.245,0.692,0,交易,8.403179190751446,23.86530612244898,2083303.4173282709,0.9933413010073415,0.9892436400887825,1.0005159071367153
2016-07-01,601117.SH,5.815,5.857,5.783,5.783,10245522.0,-0.542,5.82,1.052,0.208,0.587,0,交易,9.851788756388418,27.956730769230774,1771662.1130900916,0.9936827727505549,0.9873655455011098,1.0063980632889504
2016-07-04,601117.SH,5.762,5.952,5.752,5.92,18588002.0,2.364,5.892,1.052,0.377,1.065,0,交易,5.55868544600939,15.283819628647214,3231571.9749652296,0.9899193548387097,0.9663978494623655,0.9952702702702704
2016-07-05,601117.SH,5.941,6.12,5.91,5.994,30646842.0,1.243,6.01,1.052,0.621,1.756,0,交易,3.4134396355353074,9.566827697262479,5185590.862944162,0.9820261437908496,0.9656862745098039,1.0026693360026693
2016-07-06,601117.SH,5.962,5.994,5.92,5.952,18312849.0,-0.702,5.949,1.052,0.371,1.049,0,交易,5.673975214489991,16.070080862533693,3093386.6554054054,0.9924924924924925,0.9876543209876544,0.9994959677419355
2016-07-07,601117.SH,5.973,5.994,5.941,5.983,13700102.0,0.53,5.963,1.052,0.278,0.785,0,交易,7.621656050955413,21.485611510791365,2306026.2582056895,0.9948281614948282,0.9911578244911579,0.9966571953869297
2016-07-08,601117.SH,5.994,6.004,5.941,5.994,12076368.0,0.176,5.965,1.052,0.245,0.692,0,交易,8.66184971098266,24.46530612244898,2032716.3777141897,0.9935043304463691,0.9895069953364424,0.9951618284951619
2016-07-11,601117.SH,5.994,6.036,5.962,5.973,13772095.0,-0.351,6.004,1.052,0.279,0.789,0,交易,7.570342205323193,21.483870967741932,2309979.033881248,0.9946984758117959,0.987740225314778,1.0051900217646073
2016-07-12,601117.SH,5.952,6.12,5.941,6.099,20720825.0,2.113,6.024,1.052,0.42,1.187,0,交易,5.138163437236731,14.171428571428573,3487767.210907255,0.984313725490196,0.9707516339869281,0.9877029021151008
2016-07-13,601117.SH,6.099,6.183,6.088,6.109,23483076.0,0.172,6.131,1.052,0.476,1.346,0,交易,4.538632986627043,12.813025210084035,3857272.6675427067,0.9915898431182275,0.9846352903121462,1.003601244066132
2016-07-14,601117.SH,6.12,6.12,6.067,6.109,13778320.0,0.0,6.089,1.052,0.279,0.79,0,交易,7.732911392405063,21.93548387096774,2271026.866655678,0.9949346405228758,0.9913398692810458,0.996726141758062
2016-07-15,601117.SH,6.131,6.142,6.067,6.088,11594604.0,-0.35,6.098,1.068,0.235,0.664,0,交易,9.168674698795181,26.08936170212766,1911093.4564034943,0.9928362097036795,0.9877889938130902,1.0016425755584757
2016-07-18,601117.SH,6.077,6.12,6.056,6.077,9884033.0,-0.175,6.089,1.068,0.2,0.566,0,交易,10.736749116607776,30.384999999999998,1632105.8454425363,0.9949346405228758,0.9895424836601308,1.001974658548626
2016-07-19,601117.SH,6.067,6.099,6.024,6.067,7975837.0,-0.176,6.056,1.068,0.162,0.457,0,交易,13.275711159737417,37.45061728395062,1324010.1261620186,0.9929496638793245,0.9877029021151008,0.9981869128069886
2016-07-20,601117.SH,6.056,6.088,6.045,6.045,6455105.0,-0.352,6.066,1.068,0.131,0.37,0,交易,16.33783783783784,46.229007633587784,1067842.0181968568,0.9963863337713534,0.9929369250985545,1.0034739454094292
2016-07-21,601117.SH,6.045,6.12,6.045,6.088,8276465.0,0.707,6.086,1.068,0.168,0.474,0,交易,12.843881856540085,35.982142857142854,1369142.2663358147,0.9944444444444445,0.9877450980392156,0.9996714848883049
2016-07-22,601117.SH,6.067,6.077,5.992,6.013,10244787.0,-1.228,6.033,1.068,0.208,0.587,0,交易,10.243611584327088,29.168269230769234,1709744.1588785048,0.9927595853217048,0.986012835280566,1.0033261267254283
2016-07-25,601117.SH,6.003,6.045,6.003,6.024,8401390.0,0.178,6.021,1.068,0.17,0.481,0,交易,12.523908523908524,35.311764705882354,1399531.9007163085,0.996029776674938,0.9930521091811415,0.9995019920318725
2016-07-26,601117.SH,6.024,6.077,6.003,6.067,9890033.0,0.709,6.041,1.068,0.2,0.567,0,交易,10.700176366843035,30.119999999999997,1647515.0757954356,0.9940760243541221,0.98782293895014,0.995714521180155
2016-07-27,601117.SH,6.056,6.12,5.832,6.003,26257135.0,-1.056,5.987,1.068,0.532,1.505,0,交易,3.9887043189368776,11.38345864661654,4502252.229080933,0.9782679738562091,0.9529411764705882,0.9973346660003332
2016-07-28,601117.SH,5.96,6.024,5.939,5.971,11460597.0,-0.534,5.971,1.068,0.232,0.657,0,交易,9.0882800608828,25.68965517241379,1929718.3027445697,0.9912018592297477,0.9858897742363878,1.0
2016-07-29,601117.SH,5.971,6.109,5.939,6.045,25670047.0,1.252,6.051,1.068,0.52,1.471,0,交易,4.109449354180829,11.482692307692307,4322284.391311669,0.9905058110983794,0.972172204943526,1.0009925558312656
2016-08-01,601117.SH,6.013,6.045,5.907,5.949,11086150.0,-1.59,5.951,1.068,0.225,0.635,0,交易,9.368503937007874,26.724444444444444,1876781.7843236837,0.9844499586435069,0.9771712158808933,1.0003361909564632
2016-08-02,601117.SH,5.96,5.971,5.874,5.939,10182075.0,-0.18,5.924,1.068,0.206,0.583,0,交易,10.186963979416811,28.93203883495146,1733414.1981613892,0.9921286216714119,0.9837548149388712,0.9974743222764776
2016-08-03,601117.SH,5.917,5.949,5.896,5.928,9451068.0,-0.18,5.922,1.068,0.192,0.542,0,交易,10.937269372693725,30.817708333333332,1602962.6865671643,0.9954614220877458,0.9910909396537233,0.9989878542510121
2016-08-04,601117.SH,5.917,5.96,5.896,5.939,6947419.0,0.18,5.927,1.068,0.141,0.398,0,交易,14.922110552763819,41.9645390070922,1178327.5101763909,0.9944630872483221,0.9892617449664429,0.9979794578211819
2016-08-05,601117.SH,5.949,5.96,5.917,5.917,7317401.0,-0.36,5.936,1.068,0.148,0.419,0,交易,14.121718377088305,40.195945945945944,1236674.1592022986,0.9959731543624161,0.9927852348993288,1.003211086699341
2016-08-08,601117.SH,5.928,6.088,5.907,6.067,18175394.0,2.527,6.001,1.068,0.368,1.042,0,交易,5.822456813819578,16.108695652173914,3076924.665650923,0.9857095926412616,0.97026938239159,0.9891214768419317
2016-08-09,601117.SH,6.077,6.131,6.035,6.077,16476657.0,0.176,6.08,1.068,0.334,0.944,0,交易,6.4375,18.194610778443113,2730183.429991715,0.9916816180068504,0.9843418691893655,1.0004936646371565
2016-08-10,601117.SH,6.067,6.109,6.056,6.077,11278453.0,0.0,6.083,1.068,0.229,0.646,0,交易,9.407120743034055,26.49344978165939,1862360.1387054161,0.9957439842854805,0.9913242756588639,1.000987329274313
2016-08-11,601117.SH,6.056,6.12,5.971,5.992,15602286.0,-1.406,6.059,1.068,0.316,0.894,0,交易,6.702460850111857,19.164556962025316,2613010.550996483,0.9900326797385621,0.9756535947712418,1.011181575433912
2016-08-12,601117.SH,5.992,6.163,5.96,6.152,23107123.0,2.674,6.059,1.068,0.468,1.324,0,交易,4.646525679758308,12.803418803418802,3877034.0604026844,0.9831251014116501,0.9670614960246633,0.9848829648894668
2016-08-15,601117.SH,6.142,6.323,6.131,6.227,60569838.0,1.215,6.239,1.068,1.228,3.471,0,交易,1.794007490636704,5.001628664495114,9879275.485238949,0.9867151668511781,0.9696346670884074,1.0019270916974465
2016-08-16,601117.SH,6.238,6.344,6.206,6.259,36239201.0,0.515,6.275,1.068,0.735,2.077,0,交易,3.013480982185845,8.487074829931974,5839381.405091846,0.9891235813366961,0.9782471626733922,1.002556318900783
2016-08-17,601117.SH,6.238,6.27,6.206,6.238,17758174.0,-0.341,6.238,1.068,0.36,1.018,0,交易,6.12770137524558,17.32777777777778,2861452.465356107,0.9948963317384372,0.9897926634768741,1.0
2016-08-18,601117.SH,6.248,6.334,6.227,6.238,21362699.0,0.0,6.272,1.068,0.433,1.224,0,交易,5.0964052287581705,14.429561200923787,3430656.6564959045,0.9902115566782445,0.983107041364067,1.0054504648925937
2016-08-19,601117.SH,6.227,6.387,6.174,6.302,30283548.0,1.027,6.262,1.068,0.614,1.735,0,交易,3.6322766570605185,10.14169381107492,4905012.633624878,0.9804289963989353,0.9666510098637859,0.9936528086321803
2016-08-22,601117.SH,6.28,6.302,6.142,6.142,21582891.0,-2.542,6.213,1.068,0.438,1.237,0,交易,4.965238480194017,14.337899543378995,3513984.2070986647,0.9858774992066012,0.9746112345287211,1.011559752523608
2016-08-23,601117.SH,6.142,6.216,6.142,6.195,13384771.0,0.87,6.182,1.068,0.271,0.767,0,交易,8.076923076923077,22.66420664206642,2179220.2865516115,0.9945302445302445,0.9880952380952381,0.9979015334947539
2016-08-24,601117.SH,6.184,6.206,6.099,6.12,20266289.0,-1.207,6.131,1.068,0.411,1.161,0,交易,5.271317829457364,15.04622871046229,3322887.194622069,0.9879149210441508,0.9827586206896551,1.001797385620915
2016-08-25,601117.SH,6.109,6.12,6.024,6.077,16636611.0,-0.698,6.063,1.068,0.337,0.953,0,交易,6.376705141657923,18.12759643916914,2761721.613545817,0.9906862745098038,0.984313725490196,0.9976962316932697
2016-08-26,601117.SH,6.077,6.131,6.056,6.067,13629078.0,-0.176,6.094,1.068,0.276,0.781,0,交易,7.768245838668374,22.018115942028984,2250508.2562747686,0.9939650954167346,0.9877670853041918,1.0044503049283007
2016-08-29,601117.SH,6.067,6.216,6.056,6.12,23321319.0,0.88,6.136,1.068,0.473,1.336,0,交易,4.580838323353293,12.82663847780127,3850944.352708058,0.9871299871299871,0.9742599742599742,1.0026143790849673
2016-08-30,601117.SH,6.131,6.142,6.045,6.077,18086380.0,-0.698,6.086,1.068,0.367,1.036,0,交易,5.865830115830116,16.705722070844686,2991956.989247312,0.990882448713774,0.98420709866493,1.0014809939114695
2016-08-31,601117.SH,6.077,6.109,6.067,6.099,11444384.0,0.351,6.087,1.068,0.232,0.656,0,交易,9.297256097560975,26.193965517241377,1886333.2783912972,0.9963987559338681,0.99312489769193,0.9980324643384161
2016-09-01,601117.SH,6.099,6.12,6.045,6.056,13874281.0,-0.701,6.08,1.068,0.281,0.795,0,交易,7.617610062893082,21.70462633451957,2295166.418527709,0.9934640522875817,0.9877450980392156,1.0039630118890357
2016-09-02,601117.SH,6.035,6.099,6.035,6.067,16142988.0,0.176,6.072,1.068,0.327,0.925,0,交易,6.558918918918919,18.45565749235474,2674894.4490472246,0.9955730447614363,0.9895064764715527,1.0008241305422778
2016-09-05,601117.SH,6.109,6.142,6.067,6.088,10021533.0,0.352,6.101,1.068,0.203,0.574,0,交易,10.606271777003485,30.0935960591133,1651810.2851491675,0.9933246499511559,0.9877889938130902,1.0021353482260185
2016-09-06,601117.SH,6.099,6.12,6.035,6.12,13152831.0,0.526,6.084,1.068,0.267,0.754,0,交易,8.116710875331565,22.84269662921348,2179425.1864125933,0.9941176470588234,0.9861111111111112,0.9941176470588234
2016-09-07,601117.SH,6.12,6.216,6.109,6.152,24144677.0,0.524,6.173,1.068,0.489,1.384,0,交易,4.445086705202312,12.515337423312884,3952312.489769193,0.993082368082368,0.9827863577863577,1.003413524057217
2016-09-08,601117.SH,6.142,6.174,6.109,6.142,12117940.0,-0.174,6.136,1.068,0.246,0.694,0,交易,8.850144092219022,24.96747967479675,1983620.8872155836,0.9938451571104632,0.9894719792678975,0.9990231195050472
2016-09-09,601117.SH,6.152,6.184,6.088,6.088,14287385.0,-0.87,6.137,1.068,0.29,0.819,0,交易,7.433455433455434,21.21379310344828,2346810.9395532194,0.9923997412677877,0.9844760672703752,1.0080486202365309
2016-09-12,601117.SH,6.035,6.067,5.928,6.056,25449934.0,-0.526,6.0,1.068,0.516,1.458,0,交易,4.15363511659808,11.695736434108527,4293173.751686909,0.9889566507334762,0.9770891709246744,0.9907529722589168
2016-09-13,601117.SH,6.035,6.045,5.992,6.035,7956424.0,-0.353,6.016,1.068,0.161,0.456,0,交易,13.234649122807017,37.484472049689444,1327841.1214953272,0.99520264681555,0.991232423490488,0.9968516984258492
2016-09-14,601117.SH,6.013,6.035,5.992,6.013,7634066.0,-0.354,6.012,1.068,0.155,0.437,0,交易,13.759725400457667,38.79354838709678,1274043.0574098798,0.996188898094449,0.9928748964374482,0.9998336936637285
2016-09-19,601117.SH,6.003,6.035,6.003,6.024,10047904.0,0.178,6.015,1.068,0.204,0.576,0,交易,10.458333333333334,29.426470588235297,1673813.7597867732,0.9966859983429991,0.9946975973487987,0.9985059760956174
2016-09-20,601117.SH,6.013,6.024,5.992,6.013,7553564.0,-0.177,6.009,1.068,0.153,0.433,0,交易,13.886836027713626,39.30065359477124,1260608.1441922563,0.9975099601593626,0.9946879150066401,0.9993347746549144
2016-09-21,601117.SH,6.013,6.045,5.971,6.024,11273947.0,0.178,6.011,1.068,0.229,0.646,0,交易,9.325077399380804,26.25764192139738,1888117.065818121,0.9943755169561621,0.9877584780810588,0.9978419654714475
2016-09-22,601117.SH,6.045,6.077,6.035,6.035,10053915.0,0.177,6.05,1.068,0.204,0.576,0,交易,10.477430555555557,29.63235294117647,1665934.5484672743,0.9955570182655915,0.9930886950798091,1.0024855012427505
2016-09-23,601117.SH,6.045,6.067,6.013,6.024,6043310.0,-0.177,6.035,1.068,0.123,0.346,0,交易,17.410404624277458,49.146341463414636,1005040.7450523865,0.9947255645294214,0.9910993901433987,1.0018260292164676
2016-09-26,601117.SH,6.024,6.035,5.96,5.96,8140300.0,-1.064,6.004,1.068,0.165,0.466,0,交易,12.78969957081545,36.50909090909091,1365822.1476510067,0.9948632974316486,0.9875724937862469,1.0073825503355704
2016-09-27,601117.SH,5.939,5.981,5.907,5.971,8859877.0,0.179,5.949,1.068,0.18,0.508,0,交易,11.753937007874017,32.99444444444445,1499894.5319112916,0.9946497241264003,0.9876274870423006,0.9963155250376821
2016-09-28,601117.SH,5.981,5.981,5.896,5.907,12261687.0,-1.073,5.921,1.068,0.249,0.703,0,交易,8.402560455192035,24.02008032128514,2079661.97421981,0.9899682327370005,0.9857883297107507,1.0023700694091755
2016-09-29,601117.SH,5.928,5.949,5.896,5.917,7144863.0,0.181,5.926,1.068,0.145,0.409,0,交易,14.466992665036676,40.88275862068966,1211815.2985074627,0.9961338040006724,0.9910909396537233,1.0015210410681088
2016-09-30,601117.SH,5.928,5.949,5.907,5.928,8268304.0,0.181,5.932,1.068,0.168,0.474,0,交易,12.506329113924052,35.285714285714285,1399746.7411545624,0.9971423768700622,0.9929399899142713,1.0006747638326587
2016-10-10,601117.SH,5.949,6.013,5.949,6.013,10979867.0,1.441,5.991,1.068,0.223,0.629,0,交易,9.559618441971383,26.677130044843047,1845665.9942847537,0.9963412606020289,0.9893563944786297,0.9963412606020289
2016-10-11,601117.SH,6.003,6.088,6.003,6.067,15910075.0,0.888,6.052,1.068,0.323,0.912,0,交易,6.652412280701754,18.58513931888545,2650353.9896718306,0.9940867279894874,0.9860381077529566,0.9975276083731662
2016-10-12,601117.SH,6.045,6.077,6.035,6.056,8657457.0,-0.176,6.057,1.068,0.176,0.496,0,交易,12.209677419354838,34.346590909090914,1434541.342170671,0.9967089024189568,0.9930886950798091,1.0001651254953765
2016-10-13,601117.SH,6.067,6.099,6.035,6.099,9413511.0,0.705,6.08,1.068,0.191,0.539,0,交易,11.315398886827458,31.764397905759164,1559819.5526097764,0.9968847352024922,0.9895064764715527,0.9968847352024922
2016-10-14,601117.SH,6.088,6.494,6.056,6.323,73865117.0,3.678,6.32,1.068,1.497,4.233,0,交易,1.4937396645405152,4.066800267201068,12197014.035667107,0.9732060363412381,0.9325531259624269,0.9995255416732564
2016-10-17,601117.SH,6.238,6.291,6.174,6.195,42434102.0,-2.027,6.229,1.068,0.86,2.432,0,交易,2.5472861842105265,7.253488372093024,6873032.393909944,0.9901446510888571,0.9814020028612304,1.0054882970137207
2016-10-18,601117.SH,6.174,6.387,6.152,6.312,43046539.0,1.897,6.286,1.068,0.873,2.467,0,交易,2.558573165788407,7.072164948453609,6997161.736020806,0.9841866290903397,0.9632065132299985,0.9958808618504434
2016-10-19,601117.SH,6.291,6.355,6.248,6.302,32001989.0,-0.169,6.298,1.068,0.649,1.834,0,交易,3.436205016357688,9.693374422187981,5121957.266325224,0.9910306845003933,0.9831628638867034,0.9993652808632181
2016-10-20,601117.SH,6.28,6.302,6.227,6.238,17025059.0,-1.017,6.25,1.068,0.345,0.976,0,交易,6.3913934426229515,18.20289855072464,2734070.820619881,0.9917486512218344,0.9880990161853381,1.0019236934915037
2016-10-21,601117.SH,6.238,6.75,6.216,6.526,101176760.0,4.623,6.508,1.068,2.051,5.798,0,交易,1.1255605381165918,3.0414431984397856,16276827.54182754,0.9641481481481482,0.9208888888888889,0.9972418020226785
2016-10-24,601117.SH,6.494,6.718,6.483,6.601,82183668.0,1.146,6.635,1.068,1.666,4.709,0,交易,1.401783818220429,3.8979591836734695,12676795.9278112,0.9876451324799047,0.9650193509973206,1.005150734737161
2016-10-25,601117.SH,6.579,6.633,6.473,6.547,44065586.0,-0.809,6.527,1.068,0.893,2.525,0,交易,2.592871287128713,7.367301231802911,6807598.64050672,0.9840192974521333,0.9758781848334087,0.9969451657247596
2016-10-26,601117.SH,6.515,6.644,6.505,6.569,38939252.0,0.326,6.572,1.068,0.789,2.231,0,交易,2.9444195428059166,8.257287705956907,5986049.50038432,0.9891631547260686,0.9790788681517159,1.0004566905160603
2016-10-27,601117.SH,6.569,6.59,6.473,6.537,24030168.0,-0.488,6.512,1.068,0.487,1.377,0,交易,4.747276688453159,13.48870636550308,3712369.534991503,0.988163884673748,0.9822458270106221,0.9961756157258681
2016-10-28,601117.SH,6.515,6.547,6.355,6.355,37369798.0,-2.778,6.45,1.068,0.758,2.141,0,交易,2.9682391405885102,8.594986807387862,5880377.340676632,0.9851840537650833,0.9706735909576907,1.014948859166011
2016-10-31,601117.SH,6.366,6.409,6.291,6.376,17032475.0,0.336,6.348,1.068,0.345,0.976,0,交易,6.532786885245902,18.452173913043477,2707435.224924495,0.9904821344983616,0.9815883913246998,0.9956085319949811
2016-11-01,601117.SH,6.376,6.419,6.355,6.398,18434657.0,0.335,6.385,1.068,0.374,1.056,0,交易,6.05871212121212,17.04812834224599,2900811.487018096,0.994703224801371,0.9900295996261101,0.9979681150359487
2016-11-02,601117.SH,6.376,6.387,6.259,6.291,27689544.0,-1.669,6.313,1.068,0.561,1.587,0,交易,3.964083175803403,11.36541889483066,4423956.542578686,0.9884139658681698,0.9799592923125099,1.0034970592910506
2016-11-03,601117.SH,6.28,6.569,6.259,6.483,55284238.0,3.056,6.457,1.068,1.121,3.168,0,交易,2.046401515151515,5.6021409455843,8832758.907173669,0.9829502207337494,0.9528086466737709,0.9959895110288447
2016-11-04,601117.SH,6.483,6.569,6.441,6.462,39853687.0,-0.329,6.503,1.068,0.808,2.284,0,交易,2.829246935201401,8.023514851485148,6187499.922372303,0.9899528086466738,0.9805145379814278,1.006344784896317
2016-11-07,601117.SH,6.441,6.515,6.43,6.494,27218742.0,0.496,6.476,1.068,0.552,1.56,0,交易,4.162820512820512,11.668478260869565,4233085.847589425,0.9940138142747507,0.9869531849577897,0.9972282106559902
2016-11-08,601117.SH,6.515,6.654,6.483,6.558,44907049.0,0.987,6.566,1.068,0.91,2.573,0,交易,2.548775748153906,7.159340659340659,6926893.259293538,0.9867748722572889,0.9743011722272317,1.0012198841110094
2016-11-09,601117.SH,6.558,6.569,6.344,6.473,34803035.0,-1.303,6.481,1.068,0.706,1.994,0,交易,3.2462387161484454,9.288951841359774,5485976.513240857,0.9866037448622317,0.9657482112954788,1.001235902981616
2016-11-10,601117.SH,6.494,6.708,6.494,6.644,56101159.0,2.64,6.631,1.068,1.137,3.215,0,交易,2.0665629860031105,5.711521547933157,8638921.927933477,0.9885211687537269,0.968097793679189,0.9980433473810958
2016-11-11,601117.SH,6.633,6.825,6.59,6.772,56404757.0,1.929,6.752,1.068,1.143,3.232,0,交易,2.0952970297029703,5.803149606299213,8559143.702579666,0.9893040293040293,0.9655677655677655,0.9970466627288835
2016-11-14,601117.SH,6.729,6.943,6.676,6.911,70648468.0,2.05,6.843,1.068,1.432,4.048,0,交易,1.7072628458498023,4.699022346368715,10582454.763331335,0.9855970041768688,0.9615440011522397,0.9901606135146868
2016-11-15,601117.SH,6.9,6.9,6.74,6.793,33120216.0,-1.7,6.8,1.068,0.671,1.898,0,交易,3.5790305584826134,10.283159463487332,4913978.635014837,0.9855072463768115,0.9768115942028985,1.0010304725452672
2016-11-16,601117.SH,6.804,6.804,6.665,6.729,31553843.0,-0.943,6.713,1.068,0.64,1.808,0,交易,3.72179203539823,10.63125,4734260.015003751,0.9866255144032922,0.9795708406819518,0.9976222321295883
2016-11-17,601117.SH,6.718,7.081,6.676,6.996,64447469.0,3.968,6.923,1.068,1.306,3.693,0,交易,1.8943948009748173,5.143950995405819,9653605.302576393,0.9776867674057336,0.9428046886033046,0.9895654659805603
2016-11-18,601117.SH,7.028,7.049,6.846,6.868,39246593.0,-1.832,6.946,1.068,0.796,2.249,0,交易,3.05380168963984,8.829145728643216,5732777.242185217,0.9853879982976308,0.971201588877855,1.0113570180547466
2016-11-21,601117.SH,6.836,7.103,6.814,6.911,44958029.0,0.622,6.97,1.068,0.911,2.576,0,交易,2.682841614906832,7.50384193194292,6597890.959788671,0.9812755173870196,0.9593129663522456,1.00853711474461
2016-11-22,601117.SH,6.911,7.081,6.868,6.996,48741676.0,1.236,7.0,1.068,0.988,2.793,0,交易,2.5048335123523096,6.994939271255061,7096924.286546301,0.9885609377206609,0.9699195028950713,1.0005717552887363
2016-11-23,601117.SH,7.156,7.22,6.943,6.985,50115904.0,-0.153,7.068,1.068,1.016,2.872,0,交易,2.4321030640668524,7.043307086614173,7218191.559844448,0.9789473684210526,0.9616343490304708,1.011882605583393
2016-11-24,601117.SH,6.932,6.985,6.857,6.889,36591719.0,-1.376,6.92,1.068,0.742,2.097,0,交易,3.2851692894611353,9.342318059299192,5336403.529240192,0.9906943450250536,0.9816750178954903,1.0044999274205255
2016-11-25,601117.SH,6.9,7.007,6.729,6.985,40900560.0,1.395,6.852,1.068,0.829,2.344,0,交易,2.9799488054607512,8.323281061519904,6078252.340615247,0.9778792635935494,0.9603253888968175,0.9809591982820329
2016-11-28,601117.SH,6.975,7.242,6.964,7.124,66627977.0,1.988,7.127,1.068,1.351,3.818,0,交易,1.8658983761131482,5.162842339008142,9567486.645605974,0.984120408726871,0.9616128141397404,1.0004211117349804
2016-11-29,601117.SH,7.06,7.551,6.985,7.316,125000251.0,2.699,7.244,1.068,2.534,7.163,0,交易,1.0213597654613988,2.786108918705604,17895526.270579815,0.9593431333598198,0.9250430406568667,0.9901585565882997
2016-11-30,601117.SH,7.21,7.295,7.017,7.092,70745465.0,-3.066,7.138,1.068,1.434,4.054,0,交易,1.7493833251110014,5.027894002789401,10082010.118284166,0.9784784098697739,0.9618917066483894,1.0064861816130852
2016-12-01,601117.SH,7.103,7.466,7.103,7.316,75636383.0,3.163,7.27,1.068,1.533,4.334,0,交易,1.6880479926165206,4.633398564905415,10648512.318738561,0.9737476560407179,0.9513795874631663,0.9937124111536358
2016-12-02,601117.SH,7.306,7.541,7.21,7.252,75902122.0,-0.876,7.354,1.068,1.539,4.35,0,交易,1.6671264367816092,4.747238466536713,10527340.083217753,0.9752022278212439,0.9561066171595278,1.014065085493657
2016-12-05,601117.SH,7.113,7.135,6.793,6.943,70731398.0,-4.271,6.95,1.068,1.434,4.053,0,交易,1.7130520602023191,4.960251046025105,10412394.818195201,0.9740714786264892,0.9520672740014016,1.0010082097076192
2016-12-06,601117.SH,6.932,6.964,6.793,6.825,33947997.0,-1.692,6.861,1.068,0.688,1.945,0,交易,3.5089974293059125,10.075581395348838,4997496.982187546,0.9852096496266513,0.9754451464675473,1.0052747252747252
2016-12-07,601117.SH,6.814,6.878,6.74,6.868,30267231.0,0.626,6.826,1.068,0.614,1.734,0,交易,3.9607843137254903,11.097719869706841,4490687.0919881305,0.9924396626926432,0.9799360279150916,0.9938846825859056
2016-12-08,601117.SH,6.868,6.878,6.75,6.75,31455099.0,-1.711,6.802,1.068,0.638,1.803,0,交易,3.743760399334443,10.764890282131661,4660014.666666667,0.9889502762430938,0.9813899389357371,1.0077037037037035
2016-12-09,601117.SH,6.75,6.9,6.686,6.782,44820613.0,0.475,6.81,1.068,0.909,2.568,0,交易,2.6409657320872273,7.425742574257425,6703651.361052946,0.9869565217391303,0.9689855072463768,1.0041285756414036
2016-12-12,601117.SH,6.772,6.836,6.526,6.622,52152325.0,-2.362,6.649,1.068,1.057,2.989,0,交易,2.215456674473068,6.4068117313150434,7991468.740422924,0.9726448215330602,0.954651843183148,1.0040773180308065
2016-12-13,601117.SH,6.579,6.836,6.526,6.804,30138284.0,2.742,6.684,1.068,0.611,1.727,0,交易,3.939779965257672,10.76759410801964,4618186.33159669,0.9777647747220597,0.954651843183148,0.982363315696649
2016-12-14,601117.SH,6.761,6.889,6.697,6.708,33143895.0,-1.413,6.803,1.068,0.672,1.899,0,交易,3.5323854660347553,10.061011904761905,4949065.999701358,0.987516330381768,0.9721294817825519,1.0141621943947525
2016-12-15,601117.SH,6.644,6.772,6.611,6.708,21587335.0,0.0,6.704,1.068,0.438,1.237,0,交易,5.422797089733225,15.168949771689498,3265366.0565723795,0.9899586532782043,0.9762256349675132,0.9994036970781156
2016-12-16,601117.SH,6.676,6.793,6.654,6.761,16557630.0,0.796,6.735,1.068,0.336,0.949,0,交易,7.124341412012646,19.869047619047617,2488372.4075743915,0.9914617989106433,0.9795377594582658,0.9961544150273628
2016-12-19,601117.SH,6.729,6.868,6.718,6.761,20385768.0,0.0,6.794,1.068,0.413,1.168,0,交易,5.788527397260275,16.292978208232448,3034499.5534385233,0.989225393127548,0.9781595806639487,1.0048809347729626
2016-12-20,601117.SH,6.761,6.761,6.601,6.665,20721066.0,-1.422,6.665,1.068,0.42,1.187,0,交易,5.614995787700084,16.097619047619048,3139079.836388426,0.9858009170241089,0.9763348617068481,1.0
2016-12-21,601117.SH,6.686,6.9,6.665,6.868,38044457.0,3.045,6.811,1.068,0.771,2.18,0,交易,3.15045871559633,8.671854734111543,5708095.5738934735,0.9871014492753623,0.9659420289855072,0.9917006406523005
2016-12-22,601117.SH,6.868,6.964,6.804,6.911,41941747.0,0.622,6.918,1.068,0.85,2.403,0,交易,2.8759883478984603,8.08,6164277.924750146,0.9933946008041356,0.9770246984491672,1.001012878020547
2016-12-23,601117.SH,6.921,7.124,6.9,6.964,51518121.0,0.773,7.028,1.068,1.044,2.952,0,交易,2.359078590785908,6.629310344827586,7466394.347826087,0.9865244244806288,0.9685569904548008,1.009190120620333
2016-12-26,601117.SH,6.921,7.252,6.814,7.178,54828778.0,3.067,7.072,1.068,1.111,3.142,0,交易,2.2845321451304903,6.22952295229523,8046489.286762548,0.9751792608935467,0.9396028681742968,0.9852326553357481
2016-12-27,601117.SH,7.263,7.348,7.081,7.124,41910204.0,-0.744,7.164,1.068,0.85,2.402,0,交易,2.965861781848459,8.544705882352941,5918684.366614885,0.9749591725639629,0.963663581927055,1.0056148231330713
2016-12-28,601117.SH,7.113,7.167,6.975,6.996,29136136.0,-1.799,7.049,1.068,0.591,1.67,0,交易,4.189221556886228,12.035532994923859,4177223.7992831543,0.9835356495046743,0.9732105483465885,1.0075757575757576
2016-12-29,601117.SH,7.049,7.156,6.985,7.039,31532687.0,0.611,7.082,1.068,0.639,1.807,0,交易,3.8954067515218593,11.03129890453834,4514343.163922692,0.9896590273896031,0.9761039686975965,1.0061088222758914
2016-12-30,601117.SH,7.039,7.242,7.039,7.231,50152239.0,2.731,7.182,1.068,1.017,2.874,0,交易,2.5160055671537926,6.92133726647001,7124909.646256571,0.991714995857498,0.971969069317868,0.9932236205227494
2017-01-03,601117.SH,7.274,7.648,7.274,7.477,81577912.0,3.397,7.487,1.068,1.654,4.675,0,交易,1.5993582887700537,4.397823458282951,11215000.274951883,0.9789487447698745,0.9510983263598327,1.0013374348000534
2017-01-04,601117.SH,7.562,7.594,7.402,7.487,44280000.0,0.143,7.475,1.068,0.898,2.537,0,交易,2.951123374063855,8.420935412026726,5982166.981896784,0.9843297340005266,0.974716881748749,0.9983972218512087
2017-01-05,601117.SH,7.509,7.53,7.37,7.509,36791034.0,0.285,7.436,1.068,0.746,2.108,0,交易,3.562144212523719,10.065683646112602,4991999.185888738,0.9875166002656042,0.9787516600265604,0.9902783326674657
2017-01-06,601117.SH,7.477,7.605,7.413,7.423,34312727.0,-1.138,7.497,1.068,0.696,1.966,0,交易,3.7756866734486265,10.742816091954024,4628723.458788615,0.9857988165680472,0.9747534516765286,1.0099690152229557
2017-01-09,601117.SH,7.391,7.573,7.348,7.53,27916538.0,1.439,7.488,1.068,0.566,1.6,0,交易,4.70625,13.058303886925795,3799202.2318998366,0.9887759144328535,0.9702891852634358,0.9944223107569722
2017-01-10,601117.SH,7.519,7.519,7.22,7.263,40299946.0,-3.546,7.375,1.068,0.817,2.309,0,交易,3.145517540060632,9.203182374541004,5581709.972299169,0.9808485170900385,0.9602340736800106,1.0154206250860527
2017-01-11,601117.SH,7.252,7.413,7.21,7.37,40912016.0,1.471,7.345,1.068,0.829,2.344,0,交易,3.1441979522184305,8.74788902291918,5674343.411927878,0.9908269256711182,0.9726156751652502,0.9966078697421981
2017-01-12,601117.SH,7.338,7.359,7.178,7.21,20739278.0,-2.174,7.265,1.068,0.42,1.188,0,交易,6.069023569023569,17.47142857142857,2889283.6444692113,0.9872265253431173,0.9754042668840875,1.007628294036061
2017-01-13,601117.SH,7.22,7.316,7.167,7.274,22081701.0,0.889,7.227,1.068,0.448,1.265,0,交易,5.750197628458499,16.116071428571427,3081024.277940561,0.987834882449426,0.9796336796063423,0.9935386307396206
2017-01-16,601117.SH,7.263,7.434,7.092,7.37,58529181.0,1.322,7.282,1.068,1.186,3.354,0,交易,2.197376267143709,6.123946037099494,8252845.60067682,0.9795534032822169,0.9539951573849879,0.9880597014925373
2017-01-17,601117.SH,7.327,7.37,7.199,7.359,21544894.0,-0.145,7.308,1.068,0.437,1.235,0,交易,5.958704453441295,16.766590389016017,2992762.050284762,0.9915875169606513,0.9767978290366349,0.9930697105584998
2017-01-18,601117.SH,7.327,7.551,7.306,7.455,27435706.0,1.306,7.47,1.068,0.556,1.572,0,交易,4.74236641221374,13.178057553956833,3755229.4004927455,0.9892729439809296,0.9675539663620712,1.0020120724346075
2017-01-19,601117.SH,7.445,7.551,7.381,7.413,17703582.0,-0.573,7.46,1.068,0.359,1.014,0,交易,7.310650887573964,20.73816155988858,2398534.34493971,0.9879486160773407,0.9774864256389882,1.00634021313908
2017-01-20,601117.SH,7.391,7.509,7.37,7.423,17972194.0,0.144,7.435,1.068,0.364,1.03,0,交易,7.206796116504854,20.304945054945055,2438560.92265943,0.9901451591423625,0.9814888800106538,1.0016165970631818
2017-01-23,601117.SH,7.423,7.498,7.391,7.477,26235243.0,0.719,7.435,1.068,0.532,1.503,0,交易,4.974717232202263,13.953007518796992,3549620.213773508,0.9915977594025073,0.9857295278740997,0.9943827738397752
2017-01-24,601117.SH,7.466,7.477,7.338,7.391,20042837.0,-1.143,7.381,1.068,0.406,1.149,0,交易,6.432550043516101,18.389162561576352,2731375.9880076316,0.9871606259194864,0.9814096562792564,0.9986470031118929
2017-01-25,601117.SH,7.348,7.359,7.21,7.274,32795103.0,-1.59,7.262,1.068,0.665,1.879,0,交易,3.87120808940926,11.049624060150375,4548557.975034674,0.9868188612583231,0.9797526837885582,0.9983502886994775
2017-01-26,601117.SH,7.274,7.306,7.188,7.21,19969590.0,-0.881,7.224,1.068,0.405,1.144,0,交易,6.3024475524475525,17.960493827160494,2778184.4741235394,0.9887763482069533,0.9838488913222009,1.0019417475728156
2017-02-03,601117.SH,7.22,7.263,7.199,7.22,10526102.0,0.148,7.231,1.068,0.213,0.603,0,交易,11.97346600331675,33.89671361502347,1462161.6891234894,0.9955941071182707,0.9911882142365414,1.0015235457063711
2017-02-06,601117.SH,7.231,7.252,7.135,7.22,23344983.0,0.0,7.191,1.068,0.473,1.338,0,交易,5.396113602391629,15.28752642706131,3271896.706377015,0.991588527302813,0.9838665195808053,0.995983379501385
2017-02-07,601117.SH,7.22,7.263,7.178,7.252,15751569.0,0.444,7.216,1.068,0.319,0.903,0,交易,8.031007751937985,22.63322884012539,2194423.098356088,0.9935288448299601,0.9882968470329065,0.9950358521787094
2017-02-08,601117.SH,7.231,7.316,7.231,7.274,20329094.0,0.295,7.277,1.068,0.412,1.165,0,交易,6.2437768240343345,17.550970873786408,2811380.7218918544,0.9946692181519957,0.9883816293056314,1.0004124278251305
2017-02-09,601117.SH,7.274,7.434,7.242,7.423,38113651.0,2.056,7.369,1.068,0.773,2.184,0,交易,3.3988095238095237,9.410090556274255,5262862.6070146365,0.9912563895614742,0.9741727199354318,0.9927253132156809
2017-02-10,601117.SH,7.434,7.84,7.434,7.733,83236486.0,4.173,7.672,1.068,1.687,4.77,0,交易,1.6211740041928722,4.406639004149378,11196729.351627657,0.9785714285714285,0.9482142857142858,0.9921117289538343
2017-02-13,601117.SH,7.797,8.15,7.754,7.947,85555082.0,2.762,7.945,1.068,1.734,4.903,0,交易,1.62084438099123,4.496539792387543,11033670.621614652,0.9748466257668712,0.9514110429447852,0.9997483327041651
2017-02-14,601117.SH,7.883,8.182,7.85,8.117,57760939.0,2.151,8.042,1.068,1.171,3.31,0,交易,2.4522658610271906,6.731853116994022,7358081.401273886,0.9828892691273526,0.9594231239305793,0.9907601330540838
2017-02-15,601117.SH,8.064,8.224,7.957,8.032,47935870.0,-1.053,8.086,1.068,0.972,2.747,0,交易,2.9239170003640336,8.296296296296296,6024364.710317959,0.9832198443579767,0.967534046692607,1.0067231075697212
2017-02-16,601117.SH,8.011,8.267,7.979,8.15,37735212.0,1.463,8.135,1.068,0.765,2.162,0,交易,3.769657724329325,10.4718954248366,4729315.954380248,0.984032901899117,0.9651626950526189,0.9981595092024539
2017-02-17,601117.SH,8.203,8.235,7.883,7.947,36571346.0,-2.49,8.007,1.068,0.741,2.096,0,交易,3.791507633587786,11.07017543859649,4639267.537739439,0.9723132969034609,0.9572556162720098,1.0075500188750472
2017-02-20,601117.SH,7.915,8.288,7.915,8.267,54894470.0,4.032,8.172,1.068,1.113,3.146,0,交易,2.6277813095994915,7.111410601976639,6935498.420720152,0.9860038610038611,0.9549951737451737,0.9885085278819404
2017-02-21,601117.SH,8.278,8.491,8.214,8.256,55953941.0,-0.129,8.352,1.068,1.134,3.206,0,交易,2.5751715533374924,7.299823633156968,6812021.061602143,0.9836297255918032,0.9673772229419386,1.0116279069767442
2017-02-22,601117.SH,8.235,8.385,8.192,8.363,30716811.0,1.294,8.302,1.068,0.623,1.76,0,交易,4.751704545454545,13.218298555377206,3749610.7177734375,0.9901013714967203,0.9769827072152654,0.9927059667583403
2017-02-23,601117.SH,8.363,8.417,8.096,8.299,44771908.0,-0.766,8.236,1.068,0.908,2.566,0,交易,3.2342166796570537,9.210352422907489,5530126.976284585,0.9784959011524297,0.9618628965189497,0.9924087239426438
2017-02-24,601117.SH,8.288,8.352,8.16,8.192,23414826.0,-1.287,8.222,1.068,0.475,1.342,0,交易,6.104321907600596,17.44842105263158,2869463.970588235,0.9844348659003831,0.9770114942528736,1.003662109375
2017-02-27,601117.SH,8.288,8.652,8.267,8.395,57144447.0,2.477,8.462,1.068,1.158,3.275,0,交易,2.563358778625954,7.157167530224526,6912355.993709931,0.9780397595931577,0.9555016181229774,1.0079809410363312
2017-02-28,601117.SH,8.352,8.673,8.256,8.598,43582867.0,2.417,8.493,1.068,0.883,2.497,0,交易,3.443331998398078,9.458663646659117,5278932.533914728,0.9792459356624006,0.9519197509512279,0.9877878576413119
2017-03-01,601117.SH,8.577,9.025,8.534,8.854,66457308.0,2.981,8.848,1.068,1.347,3.808,0,交易,2.3251050420168067,6.367483296213808,7787357.393953597,0.9803878116343491,0.945595567867036,0.9993223401852271
2017-03-02,601117.SH,8.844,9.025,8.694,8.822,42080515.0,-0.362,8.859,1.068,0.853,2.411,0,交易,3.6590626296142674,10.368112543962486,4840178.858983207,0.981606648199446,0.9633240997229917,1.004194060303786
2017-03-03,601117.SH,8.758,8.854,8.534,8.822,46827497.0,0.0,8.698,1.068,0.949,2.683,0,交易,3.288110324263884,9.228661749209694,5487168.61963909,0.9823808448159026,0.9638581432121077,0.985944230333258
2017-03-06,601117.SH,8.758,8.758,8.385,8.406,72577000.0,-4.722,8.499,1.068,1.471,4.159,0,交易,2.021158932435682,5.953772943575798,8655575.432319619,0.9704270381365611,0.9574103676638502,1.0110635260528194
2017-03-07,601117.SH,8.385,8.587,8.278,8.427,35991958.0,0.254,8.447,1.068,0.73,2.063,0,交易,4.08482792050412,11.486301369863014,4347905.049528872,0.9836962850821008,0.9640153720740655,1.0023733238400379
2017-03-08,601117.SH,8.363,8.598,8.331,8.427,26342024.0,0.0,8.46,1.068,0.534,1.51,0,交易,5.580794701986755,15.661048689138575,3161928.2199015724,0.9839497557571528,0.9689462665736216,1.0039159843360628
2017-03-09,601117.SH,8.331,8.395,8.235,8.31,26355089.0,-1.394,8.309,1.068,0.534,1.51,0,交易,5.503311258278146,15.601123595505616,3200375.106253795,0.9897558070279928,0.9809410363311495,0.9998796630565582
2017-03-10,601117.SH,8.31,8.374,8.235,8.267,20100171.0,-0.514,8.307,1.068,0.407,1.152,0,交易,7.176215277777778,20.41769041769042,2440822.2222222225,0.9919990446620491,0.9834010031048482,1.0048385145760252
2017-03-13,601117.SH,8.267,8.513,8.192,8.395,38459963.0,1.55,8.388,1.068,0.78,2.204,0,交易,3.8089836660617054,10.598717948717947,4694819.7021484375,0.9853165746505345,0.9622929637025726,0.9991661703394878
2017-03-14,601117.SH,8.406,8.502,8.363,8.427,27895506.0,0.382,8.427,1.068,0.565,1.599,0,交易,5.270168855534709,14.877876106194693,3335586.0337199573,0.9911785462244177,0.9836509056692542,1.0
2017-03-15,601117.SH,8.395,8.705,8.374,8.609,34134921.0,2.155,8.562,1.068,0.692,1.956,0,交易,4.401329243353783,12.13150289017341,4076298.1848578933,0.9835726593911545,0.9619758759333716,0.9945405970495992
2017-03-16,601117.SH,8.716,8.812,8.459,8.555,53446056.0,-0.62,8.599,1.068,1.083,3.063,0,交易,2.7930133855697026,8.048014773776547,6318247.546991371,0.975828415796641,0.9599409895596913,1.0051431911163062
2017-03-17,601117.SH,8.598,8.737,8.513,8.555,40110472.0,0.0,8.624,1.068,0.813,2.299,0,交易,3.7211831230969987,10.575645756457567,4711672.970750617,0.9870664987982145,0.9743619091221243,1.0080654587960258
2017-03-20,601117.SH,8.726,8.844,8.662,8.79,50644657.0,2.747,8.766,1.068,1.027,2.902,0,交易,3.0289455547897997,8.49659201557936,5846762.525975524,0.9911804613297152,0.979421076436002,0.997269624573379
2017-03-21,601117.SH,8.737,9.346,8.737,9.324,79532080.0,6.075,9.141,1.068,1.612,4.558,0,交易,2.0456340500219397,5.419975186104218,9102904.887261074,0.9780654825593836,0.9348384335544618,0.9803732303732304
2017-03-22,601117.SH,9.292,9.933,9.154,9.549,100589971.0,2.405,9.597,1.068,2.039,5.764,0,交易,1.6566620402498264,4.557135850907307,10988635.67839196,0.9661733615221987,0.9215745494815263,1.0050267043669494
2017-03-23,601117.SH,9.602,9.773,9.356,9.591,66494287.0,0.447,9.533,1.068,1.348,3.81,0,交易,2.517322834645669,7.123145400593471,7107127.725523728,0.9754425457894198,0.957331423309117,0.993952663955792
2017-03-24,601117.SH,9.517,9.794,9.389,9.602,79328927.0,0.111,9.604,1.068,1.608,4.546,0,交易,2.1121865376154862,5.918532338308457,8449134.838640964,0.9806003675719828,0.9586481519297528,1.0002082899395959
2017-03-27,601117.SH,9.506,9.784,9.271,9.292,77529784.0,-3.226,9.462,1.068,1.572,4.443,0,交易,2.0913796984019806,6.0470737913486,8362612.878869592,0.9670891251022076,0.9475674570727719,1.0182953077916488
2017-03-28,601117.SH,9.25,9.421,9.121,9.367,48572406.0,0.805,9.299,1.068,0.985,2.783,0,交易,3.3657923104563423,9.390862944162437,5325337.791908782,0.9870502069843966,0.9681562466829424,0.9927404718693283
2017-03-29,601117.SH,9.346,9.88,9.26,9.858,84418295.0,5.245,9.65,1.068,1.711,4.838,0,交易,2.0376188507647788,5.462302746931619,9116446.544276457,0.9767206477732793,0.9372469635627529,0.9789003854737269
2017-03-30,601117.SH,9.805,9.826,9.399,9.549,50968414.0,-3.142,9.598,1.068,1.033,2.921,0,交易,3.2690859294762067,9.491771539206196,5422748.590275561,0.9767962548341136,0.9565438632200284,1.0051314273745944
2017-03-31,601117.SH,9.506,9.634,9.282,9.346,45363838.0,-2.125,9.383,1.068,0.92,2.6,0,交易,3.5946153846153845,10.332608695652175,4887291.31652661,0.9739464396927547,0.9634627361428274,1.003958912903916
2017-04-05,601117.SH,9.506,9.709,9.303,9.346,115408242.0,0.0,9.378,1.068,2.34,6.613,0,交易,1.4132768788749432,4.062393162393163,12405486.61722025,0.9659079204861469,0.9581831290555156,1.0034239246736572
2017-04-06,601117.SH,9.303,9.933,9.143,9.901,118772849.0,5.943,9.574,1.068,2.408,6.806,0,交易,1.454745812518366,3.8633720930232562,12990577.381603412,0.9638578475787778,0.9204671297694554,0.966973033026967
2017-04-07,601117.SH,9.773,9.869,9.591,9.72,60853243.0,-1.834,9.705,1.068,1.234,3.487,0,交易,2.7874964152566677,7.919773095623987,6344827.755187155,0.9833823082379167,0.9718309859154929,0.9984567901234568
2017-04-10,601117.SH,9.613,9.848,9.613,9.698,39560262.0,-0.22,9.723,1.068,0.802,2.267,0,交易,4.277900308778121,11.986284289276806,4115287.8393841675,0.9873070674248579,0.9761372867587326,1.0025778511033203
2017-04-11,601117.SH,9.688,9.816,9.356,9.741,70714736.0,0.441,9.602,1.068,1.434,4.052,0,交易,2.4039980256663376,6.755927475592748,7558223.1722958535,0.9781988590057049,0.9531377343113283,0.985730417821579
2017-04-12,601117.SH,9.666,9.666,9.356,9.41,46206447.0,-3.399,9.482,1.068,0.937,2.648,0,交易,3.5536253776435043,10.315901814300961,4938696.77212484,0.9809642044278915,0.967928822677426,1.0076514346439958
2017-04-13,601117.SH,9.41,9.527,9.335,9.378,27800727.0,-0.341,9.394,1.068,0.564,1.593,0,交易,5.887005649717515,16.68439716312057,2978117.5147295124,0.9860396767083028,0.9798467513383018,1.00170612070804
2017-04-14,601117.SH,9.41,9.538,9.175,9.186,36736188.0,-2.05,9.375,1.068,0.745,2.105,0,交易,4.363895486935867,12.630872483221477,4003944.1961852857,0.9829104634095198,0.9619417068567835,1.020574787720444
2017-04-17,601117.SH,9.25,9.453,9.089,9.282,35358676.0,1.047,9.3,1.068,0.717,2.026,0,交易,4.581441263573544,12.90097629009763,3890271.316976565,0.9838146620120598,0.9614937057018936,1.0019392372333549
2017-04-18,601117.SH,9.271,9.666,9.239,9.506,53567975.0,2.417,9.516,1.068,1.086,3.07,0,交易,3.0964169381107496,8.53683241252302,5798027.383916007,0.9844816883923029,0.9558245396234224,1.001051967178624
2017-04-19,601117.SH,9.506,9.591,9.196,9.378,42068808.0,-1.348,9.415,1.068,0.853,2.411,0,交易,3.8896723351306512,11.14419695193435,4574685.515441497,0.9816494630382651,0.9588155562506517,1.0039454041373426
2017-04-20,601117.SH,9.378,9.805,9.378,9.784,75925359.0,4.328,9.654,1.068,1.539,4.351,0,交易,2.248678464720754,6.093567251461988,8096114.203454894,0.9845996940336563,0.9564507904130546,0.9867130008176614
2017-04-21,601117.SH,9.794,10.04,9.431,9.495,79000311.0,-2.948,9.749,1.068,1.601,4.527,0,交易,2.0974155069582503,6.11742660836977,8376663.238256813,0.9710159362549802,0.9393426294820717,1.0267509215376516
2017-04-24,601117.SH,9.292,9.292,8.545,8.545,34422656.0,-10.011,8.769,1.068,0.698,1.973,0,交易,4.330968068930562,13.312320916905446,4028397.4253949677,0.9437150236762807,0.9196082651743436,1.026214160327677
2017-04-25,601117.SH,7.85,8.32,7.69,8.075,130661739.0,-5.5,7.971,1.068,2.649,7.488,0,交易,1.078392094017094,2.963382408456021,16991123.407022107,0.9580528846153846,0.9242788461538461,0.9871207430340558
2017-04-26,601117.SH,7.872,7.968,7.69,7.765,89535036.0,-3.836,7.803,1.068,1.815,5.131,0,交易,1.5133502241278503,4.337190082644629,11643047.594278283,0.9792921686746988,0.9651104417670683,1.004893754024469
2017-04-27,601117.SH,7.776,8.085,7.744,8.0,73215152.0,3.026,7.921,1.068,1.484,4.196,0,交易,1.9065776930409915,5.2398921832884096,9454435.950413223,0.9797155225726654,0.9578231292517005,0.990125
2017-04-28,601117.SH,8.011,8.011,7.829,7.979,48103384.0,-0.267,7.914,1.068,0.975,2.757,0,交易,2.894087776568734,8.216410256410256,6144256.482309363,0.9878916489826489,0.9772812382973413,0.9918536157413209
2017-05-02,601117.SH,7.872,8.032,7.85,7.925,41639129.0,-0.669,7.937,1.068,0.844,2.386,0,交易,3.321458507963118,9.327014218009479,5304347.643312102,0.9881723107569721,0.9773406374501992,1.0015141955835962
2017-05-03,601117.SH,7.947,8.085,7.712,7.829,61846963.0,-1.213,7.914,1.068,1.254,3.544,0,交易,2.2090857787810383,6.337320574162679,8019575.07780083,0.9788497217068645,0.9538651824366109,1.0108570698684378
2017-05-04,601117.SH,7.776,7.829,7.284,7.637,102953486.0,-2.456,7.554,1.068,2.087,5.9,0,交易,1.2944067796610168,3.725922376617153,14134196.32070291,0.9648741857197599,0.9303870226082513,0.9891318580594475
2017-05-05,601117.SH,7.562,7.594,7.348,7.402,60161193.0,-3.077,7.475,1.068,1.22,3.448,0,交易,2.1467517401392113,6.198360655737705,8187424.197060425,0.9843297340005266,0.9676060047405847,1.009862199405566
2017-05-08,601117.SH,7.413,7.541,7.092,7.231,92734236.0,-2.309,7.316,1.068,1.88,5.314,0,交易,1.3607452013549115,3.9430851063829793,13075893.40101523,0.9701631083410688,0.9404588250895106,1.0117549439911493
2017-05-09,601117.SH,7.199,7.327,7.092,7.274,49981989.0,0.591,7.237,1.068,1.013,2.864,0,交易,2.539804469273743,7.106614017769004,7047657.783417936,0.9877166643919749,0.9679268459123789,0.9949133901567225
2017-05-10,601117.SH,7.263,7.295,6.932,6.953,55060759.0,-4.405,7.121,1.068,1.116,3.155,0,交易,2.203803486529319,6.508064516129031,7942983.121754183,0.9761480466072653,0.9502398903358465,1.024162232130016
2017-05-11,601117.SH,6.889,7.103,6.846,7.039,59607213.0,1.229,6.971,1.068,1.208,3.416,0,交易,2.0605971896955504,5.702814569536424,8706867.22173532,0.9814163029705758,0.9638181050260454,0.9903395368660322
2017-05-12,601117.SH,7.049,7.21,7.007,7.135,61260721.0,1.366,7.113,1.068,1.242,3.511,0,交易,2.03218456280262,5.675523349436394,8742788.782645926,0.9865464632454924,0.9718446601941747,0.9969166082690961
2017-05-15,601117.SH,7.199,7.21,6.9,6.911,52787285.0,-3.144,7.034,1.068,1.07,3.025,0,交易,2.2846280991735535,6.728037383177569,7650331.159420289,0.9755894590846047,0.957004160887656,1.0177977137896108
2017-05-16,601117.SH,6.911,7.092,6.708,7.081,66733157.0,2.473,6.857,1.068,1.353,3.824,0,交易,1.8517259414225944,5.10790835181079,9948294.12641622,0.9668640721940215,0.9458544839255499,0.9683660499929388
2017-05-17,601117.SH,7.039,7.295,7.017,7.252,70234520.0,2.413,7.18,1.068,1.424,4.025,0,交易,1.8017391304347823,4.94311797752809,10009194.812597975,0.9842357779300891,0.9618917066483894,0.9900717043574186
2017-05-18,601117.SH,7.188,7.242,7.124,7.146,36858504.0,-1.473,7.168,1.068,0.747,2.112,0,交易,3.383522727272727,9.622489959839356,5173849.522740034,0.9897818282242474,0.9837061585197459,1.0030786453960259
2017-05-19,601117.SH,7.135,7.252,7.092,7.135,33049461.0,-0.149,7.165,1.068,0.67,1.894,0,交易,3.767159450897571,10.649253731343283,4660104.48392555,0.9880033094318809,0.9779371207942636,1.0042046250875964
2017-05-22,601117.SH,7.092,7.146,6.74,6.804,53983146.0,-4.641,6.924,1.068,1.094,3.093,0,交易,2.1998060135790496,6.482632541133454,8009368.84272997,0.9689336691855585,0.9431849986006158,1.017636684303351
2017-05-23,601117.SH,6.793,6.857,6.644,6.708,37439724.0,-1.413,6.741,1.068,0.759,2.145,0,交易,3.1272727272727274,8.949934123847168,5635118.001204094,0.9830829808954352,0.9689368528511011,1.0049194991055455
2017-05-24,601117.SH,6.708,6.761,6.59,6.75,24918818.0,0.637,6.684,1.068,0.505,1.428,0,交易,4.726890756302521,13.283168316831683,3781307.7389984825,0.9886111521964207,0.9747078834491939,0.9902222222222222
2017-05-25,601117.SH,6.75,6.985,6.654,6.953,48832253.0,3.006,6.825,1.068,0.99,2.798,0,交易,2.484989278055754,6.818181818181818,7338781.635106703,0.9770937723693629,0.9526127415891195,0.9815906802818927
2017-05-26,601117.SH,6.911,7.039,6.9,6.932,35590297.0,-0.307,6.962,1.068,0.721,2.039,0,交易,3.399705738106915,9.585298196948683,5158014.057971015,0.9890609461571246,0.9802528768290951,1.004327755337565
2017-05-31,601117.SH,6.975,7.039,6.9,6.911,21366561.0,-0.308,6.963,1.068,0.433,1.224,0,交易,5.646241830065359,16.10854503464203,3096603.0434782607,0.9892030117914477,0.9802528768290951,1.007524236724063
2017-06-01,601117.SH,6.921,6.921,6.676,6.686,39592075.0,-3.246,6.756,1.068,0.803,2.269,0,交易,2.946672542970471,8.61892901618929,5930508.538046734,0.976159514521023,0.9646004912584887,1.010469638049656
2017-06-02,601117.SH,6.665,6.878,6.633,6.814,32415828.0,1.917,6.751,1.068,0.657,1.858,0,交易,3.6673842841765336,10.144596651445966,4887053.82180009,0.9815353300378017,0.9643791799941843,0.9907543293219842
2017-06-05,601117.SH,6.825,6.878,6.782,6.868,24764496.0,0.784,6.836,1.068,0.502,1.419,0,交易,4.840028188865398,13.595617529880478,3651503.391329991,0.9938935737132888,0.9860424542018028,0.9953407105416424
2017-06-06,601117.SH,6.836,6.9,6.825,6.889,15900455.0,0.311,6.873,1.068,0.322,0.911,0,交易,7.562019758507135,21.229813664596275,2329736.996336996,0.9960869565217391,0.9891304347826086,0.9976774568152127
2017-06-07,601117.SH,6.911,7.071,6.889,7.049,33739041.0,2.326,6.998,1.068,0.684,1.933,0,交易,3.646663217796172,10.103801169590643,4897523.7334881695,0.9896761419884034,0.9742610663272522,0.9927649311959142
2017-06-08,601117.SH,7.049,7.092,6.985,7.06,27054750.0,0.152,7.046,1.068,0.548,1.55,0,交易,4.554838709677419,12.863138686131386,3873264.1374373655,0.9935138183869149,0.9849125775521715,0.9980169971671389
2017-06-09,601117.SH,7.071,7.274,7.071,7.21,56205026.0,2.118,7.18,1.068,1.139,3.221,0,交易,2.23843526855014,6.208077260755048,7948667.232357517,0.9870772614792411,0.9720923838328293,0.9958391123439667
2017-06-12,601117.SH,7.156,7.21,7.103,7.135,27623616.0,-1.037,7.163,1.068,0.56,1.583,0,交易,4.50726468730259,12.778571428571427,3889006.8984935945,0.9934812760055479,0.9851595006934812,1.0039243167484233
2017-06-13,601117.SH,7.146,7.242,7.103,7.21,24995232.0,1.048,7.191,1.068,0.507,1.432,0,交易,5.034916201117318,14.094674556213018,3518968.3232437,0.9929577464788732,0.9808064070698702,0.9973647711511789
2017-06-14,601117.SH,7.242,7.413,7.178,7.327,40583213.0,1.63,7.342,1.068,0.823,2.326,0,交易,3.150042992261393,8.79951397326853,5653832.961827807,0.9904222312154323,0.9682989343046,1.0020472226013375
2017-06-15,601117.SH,7.37,7.402,7.242,7.348,22929585.0,0.292,7.315,1.068,0.465,1.314,0,交易,5.592085235920852,15.849462365591398,3166195.1118475557,0.9882464198865172,0.9783842204809511,0.9955089820359282
2017-06-16,601117.SH,7.327,7.338,7.21,7.231,23203226.0,-1.599,7.269,1.068,0.47,1.33,0,交易,5.436842105263158,15.589361702127661,3218200.5547850206,0.9905968928863451,0.9825565549195966,1.0052551514313373
2017-06-19,601117.SH,7.199,7.284,7.199,7.284,17150842.0,0.739,7.258,1.068,0.348,0.983,0,交易,7.409969481180061,20.686781609195403,2382392.276705098,0.9964305326743548,0.9883305875892366,0.9964305326743548
2017-06-20,601117.SH,7.284,7.338,7.252,7.274,16404969.0,-0.147,7.296,1.068,0.333,0.94,0,交易,7.738297872340426,21.873873873873872,2262130.308880309,0.9942763695829927,0.9882801853366039,1.0030244707176244
2017-06-21,601117.SH,7.284,7.316,7.167,7.231,21822113.0,-0.587,7.241,1.068,0.442,1.251,0,交易,5.780175859312551,16.479638009049772,3044804.3811915726,0.9897484964461454,0.9796336796063423,1.001382934587194
2017-06-22,601117.SH,7.231,7.295,7.178,7.188,24802140.0,-0.591,7.24,1.068,0.503,1.421,0,交易,5.058409570724842,14.375745526838966,3455299.5263304543,0.9924605894448253,0.9839616175462645,1.0072342793544797
2017-06-23,601117.SH,7.178,7.178,6.943,7.049,38982433.0,-1.932,7.045,1.068,0.79,2.234,0,交易,3.155326768128917,9.086075949367087,5614638.1967449235,0.981471161883533,0.9672610755084982,0.9994325436232089
2017-06-26,601117.SH,7.049,7.113,7.007,7.113,28398337.0,0.909,7.076,1.068,0.576,1.627,0,交易,4.371850030731408,12.237847222222223,4052852.433281005,0.9947982567130604,0.9850977084212005,0.9947982567130604
2017-06-27,601117.SH,7.113,7.135,7.071,7.103,22751144.0,-0.15,7.097,1.068,0.461,1.304,0,交易,5.447085889570552,15.429501084598698,3217528.4966765665,0.9946741415557113,0.991030133146461,0.9991552864986626
2017-06-28,601117.SH,7.081,7.509,7.039,7.423,73764326.0,4.511,7.318,1.068,1.495,4.227,0,交易,1.7560917908682279,4.736454849498328,10479375.763602786,0.9745638567052869,0.9374084432014914,0.9858547756971574
2017-06-29,601117.SH,7.359,7.402,7.338,7.391,34709787.0,-0.432,7.371,1.068,0.704,1.989,0,交易,3.7159376571141274,10.453125,4730142.681929681,0.9958119427181843,0.9913536881923805,0.9972940062237857
2017-06-30,601117.SH,7.359,7.615,7.338,7.466,56098169.0,1.012,7.502,1.068,1.137,3.215,0,交易,2.322239502332815,6.472295514511873,7644885.391114745,0.9851608667104399,0.9636244254760341,1.004821859094562
2017-07-03,601117.SH,7.455,7.605,7.434,7.562,36616146.0,1.288,7.539,1.068,0.742,2.098,0,交易,3.6043851286939947,10.047169811320755,4925497.175141243,0.9913214990138066,0.9775147928994082,0.9969584765934937
2017-07-04,601117.SH,7.541,7.594,7.381,7.413,36839469.0,-1.977,7.46,1.068,0.747,2.111,0,交易,3.5116058739933678,10.095046854083,4991121.663731202,0.9823544903871477,0.9719515406900184,1.00634021313908
2017-07-05,601117.SH,7.402,7.455,7.348,7.445,26508575.0,0.432,7.401,1.068,0.537,1.519,0,交易,4.90125082290981,13.783985102420855,3607590.5008165487,0.9927565392354124,0.9856472166331322,0.9940899932840832
2017-07-06,601117.SH,7.434,7.455,7.348,7.423,21595531.0,-0.287,7.405,1.068,0.438,1.238,0,交易,5.995961227786753,16.972602739726028,2938967.201959717,0.9932930918846412,0.9856472166331322,0.997575104405227
2017-07-07,601117.SH,7.381,7.413,7.359,7.391,22735661.0,-0.432,7.383,1.068,0.461,1.303,0,交易,5.672294704528013,16.010845986984815,3089504.144584862,0.9959530554431404,0.9927154997976527,0.9989176024895142
2017-07-10,601117.SH,7.37,7.583,7.37,7.562,51966320.0,2.312,7.517,1.068,1.053,2.978,0,交易,2.5392881128274007,6.999050332383666,7051061.058344641,0.9912963207173942,0.9719108532243176,0.9940491933350966
2017-07-11,601117.SH,7.541,7.583,7.455,7.466,25750645.0,-1.271,7.529,1.068,0.522,1.476,0,交易,5.058265582655827,14.446360153256705,3454144.19852448,0.9928788078596861,0.9831201371488857,1.0084382534154834
2017-07-12,601117.SH,7.477,7.69,7.466,7.626,50206650.0,2.146,7.598,1.068,1.018,2.877,0,交易,2.6506777893639213,7.344793713163065,6724705.33083311,0.9880364109232769,0.9708712613784135,0.9963283503802779
2017-07-13,601117.SH,7.583,7.957,7.583,7.85,69120478.0,2.941,7.822,1.068,1.401,3.961,0,交易,1.9818227720272659,5.412562455389008,9115188.975339575,0.983033806711072,0.9529973608143774,0.9964331210191083
2017-07-14,601117.SH,7.916,7.926,7.775,7.861,33711682.0,0.138,7.85,1.084,0.683,1.932,0,交易,4.068840579710145,11.5900439238653,4335907.652733119,0.990411304567247,0.9809487761796619,0.9986006869355044
2017-07-17,601117.SH,7.84,8.187,7.569,7.937,92956177.0,0.966,7.998,1.084,1.884,5.327,0,交易,1.4899568237281773,4.16135881104034,12281170.167789668,0.976914620740198,0.9245144741663613,1.007685523497543
2017-07-18,601117.SH,7.84,8.609,7.807,8.447,108588965.0,6.421,8.274,1.084,2.201,6.223,0,交易,1.357383898441266,3.5620172648796,13909179.582426026,0.9610872342896968,0.9068416773144384,0.9795193559843731
2017-07-19,601117.SH,8.414,8.859,8.338,8.772,101500172.0,3.851,8.623,1.084,2.058,5.816,0,交易,1.5082530949105915,4.08843537414966,12173203.645958265,0.9733604244271362,0.9411897505361778,0.9830141358869128
2017-07-20,601117.SH,8.707,8.837,8.566,8.805,66308989.0,0.371,8.682,1.084,1.344,3.8,0,交易,2.317105263157895,6.4784226190476195,7740951.319168806,0.9824601108973634,0.9693334842140999,0.98603066439523
2017-07-21,601117.SH,8.707,8.967,8.609,8.718,57455712.0,-0.985,8.776,1.084,1.165,3.292,0,交易,2.6482381530984207,7.473819742489271,6673912.4172377745,0.9786996765919481,0.9600758336121333,1.0066529020417527
2017-07-24,601117.SH,8.62,8.75,8.393,8.469,73472974.0,-2.861,8.541,1.084,1.489,4.21,0,交易,2.0116389548693587,5.789120214909334,8754077.683784105,0.9761142857142857,0.9592,1.0085015940488842
2017-07-25,601117.SH,8.436,8.577,8.403,8.49,43460600.0,0.256,8.477,1.084,0.881,2.49,0,交易,3.4096385542168672,9.575482406356413,5172033.79745329,0.9883409117407019,0.9797131864288213,0.9984687868080094
2017-07-26,601117.SH,8.458,8.49,8.219,8.382,50798797.0,-1.277,8.321,1.084,1.03,2.911,0,交易,2.8794228787358294,8.211650485436893,6180654.215841344,0.9800942285041224,0.968080094228504,0.9927225005965163
2017-07-27,601117.SH,8.349,8.403,8.078,8.219,46872602.0,-1.94,8.221,1.084,0.95,2.686,0,交易,3.05994043186895,8.788421052631579,5802500.866551127,0.9783410686659526,0.9613233369034867,1.00024333860567
2017-07-28,601117.SH,8.208,8.512,8.143,8.479,55279000.0,3.166,8.347,1.084,1.121,3.168,0,交易,2.67645202020202,7.322033898305085,6788530.025789021,0.9806156015037593,0.9566494360902256,0.9844321264300036
2017-07-31,601117.SH,8.436,8.49,8.328,8.469,42025576.0,-0.128,8.426,1.084,0.852,2.408,0,交易,3.5170265780730894,9.901408450704226,5046298.751200769,0.9924617196702002,0.9809187279151943,0.9949226591096942
2017-08-01,601117.SH,8.425,8.512,8.273,8.317,39767325.0,-1.793,8.361,1.084,0.806,2.279,0,交易,3.6494076349276,10.452853598014888,4806880.81711592,0.9822603383458647,0.9719219924812029,1.005290369123482
2017-08-02,601117.SH,8.284,8.403,7.97,8.013,58974239.0,-3.651,8.192,1.084,1.196,3.379,0,交易,2.371411660254513,6.926421404682275,7399528.105395232,0.9748899202665714,0.9484707842437224,1.0223386996131287
2017-08-03,601117.SH,7.981,8.165,7.926,8.024,39080521.0,0.135,8.032,1.084,0.792,2.239,0,交易,3.5837427422956676,10.0770202020202,4930673.858188241,0.9837109614206982,0.9707287201469689,1.0009970089730809
2017-08-04,601117.SH,8.024,8.143,7.916,7.981,35298331.0,-0.541,8.049,1.084,0.716,2.023,0,交易,3.9451309935739,11.206703910614525,4459112.051541182,0.9884563428711776,0.9721232960825248,1.0085202355594536
2017-08-07,601117.SH,8.013,8.208,7.937,8.208,34757237.0,2.853,8.101,1.084,0.705,1.992,0,交易,4.120481927710843,11.365957446808512,4379140.3552979715,0.9869639376218324,0.9669834307992203,0.9869639376218324
2017-08-08,601117.SH,8.197,8.219,7.872,7.926,60667205.0,-3.435,8.012,1.084,1.23,3.477,0,交易,2.279551337359793,6.664227642276423,7706707.952235772,0.9748144543131769,0.9577807519162915,1.010850365884431
2017-08-09,601117.SH,7.937,7.97,7.807,7.937,32653573.0,0.137,7.875,1.084,0.662,1.871,0,交易,4.242116515232496,11.989425981873111,4182601.895734597,0.9880803011292346,0.9795483061480553,0.9921884843139726
2017-08-10,601117.SH,7.937,7.937,7.742,7.85,35242474.0,-1.093,7.823,1.084,0.714,2.02,0,交易,3.886138613861386,11.116246498599441,4552114.957375355,0.9856368905127882,0.9754315232455587,0.9965605095541402
2017-08-11,601117.SH,7.785,7.785,7.536,7.547,43469979.0,-3.867,7.653,1.084,0.881,2.491,0,交易,3.029706945002007,8.83654937570942,5768309.315286624,0.9830443159922928,0.9680154142581887,1.0140453160196103
2017-08-14,601117.SH,7.547,7.764,7.525,7.71,32985938.0,2.155,7.652,1.084,0.669,1.89,0,交易,4.07936507936508,11.281016442451419,4383513.355481727,0.9855744461617723,0.9692168985059249,0.9924773022049287
2017-08-15,601117.SH,7.677,7.764,7.623,7.699,17558686.0,-0.141,7.698,1.084,0.356,1.006,0,交易,7.653081510934394,21.564606741573034,2303382.657746294,0.991499227202473,0.981839258114374,0.9998701130016886
2017-08-16,601117.SH,7.677,7.699,7.536,7.601,29556951.0,-1.268,7.593,1.084,0.599,1.694,0,交易,4.487012987012987,12.81636060100167,3922100.71656051,0.9862319781789843,0.9788284192752306,0.998947506906986
2017-08-17,601117.SH,7.59,7.85,7.579,7.84,39679571.0,3.138,7.76,1.084,0.804,2.274,0,交易,3.447669305189094,9.440298507462686,5235462.594009764,0.9885350318471338,0.9654777070063695,0.9897959183673469
2017-08-18,601117.SH,7.775,7.894,7.753,7.796,27902204.0,-0.553,7.812,1.084,0.566,1.599,0,交易,4.875547217010632,13.736749116607776,3598891.2678962983,0.9896123638206232,0.9821383329110717,1.0020523345305286
2017-08-21,601117.SH,7.84,7.926,7.807,7.861,31776762.0,0.834,7.865,1.084,0.644,1.821,0,交易,4.316858868753432,12.17391304347826,4070291.020878698,0.9923038102447641,0.9849861216250315,1.0005088411143621
2017-08-22,601117.SH,7.872,7.959,7.785,7.807,22164700.0,-0.69,7.854,1.084,0.449,1.27,0,交易,6.147244094488189,17.53229398663697,2847103.4039820167,0.9868073878627969,0.9781379570297777,1.0060202382477264
2017-08-23,601117.SH,7.807,7.861,7.688,7.72,23462799.0,-1.111,7.731,1.084,0.476,1.345,0,交易,5.739776951672862,16.401260504201684,3051872.9188345475,0.9834626637832337,0.9779926218038417,1.0014248704663213
2017-08-24,601117.SH,7.72,7.785,7.623,7.666,20135583.0,-0.702,7.714,1.084,0.408,1.154,0,交易,6.642980935875218,18.92156862745098,2641425.0295159384,0.9908798972382787,0.9791907514450867,1.006261414036003
2017-08-25,601117.SH,7.666,7.981,7.644,7.926,39971291.0,3.395,7.843,1.084,0.81,2.291,0,交易,3.4596246180707118,9.464197530864197,5229106.619570905,0.9827089337175793,0.9577747149480015,0.9895281352510724
2017-08-28,601117.SH,7.937,8.263,7.916,8.165,60667378.0,3.01,8.141,1.084,1.23,3.477,0,交易,2.348288754673569,6.452845528455285,7663893.127842344,0.9852353866634395,0.9580055669853564,0.997060624617269
2017-08-29,601117.SH,8.176,8.187,8.024,8.143,28963892.0,-0.266,8.101,1.084,0.587,1.66,0,交易,4.905421686746989,13.928449744463375,3609657.5274177473,0.9894955417124711,0.9800903871992183,0.9948421957509518
2017-08-30,601117.SH,8.132,8.241,8.089,8.165,28555271.0,0.266,8.155,1.084,0.579,1.636,0,交易,4.99083129584352,14.04490500863558,3530136.110767709,0.9895643732556728,0.981555636451887,0.9987752602571953
2017-08-31,601117.SH,8.122,8.208,7.948,8.024,32873292.0,-1.726,8.033,1.084,0.666,1.884,0,交易,4.259023354564755,12.195195195195195,4136045.797684952,0.9786793372319688,0.9683235867446394,1.0011216350947159
2017-09-01,601117.SH,8.056,8.067,7.905,7.948,31195455.0,-0.946,7.964,1.084,0.632,1.788,0,交易,4.445190156599553,12.746835443037973,3946294.117647059,0.98723193256477,0.9799181851989587,1.0020130850528435
2017-09-04,601117.SH,7.926,8.035,7.894,7.991,21000245.0,0.546,7.971,1.084,0.426,1.203,0,交易,6.642560266001662,18.605633802816904,2660279.326070433,0.9920348475420038,0.982451773490977,0.997497184332374
2017-09-05,601117.SH,8.078,8.187,8.046,8.067,33542789.0,0.95,8.115,1.084,0.68,1.922,0,交易,4.197190426638918,11.87941176470588,4168877.5789212035,0.9912055698057898,0.9827775742030047,1.0059501673484568
2017-09-06,601117.SH,8.002,8.414,7.872,8.208,86247306.0,1.747,8.192,1.084,1.748,4.942,0,交易,1.6608660461351679,4.577803203661327,10956212.652439024,0.9736154028999288,0.9355835512241503,0.9980506822612085
2017-09-07,601117.SH,8.132,8.284,8.078,8.111,42500124.0,-1.189,8.178,1.084,0.862,2.435,0,交易,3.331006160164271,9.433874709976799,5261218.618469919,0.9872042491549976,0.9751327860936744,1.008260387128591
2017-09-08,601117.SH,8.089,8.165,7.981,8.002,27273512.0,-1.337,8.053,1.084,0.553,1.563,0,交易,5.119641714651312,14.627486437613019,3417305.0996115776,0.9862829148805881,0.9774647887323945,1.0063734066483379
2017-09-11,601117.SH,8.024,8.1,7.97,8.056,19204070.0,0.678,8.039,1.084,0.389,1.1,0,交易,7.323636363636362,20.627249357326477,2409544.5420326223,0.9924691358024691,0.9839506172839506,0.9978897715988084
2017-09-12,601117.SH,8.089,8.089,7.97,7.981,24909513.0,-0.942,8.018,1.084,0.505,1.427,0,交易,5.592852137351086,16.017821782178217,3125409.410288582,0.9912226480405489,0.985288663617258,1.004636010524997
2017-09-13,601117.SH,7.981,8.067,7.937,7.991,19525411.0,0.136,8.001,1.084,0.396,1.119,0,交易,7.141197497765862,20.1540404040404,2460049.262945697,0.991818519895872,0.9838849634312632,1.001251407833813
2017-09-14,601117.SH,8.024,8.165,7.991,8.132,35429212.0,1.764,8.087,1.084,0.718,2.03,0,交易,4.005911330049261,11.175487465181059,4433639.344262295,0.9904470300061238,0.9786895284751991,0.9944663059517954
2017-09-15,601117.SH,8.1,8.241,8.078,8.143,37359729.0,0.133,8.167,1.084,0.757,2.141,0,交易,3.803362914525923,10.700132100396301,4624873.607328547,0.9910205072199976,0.9802208469845892,1.0029473167137417
2017-09-18,601117.SH,8.176,8.263,8.143,8.208,26534321.0,0.799,8.19,1.084,0.538,1.521,0,交易,5.396449704142012,15.197026022304833,3258543.657128822,0.9911654362822219,0.9854774295050225,0.9978070175438596
2017-09-19,601117.SH,8.197,8.197,8.002,8.046,27263494.0,-1.982,8.082,1.084,0.553,1.562,0,交易,5.151088348271446,14.82278481012658,3407084.978755311,0.985970477003782,0.9762108088324999,1.0044742729306488
2017-09-20,601117.SH,8.035,8.056,7.916,8.013,29037538.0,-0.404,7.978,1.084,0.589,1.664,0,交易,4.8155048076923075,13.641765704584042,3668208.438605356,0.9903177755710031,0.9826216484607747,0.9956320978410084
2017-09-21,601117.SH,8.002,8.046,7.872,7.883,21060426.0,-1.624,7.955,1.084,0.427,1.207,0,交易,6.531068765534382,18.740046838407498,2675358.9939024393,0.9886900323141935,0.9783743475018644,1.0091335785868325
2017-09-22,601117.SH,7.84,7.84,7.655,7.677,38913034.0,-2.613,7.709,1.084,0.789,2.23,0,交易,3.4426008968609865,9.936628643852977,5083348.661005878,0.9832908163265306,0.9764030612244898,1.0041682949068647
2017-09-25,601117.SH,7.644,7.72,7.558,7.569,25552594.0,-1.412,7.621,1.084,0.518,1.464,0,交易,5.170081967213115,14.756756756756756,3380867.160624504,0.9871761658031089,0.9790155440414507,1.0068701281543138
2017-09-26,601117.SH,7.569,7.666,7.558,7.612,14430099.0,0.573,7.604,1.084,0.293,0.827,0,交易,9.2043530834341,25.832764505119457,1909248.346123313,0.991912340203496,0.9859118184189929,0.998949027850762
2017-09-27,601117.SH,7.612,7.655,7.558,7.558,22369733.0,-0.712,7.6,1.084,0.453,1.282,0,交易,5.895475819032761,16.80353200883002,2959742.39216724,0.992815153494448,0.9873285434356629,1.005557025668166
2017-09-28,601117.SH,7.579,7.59,7.308,7.352,59694434.0,-2.726,7.401,1.084,1.21,3.421,0,交易,2.1490792166033326,6.263636363636364,8168368.089764642,0.975098814229249,0.9628458498023715,1.0066648531011968
2017-09-29,601117.SH,7.352,7.406,7.33,7.363,20960328.0,0.147,7.368,1.084,0.425,1.201,0,交易,6.130724396336387,17.298823529411766,2859526.3301500683,0.9948690251147719,0.9897380502295436,1.0006790710308298
2017-10-09,601117.SH,7.438,7.503,7.395,7.482,26248745.0,1.62,7.457,1.084,0.532,1.504,0,交易,4.974734042553192,13.981203007518795,3549526.031102096,0.993869119019059,0.9856057576969212,0.9966586474204757
2017-10-10,601117.SH,7.482,7.612,7.449,7.579,25378788.0,1.304,7.55,1.084,0.514,1.454,0,交易,5.21251719394773,14.556420233463035,3407006.0410793396,0.9918549658434052,0.9785864424592748,0.9961736376830717
2017-10-11,601117.SH,7.59,7.655,7.525,7.601,19184496.0,0.286,7.608,1.084,0.389,1.099,0,交易,6.916287534121929,19.511568123393314,2549434.684385382,0.9938602220770737,0.9830176355323318,1.0009209314563872
2017-10-12,601117.SH,7.59,7.644,7.558,7.579,15330418.0,-0.285,7.595,1.084,0.311,0.879,0,交易,8.622298065984072,24.40514469453376,2028369.674517068,0.9935897435897435,0.988749345892203,1.0021110964507192
2017-10-13,601117.SH,7.612,7.644,7.547,7.59,20102341.0,0.143,7.582,1.084,0.408,1.152,0,交易,6.588541666666667,18.656862745098042,2663620.113952564,0.9918890633176347,0.9873103087388801,0.9989459815546772
2017-10-16,601117.SH,7.59,7.612,7.395,7.428,22260379.0,-2.143,7.497,1.084,0.451,1.276,0,交易,5.821316614420063,16.829268292682926,3010193.2386747804,0.984892275354703,0.971492380451918,1.0092891760904685
2017-10-17,601117.SH,7.438,7.503,7.373,7.46,15013560.0,0.438,7.44,1.084,0.304,0.86,0,交易,8.674418604651162,24.467105263157894,2036289.1631628915,0.9916033586565374,0.9826735972277756,0.997319034852547
2017-10-18,601117.SH,7.449,7.503,7.363,7.384,12340939.0,-1.017,7.447,1.084,0.25,0.707,0,交易,10.444130127298445,29.796,1676074.8336275974,0.9925363188058111,0.9813407970145276,1.0085319609967498
2017-10-19,601117.SH,7.373,7.428,7.178,7.211,21175607.0,-2.349,7.269,1.084,0.429,1.213,0,交易,5.944765045342127,17.18648018648019,2950070.632488158,0.97859450726979,0.9663435648896069,1.0080432672306199
2017-10-20,601117.SH,7.178,7.319,7.156,7.308,10337500.0,1.353,7.268,1.084,0.21,0.592,0,交易,12.344594594594595,34.180952380952384,1444591.9508105088,0.9930318349501298,0.9777291979778658,0.9945265462506842
2017-10-23,601117.SH,7.308,7.417,7.297,7.406,13229863.0,1.335,7.376,1.084,0.268,0.758,0,交易,9.770448548812665,27.268656716417908,1813055.0911333426,0.9944721585546717,0.9838209518673318,0.9959492303537673
2017-10-24,601117.SH,7.406,7.46,7.308,7.406,12968077.0,0.0,7.394,1.084,0.263,0.743,0,交易,9.967698519515478,28.15969581749049,1774504.2419266559,0.9911528150134048,0.9796246648793565,0.9983796921415069
2017-10-25,601117.SH,7.406,7.482,7.373,7.482,16612069.0,1.025,7.441,1.084,0.337,0.952,0,交易,7.859243697478992,21.976261127596437,2253094.941000949,0.9945201817695802,0.9854317027532745,0.9945201817695802
2017-10-26,601117.SH,7.482,7.634,7.417,7.579,26555157.0,1.304,7.575,1.084,0.538,1.522,0,交易,4.979632063074901,13.907063197026021,3580309.6939463397,0.9922714173434635,0.9715745349751113,0.9994722258873203
2017-10-27,601117.SH,7.547,7.569,7.482,7.514,10839741.0,-0.858,7.523,1.084,0.22,0.621,0,交易,12.099838969404187,34.304545454545455,1448775.8620689656,0.9939225789404148,0.9885057471264368,1.0011977641735426
2017-10-30,601117.SH,7.406,7.46,7.189,7.308,29324268.0,-2.742,7.297,1.084,0.594,1.68,0,交易,4.35,12.468013468013469,4079046.8771734596,0.9781501340482573,0.9636729222520107,0.9984948002189381
2017-10-31,601117.SH,7.276,7.297,7.211,7.276,17290949.0,-0.445,7.251,1.084,0.351,0.991,0,交易,7.342078708375379,20.72934472934473,2397857.301345167,0.9936960394682747,0.9882143346580787,0.9965640461792195
2017-11-01,601117.SH,7.287,7.373,7.189,7.287,25373026.0,0.149,7.28,1.084,0.514,1.454,0,交易,5.011691884456671,14.17704280155642,3529423.563777994,0.9873864098738641,0.9750440797504408,0.9990393852065322
2017-11-02,601117.SH,7.276,7.276,7.113,7.156,21591006.0,-1.786,7.191,1.084,0.438,1.237,0,交易,5.784963621665319,16.61187214611872,3035428.9329396877,0.9883177570093458,0.9775975810885102,1.0048910005589715
2017-11-03,601117.SH,7.146,7.167,6.885,6.95,29345753.0,-2.879,6.994,1.084,0.595,1.682,0,交易,4.131985731272295,12.010084033613445,4262273.493100944,0.975861587833124,0.9606529928840519,1.0063309352517984
2017-11-06,601117.SH,6.961,6.961,6.82,6.95,18088372.0,0.0,6.894,1.084,0.367,1.037,0,交易,6.7020250723240125,18.967302452316076,2652253.9589442816,0.9903749461284298,0.9797442896135613,0.9919424460431655
2017-11-07,601117.SH,6.961,7.016,6.918,6.983,18786832.0,0.468,6.97,1.084,0.381,1.077,0,交易,6.483751160631384,18.27034120734908,2715644.9840994505,0.9934435575826681,0.9860319270239453,0.998138335958757
2017-11-08,601117.SH,6.983,7.059,6.918,6.972,28477070.0,-0.155,6.98,1.084,0.577,1.632,0,交易,4.272058823529412,12.102253032928942,4116373.2292570104,0.9888086131180054,0.9800254993625159,1.0011474469305794
2017-11-09,601117.SH,6.972,7.113,6.961,7.059,25861173.0,1.244,7.034,1.084,0.524,1.482,0,交易,4.7631578947368425,13.305343511450381,3715151.9896566584,0.9888935751441023,0.9786306762266272,0.9964584218727864
2017-11-10,601117.SH,7.048,7.081,6.972,6.994,18687826.0,-0.922,7.016,1.084,0.379,1.071,0,交易,6.530345471521942,18.59630606860158,2680411.07286288,0.9908205055783081,0.9846066939697783,1.003145553331427
2017-11-13,601117.SH,6.983,7.048,6.918,7.048,24203928.0,0.775,6.979,1.084,0.491,1.387,0,交易,5.081470800288392,14.221995926680243,3498688.6383347786,0.9902099886492622,0.9815550510783201,0.9902099886492622
2017-11-14,601117.SH,7.026,7.222,7.016,7.135,38757425.0,1.231,7.138,1.084,0.786,2.221,0,交易,3.2125168842863574,8.938931297709923,5524148.3751425315,0.9883688728883965,0.971476045416782,1.0004204625087596
2017-11-15,601117.SH,7.091,7.178,6.994,7.026,20620034.0,-1.52,7.075,1.084,0.418,1.182,0,交易,5.944162436548224,16.964114832535888,2948246.2110380325,0.985650599052661,0.9743661186960155,1.006974096214062
2017-11-16,601117.SH,7.005,7.081,6.972,6.983,15914180.0,-0.617,7.02,1.084,0.323,0.912,0,交易,7.656798245614034,21.687306501547987,2282584.62421113,0.9913853975427198,0.9846066939697783,1.0052985822712301
2017-11-17,601117.SH,6.972,7.005,6.755,6.799,27786056.0,-2.64,6.834,1.084,0.563,1.592,0,交易,4.2707286432160805,12.38365896980462,4113405.7735011103,0.9755888650963597,0.9643112062812277,1.0051478158552727
2017-11-20,601117.SH,6.799,6.82,6.658,6.81,13660569.0,0.159,6.744,1.084,0.277,0.783,0,交易,8.697318007662835,24.545126353790614,2051752.628416942,0.9888563049853372,0.9762463343108505,0.9903083700440529
2017-11-21,601117.SH,6.788,6.875,6.766,6.81,26472259.0,0.0,6.805,1.084,0.537,1.517,0,交易,4.489123269611074,12.640595903165735,3912541.9745787764,0.9898181818181818,0.9841454545454545,0.9992657856093979
2017-11-22,601117.SH,6.81,7.005,6.777,6.94,32965243.0,1.911,6.882,1.084,0.668,1.889,0,交易,3.673901535203812,10.194610778443113,4864282.573410063,0.982441113490364,0.9674518201284797,0.9916426512968298
2017-11-23,601117.SH,6.918,6.929,6.723,6.744,23454418.0,-2.813,6.837,1.084,0.475,1.344,0,交易,5.017857142857142,14.56421052631579,3488683.3258961774,0.9867224707750035,0.970269880213595,1.0137900355871885
2017-11-24,601117.SH,6.734,6.777,6.712,6.744,15128422.0,0.0,6.743,1.084,0.307,0.867,0,交易,7.778546712802768,21.93485342019544,2253936.5315852207,0.9949830308396046,0.9904087354286557,0.9998517200474497
2017-11-27,601117.SH,6.744,6.842,6.712,6.788,17957691.0,0.643,6.785,1.084,0.364,1.029,0,交易,6.596695821185618,18.527472527472526,2675460.5184743744,0.9916691026015786,0.9809997076878106,0.9995580436063641
2017-11-28,601117.SH,6.777,6.81,6.712,6.81,14322608.0,0.319,6.766,1.084,0.29,0.821,0,交易,8.294762484774665,23.36896551724138,2133880.810488677,0.993538913362702,0.9856093979441998,0.993538913362702
2017-11-29,601117.SH,6.81,6.853,6.723,6.842,19487821.0,0.478,6.774,1.084,0.395,1.117,0,交易,6.125335720680393,17.240506329113924,2898679.3098319205,0.988472201955348,0.9810302057493069,0.9900613855597779
2017-11-30,601117.SH,6.81,6.864,6.777,6.81,12767968.0,-0.475,6.823,1.084,0.259,0.732,0,交易,9.303278688524589,26.29343629343629,1884014.7557916483,0.9940268065268066,0.9873251748251749,1.0019089574155655
2017-12-01,601117.SH,6.799,6.885,6.766,6.842,15621120.0,0.478,6.835,1.084,0.317,0.895,0,交易,7.644692737430167,21.447949526813883,2308767.3662429797,0.9927378358750908,0.9827160493827161,0.998976907337036
2017-12-04,601117.SH,6.831,6.864,6.766,6.777,15269940.0,-0.951,6.809,1.084,0.31,0.875,0,交易,7.7451428571428576,22.03548387096774,2256863.7304167897,0.9919871794871795,0.9857226107226107,1.004721853327431
2017-12-05,601117.SH,6.766,6.799,6.69,6.701,15233161.0,-1.12,6.746,1.084,0.309,0.873,0,交易,7.675830469644902,21.89644012944984,2277004.6337817637,0.9922047359905869,0.9839682306221503,1.0067154156096105
2017-12-06,601117.SH,6.658,6.777,6.625,6.766,13841406.0,0.971,6.71,1.084,0.281,0.793,0,交易,8.532156368221942,23.693950177935942,2089268.8301886793,0.9901136195956913,0.9775711966947026,0.9917233224948271
2017-12-07,601117.SH,6.744,6.831,6.734,6.777,13481240.0,0.16,6.785,1.084,0.273,0.773,0,交易,8.767141009055628,24.7032967032967,2001966.141966142,0.9932659932659932,0.9858000292782901,1.0011804633318577
2017-12-08,601117.SH,6.755,6.799,6.744,6.777,9818672.0,0.0,6.776,1.084,0.199,0.563,0,交易,12.037300177619894,33.94472361809045,1455912.2182680902,0.9966171495808206,0.9919105750845711,0.9998524420835178
2017-12-11,601117.SH,6.777,6.82,6.744,6.82,13469144.0,0.64,6.785,1.084,0.273,0.772,0,交易,8.83419689119171,24.82417582417582,1997204.0332147095,0.9948680351906158,0.9888563049853372,0.9948680351906158
2017-12-12,601117.SH,6.842,7.102,6.831,6.994,47674741.0,2.544,6.994,1.084,0.966,2.732,0,交易,2.5600292825768665,7.082815734989648,6979174.498609281,0.9847930160518164,0.9618417347226134,1.0
2017-12-13,601117.SH,6.961,7.102,6.95,7.07,26995704.0,1.085,7.038,1.084,0.547,1.547,0,交易,4.5701357466063355,12.725776965265082,3884273.9568345323,0.9909884539566319,0.9785975781470009,0.9954738330975955
2017-12-14,601117.SH,7.07,7.091,7.005,7.048,12892001.0,-0.307,7.036,1.084,0.261,0.739,0,交易,9.537212449255751,27.088122605363985,1840399.8572448252,0.9922436891834719,0.9878719503596107,0.9982973893303064
2017-12-15,601117.SH,7.005,7.373,7.005,7.33,60008396.0,4.0,7.249,1.084,1.216,3.439,0,交易,2.1314335562663564,5.760690789473684,8566509.064953605,0.9831818798318187,0.9500881595008815,0.9889495225102318
2017-12-18,601117.SH,7.33,7.373,7.2,7.341,27124081.0,0.148,7.289,1.084,0.55,1.554,0,交易,4.723938223938224,13.327272727272726,3767233.472222222,0.9886070798860708,0.9765360097653601,0.9929164963901376
2017-12-19,601117.SH,7.319,7.395,7.276,7.341,20823722.0,0.0,7.33,1.084,0.422,1.193,0,交易,6.153394803017602,17.343601895734597,2861973.886750962,0.9912102772143341,0.9839080459770115,0.9985015665440675
2017-12-20,601117.SH,7.319,7.395,7.178,7.222,24267153.0,-1.625,7.25,1.084,0.492,1.391,0,交易,5.1919482386772104,14.876016260162602,3380768.0412371135,0.9803921568627452,0.9706558485463151,1.0038770423705343
2017-12-21,601117.SH,7.232,7.308,7.178,7.287,19073043.0,0.901,7.248,1.084,0.387,1.093,0,交易,6.666971637694419,18.68733850129199,2657152.828085818,0.9917898193760263,0.9822112753147236,0.9946480032935364
2017-12-22,601117.SH,7.232,7.395,7.2,7.373,28498026.0,1.19,7.319,1.084,0.578,1.633,0,交易,4.515003061849357,12.5121107266436,3958059.1666666665,0.9897227856659906,0.9736308316430021,0.9926759799267597
2017-12-25,601117.SH,7.373,7.525,7.297,7.341,34815138.0,-0.441,7.423,1.084,0.706,1.995,0,交易,3.6796992481203006,10.443342776203966,4771157.736055913,0.9864451827242524,0.9697009966777408,1.01117014030786
2017-12-26,601117.SH,7.297,7.493,7.265,7.46,29196613.0,1.625,7.439,1.084,0.592,1.673,0,交易,4.459055588762702,12.326013513513514,4018804.2670337236,0.9927932737221407,0.9695716001601494,0.9971849865951743
2017-12-27,601117.SH,7.428,7.547,7.395,7.428,35450745.0,-0.436,7.461,1.084,0.719,2.031,0,交易,3.6573116691285077,10.331015299026426,4793880.324543611,0.9886047436067312,0.9798595468398039,1.004442649434572
2017-12-28,601117.SH,7.428,7.493,7.276,7.319,32705723.0,-1.46,7.366,1.084,0.663,1.874,0,交易,3.905549626467449,11.203619909502262,4495014.156129742,0.983050847457627,0.9710396369945281,1.0064216423008607
2017-12-29,601117.SH,7.308,7.395,7.2,7.319,40644256.0,0.0,7.26,1.084,0.824,2.329,0,交易,3.142550450837269,8.868932038834952,5645035.555555555,0.9817444219066938,0.9736308316430021,0.9919387894521109
2018-01-02,601117.SH,7.33,7.579,7.297,7.579,56604658.0,3.556,7.523,1.084,1.147,3.244,0,交易,2.3363131935881625,6.390584132519616,7757250.650952446,0.9926111624224832,0.962791925056076,0.9926111624224832
2018-01-03,601117.SH,7.579,7.644,7.503,7.558,34318305.0,-0.286,7.566,1.084,0.696,1.967,0,交易,3.8423995932892727,10.889367816091955,4573944.422231108,0.9897959183673469,0.9815541601255887,1.0010584810796508
2018-01-04,601117.SH,7.569,7.753,7.536,7.71,47534660.0,2.009,7.671,1.084,0.964,2.724,0,交易,2.830396475770925,7.851659751037345,6307677.813163483,0.9894234489874887,0.9720108345156713,0.9949416342412452
2018-01-05,601117.SH,7.677,7.807,7.644,7.785,45136853.0,0.985,7.74,1.084,0.915,2.587,0,交易,3.009277155005798,8.390163934426228,5904873.495552067,0.9914179582426028,0.9791213013961829,0.9942196531791908
2018-01-08,601117.SH,7.775,7.916,7.753,7.905,42429481.0,1.532,7.827,1.084,0.86,2.431,0,交易,3.2517482517482517,9.040697674418606,5472653.295498516,0.9887569479535119,0.9794087923193532,0.9901328273244782
2018-01-09,601117.SH,7.905,7.916,7.677,7.699,39490084.0,-2.606,7.772,1.084,0.801,2.263,0,交易,3.4021210782147593,9.868913857677903,5143947.375276801,0.9818089944416372,0.9698079838302172,1.0094817508767373
2018-01-10,601117.SH,7.688,7.861,7.655,7.742,38729113.0,0.563,7.767,1.084,0.785,2.219,0,交易,3.4889589905362777,9.793630573248407,5059322.40365774,0.9880422338124921,0.973794682610355,1.0032291397571687
2018-01-11,601117.SH,7.742,7.905,7.699,7.883,25474899.0,1.821,7.805,1.084,0.516,1.46,0,交易,5.399315068493151,15.003875968992247,3308858.163397844,0.9873497786211258,0.9739405439595192,0.9901052898642648
2018-01-12,601117.SH,7.861,7.872,7.764,7.818,23454628.0,-0.825,7.813,1.084,0.475,1.344,0,交易,5.816964285714285,16.549473684210525,3020946.419371458,0.9925050813008129,0.9862804878048781,0.9993604502430289
2018-01-15,601117.SH,7.84,7.84,7.579,7.612,44828389.0,-2.635,7.672,1.084,0.909,2.569,0,交易,2.9630206305955626,8.624862486248624,5914815.806834675,0.9785714285714285,0.9667091836734694,1.0078822911192853
2018-01-16,601117.SH,7.644,7.991,7.601,7.991,53089510.0,4.986,7.877,1.084,1.076,3.042,0,交易,2.626890203813281,7.104089219330855,6984542.823312722,0.9857339506945314,0.9511950944812915,0.9857339506945314
2018-01-17,601117.SH,7.991,8.132,7.916,8.024,52514510.0,0.407,8.008,1.084,1.065,3.009,0,交易,2.6666666666666665,7.5032863849765254,6633970.439615968,0.984751598622725,0.9734382685686179,0.9980059820538385
2018-01-18,601117.SH,8.002,8.252,7.981,8.219,51642227.0,2.432,8.157,1.084,1.047,2.959,0,交易,2.777627576884082,7.642788920725884,6470646.15962912,0.988487639360155,0.9671594764905477,0.9924565032242366
2018-01-19,601117.SH,8.187,8.23,8.089,8.143,27376153.0,-0.923,8.152,1.084,0.555,1.569,0,交易,5.189929891650734,14.75135135135135,3384368.0306589194,0.9905224787363304,0.9828675577156744,1.001105243767653
2018-01-22,601117.SH,8.132,8.154,7.97,8.1,24390635.0,-0.533,8.049,1.084,0.494,1.398,0,交易,5.793991416309013,16.46153846153846,3060305.520702635,0.9871228844738777,0.9774343880304145,0.9937037037037036
2018-01-23,601117.SH,8.089,8.176,8.013,8.132,29599229.0,0.402,8.106,1.084,0.6,1.696,0,交易,4.794811320754717,13.481666666666667,3693901.0358167975,0.9914383561643835,0.9800636007827789,0.9968027545499263
2018-01-24,601117.SH,8.132,8.143,7.872,8.002,33976306.0,-1.6,7.981,1.084,0.689,1.947,0,交易,4.109912686183873,11.802612481857766,4316095.782520325,0.9801056121822423,0.9667198821073314,0.9973756560859784
2018-01-25,601117.SH,7.948,8.078,7.905,8.002,29185070.0,0.0,8.002,1.084,0.592,1.672,0,交易,4.785885167464116,13.425675675675677,3691975.96457938,0.9905917306263928,0.9785838078732361,1.0
2018-01-26,601117.SH,7.981,8.328,7.926,8.317,62450909.0,3.93,8.213,1.084,1.266,3.579,0,交易,2.323833473037161,6.304107424960505,7879246.656573303,0.9861911623439,0.9517291066282422,0.9874954911626788
2018-01-29,601117.SH,8.284,8.338,8.002,8.241,63895965.0,-0.913,8.181,1.084,1.295,3.662,0,交易,2.250409612233752,6.396911196911198,7984999.375156211,0.9811705444950828,0.959702566562725,0.9927193301783763
2018-01-30,601117.SH,8.154,8.252,8.078,8.1,27058656.0,-1.711,8.163,1.084,0.549,1.551,0,交易,5.222437137330754,14.852459016393441,3349672.691260213,0.989214735821619,0.9789142026175471,1.0077777777777779
2018-01-31,601117.SH,8.046,8.208,8.002,8.154,33229345.0,0.669,8.126,1.084,0.674,1.904,0,交易,4.282563025210084,11.937685459940651,4152629.967508123,0.9900097465886939,0.9749025341130605,0.9965661025263673
2018-02-01,601117.SH,8.143,8.143,7.514,7.569,51905552.0,-7.181,7.752,1.084,1.052,2.974,0,交易,2.5450571620712843,7.740494296577947,6907845.621506521,0.9519832985386221,0.9227557411273486,1.0241775663892192
2018-02-02,601117.SH,7.493,7.785,7.384,7.764,31421632.0,2.579,7.657,1.084,0.637,1.801,0,交易,4.310938367573571,11.762951334379906,4255367.280606717,0.983558124598587,0.948490687219011,0.9862184441009788
2018-02-05,601117.SH,7.634,8.154,7.623,8.143,36977420.0,4.888,7.947,1.084,0.75,2.119,0,交易,3.8428504011326097,10.178666666666667,4850770.038042765,0.9746136865342163,0.934878587196468,0.9759302468377747
2018-02-06,601117.SH,8.056,8.132,7.72,7.796,31509980.0,-4.261,7.915,1.084,0.639,1.806,0,交易,4.31672203765227,12.607198748043817,4081603.6269430052,0.9733152975897689,0.9493359567142154,1.0152642380708055
2018-02-07,601117.SH,7.959,8.078,7.59,7.688,25477597.0,-1.391,7.856,1.084,0.516,1.46,0,交易,5.265753424657534,15.424418604651162,3356732.1475625825,0.9725179499876208,0.939589007179995,1.0218522372528616
2018-02-08,601117.SH,7.677,7.775,7.232,7.33,48986280.0,-4.654,7.464,1.084,0.993,2.807,0,交易,2.61132882080513,7.731117824773413,6773545.3539823005,0.96,0.9301607717041801,1.018281036834925
2018-02-09,601117.SH,7.059,7.2,6.885,6.95,36021200.0,-5.178,7.033,1.084,0.73,2.064,0,交易,3.367248062015504,9.669863013698631,5231837.327523602,0.9768055555555556,0.9562499999999999,1.0119424460431654
2018-02-12,601117.SH,6.994,7.265,6.961,7.124,16898739.0,2.496,7.138,1.084,0.343,0.968,0,交易,7.359504132231405,20.39067055393586,2427630.9438299094,0.9825189263592568,0.9581555402615279,1.001965188096575
2018-02-13,601117.SH,7.156,7.33,7.156,7.232,12041263.0,1.522,7.257,1.084,0.244,0.69,0,交易,10.481159420289856,29.327868852459016,1682680.6875349358,0.9900409276944065,0.9762619372442018,1.0034568584070795
2018-02-14,601117.SH,7.265,7.308,7.167,7.222,8621904.0,-0.15,7.219,1.084,0.175,0.494,0,交易,14.619433198380568,41.51428571428571,1203000.4185851822,0.9878215654077723,0.9807060755336617,0.999584602603157
2018-02-22,601117.SH,7.319,7.352,7.254,7.319,11853868.0,1.351,7.3,1.084,0.24,0.679,0,交易,10.779086892488953,30.495833333333334,1634114.6953405018,0.9929270946681175,0.986670293797606,0.9974040169422052
2018-02-23,601117.SH,7.341,7.438,7.297,7.428,11770751.0,1.481,7.382,1.084,0.239,0.675,0,交易,11.004444444444443,30.71548117154812,1613094.559407976,0.9924710943802098,0.9810432912073138,0.9938072159396877
2018-02-26,601117.SH,7.482,7.503,7.341,7.471,18194456.0,0.584,7.42,1.084,0.369,1.043,0,交易,7.162991371045063,20.276422764227643,2478471.0529900556,0.9889377582300413,0.9784086365453819,0.9931736046044706
2018-02-27,601117.SH,7.428,7.493,7.352,7.363,11475866.0,-1.451,7.423,1.084,0.233,0.658,0,交易,11.189969604863222,31.879828326180256,1560917.5734494014,0.9906579474175897,0.981182436941145,1.0081488523699578
2018-02-28,601117.SH,7.308,7.33,7.178,7.265,16214207.0,-1.325,7.249,1.084,0.329,0.929,0,交易,7.820236813778256,22.212765957446805,2258875.3134577875,0.9889495225102318,0.9792633015006821,0.9977976600137646
2018-03-01,601117.SH,7.211,7.352,7.189,7.341,15576507.0,1.045,7.269,1.084,0.316,0.893,0,交易,8.22060470324748,22.819620253164558,2166714.007511476,0.9887105549510337,0.977829162132753,0.9901920719248059
2018-03-02,601117.SH,7.265,7.276,7.135,7.146,14782633.0,-2.659,7.199,1.084,0.3,0.847,0,交易,8.436835891381346,24.216666666666665,2071847.6524176595,0.9894172622319956,0.9806212204507971,1.0074167366358802
2018-03-05,601117.SH,7.135,7.222,7.113,7.167,9358728.0,0.303,7.163,1.084,0.19,0.536,0,交易,13.371268656716417,37.55263157894737,1315721.6364403204,0.9918305178620881,0.9849072279147051,0.9994418864238873
2018-03-06,601117.SH,7.189,7.276,7.113,7.276,17088055.0,1.513,7.203,1.084,0.346,0.979,0,交易,7.432073544433095,20.777456647398846,2402369.6049486855,0.9899670148433206,0.9775975810885102,0.9899670148433206
2018-03-07,601117.SH,7.265,7.308,7.167,7.178,16220660.0,-1.341,7.248,1.084,0.329,0.93,0,交易,7.718279569892473,22.08206686930091,2263242.639877215,0.9917898193760263,0.9807060755336617,1.0097520200612984
2018-03-08,601117.SH,7.146,7.2,7.07,7.178,14556052.0,0.0,7.125,1.084,0.295,0.834,0,交易,8.606714628297363,24.223728813559323,2058847.524752475,0.9895833333333333,0.9819444444444445,0.9926163276678741
2018-03-09,601117.SH,7.2,7.254,7.135,7.232,14188005.0,0.755,7.208,1.084,0.288,0.813,0,交易,8.895448954489545,25.000000000000004,1988508.0588647514,0.993658671078026,0.9835952577888062,0.9966814159292036
2018-03-12,601117.SH,7.2,7.428,7.2,7.395,23553215.0,2.249,7.316,1.084,0.477,1.35,0,交易,5.477777777777777,15.09433962264151,3271279.861111111,0.9849219170705439,0.9693053311793215,0.989317106152806
2018-03-13,601117.SH,7.449,7.916,7.384,7.785,54039660.0,5.279,7.653,1.084,1.095,3.097,0,交易,2.513722957701001,6.802739726027397,7318480.498374864,0.9667761495704901,0.9327943405760485,0.9830443159922928
2018-03-14,601117.SH,7.72,7.883,7.688,7.796,25086003.0,0.139,7.782,1.084,0.509,1.438,0,交易,5.421418636995828,15.166994106090373,3263007.6742976066,0.9871876189268045,0.9752632246606622,0.9982042072857875
2018-03-15,601117.SH,7.775,7.818,7.623,7.753,18529950.0,-0.556,7.716,1.084,0.376,1.062,0,交易,7.300376647834275,20.6781914893617,2430794.9626131444,0.9869531849577898,0.9750575594781274,0.9952276538114279
2018-03-16,601117.SH,7.731,7.905,7.731,7.861,25245994.0,1.399,7.832,1.084,0.512,1.447,0,交易,5.432619212163096,15.099609375,3265553.4859655933,0.9907653383934218,0.9779886148007589,0.9963109019208752
2018-03-19,601117.SH,7.818,7.894,7.731,7.883,16692935.0,0.276,7.825,1.084,0.338,0.957,0,交易,8.237199582027168,23.130177514792898,2159220.6700297506,0.9912591841905245,0.9793514061312388,0.9926423950272739
2018-03-20,601117.SH,7.818,7.981,7.753,7.872,16739659.0,-0.138,7.872,1.084,0.339,0.959,0,交易,8.208550573514078,23.061946902654864,2159120.2115310202,0.9863425635885228,0.9714321513594788,1.0
2018-03-21,601117.SH,7.807,7.883,7.72,7.872,14169185.0,0.0,7.821,1.084,0.287,0.812,0,交易,9.694581280788176,27.2020905923345,1835386.658031088,0.9921349739946721,0.9793225929214766,0.9935213414634146
2018-03-22,601117.SH,7.84,8.002,7.829,7.937,18375453.0,0.826,7.926,1.084,0.373,1.053,0,交易,7.537511870845205,21.01876675603217,2347100.9068846595,0.9905023744063983,0.9783804048987752,0.9986140859266726
2018-03-23,601117.SH,7.612,8.002,7.612,7.926,54272180.0,-0.137,7.859,1.084,1.1,3.11,0,交易,2.5485530546623796,6.92,7129818.707304256,0.9821294676330916,0.9512621844538864,0.9915468079737573
2018-03-26,601117.SH,7.85,7.85,7.666,7.829,18394336.0,-1.231,7.759,1.084,0.373,1.054,0,交易,7.427893738140417,21.0455764075067,2399469.8669449515,0.988407643312102,0.9765605095541402,0.9910588836377572
2018-03-27,601117.SH,7.916,8.197,7.85,8.122,31264185.0,3.74,8.058,1.084,0.634,1.792,0,交易,4.532366071428571,12.485804416403786,3982698.72611465,0.9830425765523974,0.9576674393070637,0.9921201674464417
2018-03-28,601117.SH,8.013,8.078,7.894,7.991,21737021.0,-1.602,7.97,1.084,0.441,1.246,0,交易,6.413322632423756,18.170068027210885,2753612.997213073,0.9866303540480318,0.9772220846744244,0.9973720435489927
2018-03-29,601117.SH,7.981,8.263,7.883,7.894,39216080.0,-1.221,8.096,1.084,0.795,2.247,0,交易,3.5131286159323545,10.038993710691823,4974765.952048712,0.9797894227278229,0.9540118600992376,1.0255890549784648
2018-03-30,601117.SH,7.861,7.991,7.84,7.991,21992182.0,1.236,7.903,1.084,0.446,1.26,0,交易,6.342063492063492,17.62556053811659,2805125.2551020407,0.9889876110624453,0.9811037417094232,0.9889876110624453
2018-04-02,601117.SH,8.013,8.122,7.84,7.894,18721730.0,-1.221,7.983,1.084,0.38,1.073,0,交易,7.3569431500465985,21.08684210526316,2387975.7653061226,0.9828859886727407,0.965279487810884,1.0112743856093234
2018-04-03,601117.SH,7.785,7.84,7.72,7.818,13744060.0,-0.962,7.786,1.084,0.279,0.788,0,交易,9.921319796954315,27.903225806451612,1780318.652849741,0.9931122448979591,0.9846938775510204,0.995906881555385
2018-04-04,601117.SH,7.818,7.894,7.644,7.677,15674246.0,-1.803,7.772,1.084,0.318,0.898,0,交易,8.548997772828507,24.584905660377355,2050529.304029304,0.9845452242209273,0.9683303775019002,1.0123746255047545
2018-04-09,601117.SH,7.666,7.883,7.634,7.807,12938389.0,1.695,7.793,1.084,0.262,0.741,0,交易,10.535762483130904,29.259541984732824,1694837.43777836,0.9885830267664595,0.9684130407205379,0.9982067375432304
2018-04-10,601117.SH,7.764,8.067,7.764,8.046,18416992.0,3.056,7.938,1.084,0.373,1.055,0,交易,7.626540284360189,20.815013404825738,2372100.9788768673,0.9840089252510227,0.9624395686128673,0.9865771812080537
2018-04-11,601117.SH,8.067,8.295,8.002,8.176,41280858.0,1.617,8.189,1.084,0.837,2.366,0,交易,3.455621301775148,9.637992831541219,5158817.545613596,0.9872212176009645,0.9646775165762509,1.0015900195694716
2018-04-12,601117.SH,8.132,8.219,8.1,8.176,18353250.0,0.0,8.161,1.084,0.372,1.052,0,交易,7.771863117870722,21.86021505376344,2265833.3333333335,0.9929431804355762,0.9855213529626475,0.998165362035225
2018-04-13,601117.SH,8.154,8.219,7.981,8.046,16116836.0,-1.592,8.075,1.084,0.327,0.924,0,交易,8.707792207792206,24.93577981651376,2019400.576368876,0.9824796203917752,0.9710427059252951,1.0036042754163559
2018-04-16,601117.SH,8.013,8.056,7.872,8.002,16509064.0,-0.539,7.975,1.084,0.335,0.946,0,交易,8.45877378435518,23.919402985074626,2097188.0081300815,0.989945382323734,0.9771598808341609,0.9966258435391151
2018-04-17,601117.SH,7.981,8.024,7.785,7.818,12972368.0,-2.304,7.908,1.084,0.263,0.743,0,交易,10.522207267833108,30.346007604562736,1666328.580603725,0.9855433698903292,0.9702143569292125,1.0115118956254798
2018-04-18,601117.SH,7.883,8.263,7.84,8.219,37197792.0,5.132,8.113,1.084,0.754,2.132,0,交易,3.855065666041275,10.454907161803714,4744616.326530612,0.9818467868812779,0.9488079390052039,0.9871030538995011
2018-04-19,601117.SH,8.241,8.295,8.154,8.284,24052587.0,0.792,8.234,1.084,0.488,1.378,0,交易,6.011611030478956,16.887295081967213,2949789.919058131,0.9926461723930079,0.983001808318264,0.9939642684693384
2018-04-20,601117.SH,8.263,8.273,7.883,8.208,40029586.0,-0.916,8.086,1.084,0.811,2.294,0,交易,3.5780296425457716,10.18865598027127,5077963.465685653,0.9773963495708934,0.9528586969660341,0.9851364522417154
2018-04-23,601117.SH,8.111,8.143,7.916,8.056,22611043.0,-1.849,8.025,1.084,0.458,1.296,0,交易,6.216049382716048,17.709606986899566,2856372.283981809,0.9855090261574357,0.9721232960825248,0.996151936444886
2018-04-24,601117.SH,8.013,8.252,8.013,8.23,28047889.0,2.153,8.182,1.084,0.569,1.607,0,交易,5.121344119477287,14.082601054481547,3500298.1405216525,0.991517207949588,0.9710373242850218,0.9941676792223573
2018-04-25,601117.SH,8.187,8.219,7.981,8.013,20141737.0,-2.635,8.066,1.084,0.408,1.154,0,交易,6.9436741767764305,20.066176470588236,2523710.9384788875,0.9813845966662612,0.9710427059252951,1.0066142518407588
2018-04-26,601117.SH,8.013,8.078,7.85,8.002,20699516.0,-0.135,7.922,1.084,0.42,1.186,0,交易,6.747048903878585,19.07857142857143,2636881.0191082805,0.9806882891804902,0.971775191879178,0.990002499375156
2018-04-27,601117.SH,7.948,8.046,7.785,7.916,23145100.0,-1.084,7.928,1.084,0.469,1.326,0,交易,5.969834087481146,16.94669509594883,2973037.893384714,0.9853343276162069,0.9675615212527965,1.0015159171298635
2018-05-02,601117.SH,7.926,8.111,7.872,7.981,19564955.0,0.822,8.003,1.084,0.397,1.121,0,交易,7.119536128456735,19.964735516372794,2485385.543699187,0.9866847491061521,0.9705338429293551,1.0027565467986468
2018-05-03,601117.SH,7.991,8.122,7.926,8.122,24747400.0,1.766,8.062,1.084,0.502,1.418,0,交易,5.727785613540198,15.91832669322709,3122306.3335856674,0.9926126569810391,0.9758680128047279,0.9926126569810391
2018-05-04,601117.SH,8.1,8.208,8.056,8.078,19936673.0,-0.534,8.141,1.084,0.404,1.142,0,交易,7.073555166374781,20.04950495049505,2474760.799404171,0.9918372319688109,0.9814814814814814,1.0077989601386483
2018-05-07,601117.SH,8.132,8.447,8.067,8.414,51805522.0,4.161,8.308,1.084,1.05,2.969,0,交易,2.833950825193668,7.744761904761904,6421906.780711541,0.9835444536521842,0.9550136143009353,0.9874019491323984
2018-05-08,601117.SH,8.414,8.566,8.382,8.458,36196120.0,0.515,8.469,1.084,0.734,2.074,0,交易,4.07810993249759,11.463215258855586,4318315.437842997,0.9886761615689935,0.9785197291618023,1.0013005438637974
2018-05-09,601117.SH,8.501,8.653,8.414,8.479,25768186.0,0.256,8.525,1.084,0.522,1.477,0,交易,5.7406905890318205,16.285440613026818,3062536.9622058477,0.9852074425054894,0.9723795215532185,1.0054251680622717
2018-05-10,601117.SH,8.599,8.729,8.49,8.544,25102870.0,0.767,8.585,1.084,0.509,1.439,0,交易,5.937456567060459,16.893909626719058,2956757.3616018845,0.9835032649788065,0.9726200022912133,1.0047986891385767
2018-05-11,601117.SH,8.631,8.642,8.36,8.414,17977220.0,-1.523,8.465,1.084,0.364,1.03,0,交易,8.168932038834951,23.711538461538463,2150385.167464115,0.9795186299467716,0.967368664660958,1.0060613263608271
2018-05-14,601117.SH,8.512,8.588,8.382,8.479,20111961.0,0.773,8.491,1.084,0.408,1.153,0,交易,7.353859496964439,20.86274509803922,2399422.6914817467,0.9887051700046577,0.9760130414531906,1.001415261233636
2018-05-15,601117.SH,8.479,8.696,8.349,8.642,30096015.0,1.918,8.566,1.084,0.61,1.725,0,交易,5.009855072463767,13.899999999999999,3604744.8796263025,0.9850505979760811,0.9600965961361546,0.9912057394121733
2018-05-16,601117.SH,8.642,8.696,8.469,8.501,22238902.0,-1.631,8.59,1.084,0.451,1.274,0,交易,6.672684458398743,19.161862527716185,2625918.2902349746,0.9878104875804968,0.9738960441582336,1.0104693565462888
2018-05-17,601117.SH,8.512,8.653,8.36,8.577,20213121.0,0.893,8.526,1.084,0.41,1.158,0,交易,7.406735751295337,20.7609756097561,2417837.4401913877,0.9853230093609152,0.9661389113602218,0.9940538649877579
2018-05-18,601117.SH,8.566,8.848,8.534,8.837,37995960.0,3.034,8.765,1.084,0.77,2.177,0,交易,4.059255856683509,11.124675324675325,4452303.726271384,0.9906193490054249,0.9645117540687161,0.9918524386103882
2018-05-21,601117.SH,8.891,8.902,8.653,8.718,38259582.0,-1.35,8.751,1.084,0.776,2.192,0,交易,3.9771897810218975,11.457474226804123,4421539.581647983,0.9830375196585037,0.9720287575825659,1.003785271851342
2018-05-22,601117.SH,8.729,8.772,8.458,8.577,25373360.0,-1.617,8.589,1.084,0.514,1.454,0,交易,5.898899587345254,16.98249027237354,2999924.331993379,0.9791381668946648,0.9642042863657091,1.0013990905911159
2018-05-23,601117.SH,8.544,8.642,8.458,8.555,22689942.0,-0.253,8.559,1.084,0.46,1.3,0,交易,6.5807692307692305,18.57391304347826,2682660.439820288,0.9903957417264522,0.9787086322610508,1.0004675628287552
2018-05-24,601117.SH,8.577,8.609,8.393,8.436,19838593.0,-1.394,8.494,1.084,0.402,1.137,0,交易,7.419525065963061,21.335820895522385,2363707.017752889,0.9866418863979556,0.9749099779300733,1.0068752963489804
2018-05-25,601117.SH,8.436,8.588,8.403,8.512,17408350.0,0.9,8.52,1.084,0.353,0.998,0,交易,8.529058116232465,23.89801699716714,2071682.7323574913,0.992081974848626,0.9784583139264091,1.00093984962406
2018-05-28,601117.SH,8.501,8.729,8.458,8.588,16799797.0,0.892,8.605,1.084,0.341,0.963,0,交易,8.917964693665628,24.929618768328442,1986261.1728541027,0.9857944781761945,0.9689540611753925,1.0019795062878436
2018-05-29,601117.SH,8.577,8.718,8.534,8.631,20472942.0,0.505,8.643,1.084,0.415,1.173,0,交易,7.358056265984654,20.667469879518073,2398985.469885165,0.9913971094287681,0.9788942417985778,1.0013903371567605
2018-05-30,601117.SH,8.501,8.501,7.872,7.981,43455587.0,-7.538,8.171,1.084,0.881,2.49,0,交易,3.2052208835341363,9.649262202043133,5520272.738821139,0.9611810375249971,0.926008704858252,1.0238065405337677
2018-05-31,601117.SH,8.024,8.187,7.981,8.078,17355082.0,1.223,8.083,1.084,0.352,0.995,0,交易,8.11859296482412,22.795454545454543,2174549.8057887484,0.9872969341639185,0.9748381580554538,1.000618965090369
2018-06-01,601117.SH,8.078,8.219,7.991,8.067,14776476.0,-0.134,8.117,1.084,0.3,0.847,0,交易,9.524203069657615,26.926666666666666,1849139.782255037,0.9875897311108409,0.972259398953644,1.0061980909879757
2018-06-04,601117.SH,8.067,8.284,8.067,8.219,11361888.0,1.882,8.182,1.084,0.23,0.651,0,交易,12.625192012288785,35.07391304347826,1408440.3123837858,0.9876871076774505,0.973804925156929,0.995498235795109
2018-06-05,601117.SH,8.187,8.241,8.1,8.197,13740344.0,-0.264,8.167,1.084,0.279,0.787,0,交易,10.415501905972045,29.344086021505372,1696338.7654320989,0.9910205072199976,0.9828904259191845,0.9963401244357692
2018-06-06,601117.SH,8.176,8.187,7.991,8.013,12177862.0,-2.249,8.063,1.084,0.247,0.698,0,交易,11.479942693409743,33.10121457489878,1523947.190589413,0.984854036887749,0.9760596066935385,1.006239860227131
2018-06-07,601117.SH,8.046,8.122,7.916,7.97,12906216.0,-0.541,8.033,1.084,0.262,0.74,0,交易,10.77027027027027,30.709923664122133,1630396.1596766042,0.9890421078552081,0.9746367889682345,1.0079046424090339
2018-06-08,601117.SH,7.981,8.013,7.742,7.818,16968067.0,-1.905,7.809,1.084,0.344,0.972,0,交易,8.04320987654321,23.200581395348838,2191690.3900800827,0.9745413702733059,0.9661799575689505,0.9988488104374521
2018-06-11,601117.SH,7.807,7.84,7.677,7.71,15219280.0,-1.387,7.725,1.084,0.309,0.872,0,交易,8.841743119266056,25.26537216828479,1982451.4784420999,0.9853316326530612,0.9792091836734693,1.0019455252918288
2018-06-12,601117.SH,7.72,7.85,7.644,7.818,14421621.0,1.406,7.741,1.084,0.292,0.826,0,交易,9.464891041162227,26.438356164383563,1886658.9481946623,0.9861146496815286,0.9737579617834395,0.9901509337426452
2018-06-13,601117.SH,7.916,8.078,7.807,7.861,22587492.0,0.555,7.938,1.084,0.458,1.294,0,交易,6.074961360123647,17.283842794759824,2893235.814013065,0.9826689774696707,0.9664520921020056,1.0097951914514693
2018-06-14,601117.SH,7.883,7.916,7.72,7.861,18531051.0,0.0,7.822,1.084,0.376,1.062,0,交易,7.402071563088511,20.965425531914892,2400395.207253886,0.9881253158160687,0.9752400202122283,0.9950387991349702
2018-06-15,601117.SH,7.872,8.046,7.807,7.959,21666908.0,1.241,7.93,1.084,0.439,1.242,0,交易,6.408212560386473,17.931662870159453,2775318.0479057254,0.9855828983345762,0.9702957991548596,0.9963563261716296
2018-06-19,601117.SH,7.829,8.089,7.796,8.078,59952128.0,1.499,7.949,1.084,1.215,3.436,0,交易,2.350989522700815,6.443621399176954,7690113.904566444,0.9826925454320682,0.9637779700828285,0.9840307006684823
2018-06-20,601117.SH,7.97,7.981,7.775,7.894,26906797.0,-2.282,7.871,1.084,0.545,1.542,0,交易,5.119325551232166,14.623853211009173,3460681.2861736333,0.9862172660067662,0.9741886981581256,0.9970863947301749
2018-06-21,601117.SH,7.829,7.948,7.775,7.796,16507335.0,-1.236,7.844,1.084,0.335,0.946,0,交易,8.241014799154335,23.37014925373134,2123129.9035369772,0.9869149471565174,0.9782335178661299,1.0061570035915854
2018-06-22,601117.SH,7.742,7.742,7.178,7.373,30673976.0,-5.424,7.426,1.084,0.622,1.758,0,交易,4.193970420932878,12.446945337620578,4273331.8473112285,0.9591836734693878,0.9271506070782743,1.0071883900718839
2018-06-25,601117.SH,7.417,7.428,7.287,7.308,12255882.0,-0.882,7.362,1.084,0.248,0.702,0,交易,10.41025641025641,29.907258064516128,1681883.0794565666,0.9911147011308562,0.9810177705977383,1.0073891625615763
2018-06-26,601117.SH,7.319,7.363,7.059,7.265,16565909.0,-0.593,7.235,1.084,0.336,0.949,0,交易,7.6554267650158065,21.782738095238095,2346778.4388723616,0.9826157816107565,0.9587124813255467,0.9958706125258088
2018-06-27,601117.SH,7.309,7.408,7.177,7.265,14425776.0,0.0,7.286,1.099,0.292,0.827,0,交易,8.784764207980652,25.030821917808222,2010000.8360039014,0.9835313174946003,0.9688174946004319,1.0028905712319338
2018-06-28,601117.SH,7.287,7.331,7.177,7.21,11349441.0,-0.756,7.252,1.099,0.23,0.65,0,交易,11.092307692307692,31.68260869565217,1581362.8256931866,0.9892238439503478,0.9789933160551083,1.0058252427184466
2018-06-29,601117.SH,7.199,7.397,7.144,7.397,10703694.0,2.591,7.319,1.099,0.217,0.613,0,交易,12.06688417618271,33.175115207373274,1498277.4356103023,0.9894551845342706,0.9657969447073138,0.9894551845342706
2018-07-02,601117.SH,7.364,7.485,7.232,7.32,10504990.0,-1.04,7.353,1.099,0.213,0.602,0,交易,12.159468438538207,34.57276995305164,1452570.5199115044,0.9823647294589177,0.9661990647962592,1.0045081967213114
2018-07-03,601117.SH,7.331,7.397,7.133,7.397,12263363.0,1.051,7.278,1.099,0.249,0.703,0,交易,10.522048364153628,29.441767068273094,1719243.375858685,0.9839123969176692,0.9643098553467622,0.9839123969176692
2018-07-04,601117.SH,7.353,7.375,7.122,7.199,13783229.0,-2.675,7.217,1.099,0.279,0.79,0,交易,9.112658227848101,26.354838709677416,1935303.1451839372,0.9785762711864406,0.9656949152542372,1.0025003472704541
2018-07-05,601117.SH,7.188,7.331,6.814,7.32,27449305.0,1.679,7.11,1.099,0.556,1.573,0,交易,4.653528289891927,12.928057553956833,4028368.7995303785,0.9698540444686946,0.9294775610421497,0.9713114754098361
2018-07-06,601117.SH,7.243,7.276,6.99,7.089,15826146.0,-3.153,7.141,1.099,0.321,0.907,0,交易,7.81587651598677,22.56386292834891,2264112.4463519314,0.9814458493677846,0.9606926882902694,1.007335308224009
2018-07-09,601117.SH,7.111,7.221,7.089,7.21,16771283.0,1.705,7.154,1.099,0.34,0.961,0,交易,7.5026014568158175,20.91470588235294,2365817.886866977,0.9907215067165213,0.9817199833818031,0.9922330097087378
2018-07-10,601117.SH,7.199,7.276,7.133,7.232,13314039.0,0.305,7.192,1.099,0.27,0.763,0,交易,9.478374836173002,26.66296296296296,1866541.2869760268,0.9884551951621771,0.9803463441451347,0.9944690265486725
2018-07-11,601117.SH,7.122,7.122,6.957,7.023,13522419.0,-2.888,7.013,1.099,0.274,0.775,0,交易,9.061935483870966,25.992700729927005,1943714.1009055628,0.9846953103060938,0.976832350463353,0.9985761070767478
2018-07-12,601117.SH,7.045,7.287,7.045,7.232,18207996.0,2.973,7.183,1.099,0.369,1.043,0,交易,6.9338446788111225,19.092140921409214,2584527.4662881475,0.9857280087827638,0.9667901742829696,0.9932245575221238
2018-07-13,601117.SH,7.221,7.408,7.221,7.364,23569229.0,1.824,7.357,1.099,0.478,1.351,0,交易,5.450777202072539,15.106694560669457,3263984.0742279463,0.9931155507559395,0.9747570194384448,0.9990494296577948
2018-07-16,601117.SH,7.375,7.43,7.188,7.287,22986176.0,-1.045,7.282,1.099,0.466,1.317,0,交易,5.533029612756264,15.826180257510728,3197854.201446856,0.9800807537012114,0.9674293405114401,0.9993138465760945
2018-07-17,601117.SH,7.276,7.276,7.067,7.1,24740461.0,-2.564,7.105,1.099,0.502,1.418,0,交易,5.007052186177715,14.49402390438247,3500843.4979482098,0.9764980758658605,0.9712754260582738,1.0007042253521128
2018-07-18,601117.SH,7.122,7.155,7.012,7.034,19032800.0,-0.929,7.083,1.099,0.386,1.091,0,交易,6.447296058661778,18.450777202072537,2714318.3114660583,0.989937106918239,0.9800139762403912,1.006966164344612
2018-07-19,601117.SH,7.023,7.067,6.913,6.913,20013500.0,-1.719,6.975,1.099,0.406,1.147,0,交易,6.027027027027027,17.298029556650246,2895052.799074208,0.9869817461440498,0.9782085750672138,1.0089686098654707
2018-07-20,601117.SH,6.946,7.111,6.924,7.067,23824962.0,2.226,7.012,1.099,0.483,1.365,0,交易,5.1772893772893775,14.380952380952381,3440924.610051993,0.9860779074673042,0.9737027141049079,0.9922173482382906
2018-07-23,601117.SH,7.034,7.551,7.023,7.507,60544235.0,6.221,7.369,1.099,1.227,3.469,0,交易,2.1640242144710293,5.732681336593316,8620850.776021644,0.9758972321546815,0.9300754866905045,0.9816171573198348
2018-07-24,601117.SH,7.749,8.089,7.672,7.727,80944763.0,2.928,7.838,1.099,1.641,4.638,0,交易,1.6660198361362657,4.7221206581352835,10550672.966631908,0.968970206453208,0.9484485103226603,1.0143652128898666
2018-07-25,601117.SH,7.705,7.913,7.595,7.792,31103762.0,0.853,7.778,1.099,0.631,1.782,0,交易,4.372615039281706,12.210776545166402,4095294.535878868,0.9829394667003664,0.9598129660053076,0.9982032854209445
2018-07-26,601117.SH,7.825,7.869,7.584,7.836,51138286.0,0.564,7.699,1.099,1.037,2.93,0,交易,2.6744027303754265,7.545805207328834,6742917.457805907,0.9783962384038632,0.9637819290888295,0.9825165900969882
2018-07-27,601117.SH,7.771,7.847,7.617,7.661,23640679.0,-2.244,7.728,1.099,0.479,1.355,0,交易,5.653874538745387,16.223382045929018,3103673.2309308127,0.9848349687778768,0.9706894354530393,1.0087455945698995
2018-07-30,601117.SH,7.694,7.891,7.628,7.738,26130148.0,1.004,7.767,1.099,0.53,1.497,0,交易,5.169004676018704,14.51698113207547,3425556.895647614,0.9842858953237866,0.9666708908883538,1.0037477384337037
2018-07-31,601117.SH,7.727,7.836,7.606,7.76,14208110.0,0.284,7.739,1.099,0.288,0.814,0,交易,9.533169533169534,26.829861111111114,1868013.410465422,0.9876212353241449,0.9706482899438489,0.9972938144329897
2018-08-01,601117.SH,7.76,7.935,7.551,7.573,31516114.0,-2.408,7.716,1.099,0.639,1.806,0,交易,4.193244739756368,12.143974960876369,4173766.918288968,0.9724007561436674,0.9516068052930058,1.0188828733659052
2018-08-02,601117.SH,7.54,7.54,7.199,7.463,23926317.0,-1.451,7.39,1.099,0.485,1.371,0,交易,5.443471918307805,15.54639175257732,3323561.1890540356,0.9801061007957559,0.9547745358090185,0.9902184108267452
2018-08-03,601117.SH,7.408,7.562,7.353,7.364,20467042.0,-1.325,7.468,1.099,0.415,1.173,0,交易,6.277919863597613,17.850602409638554,2783495.444036448,0.9875694260777572,0.9723618090452261,1.0141227593699076
2018-08-06,601117.SH,7.463,7.551,7.298,7.331,18072899.0,-0.448,7.426,1.099,0.366,1.036,0,交易,7.076254826254827,20.39071038251366,2476418.0597423953,0.9834459012051384,0.9664945040392001,1.012958668667303
2018-08-07,601117.SH,7.353,7.727,7.221,7.716,53893536.0,5.247,7.493,1.099,1.093,3.088,0,交易,2.4987046632124352,6.727355901189387,7463444.9522226835,0.9697165782321729,0.9345153358353824,0.9710990150336962
2018-08-08,601117.SH,7.639,7.738,7.529,7.54,33327334.0,-2.279,7.626,1.099,0.676,1.91,0,交易,3.9476439790575917,11.300295857988166,4426528.622659052,0.9855259757043163,0.972990436805376,1.0114058355437665
2018-08-09,601117.SH,7.518,7.705,7.507,7.65,23400073.0,1.458,7.63,1.099,0.474,1.341,0,交易,5.704697986577181,15.860759493670887,3117100.4395897165,0.990266060999351,0.9743024010382868,0.9973856209150326
2018-08-10,601117.SH,7.639,7.716,7.54,7.595,20425089.0,-0.718,7.6,1.099,0.414,1.17,0,交易,6.4914529914529915,18.45169082125604,2708897.7453580904,0.9849663037843441,0.9771902540176257,1.0006583278472678
2018-08-13,601117.SH,7.529,7.606,7.342,7.54,20823514.0,-0.724,7.467,1.099,0.422,1.193,0,交易,6.320201173512154,17.841232227488153,2836218.196676655,0.9817249539836971,0.965290560084144,0.9903183023872678
2018-08-14,601117.SH,7.529,7.562,7.386,7.54,15301558.0,0.0,7.479,1.099,0.31,0.877,0,交易,8.597491448118586,24.287096774193547,2071697.5358786895,0.9890240677069558,0.976725733932822,0.9919098143236075
2018-08-15,601117.SH,7.551,7.672,7.375,7.397,21201103.0,-1.895,7.514,1.099,0.43,1.215,0,交易,6.088065843621399,17.56046511627907,2874725.8305084747,0.9794056308654849,0.9612877997914495,1.015817223198594
2018-08-16,601117.SH,7.287,7.386,7.133,7.298,16576194.0,-1.337,7.281,1.099,0.336,0.95,0,交易,7.682105263157895,21.6875,2323874.106266648,0.9857839155158408,0.9657460059572164,0.9976705946834749
2018-08-17,601117.SH,7.353,7.386,7.144,7.144,12380151.0,-2.108,7.246,1.099,0.251,0.709,0,交易,10.076163610719323,29.294820717131472,1732943.868980963,0.9810452206877878,0.967235310046033,1.0142777155655096
2018-08-20,601117.SH,7.155,7.243,7.001,7.188,21463907.0,0.615,7.107,1.099,0.435,1.23,0,交易,5.84390243902439,16.448275862068964,3065834.452221111,0.981223250034516,0.9665884302084772,0.9887312186978298
2018-08-21,601117.SH,7.177,7.364,7.144,7.287,16856931.0,1.376,7.269,1.099,0.342,0.966,0,交易,7.543478260869565,20.98538011695906,2359592.8051511757,0.987099402498642,0.9701249321021185,0.9975298476739399
2018-08-22,601117.SH,7.265,7.309,7.155,7.177,8061510.0,-1.508,7.227,1.099,0.163,0.462,0,交易,15.534632034632033,44.57055214723926,1126696.0167714884,0.9887809549870024,0.9789300861951019,1.0069666991779296
2018-08-23,601117.SH,7.188,7.243,7.045,7.199,15369139.0,0.306,7.157,1.099,0.312,0.881,0,交易,8.171396140749149,23.038461538461537,2181566.9268985097,0.988126466933591,0.972663261079663,0.9941658563689402
2018-08-24,601117.SH,7.166,7.221,7.1,7.133,12420156.0,-0.916,7.159,1.099,0.252,0.712,0,交易,10.018258426966293,28.436507936507937,1749317.7464788733,0.9914139315884226,0.9832433180999861,1.0036450301415953
2018-08-27,601117.SH,7.177,7.342,7.155,7.309,16540026.0,2.465,7.278,1.099,0.335,0.948,0,交易,7.709915611814346,21.42388059701492,2311673.7945492663,0.9912830291473713,0.9745301007899756,0.9957586537145984
2018-08-28,601117.SH,7.32,7.386,7.276,7.331,11678424.0,0.301,7.324,1.099,0.237,0.669,0,交易,10.958146487294469,30.88607594936709,1605061.022539857,0.9916057405903059,0.9851069591118331,0.9990451507297776
2018-08-29,601117.SH,7.342,7.397,7.276,7.298,10186587.0,-0.45,7.328,1.099,0.206,0.584,0,交易,12.496575342465754,35.640776699029125,1400025.7009345794,0.9906718940110856,0.9836420170339326,1.004110715264456
2018-08-30,601117.SH,7.353,7.43,7.276,7.287,20470503.0,-0.151,7.366,1.099,0.415,0.816,0,交易,8.93014705882353,17.718072289156627,2813428.1198460693,0.9913862718707941,0.9792732166890983,1.0108412240977083
2018-08-31,601117.SH,7.32,7.419,7.265,7.309,15145182.0,0.302,7.342,1.099,0.307,0.604,0,交易,12.100993377483444,23.843648208469055,2084677.4948382657,0.9896212427550883,0.9792424855101766,1.004514981529621
2018-09-03,601117.SH,7.287,7.287,6.924,7.078,16585800.0,-3.158,7.084,1.099,0.336,0.661,0,交易,10.708018154311649,21.6875,2395407.2790294625,0.9721421709894332,0.9501852614244546,1.0008476970895732
2018-09-04,601117.SH,7.089,7.155,6.99,7.089,17928508.0,0.155,7.072,1.099,0.363,0.715,0,交易,9.914685314685316,19.528925619834713,2564879.5422031474,0.9883997204751922,0.9769392033542977,0.9976019184652277
2018-09-05,601117.SH,7.078,7.111,6.957,7.001,13467687.0,-1.24,7.035,1.099,0.273,0.537,0,交易,13.037243947858473,25.926739926739927,1935846.9167744718,0.9893123330052033,0.9783434116158065,1.004856449078703
2018-09-06,601117.SH,6.979,7.067,6.968,7.012,9013502.0,0.157,7.024,1.099,0.183,0.359,0,交易,19.532033426183844,38.13661202185793,1293556.5442020665,0.9939153813499363,0.9859912268289232,1.0017113519680547
2018-09-07,601117.SH,7.023,7.1,6.957,7.056,11176531.0,0.627,7.038,1.099,0.227,0.446,0,交易,15.820627802690582,30.938325991189426,1606515.8832830244,0.9912676056338029,0.9798591549295775,0.9974489795918368
2018-09-10,601117.SH,7.034,7.1,6.99,7.056,9739470.0,0.0,7.063,1.099,0.197,0.388,0,交易,18.185567010309278,35.70558375634518,1393343.347639485,0.9947887323943662,0.9845070422535213,1.0009920634920635
2018-09-11,601117.SH,7.045,7.199,7.001,7.199,11910167.0,2.025,7.114,1.099,0.241,0.475,0,交易,15.15578947368421,29.232365145228215,1701209.3986573345,0.9881928045561884,0.9724961800250035,0.9881928045561884
2018-09-12,601117.SH,7.188,7.32,7.155,7.254,10514386.0,0.763,7.261,1.099,0.213,0.419,0,交易,17.312649164677804,33.74647887323944,1469515.8630328442,0.9919398907103825,0.9774590163934426,1.0009649848359528
2018-09-13,601117.SH,7.276,7.353,7.221,7.287,7919076.0,0.455,7.274,1.099,0.161,0.316,0,交易,23.060126582278482,45.19254658385093,1096673.036975488,0.9892560859513124,0.9820481436148512,0.9982160010978455
2018-09-14,601117.SH,7.298,7.32,7.21,7.287,7420510.0,0.0,7.27,1.099,0.15,0.296,0,交易,24.618243243243246,48.653333333333336,1029196.9486823856,0.9931693989071038,0.9849726775956283,0.9976670783587209
2018-09-17,601117.SH,7.276,7.298,7.155,7.254,10747491.0,-0.452,7.236,1.099,0.218,0.429,0,交易,16.90909090909091,33.37614678899082,1502095.178197065,0.9915045217867908,0.9804055905727597,0.9975186104218362
2018-09-18,601117.SH,7.243,7.529,7.056,7.408,30289503.0,2.121,7.265,1.099,0.614,1.208,0,交易,6.1324503311258285,11.79641693811075,4292730.017006802,0.9649355824146633,0.9371762518262717,0.9806965442764578
2018-09-19,601117.SH,7.386,7.43,7.32,7.364,24388898.0,-0.593,7.377,1.099,0.494,0.972,0,交易,7.576131687242799,14.951417004048583,3331816.6666666665,0.9928667563930014,0.9851951547779274,1.0017653449212385
2018-09-20,601117.SH,7.353,7.419,7.221,7.232,19903338.0,-1.791,7.297,1.099,0.403,0.794,0,交易,9.108312342569269,18.24565756823821,2756313.253012048,0.9835557352742957,0.9733117670845128,1.008987831858407
2018-09-21,601117.SH,7.232,7.375,7.155,7.364,25550258.0,1.824,7.278,1.099,0.518,1.019,0,交易,7.226692836113838,13.961389961389962,3570965.478686233,0.9868474576271186,0.9701694915254238,0.9883215643671917
2018-09-25,601117.SH,7.331,7.408,7.309,7.353,17444167.0,-0.149,7.363,1.099,0.354,0.696,0,交易,10.564655172413794,20.709039548022602,2386669.448624983,0.9939254859611231,0.9866360691144708,1.001359989120087
2018-09-26,601117.SH,7.364,7.43,7.309,7.331,24682853.0,-0.299,7.38,1.099,0.5,0.984,0,交易,7.450203252032521,14.728,3377049.2543439595,0.9932705248990579,0.9837146702557201,1.0066839448915563
2018-09-27,601117.SH,7.331,7.485,7.309,7.386,23345461.0,0.75,7.393,1.099,0.473,0.931,0,交易,7.9334049409237375,15.49894291754757,3194070.4610753865,0.9877087508350033,0.9764863059452238,1.0009477389656105
2018-09-28,601117.SH,7.419,7.43,7.265,7.331,25651762.0,-0.744,7.359,1.099,0.52,1.023,0,交易,7.166177908113393,14.267307692307691,3530868.82312457,0.9904441453566623,0.977792732166891,1.0038193970808893
2018-10-08,601117.SH,7.221,7.309,7.045,7.089,18679213.0,-3.298,7.182,1.099,0.379,0.745,0,交易,9.51543624161074,19.052770448548813,2651414.194464159,0.9826241619920646,0.9638801477630319,1.0131189166314007
2018-10-09,601117.SH,7.089,7.166,7.045,7.089,14507112.0,0.0,7.105,1.099,0.294,0.578,0,交易,12.264705882352942,24.112244897959187,2059206.8133427964,0.9914875802400224,0.9831147083449623,1.0022570179150796
2018-10-10,601117.SH,7.1,7.221,7.056,7.111,19203090.0,0.31,7.128,1.099,0.389,0.766,0,交易,9.283289817232376,18.25192802056555,2721526.3605442178,0.987120897382634,0.9771499792272539,1.0023906623540992
2018-10-11,601117.SH,6.869,6.99,6.452,6.562,29971575.0,-7.728,6.738,1.099,0.608,1.195,0,交易,5.491213389121339,11.297697368421053,4645315.406075636,0.9639484978540773,0.9230329041487839,1.026821091130753
2018-10-12,601117.SH,6.551,6.562,6.089,6.452,40261790.0,-1.675,6.366,1.099,0.816,1.605,0,交易,4.0199376947040495,8.028186274509805,6612217.112826408,0.9701310576043888,0.9279183175861018,0.9866707997520149
2018-10-15,601117.SH,6.419,6.551,6.298,6.342,21036933.0,-1.704,6.445,1.099,0.426,0.839,0,交易,7.558998808104887,15.068075117370892,3340256.1130517623,0.9838192642344681,0.9613799419935888,1.0162409334594766
2018-10-16,601117.SH,6.364,6.474,6.309,6.386,13142612.0,0.693,6.4,1.099,0.266,0.524,0,交易,12.187022900763358,23.924812030075188,2083152.9560944682,0.9885696632684585,0.9745134383688601,1.0021922956467273
2018-10-17,601117.SH,6.474,6.507,6.243,6.397,12759268.0,0.172,6.387,1.099,0.259,0.509,0,交易,12.56777996070727,24.996138996138995,2043771.904533077,0.9815583218072844,0.959428307976026,0.9984367672346411
2018-10-18,601117.SH,6.353,6.386,6.1,6.133,21865102.0,-4.124,6.194,1.099,0.443,0.872,0,交易,7.033256880733945,14.340857787810384,3584442.9508196726,0.9699342311305982,0.9552145317882869,1.0099461927278657
2018-10-19,601117.SH,6.067,6.287,6.023,6.265,16660611.0,2.151,6.207,1.099,0.338,0.664,0,交易,9.43524096385542,17.949704142011832,2766164.868005977,0.9872753300461269,0.9580085891522189,0.9907422186751796
2018-10-22,601117.SH,6.32,6.551,6.32,6.452,23833514.0,2.982,6.446,1.099,0.483,0.95,0,交易,6.791578947368421,13.08488612836439,3771125.632911392,0.9839719126850862,0.9647382079071898,0.9990700557966522
2018-10-23,601117.SH,6.441,6.518,6.232,6.331,20331404.0,-1.874,6.398,1.099,0.412,0.811,0,交易,7.806411837237977,15.633495145631068,3262420.4107830552,0.9815894446149125,0.9561215096655417,1.010582846311799
2018-10-24,601117.SH,6.298,6.452,6.265,6.331,21176023.0,0.0,6.348,1.099,0.429,0.844,0,交易,7.501184834123223,14.680652680652681,3380051.5562649644,0.9838809671419715,0.9710167389956602,1.0026851998104565
2018-10-25,601117.SH,6.188,6.265,6.1,6.243,18173573.0,-1.389,6.169,1.099,0.368,0.725,0,交易,8.61103448275862,16.815217391304348,2979274.262295082,0.9846767757382282,0.9736632083000798,0.9881467243312508
2018-10-26,601117.SH,6.276,6.408,6.243,6.298,18754122.0,0.88,6.33,1.099,0.38,0.748,0,交易,8.419786096256685,16.515789473684208,3004024.0269101392,0.9878277153558052,0.974250936329588,1.005080978088282
2018-10-29,601117.SH,6.331,6.419,6.221,6.243,15533863.0,-0.873,6.315,1.099,0.315,0.619,0,交易,10.08562197092084,20.098412698412698,2497004.1793923806,0.9837980993924289,0.9691540738432779,1.011532916866891
2018-10-30,601117.SH,6.243,6.32,6.144,6.276,18130651.0,0.528,6.247,1.099,0.368,0.723,0,交易,8.680497925311203,16.96467391304348,2950952.3111979165,0.9884493670886075,0.9721518987341772,0.9953792224346718
2018-10-31,601117.SH,6.298,6.474,6.254,6.408,32926558.0,2.102,6.397,1.099,0.667,1.313,0,交易,4.880426504188881,9.442278860569715,5264879.756955549,0.9881062712388013,0.9660179178251467,0.9982833957553059
2018-11-01,601117.SH,6.43,6.507,6.331,6.364,31290854.0,-0.686,6.418,1.099,0.634,1.248,0,交易,5.0993589743589745,10.141955835962145,4942482.072342441,0.9863224220070694,0.9729522053173506,1.008485229415462
2018-11-02,601117.SH,6.43,6.496,6.353,6.485,41597651.0,1.9,6.428,1.099,0.843,1.6,0,交易,4.053125,7.627520759193357,6547717.771131749,0.9895320197044334,0.9779864532019703,0.9912104857363145
2018-11-05,601117.SH,6.463,6.463,6.287,6.32,43663502.0,-2.542,6.363,1.099,0.885,1.68,0,交易,3.7619047619047623,7.302824858757062,6945045.64975346,0.9845273092990872,0.9727680643663933,1.0068037974683544
2018-11-06,601117.SH,6.298,6.32,6.188,6.276,26979078.0,-0.696,6.242,1.099,0.547,1.038,0,交易,6.0462427745664735,11.513711151736745,4359902.714932127,0.9876582278481012,0.9791139240506328,0.9945825366475463
2018-11-07,601117.SH,6.276,6.309,6.177,6.21,27633821.0,-1.051,6.248,1.099,0.56,1.063,0,交易,5.841956726246472,11.207142857142856,4473663.752630727,0.9903312727849105,0.9790775083214455,1.0061191626409018
2018-11-08,601117.SH,6.254,6.265,6.144,6.155,25427127.0,-0.885,6.198,1.099,0.515,0.978,0,交易,6.293456032719837,12.143689320388349,4138529.78515625,0.9893056664006386,0.9806863527533919,1.0069861900893582
2018-11-09,601117.SH,6.111,6.265,6.045,6.265,32725966.0,1.786,6.122,1.099,0.663,1.259,0,交易,4.9761715647339155,9.217194570135746,5413724.731182796,0.9771747805267359,0.9648842777334398,0.9771747805267359
2018-11-12,601117.SH,6.232,6.287,6.188,6.276,36182959.0,0.175,6.243,1.099,0.733,1.392,0,交易,4.508620689655173,8.502046384720328,5847278.44214609,0.9930014315253699,0.984253220932082,0.9947418738049714
2018-11-13,601117.SH,6.232,6.375,6.21,6.331,49269481.0,0.876,6.281,1.099,0.999,1.896,0,交易,3.339135021097047,6.238238238238239,7933893.880837359,0.9852549019607842,0.9741176470588235,0.9921023534986573
2018-11-14,601117.SH,6.309,6.364,6.254,6.265,42113718.0,-1.042,6.3,1.099,0.854,1.62,0,交易,3.8672839506172836,7.387587822014052,6733885.193476176,0.9899434318038969,0.9827152734129477,1.005586592178771
2018-11-15,601117.SH,6.265,6.364,6.254,6.364,40308070.0,1.579,6.321,1.099,0.817,1.551,0,交易,4.1031592520954225,7.668298653610771,6445166.293572114,0.9932432432432432,0.9827152734129477,0.9932432432432432
2018-11-16,601117.SH,6.375,6.408,6.298,6.375,41999559.0,0.173,6.359,1.099,0.851,1.616,0,交易,3.944925742574257,7.491186839012927,6668713.718640839,0.9923533083645443,0.9828339575530586,0.9974901960784314
2018-11-19,601117.SH,6.397,6.496,6.364,6.496,46377593.0,1.897,6.437,1.099,0.94,1.784,0,交易,3.641255605381166,6.805319148936171,7287491.0433689505,0.9909174876847291,0.9796798029556649,0.9909174876847291
2018-11-20,601117.SH,6.452,6.54,6.32,6.375,48346687.0,-1.861,6.435,1.099,0.98,1.86,0,交易,3.4274193548387095,6.583673469387755,7649792.246835442,0.9839449541284403,0.9663608562691132,1.0094117647058822
2018-11-21,601117.SH,6.287,6.375,6.265,6.353,20441508.0,-0.345,6.325,1.099,0.414,0.786,0,交易,8.082697201017812,15.185990338164252,3262810.53471668,0.9921568627450981,0.9827450980392156,0.9955926334015427
2018-11-22,601117.SH,6.353,6.43,6.32,6.353,19571583.0,0.0,6.361,1.099,0.397,0.753,0,交易,8.436918990703852,16.002518891687657,3096769.4620253164,0.9892690513219284,0.9828926905132194,1.0012592475995592
2018-11-23,601117.SH,6.342,6.364,6.155,6.155,27700463.0,-3.114,6.249,1.099,0.562,1.066,0,交易,5.773921200750469,11.284697508896796,4500481.397238018,0.9819296040226272,0.9671590194846009,1.015272136474411
2018-11-26,601117.SH,6.177,6.188,6.111,6.122,16012237.0,-0.536,6.143,1.099,0.325,0.616,0,交易,9.938311688311689,19.006153846153843,2620231.876943217,0.9927278603749192,0.9875565610859729,1.0034302515517803
2018-11-27,601117.SH,6.155,6.188,6.133,6.144,13099557.0,0.359,6.151,1.099,0.266,0.504,0,交易,12.19047619047619,23.139097744360903,2135913.4192075655,0.9940206851971558,0.9911118293471235,1.0011393229166665
2018-11-28,601117.SH,6.144,6.254,6.078,6.243,16387243.0,1.61,6.176,1.099,0.332,0.63,0,交易,9.90952380952381,18.50602409638554,2696157.124053965,0.9875279820914615,0.9718580108730414,0.9892679801377543
2018-11-29,601117.SH,6.243,6.309,6.155,6.21,21564728.0,-0.528,6.231,1.099,0.437,0.83,0,交易,7.481927710843374,14.286041189931352,3503611.372867587,0.9876367094626723,0.9755904263750198,1.0033816425120772
2018-11-30,601117.SH,6.177,6.254,6.144,6.221,15158893.0,0.177,6.202,1.099,0.307,0.583,0,交易,10.670668953687823,20.120521172638437,2467267.7408854165,0.9916853213943078,0.9824112567956509,0.9969458286449123
2018-12-03,601117.SH,6.331,6.364,6.276,6.342,40724484.0,1.943,6.319,1.099,0.826,1.567,0,交易,4.047223994894703,7.664648910411623,6488923.518164436,0.992928975487115,0.9861722187303582,0.9963733837906024
2018-12-04,601117.SH,6.331,6.397,6.309,6.397,28550088.0,0.867,6.354,1.099,0.579,1.098,0,交易,5.826047358834244,10.934369602763386,4525295.292439372,0.9932780991089573,0.9862435516648429,0.9932780991089573
2018-12-05,601117.SH,6.298,6.342,6.276,6.309,25028809.0,-1.375,6.301,1.099,0.507,0.963,0,交易,6.5514018691588785,12.422090729783037,3988019.2797960485,0.9935351624093347,0.989593188268685,0.9987319702012998
2018-12-06,601117.SH,6.276,6.287,6.21,6.221,18013924.0,-1.394,6.246,1.099,0.365,0.693,0,交易,8.976911976911978,17.194520547945206,2900792.914653784,0.9934786066486402,0.9877525051693972,1.0040186465198522
2018-12-07,601117.SH,6.221,6.287,6.188,6.265,16451853.0,0.707,6.239,1.099,0.334,0.633,0,交易,9.897314375987362,18.62574850299401,2658670.4912734325,0.9923651980276762,0.984253220932082,0.9958499600957702
2018-12-10,601117.SH,6.21,6.254,6.199,6.221,12397657.0,-0.702,6.229,1.099,0.251,0.477,0,交易,13.041928721174004,24.741035856573706,1999944.6684949186,0.996002558362648,0.9912056283978254,1.0012859668863527
2018-12-11,601117.SH,6.265,6.276,6.232,6.265,11291904.0,0.707,6.25,1.099,0.229,0.434,0,交易,14.435483870967742,27.358078602620086,1811922.9781771502,0.9958572339069471,0.9929891650732952,0.9976057462090983
2018-12-12,601117.SH,6.265,6.287,6.254,6.276,10316718.0,0.175,6.268,1.099,0.209,0.397,0,交易,15.808564231738034,29.976076555023923,1649619.1237607931,0.9969778908859551,0.9947510736440273,0.9987253027405991
2018-12-13,601117.SH,6.276,6.43,6.243,6.375,36211924.0,1.576,6.364,1.099,0.734,1.393,0,交易,4.576453697056712,8.550408719346049,5800404.292807945,0.9897356143079316,0.9709175738724729,0.9982745098039215
2018-12-14,601117.SH,6.353,6.397,6.287,6.331,26638580.0,-0.69,6.347,1.099,0.54,1.025,0,交易,6.17658536585366,11.764814814814814,4237089.231748052,0.9921838361732063,0.9828044395810536,1.0025272468804296
2018-12-17,601117.SH,6.298,6.397,6.298,6.386,20568042.0,0.868,6.362,1.099,0.417,0.791,0,交易,8.073324905183313,15.103117505995204,3265805.3350269925,0.9945286853212443,0.9845239956229482,0.9962417788913248
2018-12-18,601117.SH,6.342,6.386,6.188,6.232,23810221.0,-2.41,6.267,1.099,0.483,0.916,0,交易,6.8034934497816595,13.130434782608695,3847805.5914673563,0.9813654870028187,0.9689946758534294,1.0056161745827985
2018-12-19,601117.SH,6.232,6.265,6.177,6.188,13591415.0,-0.705,6.221,1.099,0.276,0.523,0,交易,11.831739961759082,22.579710144927535,2200326.21013437,0.992976855546688,0.9859537110933759,1.005332902391726
2018-12-20,601117.SH,6.166,6.21,6.089,6.144,20025278.0,-0.71,6.135,1.099,0.406,0.77,0,交易,7.979220779220779,15.187192118226601,3288763.015273444,0.9879227053140096,0.9805152979066023,0.99853515625
2018-12-21,601117.SH,6.122,6.122,6.067,6.1,13752197.0,-0.716,6.085,1.099,0.279,0.529,0,交易,11.531190926275992,21.9426523297491,2266721.114224493,0.9939562234563868,0.991016007840575,0.9975409836065574
2018-12-24,601117.SH,6.078,6.133,6.045,6.133,10833400.0,0.541,6.101,1.099,0.22,0.417,0,交易,14.707434052757794,27.62727272727273,1792125.723738627,0.9947823251263656,0.9856513940975052,0.9947823251263656
2018-12-25,601117.SH,6.067,6.078,5.847,5.946,20686553.0,-3.047,5.959,1.099,0.419,0.796,0,交易,7.469849246231155,14.479713603818617,3537977.2532922863,0.9804211911813095,0.9619940769990128,1.0021863437605112
2018-12-26,601117.SH,5.946,5.99,5.858,5.891,15144318.0,-0.924,5.903,1.099,0.307,0.583,0,交易,10.104631217838765,19.368078175895764,2585236.940935473,0.9854757929883138,0.9779632721202003,1.0020370056017653
2018-12-27,601117.SH,5.968,5.99,5.858,5.858,14382145.0,-0.56,5.918,1.099,0.292,0.553,0,交易,10.593128390596744,20.438356164383563,2455128.883578013,0.9879799666110184,0.9779632721202003,1.0102424035507
2018-12-28,601117.SH,5.858,5.935,5.825,5.891,12248097.0,0.563,5.872,1.099,0.248,0.471,0,交易,12.507430997876858,23.620967741935484,2102677.5965665234,0.9893850042122999,0.9814658803706825,0.9967747411305381
2019-01-02,601117.SH,5.913,5.913,5.847,5.847,11685847.0,-0.746,5.875,1.099,0.237,0.45,0,交易,12.993333333333334,24.949367088607598,1998605.6097143833,0.993573482157957,0.9888381532217149,1.004788780571233
2019-01-03,601117.SH,5.869,5.924,5.858,5.902,13132575.0,0.94,5.895,1.099,0.266,0.505,0,交易,11.687128712871287,22.063909774436087,2241818.8801638787,0.9951046590141794,0.988858879135719,0.9988139613690273
2019-01-04,601117.SH,5.858,6.012,5.847,6.001,15089250.0,1.676,5.954,1.099,0.306,0.581,0,交易,10.328743545611017,19.143790849673202,2580682.4012314007,0.990352628077179,0.972554890219561,0.9921679720046658
2019-01-07,601117.SH,6.034,6.045,5.979,6.034,16329000.0,0.549,6.012,1.099,0.331,0.628,0,交易,9.60828025477707,18.229607250755286,2731058.705469142,0.9945409429280396,0.9890818858560795,0.9963539940338084
2019-01-08,601117.SH,6.012,6.034,5.979,6.012,13457519.0,-0.364,6.007,1.099,0.273,0.518,0,交易,11.606177606177605,22.02197802197802,2250797.6250209063,0.9955253563142195,0.990884985084521,0.9991683300066534
2019-01-09,601117.SH,6.012,6.111,6.001,6.023,16887919.0,0.183,6.061,1.099,0.342,0.65,0,交易,9.266153846153845,17.57894736842105,2814184.135977337,0.9918180330551465,0.9819996727213223,1.0063091482649842
2019-01-10,601117.SH,6.023,6.056,6.001,6.012,11710251.0,-0.182,6.021,1.099,0.237,0.451,0,交易,13.330376940133036,25.41350210970464,1951383.2694550906,0.994220607661823,0.9909180977542933,1.001497005988024
2019-01-11,601117.SH,6.045,6.078,6.001,6.056,10897476.0,0.731,6.039,1.099,0.221,0.419,0,交易,14.45346062052506,27.352941176470587,1815943.3427762038,0.9935834155972358,0.987331358999671,0.9971928665785996
2019-01-14,601117.SH,6.045,6.056,6.001,6.012,8267877.0,-0.726,6.025,1.099,0.168,0.318,0,交易,18.90566037735849,35.982142857142854,1377749.8750208297,0.994881109643329,0.9909180977542933,1.0021623419827015
2019-01-15,601117.SH,6.023,6.089,6.001,6.078,11550423.0,1.097,6.056,1.099,0.234,0.444,0,交易,13.68918918918919,25.739316239316235,1924749.7083819362,0.9945803908687797,0.9855477089834127,0.9963803882856203
2019-01-16,601117.SH,6.078,6.111,6.056,6.089,11659307.0,0.181,6.086,1.099,0.236,0.449,0,交易,13.561247216035635,25.754237288135595,1925248.8441215323,0.9959090165275734,0.9909998363606611,0.9995073082607981
2019-01-17,601117.SH,6.089,6.133,6.078,6.089,15875756.0,0.0,6.11,1.099,0.322,0.611,0,交易,9.965630114566286,18.90993788819876,2612003.290556104,0.9962497961845753,0.9910321213109409,1.0034488421744128
2019-01-18,601117.SH,6.111,6.21,6.1,6.199,18816177.0,1.805,6.175,1.099,0.381,0.724,0,交易,8.562154696132596,16.039370078740156,3084619.180327869,0.9943639291465378,0.9822866344605474,0.996128407807711
2019-01-21,601117.SH,6.221,6.243,6.133,6.155,15551031.0,-0.709,6.188,1.099,0.315,0.598,0,交易,10.292642140468228,19.74920634920635,2535631.990869069,0.9911901329489027,0.9823802658978055,1.00536149471974
2019-01-22,601117.SH,6.133,6.166,6.089,6.1,9817101.0,-0.893,6.122,1.099,0.199,0.378,0,交易,16.137566137566136,30.819095477386934,1612268.1885367054,0.9928640934155043,0.9875121634771327,1.0036065573770492
2019-01-23,601117.SH,6.089,6.144,6.078,6.111,6768958.0,0.18,6.116,1.099,0.137,0.26,0,交易,23.50384615384615,44.44525547445255,1113681.803224745,0.9954427083333333,0.9892578125,1.0008181966944854
2019-01-24,601117.SH,6.144,6.177,6.056,6.111,14615200.0,0.0,6.119,1.099,0.296,0.562,0,交易,10.873665480427045,20.756756756756758,2413342.14002642,0.9906103286384976,0.9804112028492796,1.0013091147111766
2019-01-25,601117.SH,6.122,6.155,6.089,6.111,11149597.0,0.0,6.126,1.099,0.226,0.429,0,交易,14.244755244755245,27.088495575221238,1831104.77910987,0.9952883834281072,0.98927701056052,1.002454590083456
2019-01-28,601117.SH,6.144,6.166,6.067,6.078,10338140.0,-0.54,6.116,1.099,0.21,0.398,0,交易,15.271356783919598,29.25714285714286,1703995.3848689632,0.9918910152448912,0.9839442101848849,1.0062520565975648
2019-01-29,601117.SH,6.056,6.078,5.946,6.034,12833205.0,-0.723,6.015,1.099,0.26,0.494,0,交易,12.214574898785425,23.29230769230769,2158292.1291624624,0.9896347482724579,0.9782823297137215,0.9968511766655618
2019-01-30,601117.SH,5.99,6.078,5.968,6.001,8603837.0,-0.546,6.025,1.099,0.174,0.331,0,交易,18.129909365558913,34.425287356321846,1441661.6957104558,0.9912800263244489,0.9819019414281013,1.003999333444426
2019-01-31,601117.SH,5.99,6.045,5.902,5.957,14094101.0,-0.733,5.977,1.099,0.286,0.542,0,交易,10.990774907749076,20.944055944055947,2388021.179261267,0.9887510339123243,0.9763440860215055,1.0033573946617427
2019-02-01,601117.SH,5.979,6.034,5.946,6.023,10862594.0,1.107,5.992,1.099,0.22,0.418,0,交易,14.409090909090908,27.177272727272726,1826874.2011436261,0.9930394431554525,0.9854159761352337,0.9948530632575129
2019-02-11,601117.SH,6.067,6.155,6.045,6.144,17413798.0,2.007,6.102,1.099,0.353,0.67,0,交易,9.170149253731342,17.186968838526912,2880694.4582299422,0.9913891145410235,0.9821283509341998,0.9931640625
2019-02-12,601117.SH,6.144,6.232,6.122,6.21,21067673.0,1.073,6.191,1.099,0.427,0.811,0,交易,7.657213316892724,14.388758782201405,3441305.6190787326,0.9934210526315789,0.9823491655969191,0.9969404186795491
2019-02-13,601117.SH,6.232,6.32,6.188,6.298,26053156.0,1.416,6.253,1.099,0.528,1.002,0,交易,6.285429141716567,11.803030303030303,4210270.846800258,0.9893987341772151,0.9791139240506328,0.9928548745633534
2019-02-14,601117.SH,6.287,6.32,6.265,6.287,19793362.0,-0.175,6.289,1.099,0.401,0.762,0,交易,8.250656167979002,15.678304239401495,3159355.4668794894,0.9950949367088606,0.9912974683544303,1.0003181167488469
2019-02-15,601117.SH,6.298,6.32,6.232,6.243,16252700.0,-0.699,6.278,1.099,0.329,0.625,0,交易,9.988800000000001,19.142857142857142,2607942.875481386,0.9933544303797467,0.9860759493670886,1.0056062790325162
2019-02-18,601117.SH,6.276,6.43,6.276,6.408,24202266.0,2.641,6.371,1.099,0.491,0.931,0,交易,6.882921589688507,12.782077393075356,3856320.267686425,0.9908242612752722,0.976049766718507,0.9942259675405742
2019-02-19,601117.SH,6.408,6.507,6.331,6.419,27390179.0,0.172,6.432,1.099,0.555,1.054,0,交易,6.090132827324478,11.545945945945945,4326359.027009951,0.9884739511295529,0.9729522053173506,1.0020252375759466
2019-02-20,601117.SH,6.408,6.43,6.353,6.397,13863087.0,-0.342,6.395,1.099,0.281,0.533,0,交易,12.00187617260788,22.80427046263345,2182132.378403904,0.994556765163297,0.9880248833592535,0.9996873534469282
2019-02-21,601117.SH,6.386,6.419,6.287,6.309,26047534.0,-1.375,6.356,1.099,0.528,1.002,0,交易,6.296407185628743,12.094696969696969,4143078.415778591,0.990185387131952,0.9794360492288519,1.007449675067364
2019-02-22,601117.SH,6.309,6.375,6.276,6.375,18723374.0,1.045,6.324,1.099,0.38,0.72,0,交易,8.854166666666668,16.602631578947367,2983329.1905672406,0.992,0.9844705882352941,0.992
2019-02-25,601117.SH,6.43,6.748,6.397,6.715,54239647.0,5.345,6.563,1.099,1.1,2.087,0,交易,3.217537134643028,5.845454545454545,8478919.337189307,0.9725844694724362,0.9479845880260818,0.9773641102010424
2019-02-26,601117.SH,6.704,7.023,6.638,6.759,61276924.0,0.655,6.85,1.099,1.242,2.358,0,交易,2.866412213740458,5.397745571658615,9231232.901476348,0.9753666524277375,0.9451801224547914,1.013463530108004
2019-02-27,601117.SH,6.726,6.847,6.671,6.726,40740915.0,-0.488,6.761,1.099,0.826,1.567,0,交易,4.292278238672623,8.142857142857144,6107167.591065807,0.9874397546370672,0.9742953118153935,1.005203687184062
2019-02-28,601117.SH,6.726,6.836,6.682,6.748,30207335.0,0.327,6.758,1.099,0.612,1.162,0,交易,5.807228915662651,10.990196078431373,4520702.6339419335,0.9885898186073727,0.9774722059684026,1.0014819205690575
2019-03-01,601117.SH,6.792,6.803,6.693,6.781,22883713.0,0.489,6.744,1.099,0.464,0.88,0,交易,7.705681818181818,14.637931034482758,3419051.695801584,0.9913273555784212,0.9838306629428193,0.9945435776434154
2019-03-04,601117.SH,6.803,6.979,6.792,6.858,47586676.0,1.135,6.885,1.099,0.965,1.831,0,交易,3.7454942654287273,7.049740932642488,7006283.274440519,0.9865310216363375,0.9732053302765439,1.0039370078740157
2019-03-05,601117.SH,6.836,7.1,6.759,6.968,52853202.0,1.603,6.912,1.099,1.071,2.033,0,交易,3.427447122479095,6.382819794584501,7819677.76298269,0.9735211267605635,0.9519718309859155,0.9919632606199771
2019-03-06,601117.SH,6.957,7.023,6.869,7.012,50956194.0,0.631,6.961,1.099,1.033,1.96,0,交易,3.5775510204081633,6.734753146176186,7418284.175280245,0.9911718638758367,0.9780720489819166,0.9927267541357674
2019-03-07,601117.SH,7.001,7.133,6.946,7.034,48960006.0,0.313,7.05,1.099,0.992,1.884,0,交易,3.7335456475583864,7.057459677419355,7048661.963720127,0.9883639422402916,0.97378382167391,1.0022746659084447
2019-03-08,601117.SH,6.924,6.957,6.605,6.616,54918043.0,-5.938,6.791,1.099,1.113,2.113,0,交易,3.131093232371036,6.221024258760108,8314616.654049962,0.9761391404340952,0.9494034785108525,1.0264510278113665
2019-03-11,601117.SH,6.671,6.825,6.649,6.814,39169247.0,2.99,6.745,1.099,0.794,1.507,0,交易,4.521566025215661,8.40176322418136,5890998.195217326,0.9882783882783883,0.9742124542124542,0.9898737892574112
2019-03-12,601117.SH,6.902,6.99,6.792,6.88,45249765.0,0.968,6.896,1.099,0.917,1.741,0,交易,3.9517518667432507,7.526717557251908,6662215.1060070675,0.986552217453505,0.9716738197424892,1.0023255813953489
2019-03-13,601117.SH,6.869,6.869,6.726,6.77,34510792.0,-1.597,6.803,1.099,0.7,1.328,0,交易,5.0978915662650595,9.812857142857142,5130953.315492121,0.9903916144999272,0.9791818314165089,1.0048744460856722
2019-03-14,601117.SH,6.726,6.814,6.605,6.649,28434482.0,-1.786,6.687,1.099,0.576,1.094,0,交易,6.077696526508226,11.677083333333334,4304993.489780469,0.9813619019665395,0.969327854417376,1.0057151451346067
2019-03-15,601117.SH,6.649,6.836,6.649,6.759,40477005.0,1.653,6.745,1.099,0.821,1.557,0,交易,4.341040462427746,8.098660170523752,6087683.110242141,0.9866881217086015,0.9726448215330602,0.9979286876756917
2019-03-18,601117.SH,6.77,7.089,6.748,7.056,68751578.0,4.39,6.981,1.099,1.394,2.645,0,交易,2.6676748582230623,4.856527977044476,10188437.759336099,0.9847651290732119,0.9518973056848639,0.9893707482993197
2019-03-19,601117.SH,7.078,7.243,6.99,7.078,54116750.0,0.312,7.114,1.099,1.097,2.082,0,交易,3.399615754082613,6.452142206016409,7742024.320457797,0.9821897004003866,0.9650697224906807,1.00508618253744
2019-03-20,601117.SH,7.122,7.188,7.012,7.144,40337638.0,0.932,7.107,1.099,0.818,1.552,0,交易,4.603092783505154,8.706601466992666,5752658.014831717,0.9887312186978298,0.9755147468002225,0.9948208286674132
2019-03-21,601117.SH,7.144,7.298,7.111,7.166,46565303.0,0.308,7.201,1.099,0.944,1.792,0,交易,3.998883928571429,7.567796610169492,6548348.052313318,0.9867086873115921,0.9743765415182242,1.0048841752721183
2019-03-22,601117.SH,7.144,7.386,7.078,7.342,47361394.0,2.454,7.205,1.099,0.96,1.822,0,交易,4.029637760702524,7.441666666666667,6691352.641989262,0.9754941781749256,0.9582994855131329,0.9813402342685917
2019-03-25,601117.SH,7.232,7.32,7.1,7.111,45333717.0,-3.144,7.217,1.099,0.919,1.744,0,交易,4.077408256880734,7.869423286180631,6385030.563380282,0.9859289617486338,0.9699453551912568,1.0149064829137955
2019-03-26,601117.SH,7.155,7.177,6.913,6.946,37141137.0,-2.318,7.014,1.099,0.753,1.429,0,交易,4.860741777466759,9.50199203187251,5372651.092145233,0.97728856067995,0.9632158283405323,1.0097898070832134
2019-03-27,601117.SH,6.979,7.045,6.935,7.012,22760069.0,0.949,6.989,1.099,0.461,0.876,0,交易,8.004566210045661,15.13882863340564,3281913.33813987,0.9920511000709723,0.9843860894251242,0.9967199087278951
2019-03-28,601117.SH,6.979,7.078,6.88,6.924,23814243.0,-1.254,6.969,1.099,0.483,0.916,0,交易,7.558951965065503,14.449275362318842,3461372.5290697673,0.9846001695394179,0.9720259960440802,1.0064991334488735
2019-03-29,601117.SH,6.935,7.122,6.847,7.111,39852917.0,2.698,7.01,1.099,0.808,1.533,0,交易,4.638617090671885,8.582920792079207,5820493.208704541,0.9842740803145184,0.9613872507722551,0.9857966530727043
2019-04-01,601117.SH,7.155,7.276,7.144,7.265,53198732.0,2.164,7.226,1.099,1.078,2.047,0,交易,3.5490962383976545,6.637291280148423,7446631.019036954,0.9931280923584387,0.9818581638262782,0.9946317962835514
2019-04-02,601117.SH,7.298,7.309,7.144,7.166,49542711.0,-1.362,7.207,1.099,1.004,1.906,0,交易,3.7597061909758662,7.268924302788845,6934869.960806271,0.9860446025448077,0.9774250923518949,1.0057214624616242
2019-04-03,601117.SH,7.144,7.573,7.1,7.529,91504529.0,5.061,7.37,1.099,1.855,3.521,0,交易,2.1383129792672535,3.851212938005391,12887961.830985917,0.9731942427043443,0.9375412650204673,0.9788816575906495
2019-04-04,601117.SH,7.562,7.65,7.353,7.518,88915703.0,-0.146,7.491,1.099,1.802,3.421,0,交易,2.19760304004677,4.196448390677025,12092438.868489053,0.9792156862745097,0.9611764705882352,0.9964086193136472
2019-04-08,601117.SH,7.825,7.935,7.529,7.628,85270244.0,1.462,7.703,1.099,1.729,3.281,0,交易,2.324900944833892,4.525737420474263,11325573.648558905,0.9707624448645243,0.9488342785129175,1.0098321971683273
2019-04-09,601117.SH,7.617,7.749,7.507,7.573,56349528.0,-0.72,7.604,1.099,1.142,2.168,0,交易,3.493081180811808,6.669877408056043,7506264.553083789,0.9812879081171765,0.9687701638921151,1.004093490030371
2019-04-10,601117.SH,7.54,7.672,7.474,7.54,47223011.0,-0.435,7.559,1.099,0.957,1.817,0,交易,4.149697303247111,7.878787878787879,6318304.923735617,0.9852711157455684,0.974191866527633,1.0025198938992042
2019-04-11,601117.SH,7.529,7.551,7.276,7.386,56084855.0,-2.041,7.391,1.099,1.137,2.158,0,交易,3.4226135310472663,6.621811785400176,7708198.873007147,0.9788107535425771,0.9635809826513044,1.0006769564040077
2019-04-12,601117.SH,7.364,7.518,7.276,7.507,42924216.0,1.637,7.393,1.099,0.87,1.651,0,交易,4.546941247728649,8.464367816091954,5899424.958768554,0.9833732375631817,0.9678105879223198,0.9848141734381244
2019-04-15,601117.SH,7.617,7.716,7.419,7.419,56483315.0,-1.171,7.58,1.099,1.145,2.173,0,交易,3.4141739530602853,6.652401746724891,7613332.659388058,0.9823742871954381,0.9615085536547433,1.0217010378757245
2019-04-16,601117.SH,7.375,7.573,7.309,7.562,40368916.0,1.926,7.488,1.099,0.818,1.553,0,交易,4.869285254346426,9.015892420537899,5523179.094267341,0.9887759144328535,0.9651393107090981,0.9902142290399365
2019-04-17,601117.SH,7.573,7.639,7.452,7.496,38217934.0,-0.872,7.531,1.099,0.775,1.47,0,交易,5.099319727891157,9.771612903225806,5128547.2356414385,0.9858620238251079,0.9755203560675481,1.0046691568836712
2019-04-18,601117.SH,7.474,7.54,7.419,7.485,27220442.0,-0.147,7.468,1.099,0.552,1.047,0,交易,7.148997134670488,13.539855072463768,3669017.6573662222,0.9904509283819628,0.9839522546419097,0.9977287909151636
2019-04-19,601117.SH,7.485,7.562,7.397,7.551,32707830.0,0.881,7.489,1.099,0.663,1.258,0,交易,6.002384737678855,11.289592760180996,4421769.636339056,0.9903464691880455,0.9781803755620206,0.9917891669977487
2019-04-22,601117.SH,7.573,7.606,7.32,7.342,43271435.0,-2.766,7.421,1.099,0.877,1.665,0,交易,4.40960960960961,8.635119726339795,5911398.224043716,0.9756770970286617,0.9623981067578228,1.0107600108962136
2019-04-23,601117.SH,7.331,7.353,7.067,7.111,46578423.0,-3.144,7.177,1.099,0.944,1.792,0,交易,3.968191964285714,7.765889830508476,6590975.378519881,0.9760641914864681,0.9611043111655108,1.0092813950217971
2019-04-24,601117.SH,7.133,7.155,7.023,7.144,30183696.0,0.464,7.099,1.099,0.612,1.161,0,交易,6.153316106804479,11.655228758169935,4297835.113199487,0.9921733053808526,0.9815513626834381,0.9937010078387458
2019-04-25,601117.SH,7.122,7.133,6.88,6.902,35661509.0,-3.385,7.001,1.099,0.723,1.372,0,交易,5.030612244897959,9.850622406639005,5183358.86627907,0.9814944623580542,0.964531052852937,1.0143436685018836
2019-04-26,601117.SH,6.869,6.946,6.792,6.814,30608307.0,-1.274,6.861,1.099,0.62,1.178,0,交易,5.784380305602717,11.079032258064515,4506523.409893993,0.9877627411459833,0.9778289663115463,1.0068975638391546
2019-04-29,601117.SH,6.825,6.891,6.66,6.715,30512301.0,-1.452,6.796,1.099,0.619,1.174,0,交易,5.719761499148212,11.025848142164783,4581426.576576577,0.986213902191264,0.9664780148019155,1.0120625465376025
2019-04-30,601117.SH,6.77,6.847,6.748,6.825,23114786.0,1.637,6.803,1.099,0.469,0.889,0,交易,7.677165354330708,14.43496801705757,3425427.68227623,0.9935738279538483,0.9855411128961589,0.9967765567765567
2019-05-06,601117.SH,6.594,6.671,6.199,6.309,45996152.0,-7.568,6.45,1.099,0.932,1.858,0,交易,3.3955866523143166,7.075107296137339,7419930.956605905,0.9668715335032229,0.9292459901064307,1.0223490252020921
2019-05-07,601117.SH,6.408,6.452,6.32,6.408,22859520.0,1.568,6.399,1.099,0.463,0.924,0,交易,6.935064935064935,13.840172786177106,3617012.658227848,0.9917854928704278,0.9795412275263484,0.9985955056179775
2019-05-08,601117.SH,6.32,6.507,6.287,6.463,27226845.0,0.858,6.425,1.099,0.552,1.1,0,交易,5.875454545454545,11.44927536231884,4330657.706378241,0.987398186568311,0.9661902566466882,0.994120377533653
2019-05-09,601117.SH,6.441,6.507,6.375,6.375,20546023.0,-1.361,6.435,1.099,0.417,0.83,0,交易,7.6807228915662655,15.446043165467627,3222905.568627451,0.9889349930843707,0.979714153988013,1.0094117647058822
2019-05-10,601117.SH,6.452,6.573,6.32,6.573,26966670.0,3.103,6.491,1.099,0.547,1.089,0,交易,6.035812672176309,11.79524680073126,4266878.1645569615,0.9875247223490033,0.9615092043207059,0.9875247223490033
2019-05-13,601117.SH,6.485,6.759,6.463,6.737,31026812.0,2.508,6.632,1.099,0.629,1.254,0,交易,5.372408293460925,10.310015898251192,4800682.655113724,0.9812102382009172,0.9562065394289095,0.9844144277868487
2019-05-14,601117.SH,6.616,6.726,6.605,6.693,15990073.0,-0.653,6.681,1.099,0.324,0.646,0,交易,10.360681114551083,20.41975308641975,2420904.3149129446,0.9933095450490633,0.9820101100208148,0.9982070820259974
2019-05-15,601117.SH,6.759,6.792,6.649,6.748,22095107.0,0.821,6.729,1.099,0.448,0.893,0,交易,7.556550951847704,15.087053571428571,3323072.1913069636,0.9907243816254417,0.9789458186101296,0.9971843509187908
2019-05-16,601117.SH,6.748,6.781,6.682,6.693,16674781.0,-0.814,6.716,1.099,0.338,0.674,0,交易,9.930267062314538,19.964497041420117,2495477.551631248,0.9904143931573515,0.9854003834242738,1.0034364261168385
2019-05-17,601117.SH,6.726,6.726,6.43,6.474,21219977.0,-3.284,6.564,1.099,0.43,0.857,0,交易,7.554259043173863,15.64186046511628,3300151.9440124417,0.975914362176628,0.9559916741005055,1.0139017608897127
2019-05-20,601117.SH,6.463,6.518,6.364,6.496,15591992.0,0.34,6.452,1.099,0.316,0.63,0,交易,10.311111111111112,20.45253164556962,2450030.169704588,0.9898741945382019,0.9763731205891378,0.9932266009852216
2019-05-21,601117.SH,6.463,6.682,6.463,6.66,18538616.0,2.538,6.609,1.099,0.376,0.749,0,交易,8.891855807743658,17.18882978723404,2868422.7139099487,0.9890751272074229,0.9672253816222688,0.9923423423423423
2019-05-22,601117.SH,6.649,6.77,6.638,6.715,20187554.0,0.825,6.709,1.099,0.409,0.816,0,交易,8.229166666666668,16.25672371638142,3041210.3043085267,0.9909896602658789,0.9805022156573118,0.9991064780342517
2019-05-23,601117.SH,6.671,6.726,6.594,6.638,15050439.0,-1.146,6.658,1.099,0.305,0.608,0,交易,10.917763157894736,21.872131147540983,2282444.49499545,0.9898899791852513,0.9803746654772525,1.003012955709551
2019-05-24,601117.SH,6.584,6.671,6.573,6.638,9623232.0,0.0,6.616,1.099,0.195,0.389,0,交易,17.06426735218509,33.76410256410256,1464054.7695116384,0.9917553590166391,0.9853095487932844,0.9966857487194938
2019-05-27,601117.SH,6.649,6.825,6.605,6.803,18889502.0,2.483,6.748,1.099,0.383,0.763,0,交易,8.916120576671036,17.36031331592689,2859879.182437547,0.9887179487179487,0.9677655677655678,0.9919153314714098
2019-05-28,601117.SH,6.814,6.836,6.682,6.836,18617057.0,0.485,6.773,1.099,0.377,0.752,0,交易,9.090425531914894,18.074270557029177,2786150.404070637,0.9907840842598009,0.9774722059684026,0.9907840842598009
2019-05-29,601117.SH,6.781,6.792,6.704,6.737,11743646.0,-1.447,6.743,1.099,0.238,0.474,0,交易,14.213080168776372,28.491596638655462,1751737.171837709,0.9927856301531214,0.9870435806831567,1.0008906041264658
2019-05-30,601117.SH,6.704,6.737,6.627,6.704,13435758.0,-0.489,6.682,1.099,0.272,0.543,0,交易,12.346224677716389,24.64705882352941,2027426.8899954732,0.9918361288407304,0.9836722576814605,0.9967183770883056
2019-05-31,601117.SH,6.715,6.726,6.649,6.671,8749434.0,-0.492,6.687,1.099,0.177,0.353,0,交易,18.89801699716714,37.93785310734464,1315902.240938487,0.9942016057091883,0.9885518881950639,1.0023984410133413
2019-06-03,601117.SH,6.671,6.715,6.507,6.54,14563731.0,-1.977,6.581,1.099,0.295,0.588,0,交易,11.122448979591837,22.6135593220339,2238163.6698939605,0.9800446760982875,0.9690245718540581,1.0062691131498471
2019-06-04,601117.SH,6.562,6.605,6.529,6.573,10594316.0,0.504,6.554,1.099,0.215,0.428,0,交易,15.35747663551402,30.52093023255814,1622655.2305100323,0.9922785768357305,0.9884935654806963,0.9971093868857447
2019-06-05,601117.SH,6.594,6.726,6.584,6.682,16764401.0,1.672,6.666,1.099,0.34,0.677,0,交易,9.870014771048744,19.394117647058824,2546233.4447144596,0.9910793933987512,0.9788878977103775,0.9976055073331338
2019-06-06,601117.SH,6.693,6.726,6.573,6.627,12434036.0,-0.822,6.627,1.099,0.252,0.502,0,交易,13.201195219123505,26.559523809523807,1891683.553932755,0.9852809991079393,0.9772524531668154,1.0
2019-06-10,601117.SH,6.836,6.869,6.715,6.748,26345052.0,1.824,6.803,1.099,0.534,1.064,0,交易,6.342105263157895,12.801498127340825,3923313.7751303054,0.9903916144999272,0.9775804338331635,1.0081505631298162
2019-06-11,601117.SH,6.803,6.924,6.77,6.902,25222314.0,2.28,6.86,1.099,0.511,1.019,0,交易,6.773307163886163,13.313111545988258,3725600.295420975,0.9907567879838244,0.9777585210860773,0.9939148073022313
2019-06-12,601117.SH,6.869,6.924,6.836,6.836,14174627.0,-0.955,6.87,1.099,0.287,0.573,0,交易,11.93019197207679,23.933797909407666,2073526.4774722059,0.9922010398613518,0.9872905834777586,1.0049736688121709
2019-06-13,601117.SH,6.825,6.869,6.748,6.814,16502550.0,-0.322,6.813,1.099,0.335,0.667,0,交易,10.215892053973013,20.37313432835821,2445546.828689982,0.9918474304847867,0.9823846265831999,0.9998532433225711
2019-06-14,601117.SH,6.825,6.891,6.748,6.77,16416033.0,-0.645,6.816,1.099,0.333,0.663,0,交易,10.211161387631975,20.495495495495494,2432725.6965026674,0.9891162385720504,0.9792482948773763,1.006794682422452
2019-06-17,601117.SH,6.781,6.803,6.671,6.693,13526179.0,-1.136,6.726,1.099,0.274,0.546,0,交易,12.258241758241757,24.74817518248175,2027608.904212262,0.9886814640599736,0.9805967955313832,1.0049305244285074
2019-06-18,601117.SH,6.715,6.737,6.671,6.693,10136026.0,0.0,6.696,1.099,0.205,0.41,0,交易,16.32439024390244,32.75609756097561,1519416.279418378,0.9939142051358171,0.9902033546088764,1.0004482294935007
2019-06-19,601117.SH,6.803,6.825,6.737,6.748,15545694.0,0.821,6.773,1.099,0.315,0.628,0,交易,10.745222929936306,21.596825396825395,2307509.8708624016,0.9923809523809524,0.9871062271062271,1.0037048014226437
2019-06-20,601117.SH,6.748,6.891,6.715,6.847,19124895.0,1.466,6.822,1.099,0.388,0.773,0,交易,8.857697283311772,17.391752577319586,2848085.6291883844,0.9899869394862865,0.9744594398490785,0.9963487658828684
2019-06-21,601117.SH,6.847,6.913,6.814,6.88,18404655.0,0.482,6.866,1.099,0.373,0.744,0,交易,9.24731182795699,18.35656836461126,2701006.0170237743,0.9932012151019817,0.9856791552148126,0.9979651162790697
2019-06-24,601117.SH,6.88,6.902,6.814,6.858,10601380.0,-0.319,6.858,1.099,0.215,0.428,0,交易,16.023364485981308,32.0,1555823.3049603757,0.993625036221385,0.9872500724427702,1.0
2019-06-25,601117.SH,6.858,6.869,6.693,6.781,15588846.0,-1.122,6.759,1.099,0.316,0.63,0,交易,10.763492063492063,21.702531645569618,2329126.8489466608,0.9839860241665455,0.9743776386664725,0.9967556407609498
2019-06-26,601117.SH,6.748,6.814,6.737,6.781,7443243.0,0.0,6.778,1.099,0.151,0.301,0,交易,22.528239202657808,44.688741721854306,1104830.4883479294,0.9947167596125623,0.9886997358379807,0.9995575873764931
2019-06-27,601117.SH,6.814,6.858,6.77,6.825,12348723.0,0.648,6.821,1.099,0.25,0.499,0,交易,13.677354709418838,27.256,1824035.893648449,0.994604841061534,0.9871682706328375,0.9994139194139193
2019-06-28,601117.SH,6.837,6.837,6.713,6.747,9919897.0,-1.149,6.757,1.121,0.201,0.401,0,交易,16.825436408977556,34.014925373134325,1477714.434678981,0.988298961532836,0.9818633903758959,1.001482140210464
2019-07-01,601117.SH,6.837,6.881,6.814,6.881,15940102.0,1.993,6.85,1.121,0.323,0.644,0,交易,10.684782608695652,21.1671826625387,2339316.4073965363,0.9954948408661531,0.990263043162331,0.9954948408661531
2019-07-02,601117.SH,6.87,6.87,6.803,6.837,11056506.0,-0.651,6.836,1.121,0.224,0.447,0,交易,15.295302013422818,30.669642857142858,1625239.747170366,0.9950509461426492,0.9902474526928675,0.9998537370191606
2019-07-03,601117.SH,6.848,6.848,6.769,6.814,10990910.0,-0.328,6.793,1.121,0.223,0.444,0,交易,15.346846846846846,30.708520179372197,1623712.5129265771,0.9919684579439253,0.988463785046729,0.9969181097739948
2019-07-04,601117.SH,6.814,6.893,6.792,6.848,12137449.0,0.493,6.853,1.121,0.246,0.49,0,交易,13.975510204081633,27.69918699186992,1787021.3486454652,0.9941970114609023,0.9853474539387784,1.000730140186916
2019-07-05,601117.SH,6.848,6.881,6.814,6.87,7276582.0,0.327,6.853,1.121,0.148,0.294,0,交易,23.367346938775512,46.270270270270274,1067886.99735838,0.9959308240081383,0.990263043162331,0.9975254730713246
2019-07-08,601117.SH,6.881,6.893,6.713,6.736,13897887.0,-1.958,6.782,1.121,0.282,0.561,0,交易,12.007130124777182,24.400709219858157,2070294.503202741,0.9838967068040041,0.9738865515740607,1.006828978622328
2019-07-09,601117.SH,6.724,6.758,6.545,6.612,15828805.0,-1.83,6.638,1.121,0.321,0.64,0,交易,10.33125,20.94704049844237,2418457.601222307,0.982243267238828,0.9684817993489198,1.0039322444041137
2019-07-10,601117.SH,6.601,6.635,6.5,6.534,12587137.0,-1.186,6.56,1.121,0.255,0.509,0,交易,12.836935166994106,25.886274509803922,1936482.6153846155,0.988696307460437,0.9796533534287868,1.0039791857973677
2019-07-11,601117.SH,6.568,6.601,6.5,6.534,13435097.0,0.0,6.546,1.121,0.272,0.543,0,交易,12.033149171270717,24.14705882352941,2066938.0,0.9916679291016514,0.9846992879866687,1.0018365472910928
2019-07-12,601117.SH,6.534,6.601,6.5,6.556,12211842.0,0.343,6.56,1.121,0.248,0.493,0,交易,13.29817444219067,26.346774193548388,1878744.923076923,0.9937888198757764,0.9846992879866687,1.0006101281269066
2019-07-15,601117.SH,6.545,6.624,6.411,6.59,17646446.0,0.513,6.549,1.121,0.358,0.713,0,交易,9.242636746143058,18.282122905027933,2752526.282951178,0.9886775362318841,0.9678442028985507,0.9937784522003036
2019-07-16,601117.SH,6.568,6.624,6.556,6.612,11788485.0,0.34,6.59,1.121,0.239,0.476,0,交易,13.890756302521009,27.481171548117153,1798121.568029286,0.9948671497584541,0.9897342995169083,0.9966727162734422
2019-07-17,601117.SH,6.624,6.825,6.624,6.736,25541401.0,1.864,6.749,1.121,0.518,1.032,0,交易,6.527131782945736,12.787644787644787,3855887.832125604,0.9888644688644688,0.9705494505494505,1.0019299287410925
2019-07-18,601117.SH,6.736,6.747,6.635,6.668,11688663.0,-0.998,6.671,1.121,0.237,0.472,0,交易,14.127118644067798,28.421940928270043,1761667.370007536,0.9887357344004744,0.9834000296428042,1.0004499100179964
2019-07-19,601117.SH,6.657,6.713,6.657,6.668,10225950.0,0.0,6.685,1.121,0.207,0.413,0,交易,16.145278450363197,32.15942028985508,1536119.8738170348,0.9958289885297184,0.9916579770594369,1.0025494901019796
2019-07-22,601117.SH,6.691,6.691,6.478,6.568,14579890.0,-1.513,6.575,1.121,0.296,0.589,0,交易,11.151103565365025,22.60472972972973,2250677.67829577,0.9826632790315349,0.9681661933941115,1.0010657734470159
2019-07-23,601117.SH,6.568,6.601,6.545,6.556,13027224.0,-0.171,6.568,1.121,0.264,0.526,0,交易,12.463878326996197,24.878787878787875,1990408.5561497326,0.9950007574609907,0.9915164369034994,1.00183038438072
2019-07-24,601117.SH,6.579,6.646,6.568,6.601,10957742.0,0.684,6.609,1.121,0.222,0.443,0,交易,14.900677200902935,29.635135135135133,1668352.9232643119,0.9944327414986458,0.9882636172133614,1.0012119375852144
2019-07-25,601117.SH,6.601,6.635,6.579,6.624,8079010.0,0.34,6.607,1.121,0.164,0.326,0,交易,20.319018404907975,40.25,1227999.6960024321,0.99577995478523,0.9915599095704597,0.9974335748792271
2019-07-26,601117.SH,6.635,6.646,6.545,6.59,12390632.0,-0.508,6.582,1.121,0.251,0.501,0,交易,13.153692614770458,26.43426294820717,1893144.6906035142,0.990370147457117,0.9848028889557628,0.9987860394537178
2019-07-29,601117.SH,6.612,6.612,6.5,6.523,15393615.0,-1.02,6.551,1.121,0.312,0.622,0,交易,10.487138263665594,21.192307692307693,2368248.4615384615,0.9907743496672716,0.9830611010284331,1.0042925034493333
2019-07-30,601117.SH,6.534,6.601,6.534,6.568,12598987.0,0.687,6.564,1.121,0.255,0.509,0,交易,12.903732809430254,25.623529411764704,1928219.6204468932,0.9943947886683836,0.9898500227238297,0.9993909866017053
2019-07-31,601117.SH,6.545,6.545,6.489,6.511,11322304.0,-0.853,6.507,1.121,0.23,0.457,0,交易,14.2472647702407,28.456521739130434,1744845.7389428264,0.9941940412528647,0.9914438502673797,0.9993856550453079
2019-08-01,601117.SH,6.489,6.511,6.422,6.455,16118115.0,-0.861,6.458,1.121,0.327,0.651,0,交易,9.915514592933947,19.844036697247706,2509827.9352226723,0.9918599293503302,0.9863308247581016,1.0004647560030984
2019-08-02,601117.SH,6.377,6.399,6.287,6.321,15647342.0,-2.083,6.333,1.121,0.317,0.632,0,交易,10.001582278481012,20.116719242902207,2488840.782567202,0.9896858884200657,0.9824972651976871,1.0018984337921215
2019-08-05,601117.SH,6.299,6.332,6.243,6.243,13970789.0,-1.241,6.283,1.121,0.283,0.564,0,交易,11.069148936170214,22.257950530035338,2237832.612526029,0.9922615287428933,0.9859444093493368,1.0064071760371616
2019-08-06,601117.SH,6.175,6.186,6.007,6.13,17260858.0,-1.795,6.104,1.121,0.35,0.697,0,交易,8.794835007173601,17.642857142857142,2873457.2998168804,0.9867442612350469,0.9710636922082121,0.9957585644371941
2019-08-07,601117.SH,6.142,6.142,6.086,6.097,6619831.0,-0.548,6.118,1.121,0.134,0.267,0,交易,22.835205992509362,45.83582089552239,1087714.5908642786,0.9960924780201889,0.990882448713774,1.0034443168771527
2019-08-08,601117.SH,6.13,6.142,6.041,6.086,17302517.0,-0.184,6.082,1.121,0.351,0.699,0,交易,8.70672389127325,17.464387464387464,2864180.9303095513,0.9902311950504721,0.9835558450016282,0.999342753861321
2019-08-09,601117.SH,6.097,6.119,6.018,6.03,9417547.0,-0.921,6.065,1.121,0.191,0.38,0,交易,15.868421052631579,31.92146596858639,1564896.477234962,0.9911750285994445,0.9834940349730348,1.005804311774461
2019-08-12,601117.SH,6.052,6.119,6.03,6.086,10764326.0,0.929,6.087,1.121,0.218,0.435,0,交易,13.99080459770115,27.761467889908253,1785128.6898839136,0.9947703873181892,0.9854551397287139,1.0001643115346697
2019-08-13,601117.SH,6.074,6.074,6.007,6.041,11074200.0,-0.737,6.032,1.121,0.224,0.447,0,交易,13.51454138702461,27.116071428571427,1843549.1926086233,0.9930852815278235,0.9889693776753374,0.998510180433703
2019-08-14,601117.SH,6.108,6.108,6.041,6.052,13780126.0,0.186,6.073,1.121,0.279,0.557,0,交易,10.865350089766606,21.892473118279568,2281100.1489819563,0.9942698100851344,0.9890307793058285,1.0034699272967615
2019-08-15,601117.SH,5.94,6.063,5.918,6.052,15456195.0,0.0,5.998,1.121,0.313,0.624,0,交易,9.698717948717949,18.977635782747605,2611726.089895235,0.9892792347022927,0.9760844466435759,0.991077329808328
2019-08-16,601117.SH,6.052,6.086,6.018,6.063,13501362.0,0.185,6.053,1.121,0.274,0.545,0,交易,11.124770642201833,22.08759124087591,2243496.5104685943,0.9945777193558987,0.988826815642458,0.9983506514926604
2019-08-19,601117.SH,6.074,6.22,6.063,6.22,16537850.0,2.588,6.145,1.121,0.335,0.668,0,交易,9.31137724550898,18.131343283582087,2727667.821210622,0.9879421221864951,0.9747588424437299,0.9879421221864951
2019-08-20,601117.SH,6.209,6.254,6.175,6.186,10299100.0,-0.541,6.211,1.121,0.209,0.416,0,交易,14.870192307692308,29.708133971291865,1667870.4453441296,0.9931244003837545,0.9873680844259675,1.0040413837698028
2019-08-21,601117.SH,6.164,6.198,6.13,6.164,8879948.0,-0.362,6.163,1.121,0.18,0.359,0,交易,17.16991643454039,34.24444444444445,1448604.8939641109,0.9943530171022911,0.9890287189415939,0.9998377676833226
2019-08-22,601117.SH,6.164,6.198,6.119,6.186,8959117.0,0.364,6.156,1.121,0.182,0.362,0,交易,17.08839779005525,33.86813186813187,1464147.2462820723,0.9932236205227492,0.9872539528880283,0.9951503394762367
2019-08-23,601117.SH,6.175,6.186,6.13,6.13,8677291.0,-0.906,6.157,1.121,0.176,0.351,0,交易,17.464387464387464,35.08522727272727,1415545.0244698205,0.9953119948270288,0.9909473003556417,1.004404567699837
2019-08-26,601117.SH,6.041,6.097,5.996,6.086,8357448.0,-0.731,6.057,1.121,0.169,0.338,0,交易,18.005917159763314,35.74556213017751,1393837.2248165442,0.9934393964244711,0.9834344759717895,0.9952349654945777
2019-08-27,601117.SH,6.108,6.209,6.097,6.142,14971482.0,0.921,6.165,1.121,0.303,0.605,0,交易,10.15206611570248,20.15841584158416,2455548.9585041823,0.9929135126429377,0.9819616685456597,1.0037447085639857
2019-08-28,601117.SH,6.164,6.186,6.119,6.164,9103693.0,0.365,6.144,1.121,0.185,0.368,0,交易,16.75,33.31891891891892,1487774.6363784932,0.9932104752667313,0.9891690914969286,0.9967553536664504
2019-08-29,601117.SH,6.175,6.186,6.13,6.186,7793990.0,0.364,6.157,1.121,0.158,0.315,0,交易,19.63809523809524,39.08227848101266,1271450.2446982055,0.9953119948270288,0.9909473003556417,0.9953119948270288
2019-08-30,601117.SH,6.276,6.31,6.164,6.198,20853837.0,0.181,6.222,1.121,0.423,0.843,0,交易,7.352313167259787,14.836879432624114,3383166.2881245944,0.9860538827258322,0.9768621236133123,1.0038722168441432
2019-09-02,601117.SH,6.164,6.377,6.164,6.355,24095007.0,2.532,6.311,1.121,0.488,0.973,0,交易,6.531346351490237,12.631147540983607,3908988.8059701496,0.98965030578642,0.9665987141289007,0.9930763178599528
2019-09-03,601117.SH,6.332,6.455,6.332,6.433,21031558.0,1.235,6.399,1.121,0.426,0.85,0,交易,7.568235294117647,14.863849765258216,3321471.5729627293,0.9913245546088304,0.9809450038729667,0.9947147520596923
2019-09-04,601117.SH,6.433,6.556,6.422,6.523,25934481.0,1.394,6.499,1.121,0.526,1.048,0,交易,6.224236641221373,12.230038022813687,4038380.7225163504,0.9913056741915802,0.9795607077486271,0.996320711329143
2019-09-05,601117.SH,6.534,6.601,6.489,6.5,24172048.0,-0.344,6.563,1.121,0.49,0.977,0,交易,6.653019447287615,13.33469387755102,3725080.597934967,0.9942432964702318,0.9830328738069989,1.0096923076923077
2019-09-06,601117.SH,6.5,6.568,6.478,6.568,12704528.0,1.034,6.515,1.121,0.258,0.513,0,交易,12.803118908382066,25.1937984496124,1961180.611299784,0.9919305724725944,0.9862971985383678,0.9919305724725944
2019-09-09,601117.SH,6.568,6.601,6.511,6.59,15910078.0,0.341,6.563,1.121,0.323,0.643,0,交易,10.248833592534991,20.334365325077396,2443569.0370142837,0.9942432964702318,0.9863657021663385,0.9959028831562974
2019-09-10,601117.SH,6.556,6.635,6.545,6.624,14676185.999999998,0.51,6.586,1.121,0.298,0.593,0,交易,11.170320404721753,22.0,2242350.8021390373,0.9926149208741523,0.9864355689525245,0.9942632850241547
2019-09-11,601117.SH,6.646,6.68,6.59,6.657,15300975.0,0.508,6.638,1.121,0.31,0.618,0,交易,10.771844660194175,21.438709677419354,2321847.4962063734,0.9937125748502994,0.9865269461077845,0.9971458614991738
2019-09-12,601117.SH,6.68,6.736,6.646,6.724,21534789.0,1.01,6.706,1.121,0.437,0.87,0,交易,7.728735632183908,15.28604118993135,3240263.1658140235,0.9955463182897863,0.9866389548693587,0.997323022010708
2019-09-16,601117.SH,6.736,6.769,6.646,6.691,12758189.0,-0.5,6.71,1.121,0.259,0.515,0,交易,12.992233009708738,26.007722007722005,1919679.356003611,0.9912837937656965,0.9818289259861132,1.0028396353310418
2019-09-17,601117.SH,6.657,6.691,6.545,6.579,14613841.0,-1.675,6.6,1.121,0.296,0.59,0,交易,11.150847457627119,22.489864864864867,2232825.2100840337,0.9863996413092213,0.9781796442983112,1.0031919744642044
2019-09-18,601117.SH,6.624,6.635,6.534,6.612,9975224.0,0.511,6.588,1.121,0.202,0.403,0,交易,16.40694789081886,32.792079207920786,1526664.2179369451,0.9929163526752073,0.9847776940467219,0.9963702359346642
2019-09-19,601117.SH,6.612,6.624,6.556,6.59,8843301.0,-0.339,6.587,1.121,0.179,0.357,0,交易,18.459383753501402,36.93854748603352,1348886.668700427,0.9944142512077295,0.9897342995169083,0.9995447647951441
2019-09-20,601117.SH,6.612,6.691,6.556,6.612,13702300.0,0.34,6.611,1.121,0.278,0.554,0,交易,11.935018050541515,23.784172661870503,2090039.658328249,0.9880436407114034,0.9798236437004932,0.999848759830611
2019-09-23,601117.SH,6.612,6.612,6.478,6.511,12681002.0,-1.525,6.527,1.121,0.257,0.512,0,交易,12.716796875,25.72762645914397,1957548.9348564371,0.9871445856019359,0.9797338173018754,1.0024573798187681
2019-09-24,601117.SH,6.534,6.568,6.489,6.5,16663395.000000002,-0.172,6.53,1.121,0.338,0.673,0,交易,9.658246656760772,19.33136094674556,2567944.9838187704,0.9942143727161998,0.9879719853836785,1.0046153846153847
2019-09-25,601117.SH,6.5,6.511,6.433,6.444,11851797.0,-0.862,6.465,1.121,0.24,0.479,0,交易,13.45302713987474,27.083333333333336,1842343.696564589,0.9929350330210412,0.9880202733835048,1.0032588454376163
2019-09-26,601117.SH,6.489,6.534,6.433,6.444,11810436.0,0.0,6.488,1.121,0.239,0.477,0,交易,13.50943396226415,27.150627615062763,1835914.1924452044,0.9929599020508112,0.9845423936333028,1.0068280571073869
2019-09-27,601117.SH,6.444,6.523,6.399,6.433,10441655.0,-0.174,6.445,1.121,0.212,0.422,0,交易,15.244075829383887,30.39622641509434,1631763.5568057508,0.9880423118197149,0.9809903418672391,1.001865381625991
2019-09-30,601117.SH,6.433,6.545,6.422,6.5,10632719.0,1.045,6.493,1.121,0.216,0.43,0,交易,15.116279069767442,29.78240740740741,1655670.9747742137,0.9920550038197098,0.9812070282658517,0.998923076923077
2019-10-08,601117.SH,6.523,6.545,6.332,6.399,19440309.0,-1.552,6.444,1.121,0.394,0.785,0,交易,8.151592356687898,16.555837563451774,3070168.825015793,0.9845683728036669,0.9674560733384263,1.0070323488045008
2019-10-09,601117.SH,6.377,6.534,6.287,6.523,16253497.0,1.926,6.463,1.121,0.329,0.657,0,交易,9.928462709284625,19.382978723404253,2585254.8115158263,0.9891337618610346,0.9621977349250077,0.9908017783228577
2019-10-10,601117.SH,6.534,6.612,6.511,6.601,15100435.0,1.203,6.553,1.121,0.306,0.61,0,交易,10.821311475409836,21.352941176470587,2319219.0139763476,0.9910768300060496,0.9847247428917121,0.9927283744887139
2019-10-11,601117.SH,6.635,6.657,6.534,6.635,19295581.0,0.509,6.607,1.121,0.391,0.78,0,交易,8.506410256410255,16.9693094629156,2953103.9179675546,0.9924891092083521,0.9815232086525462,0.99577995478523
2019-10-14,601117.SH,7.173,7.173,6.87,7.072,96821159.0,6.588,7.025,1.121,1.963,3.912,0,交易,1.8077709611451944,3.6541008660213956,14093327.365356622,0.9793670709605465,0.9577582601421999,0.9933540723981901
2019-10-15,601117.SH,6.949,7.016,6.814,6.837,45125580.0,-3.328,6.913,1.121,0.915,1.823,0,交易,3.750411409764125,7.5945355191256825,6622480.1878485475,0.9853192702394528,0.9712086659064995,1.0111159865438057
2019-10-16,601117.SH,6.881,6.915,6.769,6.825,27848253.999999996,-0.164,6.831,1.121,0.565,1.125,0,交易,6.066666666666666,12.178761061946904,4114086.866597724,0.9878524945770065,0.9788864786695589,1.000879120879121
2019-10-17,601117.SH,6.848,6.859,6.758,6.792,19021998.0,-0.493,6.783,1.121,0.386,0.769,0,交易,8.83224967490247,17.740932642487046,2814737.7922462267,0.9889196675900278,0.9852748214025369,0.9986749116607775
2019-10-18,601117.SH,6.78,6.803,6.646,6.713,27037134.999999996,-1.155,6.714,1.121,0.548,1.092,0,交易,6.147435897435897,12.372262773722627,4068181.6130003002,0.9869175363810084,0.9769219462002058,1.0001489646953672
2019-10-21,601117.SH,6.691,6.713,6.624,6.713,14074418.0,0.0,6.67,1.121,0.285,0.569,0,交易,11.797891036906856,23.477192982456142,2124761.171497585,0.9935945180992105,0.9867421421123194,0.9935945180992105
2019-10-22,601117.SH,6.713,6.724,6.635,6.702,12985960.0,-0.167,6.675,1.121,0.263,0.525,0,交易,12.765714285714285,25.524714828897338,1957190.6556141675,0.9927126710291493,0.9867638310529446,0.9959713518352731
2019-10-23,601117.SH,6.68,6.702,6.635,6.668,11085500.0,-0.502,6.67,1.121,0.225,0.448,0,交易,14.883928571428571,29.688888888888886,1670761.115297664,0.9952253058788422,0.9900029841838257,1.0002999400119976
2019-10-24,601117.SH,6.68,6.68,6.624,6.635,8500655.0,-0.504,6.641,1.121,0.172,0.343,0,交易,19.344023323615158,38.83720930232558,1283311.443236715,0.9941616766467066,0.9916167664670659,1.000904295403165
2019-10-25,601117.SH,6.657,6.657,6.534,6.646,14191576.999999998,0.169,6.599,1.121,0.288,0.573,0,交易,11.598603839441537,23.114583333333336,2171958.5246403427,0.9912873666816885,0.9815232086525462,0.9929280770388204
2019-10-28,601117.SH,6.635,6.747,6.612,6.724,18165306.0,1.18,6.699,1.121,0.368,0.734,0,交易,9.160762942779291,18.029891304347824,2747323.956442831,0.9928857269897732,0.9799911071587373,0.996281975014872
2019-10-29,601117.SH,6.702,6.803,6.68,6.792,18474443.0,1.0,6.761,1.121,0.375,0.746,0,交易,9.10455764075067,17.872,2765635.1796407187,0.9938262531236219,0.9819197412906071,0.9954358068315666
2019-10-30,601117.SH,6.758,6.825,6.713,6.803,19990103.0,0.165,6.774,1.121,0.405,0.808,0,交易,8.419554455445544,16.68641975308642,2977819.6037539104,0.9925274725274725,0.9835897435897436,0.9957371747758342
2019-10-31,601117.SH,6.848,6.893,6.668,6.702,18313603.0,-1.483,6.752,1.121,0.371,0.649,0,交易,10.326656394453003,18.45822102425876,2746491.151769646,0.9795444653996809,0.9673581894675759,1.007460459564309
2019-11-01,601117.SH,6.702,6.848,6.657,6.792,31529368.0,1.338,6.754,1.121,0.639,1.117,0,交易,6.0805729632945384,10.488262910798122,4736272.795553553,0.9862733644859812,0.9721086448598131,0.9944051825677267
2019-11-04,601117.SH,6.792,6.881,6.769,6.825,22967460.0,0.495,6.83,1.121,0.466,0.813,0,交易,8.394833948339484,14.575107296137338,3393035.8989511007,0.992588286586252,0.9837232960325534,1.0007326007326007
2019-11-05,601117.SH,6.825,6.904,6.758,6.881,24697064.0,0.821,6.837,1.121,0.501,0.875,0,交易,7.864,13.622754491017965,3654493.0452796686,0.9902954808806489,0.9788528389339514,0.9936055805842173
2019-11-06,601117.SH,6.859,7.005,6.848,6.915,30910234.000000004,0.489,6.943,1.121,0.627,1.095,0,交易,6.315068493150685,10.93939393939394,4513760.806074767,0.9911491791577445,0.977587437544611,1.0040491684743311
2019-11-07,601117.SH,6.937,7.016,6.893,6.949,23505522.0,0.486,6.948,1.121,0.476,0.832,0,交易,8.352163461538462,14.573529411764707,3410056.869287683,0.9903078677309008,0.9824686431014823,0.9998560944020723
2019-11-08,601117.SH,6.993,7.016,6.859,6.87,24715824.0,-1.129,6.928,1.121,0.501,0.875,0,交易,7.851428571428571,13.95808383233533,3603415.0750838313,0.9874572405929304,0.9776225769669327,1.0084425036390101
2019-11-11,601117.SH,6.837,6.87,6.747,6.814,19669563.0,-0.816,6.804,1.121,0.399,0.697,0,交易,9.776183644189384,17.13533834586466,2915305.0244553136,0.9903930131004367,0.9820960698689956,0.9985324332257118
2019-11-12,601117.SH,6.825,6.926,6.736,6.915,19278287.0,1.48,6.825,1.121,0.391,0.683,0,交易,10.124450951683748,17.455242966751918,2861978.473871734,0.9854172682645106,0.9725671383193762,0.9869848156182213
2019-11-13,601117.SH,6.915,6.915,6.803,6.848,13191032.0,-0.972,6.843,1.121,0.267,0.467,0,交易,14.663811563169164,25.89887640449438,1939002.2049095987,0.989587852494577,0.9838033261026753,0.9992698598130841
2019-11-14,601117.SH,6.881,7.049,6.848,7.005,26966563.0,2.291,6.981,1.121,0.547,0.955,0,交易,7.335078534031414,12.579524680073126,3937874.269859813,0.9903532415945524,0.9714853170662504,0.9965738758029978
2019-11-15,601117.SH,7.005,7.027,6.915,6.949,17686910.0,-0.8,6.953,1.121,0.359,0.626,0,交易,11.100638977635782,19.512534818941504,2557759.9421547363,0.9894691902661165,0.9840614771595275,1.000575622391711
2019-11-18,601117.SH,6.937,7.005,6.881,6.982,16500235.0,0.484,6.957,1.121,0.334,0.584,0,交易,11.955479452054796,20.769461077844312,2397941.4329312597,0.9931477516059957,0.982298358315489,0.9964193640790604
2019-11-19,601117.SH,6.982,7.038,6.96,7.005,19661368.0,0.321,7.01,1.121,0.399,0.696,0,交易,10.064655172413794,17.49874686716792,2824909.195402299,0.9960215970446149,0.9889173060528559,1.0007137758743754
2019-11-20,601117.SH,7.005,7.027,6.893,6.893,17526760.0,-1.6,6.934,1.121,0.355,0.621,0,交易,11.099838969404187,19.732394366197184,2542689.685187872,0.9867653337128219,0.9809306958872919,1.005948063252575
2019-11-21,601117.SH,6.87,6.96,6.859,6.926,12190543.0,0.488,6.902,1.121,0.247,0.432,0,交易,16.03240740740741,27.813765182186234,1777306.1670797493,0.9916666666666667,0.9854885057471264,0.9965347964192897
2019-11-22,601117.SH,6.937,6.971,6.702,6.87,23415778.0,-0.809,6.86,1.121,0.475,0.829,0,交易,8.287092882991557,14.604210526315791,3493849.2987168008,0.9840768899727442,0.9614115621861999,0.9985443959243087
2019-11-25,601117.SH,6.87,7.083,6.848,7.061,32135690.999999996,2.773,7.012,1.121,0.651,1.138,0,交易,6.204745166959579,10.55299539170507,4692711.886682242,0.989975998870535,0.9668219680926161,0.9930604730208186
2019-11-26,601117.SH,7.094,7.195,7.016,7.195,46102038.0,1.905,7.126,1.121,0.935,1.633,0,交易,4.406001224739743,7.587165775401069,6570986.031927024,0.9904100069492703,0.9751216122307157,0.9904100069492703
2019-11-27,601117.SH,7.195,7.195,7.049,7.072,19219364.0,-1.713,7.106,1.121,0.39,0.681,0,交易,10.384728340675476,18.44871794871795,2726537.6649170094,0.987630298818624,0.9797081306462821,1.0048076923076923
2019-11-28,601117.SH,7.083,7.15,6.993,7.038,17053319.0,-0.475,7.047,1.121,0.346,0.604,0,交易,11.652317880794703,20.471098265895957,2438627.0556270555,0.9855944055944055,0.978041958041958,1.0012787723785166
2019-11-29,601117.SH,7.038,7.061,6.937,6.982,15810432.0,-0.796,6.973,1.121,0.321,0.56,0,交易,12.467857142857142,21.925233644859812,2279145.451924463,0.9875371760373884,0.9824387480526838,0.9987109710684617
2019-12-02,601117.SH,6.982,7.016,6.893,7.005,18491825.0,0.321,6.963,1.121,0.375,0.655,0,交易,10.694656488549617,18.618666666666666,2682696.213549978,0.9924458380843786,0.9824686431014823,0.9940042826552463
2019-12-03,601117.SH,6.971,7.072,6.937,7.061,18526708.0,0.8,7.015,1.121,0.376,0.656,0,交易,10.763719512195122,18.539893617021278,2670708.95199654,0.9919400452488687,0.980910633484163,0.993485342019544
2019-12-04,601117.SH,7.016,7.072,6.971,7.005,12775310.0,-0.794,7.01,1.121,0.259,0.452,0,交易,15.497787610619469,27.08880308880309,1832636.637498207,0.9912330316742081,0.9857183257918553,1.0007137758743754
2019-12-05,601117.SH,7.027,7.038,6.926,6.96,21110199.0,-0.64,6.969,1.121,0.428,0.748,0,交易,9.304812834224599,16.41822429906542,3047964.04851285,0.9901960784313726,0.9840863881784597,1.001293103448276
2019-12-06,601117.SH,6.971,6.982,6.87,6.926,15899479.999999998,-0.483,6.915,1.121,0.322,0.563,0,交易,12.30195381882771,21.649068322981368,2314334.788937409,0.9904038957318819,0.9839587510741907,0.9984117816921744
2019-12-09,601117.SH,6.982,7.005,6.926,6.982,18511204.0,0.809,6.963,1.121,0.375,0.656,0,交易,10.643292682926829,18.618666666666666,2672712.099335836,0.9940042826552463,0.988722341184868,0.9972787167000859
2019-12-10,601117.SH,6.971,7.128,6.949,7.083,25616807.0,1.445,7.073,1.121,0.519,0.907,0,交易,7.809261300992282,13.431599229287091,3686401.9283350124,0.992283950617284,0.9748877665544332,0.998588168855005
2019-12-11,601117.SH,7.105,7.128,7.027,7.061,16195079.999999998,-0.316,7.063,1.121,0.328,0.574,0,交易,12.301393728222997,21.661585365853657,2304693.32574356,0.9908810325476992,0.9858305274971941,1.0002832459991502
2019-12-12,601117.SH,7.083,7.117,7.038,7.083,24813453.0,0.317,7.08,1.121,0.503,0.879,0,交易,8.058020477815699,14.081510934393638,3525639.8124467176,0.9948011802725868,0.9888998173387664,0.9995764506565015
2019-12-13,601117.SH,7.139,7.229,7.094,7.195,40725935.0,1.582,7.171,1.121,0.826,1.442,0,交易,4.989597780859917,8.642857142857144,5740898.646743727,0.9919767602711302,0.9813252178724582,0.9966643502432244
2019-12-16,601117.SH,7.218,7.307,7.173,7.229,30488970.0,0.467,7.215,1.121,0.618,1.08,0,交易,6.693518518518518,11.679611650485437,4250518.61145964,0.9874093335158067,0.9816614205556315,0.9980633559275142
2019-12-17,601117.SH,7.206,7.296,7.173,7.285,29727303.000000004,0.775,7.242,1.121,0.603,1.053,0,交易,6.918328584995252,11.950248756218906,4144333.333333334,0.9925986842105263,0.983141447368421,0.9940974605353465
2019-12-18,601117.SH,7.274,7.318,7.195,7.218,25891979.0,-0.923,7.258,1.121,0.525,0.917,0,交易,7.871319520174482,13.855238095238095,3598607.2272411394,0.9918010385351189,0.9831921289969938,1.0055417013022998
2019-12-19,601117.SH,7.24,7.341,7.218,7.296,22169782.0,1.087,7.289,1.121,0.449,0.785,0,交易,9.294267515923567,16.124721603563476,3071457.74452757,0.9929164963901376,0.98324478953821,0.9990405701754386
2019-12-20,601117.SH,7.33,7.341,7.206,7.229,17281351.0,-0.922,7.248,1.121,0.35,0.612,0,交易,11.812091503267974,20.942857142857143,2398189.1479322785,0.9873314262362076,0.981610134859011,1.0026283026698022
2019-12-23,601117.SH,7.184,7.218,7.094,7.094,20064365.0,-1.86,7.152,1.121,0.407,0.711,0,交易,9.977496483825599,17.651105651105652,2828357.062306174,0.9908561928512053,0.9828207259628706,1.008175923315478
2019-12-24,601117.SH,7.117,7.128,7.072,7.117,13798182.0,0.316,7.098,1.121,0.28,0.489,0,交易,14.554192229038856,25.41785714285714,1951100.3959276017,0.9957912457912458,0.9921436588103255,0.9973303358156527
2019-12-25,601117.SH,7.094,7.139,7.049,7.072,14031596.0,-0.63,7.091,1.121,0.284,0.497,0,交易,14.229376257545272,24.978873239436624,1990579.656688892,0.9932763692393892,0.9873931923238549,1.0026866515837105
2019-12-26,601117.SH,7.072,7.24,7.072,7.195,20371869.0,1.743,7.173,1.121,0.413,0.721,0,交易,9.979195561719834,17.123486682808718,2880637.584841629,0.9907458563535911,0.9767955801104972,0.9969423210562891
2019-12-27,601117.SH,7.218,7.24,7.117,7.139,19982614.0,-0.779,7.178,1.121,0.405,0.708,0,交易,10.083333333333334,17.82222222222222,2807729.942391457,0.9914364640883978,0.9830110497237569,1.0054629499929961
2019-12-30,601117.SH,7.173,7.206,7.117,7.206,21176135.0,0.942,7.168,1.121,0.429,0.75,0,交易,9.608,16.72027972027972,2975429.956442321,0.9947266167082986,0.9876491812378573,0.9947266167082986
2019-12-31,601117.SH,7.206,7.24,7.173,7.218,16328594.0,0.156,7.204,1.121,0.331,0.578,0,交易,12.487889273356402,21.770392749244714,2276396.7656489615,0.9950276243093922,0.9907458563535911,0.9980604045441951
2020-01-02,601117.SH,7.262,7.374,7.229,7.307,38548833.0,1.242,7.3,1.121,0.781,1.365,0,交易,5.353113553113554,9.29833546734955,5332526.352192557,0.9899647409818281,0.9803363167887171,0.9990420145066374
2020-01-03,601117.SH,7.318,7.341,7.24,7.274,24213224.0,-0.46,7.282,1.121,0.491,0.858,0,交易,8.477855477855478,14.90427698574338,3344367.9558011047,0.9919629478272715,0.9862416564500749,1.0010998075336817
2020-01-06,601117.SH,7.262,7.453,7.218,7.352,45507577.0,1.079,7.36,1.121,0.923,1.612,0,交易,4.560794044665013,7.867822318526543,6304734.968135217,0.9875218033006843,0.9684690728565678,1.001088139281828
2020-01-07,601117.SH,7.374,7.419,7.33,7.397,25284412.0,0.61,7.374,1.121,0.513,0.895,0,交易,8.264804469273743,14.374269005847951,3449442.2919508866,0.9939344925192074,0.9880037740935437,0.9968906313370285
2020-01-08,601117.SH,7.352,7.453,7.341,7.352,27320315.000000004,-0.606,7.393,1.121,0.554,0.968,0,交易,7.59504132231405,13.270758122743683,3721606.72932843,0.9919495505165704,0.9849724942975983,1.0055767138193688
2020-01-09,601117.SH,7.397,7.509,7.374,7.487,27254671.000000004,1.829,7.454,1.121,0.552,0.965,0,交易,7.758549222797928,13.400362318840578,3696049.7694602665,0.9926754561193234,0.9820215741110666,0.9955923600908241
2020-01-10,601117.SH,7.453,7.498,7.419,7.498,16348819.0,0.15,7.458,1.121,0.331,0.579,0,交易,12.949913644214163,22.516616314199396,2203641.865480523,0.994665244065084,0.9894638570285409,0.994665244065084
2020-01-13,601117.SH,7.498,7.666,7.464,7.666,33863863.0,2.242,7.582,1.121,0.686,1.199,0,交易,6.393661384487072,10.93002915451895,4536959.137191854,0.9890425254369944,0.9736498825984868,0.9890425254369944
2020-01-14,601117.SH,7.722,7.722,7.531,7.543,24824698.0,-1.608,7.586,1.121,0.503,0.879,0,交易,8.581342434584755,15.351888667992048,3296334.882485726,0.9823879823879824,0.9752654752654751,1.005700649608909
2020-01-15,601117.SH,7.543,7.543,7.419,7.487,19742189.0,-0.743,7.47,1.121,0.4,0.699,0,交易,10.71101573676681,18.857499999999998,2661031.00148268,0.9903221529895266,0.9835609174068672,0.9977293976225456
2020-01-16,601117.SH,7.509,7.576,7.487,7.509,16913018.0,0.299,7.526,1.121,0.343,0.599,0,交易,12.535893155258766,21.89212827988338,2258984.640042741,0.9934002111932418,0.9882523759239705,1.0022639499267545
2020-01-17,601117.SH,7.52,7.599,7.487,7.554,14075396.0,0.597,7.55,1.121,0.285,0.498,0,交易,15.168674698795181,26.385964912280702,1879978.0953652998,0.9935517831293591,0.9852612185813923,0.9994704792163092
2020-01-20,601117.SH,7.688,8.125,7.621,8.047,74372017.0,6.528,7.933,1.121,1.508,2.634,0,交易,3.0550493545937742,5.098143236074271,9758826.531951187,0.9763692307692308,0.9379692307692308,0.9858332297750714
2020-01-21,601117.SH,7.98,8.305,7.957,8.137,58975219.99999999,1.114,8.144,1.121,1.196,2.089,0,交易,3.8951651507898517,6.672240802675586,7411740.605755937,0.9806140878988562,0.9580975316074654,1.0008602679120069
2020-01-22,601117.SH,8.092,8.316,7.935,8.215,54298934.0,0.964,8.124,1.121,1.101,1.923,0,交易,4.271970878835154,7.349682107175296,6842965.847511027,0.9769119769119768,0.954184704184704,0.9889227023737067
2020-01-23,601117.SH,8.125,8.181,7.812,7.868,46260749.0,-4.229,7.957,1.121,0.938,1.638,0,交易,4.803418803418804,8.662046908315565,5921754.864311316,0.9726194841706394,0.954895489548955,1.0113116420945603
2020-02-03,601117.SH,7.117,7.374,7.083,7.083,61912868.99999999,-9.972,7.17,1.121,1.255,2.193,0,交易,3.2298221614227085,5.670916334661355,8741051.673019905,0.9723352318958504,0.9605370219690806,1.012282930961457
2020-02-04,601117.SH,6.982,7.632,6.96,7.543,66450884.0,6.487,7.433,1.121,1.347,2.353,0,交易,3.205694857628559,5.183370452858203,9547540.804597702,0.9739255765199162,0.9119496855345912,0.9854169428609306
2020-02-05,601117.SH,7.498,7.666,7.453,7.554,56582244.99999999,0.149,7.545,1.121,1.147,2.004,0,交易,3.7694610778443116,6.537053182214472,7591875.083858848,0.984216018784242,0.9722149752152361,0.9988085782366958
2020-02-06,601117.SH,7.543,8.036,7.531,7.89,50984803.0,4.451,7.858,1.121,1.034,1.806,0,交易,4.368770764119601,7.294970986460348,6769991.103439119,0.9778496764559482,0.9371577899452465,0.9959442332065906
2020-02-07,601117.SH,7.823,8.036,7.8,7.98,30679063.0,1.136,7.924,1.121,0.622,1.087,0,交易,7.341306347746091,12.577170418006432,3933213.205128205,0.986062717770035,0.9706321553011449,0.9929824561403509
2020-02-10,601117.SH,8.293,8.394,8.013,8.125,47897082.0,1.826,8.192,1.121,0.971,1.696,0,交易,4.7906839622641515,8.540679711637486,5977421.939348559,0.9759351918036693,0.9546104360257326,1.0082461538461538
2020-02-11,601117.SH,8.081,8.181,7.968,8.013,28653907.0,-1.379,8.049,1.121,0.581,1.015,0,交易,7.894581280788178,13.908777969018933,3596122.8664658633,0.9838650531719839,0.973964063072974,1.0044926993635341
2020-02-12,601117.SH,8.002,8.35,7.935,8.237,38471933.0,2.797,8.168,1.121,0.78,1.362,0,交易,6.047723935389134,10.25897435897436,4848384.75110271,0.9782035928143712,0.9502994011976048,0.9916231637732184
2020-02-13,601117.SH,8.181,8.237,7.946,8.013,34742846.0,-2.721,8.047,1.121,0.704,1.23,0,交易,6.514634146341463,11.620738636363637,4372369.242386106,0.9769333495204565,0.9646716037392254,1.0042431049544491
2020-02-14,601117.SH,7.957,8.092,7.924,7.991,23410326.0,-0.28,7.984,1.121,0.475,0.829,0,交易,9.639324487334138,16.751578947368422,2954357.1428571427,0.986653484923381,0.9792387543252595,0.9991240145163309
2020-02-17,601117.SH,8.036,8.226,7.991,8.193,28650367.0,2.525,8.127,1.121,0.581,1.015,0,交易,8.07192118226601,13.831325301204819,3585329.37054186,0.9879649890590809,0.9714320447362021,0.9919443427316003
2020-02-18,601117.SH,8.193,8.193,8.036,8.081,26833108.0,-1.368,8.085,1.121,0.544,0.95,0,交易,8.506315789473684,15.06066176470588,3339112.493777999,0.9868180153789822,0.980837300134261,1.0004949882440293
2020-02-19,601117.SH,8.024,8.17,7.935,7.946,28547340.999999996,-1.664,8.021,1.121,0.579,1.011,0,交易,7.859545004945599,13.858376511226252,3597648.519218651,0.9817625458996329,0.971236230110159,1.0094387113012837
2020-02-20,601117.SH,7.991,8.226,7.935,8.204,38971584.0,3.244,8.105,1.121,0.79,1.38,0,交易,5.944927536231885,10.115189873417721,4911352.741020794,0.9852905421833211,0.9646243617797227,0.9879327157484153
2020-02-21,601117.SH,8.159,8.316,8.092,8.249,37169220.0,0.546,8.198,1.121,0.753,1.316,0,交易,6.26823708206687,10.835325365205843,4593329.214038556,0.9858104858104858,0.9730639730639731,0.9938174324160504
2020-02-24,601117.SH,8.181,8.226,7.968,8.081,39826748.0,-2.038,8.059,1.121,0.807,1.41,0,交易,5.731205673758865,10.137546468401485,4998336.847389558,0.9796985168976414,0.9686360320933624,0.9972775646578393
2020-02-25,601117.SH,7.89,7.912,7.677,7.834,55068982.99999999,-3.051,7.798,1.121,1.116,1.95,0,交易,4.017435897435897,7.069892473118279,7173242.542659893,0.9855915065722952,0.9702982810920121,0.9954046464130712
2020-02-26,601117.SH,7.677,8.092,7.61,8.047,59753478.0,2.718,7.901,1.121,1.211,2.116,0,交易,3.802930056710775,6.339388934764656,7851968.1997371875,0.9763964409293128,0.9404349975284231,0.9818565925189511
2020-02-27,601117.SH,7.991,8.092,7.912,8.024,36126313.0,-0.279,7.986,1.121,0.732,1.279,0,交易,6.273651290070367,10.916666666666666,4566015.29322548,0.9869006426099851,0.9777558082056351,0.9952642073778665
2020-02-28,601117.SH,7.733,7.935,7.621,7.789,40889156.0,-2.933,7.788,1.121,0.829,1.448,0,交易,5.379143646408839,9.32810615199035,5365326.859992127,0.9814744801512288,0.9604284814114683,0.9998716138143536
2020-03-02,601117.SH,7.812,8.506,7.8,8.495,81123467.0,9.065,8.27,1.121,1.645,2.873,0,交易,2.9568395405499475,4.748936170212766,10400444.487179488,0.9722548789090053,0.9169997648718551,0.9735138316656857
2020-03-03,601117.SH,8.585,8.675,8.316,8.383,63268122.0,-1.319,8.461,1.121,1.283,2.241,0,交易,3.74074074074074,6.691348402182386,7607999.278499278,0.9753314121037463,0.9586167146974064,1.0093045449123228
2020-03-04,601117.SH,8.305,8.574,8.282,8.484,43420680.0,1.203,8.418,1.121,0.88,1.538,0,交易,5.516254876462939,9.4375,5242777.10697899,0.9818054583624912,0.9659435502682528,0.9922206506364921
2020-03-05,601117.SH,8.484,8.618,8.428,8.506,47234407.0,0.264,8.508,1.121,0.958,1.673,0,交易,5.084279736999402,8.855949895615867,5604462.149976269,0.9872360176375028,0.9779531213738687,1.0002351281448387
2020-03-06,601117.SH,8.394,8.518,8.226,8.237,34756657.0,-3.162,8.327,1.121,0.705,1.231,0,交易,6.691307879772542,11.906382978723405,4225219.669341113,0.9775768959849729,0.965719652500587,1.010926308121889
2020-03-09,601117.SH,8.036,8.181,7.643,7.744,56817048.0,-5.986,7.831,1.121,1.152,2.012,0,交易,3.8489065606361827,6.975694444444445,7433867.329582625,0.9572179440166241,0.9342378682312676,1.0112345041322315
2020-03-10,601117.SH,7.677,7.98,7.677,7.89,38892708.0,1.881,7.839,1.121,0.788,1.377,0,交易,5.729847494553376,9.74238578680203,5066133.645955452,0.9823308270676692,0.9620300751879698,0.9935361216730039
2020-03-11,601117.SH,7.901,7.935,7.733,7.733,26253790.999999996,-1.989,7.818,1.121,0.532,0.93,0,交易,8.31505376344086,14.851503759398495,3395033.1048752097,0.9852551984877127,0.9745431632010082,1.0109918530971163
2020-03-12,601117.SH,7.632,7.823,7.487,7.666,34216924.0,-0.87,7.64,1.121,0.694,1.212,0,交易,6.3250825082508255,10.997118155619598,4570178.175504208,0.9766074396011759,0.9570497251693724,0.9966084007304982
2020-03-13,601117.SH,7.307,7.565,7.274,7.453,38470807.0,-2.778,7.388,1.121,0.78,1.362,0,交易,5.472099853157122,9.367948717948718,5288810.420676381,0.9766027759418373,0.9615333773959022,0.9912786797262847
2020-03-16,601117.SH,7.487,7.498,6.993,7.005,42411128.0,-6.015,7.237,1.121,0.86,1.502,0,交易,4.663781624500666,8.705813953488372,6064797.368797368,0.9651907175246732,0.9326487063216858,1.0331192005710208
2020-03-17,601117.SH,7.049,7.206,6.859,7.083,31037720.0,1.12,7.062,1.121,0.629,1.099,0,交易,6.444949954504095,11.206677265500796,4525108.616416387,0.9800166527893422,0.9518456841520955,0.9970351545955104
2020-03-18,601117.SH,7.162,7.218,6.881,6.915,36680238.0,-2.373,7.067,1.121,0.744,1.299,0,交易,5.323325635103926,9.626344086021506,5330655.1373346895,0.9790800775838182,0.9533111665281242,1.0219812002892263
2020-03-19,601117.SH,6.87,6.971,6.713,6.78,34750903.0,-1.945,6.811,1.121,0.704,1.231,0,交易,5.507717303005686,9.758522727272728,5176657.679130046,0.9770477693300818,0.9629895280447569,1.0045722713864307
2020-03-20,601117.SH,6.848,6.881,6.624,6.825,43944349.0,0.661,6.759,1.121,0.891,1.556,0,交易,4.386246786632391,7.685746352413019,6634110.658212561,0.9822700188926028,0.9626507775032698,0.9903296703296703
2020-03-23,601117.SH,6.612,6.657,6.467,6.5,37396694.0,-4.762,6.551,1.121,0.758,1.324,0,交易,4.909365558912387,8.722955145118734,5782695.840420597,0.9840769115217065,0.9714586149917379,1.0078461538461538
2020-03-24,601117.SH,6.59,6.657,6.467,6.612,34854994.0,1.724,6.571,1.121,0.707,1.234,0,交易,5.358184764991896,9.32107496463932,5389669.707747024,0.9870812678383656,0.9714586149917379,0.9937991530550514
2020-03-25,601117.SH,6.758,6.859,6.646,6.78,46014305.0,2.542,6.742,1.121,0.933,1.63,0,交易,4.159509202453989,7.243301178992497,6923608.937706891,0.9829421198425426,0.9689459104825776,0.9943952802359881
2020-03-26,601117.SH,6.736,6.747,6.59,6.612,35851638.0,-2.479,6.667,1.121,0.727,1.27,0,交易,5.2062992125984255,9.26547455295736,5440309.256449166,0.9881428783162887,0.9767303986957167,1.0083182093163945
2020-03-27,601117.SH,6.691,6.814,6.612,6.646,38663099.0,0.508,6.711,1.121,0.784,1.369,0,交易,4.85463842220599,8.534438775510203,5847413.641863279,0.9848840622248313,0.9703551511593778,1.0097803189888654
2020-03-30,601117.SH,6.635,6.702,6.5,6.68,35043151.0,0.506,6.609,1.121,0.71,1.241,0,交易,5.382755842062852,9.345070422535212,5391254.0,0.9861235452103849,0.969859743360191,0.98937125748503
2020-03-31,601117.SH,6.747,6.825,6.668,6.691,33910509.0,0.168,6.762,1.121,0.687,1.201,0,交易,5.571190674437968,9.820960698689955,5085559.23815237,0.9907692307692307,0.976996336996337,1.0106112688686295
2020-04-01,601117.SH,6.668,6.792,6.59,6.601,30870789.0,-1.34,6.69,1.121,0.626,1.093,0,交易,6.039341262580055,10.651757188498403,4684489.984825493,0.9849823321554771,0.9702591283863369,1.0134828056355099
2020-04-02,601117.SH,6.59,6.736,6.556,6.724,27008264.0,1.868,6.647,1.121,0.548,0.957,0,交易,7.026123301985371,12.025547445255473,4119625.3813300794,0.9867874109263659,0.9732779097387174,0.9885484830458061
2020-04-03,601117.SH,6.713,6.713,6.579,6.601,27476262.0,-1.833,6.619,1.121,0.557,0.973,0,交易,6.784172661870504,12.052064631956911,4176358.413132695,0.9859973186354833,0.9800387308207954,1.0027268595667322
2020-04-07,601117.SH,6.702,6.758,6.668,6.747,43003465.0,2.207,6.725,1.121,0.872,1.523,0,交易,4.430072225869994,7.685779816513762,6449229.904019196,0.9951168984906776,0.9866824504291211,0.9967392915369794
2020-04-08,601117.SH,6.724,6.848,6.691,6.78,35302296.0,0.498,6.769,1.121,0.716,1.25,0,交易,5.424,9.391061452513966,5276086.683604842,0.988463785046729,0.9770735981308412,0.9983775811209439
2020-04-09,601117.SH,6.837,6.848,6.758,6.769,17563347.0,-0.165,6.798,1.121,0.356,0.622,0,交易,10.882636655948554,19.20505617977528,2598897.1589227584,0.9926985981308412,0.986857476635514,1.0042842369626237
2020-04-10,601117.SH,6.769,6.78,6.657,6.657,20500251.0,-1.656,6.714,1.121,0.416,0.726,0,交易,9.169421487603307,16.271634615384617,3079502.9292474086,0.9902654867256637,0.981858407079646,1.0085624155024786
2020-04-13,601117.SH,6.646,6.668,6.59,6.668,14587935.0,0.168,6.634,1.121,0.296,0.517,0,交易,12.897485493230175,22.4527027027027,2213647.1927162367,0.9949010197960408,0.9883023395320936,0.9949010197960408
2020-04-14,601117.SH,6.68,6.769,6.657,6.758,21515192.0,1.345,6.71,1.121,0.436,0.762,0,交易,8.868766404199475,15.321100917431192,3231965.149466727,0.9912837937656965,0.983453981385729,0.9928973068955312
2020-04-15,601117.SH,6.769,6.96,6.736,6.837,32138269.0,1.161,6.865,1.121,0.651,1.138,0,交易,6.007908611599297,10.397849462365592,4771120.694774347,0.9863505747126438,0.967816091954023,1.0040953634635075
2020-04-16,601117.SH,6.792,6.971,6.792,6.893,23690167.0,0.82,6.898,1.121,0.48,0.839,0,交易,8.215733015494637,14.15,3487951.5606595995,0.9895280447568497,0.9743221919380289,1.000725373567387
2020-04-17,601117.SH,6.937,7.016,6.859,6.881,27744957.0,-0.163,6.93,1.121,0.562,0.983,0,交易,7.0,12.34341637010676,4045044.0297419447,0.9877423033067274,0.9776225769669327,1.007121057985758
2020-04-20,601117.SH,6.937,7.016,6.848,6.893,24898243.0,0.163,6.906,1.121,0.505,0.882,0,交易,7.815192743764172,13.736633663366337,3635841.5595794395,0.984321550741163,0.976054732041049,1.0018859712752066
2020-04-21,601117.SH,6.848,6.87,6.747,6.825,23498533.0,-0.976,6.796,1.121,0.476,0.832,0,交易,8.203125,14.38655462184874,3482812.064621313,0.9892285298398835,0.9820960698689956,0.9957509157509158
2020-04-22,601117.SH,6.758,6.848,6.736,6.814,17791493.0,-0.164,6.801,1.121,0.361,0.63,0,交易,10.815873015873017,18.7202216066482,2641254.8990498814,0.9931366822429907,0.9836448598130841,0.9980921631934253
2020-04-23,601117.SH,6.859,6.859,6.736,6.814,21902669.0,0.0,6.812,1.121,0.444,0.776,0,交易,8.780927835051546,15.448198198198199,3251583.877672209,0.9931476891675172,0.9820673567575448,0.9997064866451424
2020-04-24,601117.SH,6.825,6.971,6.769,6.881,30626411.0,0.987,6.874,1.121,0.621,1.105,0,交易,6.227149321266968,10.990338164251208,4524510.415127789,0.986085210156362,0.9710228087792282,0.9989827060020345
2020-04-27,601117.SH,6.893,6.937,6.769,6.769,27334625.0,-1.629,6.829,1.121,0.554,0.986,0,交易,6.865111561866126,12.442238267148014,4038207.2684296053,0.9844313103647109,0.9757820383451059,1.0088639385433593
2020-04-28,601117.SH,6.736,6.78,6.511,6.68,27809642.0,-1.325,6.642,1.121,0.564,1.004,0,交易,6.653386454183266,11.943262411347519,4271178.3136231,0.9796460176991151,0.9603244837758111,0.9943113772455091
2020-04-29,601117.SH,6.657,6.937,6.635,6.848,19906064.0,2.517,6.8,1.121,0.404,0.718,0,交易,9.537604456824512,16.477722772277225,3000160.3617181615,0.9802508288885685,0.9564653308346547,0.9929906542056075
2020-04-30,601117.SH,6.859,6.926,6.837,6.915,27616287.0,0.982,6.89,1.121,0.56,0.997,0,交易,6.935807422266801,12.248214285714285,4039240.4563405,0.9948021946289344,0.9871498700548657,0.9963846710050615
2020-05-06,601117.SH,6.859,6.937,6.769,6.837,48110374.0,-1.135,6.822,1.121,0.975,1.736,0,交易,3.938364055299539,7.034871794871795,7107456.6405672915,0.9834222286290903,0.9757820383451059,0.9978060552874068
2020-05-07,601117.SH,6.792,6.814,6.713,6.724,26996306.0,-1.639,6.744,1.121,0.547,0.974,0,交易,6.903490759753594,12.416819012797074,4021496.4993296587,0.9897270325799824,0.9851775755796889,1.0029744199881023
2020-05-08,601117.SH,6.758,6.769,6.68,6.747,31885778.000000004,0.333,6.725,1.121,0.646,1.151,0,交易,5.861859252823631,10.461300309597522,4773320.05988024,0.9934997784015364,0.9868518244940168,0.9967392915369794
2020-05-11,601117.SH,6.724,6.769,6.691,6.702,32159458.0,-0.664,6.715,1.121,0.652,1.139,0,交易,5.884108867427568,10.312883435582823,4806375.4296816625,0.9920224553109764,0.9884768798936326,1.0019397194867203
2020-05-12,601117.SH,6.691,6.702,6.545,6.646,45607523.0,-0.836,6.608,1.121,0.925,1.615,0,交易,4.115170278637771,7.233513513513513,6968299.923605806,0.9859743360190988,0.9765741569680693,0.9942822750526632
2020-05-13,601117.SH,6.579,6.601,6.511,6.545,38900374.0,-1.518,6.536,1.121,0.789,1.378,0,交易,4.749637155297533,8.338403041825094,5974562.125633543,0.9901530071201332,0.9863657021663385,0.9986249045072574
2020-05-14,601117.SH,6.545,6.556,6.489,6.5,22892006.0,-0.685,6.522,1.121,0.464,0.811,0,交易,8.014796547472256,14.105603448275861,3527817.2291570352,0.9948139109212935,0.9897803538743136,1.0033846153846153
2020-05-15,601117.SH,6.523,6.534,6.478,6.511,17739309.0,0.172,6.509,1.121,0.36,0.628,0,交易,10.36783439490446,18.119444444444444,2738392.868169188,0.9961738598102235,0.9914294459749005,0.999692827522654
2020-05-18,601117.SH,6.534,6.556,6.478,6.523,19268221.0,0.172,6.525,1.121,0.391,0.682,0,交易,9.564516129032256,16.71099744245524,2974408.9225069466,0.9952715070164735,0.9881025015253203,1.0003066073892382
2020-05-19,601117.SH,6.556,6.568,6.511,6.534,19036714.0,0.172,6.534,1.121,0.386,0.674,0,交易,9.694362017804153,16.984455958549223,2923777.299953924,0.9948233861144945,0.9913215590742998,1.0
2020-05-20,601117.SH,6.523,6.523,6.467,6.467,17892226.0,-1.029,6.484,1.121,0.363,0.634,0,交易,10.200315457413248,17.96969696969697,2766696.4589454154,0.9940211559098575,0.9914149931013337,1.0026287304778105
2020-05-21,601117.SH,6.478,6.489,6.265,6.287,36220002.0,-2.773,6.36,1.121,0.734,1.283,0,交易,4.900233826968044,8.825613079019073,5781325.139664805,0.9801202034211743,0.9654800431499461,1.0116112613329094
2020-05-22,601117.SH,6.287,6.31,6.164,6.22,31746896.000000004,-1.07,6.218,1.121,0.644,1.124,0,交易,5.533807829181494,9.762422360248447,5150372.485399093,0.985419968304279,0.9768621236133123,0.9996784565916399
2020-05-25,601117.SH,6.22,6.343,6.198,6.243,18815757.0,0.36,6.264,1.121,0.381,0.666,0,交易,9.373873873873874,16.325459317585302,3035778.7996127782,0.9875453255557307,0.9771401545010249,1.00336376741951
2020-05-26,601117.SH,6.243,6.321,6.231,6.287,18382877.0,0.718,6.284,1.121,0.373,0.651,0,交易,9.657450076804915,16.737265415549597,2950229.0162092764,0.9941464958076254,0.9857617465590888,0.9995228248767297
2020-05-27,601117.SH,6.287,6.332,6.254,6.287,13813104.999999998,0.0,6.277,1.121,0.28,0.489,0,交易,12.856850715746422,22.453571428571426,2208683.242724656,0.9913139608338598,0.9876816171825648,0.9984094162557658
2020-05-28,601117.SH,6.287,6.321,6.209,6.254,12559812.0,-0.535,6.267,1.121,0.255,0.445,0,交易,14.053932584269662,24.65490196078431,2022839.748751812,0.9914570479354533,0.982281284606866,1.0020786696514232
2020-05-29,601117.SH,6.243,6.243,6.153,6.231,26039022.0,-0.358,6.194,1.121,0.528,0.922,0,交易,6.758134490238612,11.823863636363637,4231922.964407606,0.992151209354477,0.9855838539163863,0.9940619483229016
2020-06-01,601117.SH,6.231,6.433,6.198,6.388,45886670.0,2.518,6.319,1.121,0.93,1.625,0,交易,3.931076923076923,6.699999999999999,7403464.020651823,0.9822788745530857,0.9634696098243433,0.9891984971822166
2020-06-02,601117.SH,6.377,6.388,6.332,6.388,31575725.0,0.0,6.358,1.121,0.64,1.118,0,交易,5.713774597495527,9.964062499999999,4986690.619077701,0.9953036944270507,0.9912335629304947,0.9953036944270507
2020-06-03,601117.SH,6.377,6.433,6.332,6.343,34305681.0,-0.702,6.375,1.121,0.695,1.215,0,交易,5.220576131687243,9.175539568345323,5417827.068856602,0.9909839888077103,0.9842997046479092,1.0050449314204635
2020-06-04,601117.SH,6.355,6.355,6.254,6.265,25624374.0,-1.237,6.287,1.121,0.519,0.907,0,交易,6.907386990077177,12.244701348747592,4097277.582347298,0.9892997639653816,0.9841070023603461,1.003511572226656
2020-06-05,601117.SH,6.287,6.287,6.22,6.254,16595073.000000002,-0.179,6.244,1.121,0.336,0.588,0,交易,10.636054421768707,18.711309523809522,2668018.167202573,0.9931604898997932,0.9893430889136313,0.9984010233450592
2020-06-08,601117.SH,6.265,6.321,6.231,6.243,21980560.0,-0.179,6.272,1.121,0.446,0.778,0,交易,8.024421593830334,14.04708520179372,3527613.545177339,0.992248062015504,0.9857617465590888,1.0046452026269421
2020-06-09,601117.SH,6.243,6.299,6.22,6.265,25327245.0,0.359,6.257,1.121,0.513,0.897,0,交易,6.984392419175028,12.169590643274853,4071904.340836013,0.9933322749642799,0.9874583267185266,0.9987230646448524
2020-06-10,601117.SH,6.254,6.254,6.175,6.198,26677568.0,-1.073,6.197,1.121,0.541,0.945,0,交易,6.558730158730159,11.560073937153417,4320253.927125506,0.9908858330668373,0.9873680844259675,0.9998386576314939
2020-06-11,601117.SH,6.198,6.22,6.153,6.164,26235942.0,-0.542,6.176,1.121,0.532,0.929,0,交易,6.635091496232508,11.650375939849624,4263926.86494393,0.9929260450160773,0.9892282958199357,1.0019467878001298
2020-06-12,601117.SH,6.074,6.119,6.052,6.097,28812614.0,-1.091,6.092,1.121,0.584,1.02,0,交易,5.977450980392157,10.40068493150685,4760841.705221415,0.9955875142997221,0.9890504984474587,0.9991799245530587
2020-06-15,601117.SH,6.063,6.119,6.03,6.03,23757153.0,-1.103,6.067,1.121,0.482,0.841,0,交易,7.170035671819264,12.578838174273859,3939826.368159204,0.9915018793920576,0.9854551397287139,1.0061359867330018
2020-06-16,601117.SH,6.052,6.13,6.03,6.108,25313549.0,1.301,6.085,1.121,0.513,0.896,0,交易,6.816964285714286,11.797270955165692,4197935.157545605,0.9926590538336052,0.9836867862969005,0.996234446627374
2020-06-17,601117.SH,6.108,6.142,6.074,6.108,20795409.0,0.0,6.096,1.121,0.422,0.736,0,交易,8.29891304347826,14.4739336492891,3423676.1606848864,0.9925105828720286,0.9889286877238683,0.9980353634577603
2020-06-18,601117.SH,6.097,6.299,6.086,6.265,47518525.0,2.569,6.214,1.121,0.963,1.683,0,交易,3.7225193107546044,6.3312564901349955,7807841.767992113,0.9865057945705668,0.9661851087474203,0.9918595371109339
2020-06-19,601117.SH,6.265,6.299,6.231,6.254,29277195.0,-0.179,6.26,1.121,0.593,1.037,0,交易,6.03085824493732,10.564924114671163,4698635.050553683,0.99380854103826,0.9892046356564533,1.0009593859929646
2020-06-22,601117.SH,6.254,6.31,6.231,6.243,24679581.0,-0.179,6.269,1.121,0.5,0.874,0,交易,7.143020594965676,12.508,3960773.7120847376,0.9935023771790809,0.9874801901743265,1.004164664424155
2020-06-23,601117.SH,6.243,6.254,6.13,6.142,29489096.000000004,-1.616,6.171,1.121,0.598,1.044,0,交易,5.883141762452107,10.43979933110368,4810619.24959217,0.9867284937639912,0.9801726894787337,1.0047215890589385
2020-06-24,601117.SH,6.142,6.209,6.142,6.198,17673857.0,0.912,6.172,1.121,0.358,0.626,0,交易,9.900958466453675,17.156424581005588,2877541.028980788,0.994040908358834,0.9892092124335643,0.9958050984188447
2020-06-29,601117.SH,6.164,6.186,6.108,6.119,19015062.0,-1.266,6.139,1.121,0.385,0.673,0,交易,9.092124814264487,16.01038961038961,3113140.4715127703,0.9924021985127708,0.9873908826382153,1.0032685079261319
2020-06-30,601117.SH,6.153,6.164,6.119,6.142,14611957.0,0.366,6.145,1.121,0.296,0.527,0,交易,11.654648956356736,20.78716216216216,2387964.863539794,0.9969175859831279,0.9926995457495134,1.0004884402474763
2020-07-01,601117.SH,6.153,6.31,6.142,6.31,41933041.0,2.737,6.251,1.121,0.85,1.513,0,交易,4.170522141440846,7.238823529411764,6827261.641159231,0.990649762282092,0.9733755942947703,0.990649762282092
2020-07-02,601117.SH,6.321,6.467,6.299,6.467,53308861.0,2.487,6.401,1.121,1.081,1.924,0,交易,3.3612266112266114,5.84736355226642,8463067.312271789,0.9897943404979125,0.97402195763105,0.9897943404979125
2020-07-03,601117.SH,6.489,6.601,6.467,6.534,58677329.0,1.04,6.531,1.121,1.189,2.117,0,交易,3.086443079829948,5.457527333894029,9073346.064635845,0.9893955461293743,0.9797000454476594,0.9995408631772268
2020-07-06,601117.SH,6.612,6.926,6.612,6.926,98784307.0,6.003,6.779,1.121,2.003,3.565,0,交易,1.9427769985974754,3.3010484273589613,14940155.323653962,0.978775628068149,0.954663586485706,0.978775628068149
2020-07-07,601117.SH,7.005,7.105,6.758,6.758,109947431.0,-2.427,6.859,1.121,2.229,3.968,0,交易,1.703125,3.142664872139973,16269226.250369933,0.9653764954257564,0.9511611541168191,1.0149452500739864
2020-07-08,601117.SH,6.713,7.128,6.702,6.993,106099869.0,3.483,6.911,1.121,2.151,3.593,0,交易,1.9462844419704983,3.1208740120874015,15831075.649059983,0.9695566778900111,0.9402356902356902,0.9882739882739882
2020-07-09,601117.SH,6.993,7.072,6.881,7.027,83749104.0,0.481,6.985,1.121,1.698,2.836,0,交易,2.4777856135401977,4.118374558303887,12171065.83345444,0.987697963800905,0.9729920814479638,0.9940230539348228
2020-07-10,601117.SH,7.061,7.229,6.915,6.96,88153943.0,-0.957,7.057,1.121,1.787,2.985,0,交易,2.3316582914572863,3.9513150531617236,12748220.245842371,0.9762069442523171,0.9565638400885323,1.0139367816091955
2020-07-13,601117.SH,6.893,7.15,6.859,7.094,80564515.0,1.932,7.008,1.121,1.633,2.728,0,交易,2.6004398826979473,4.2210655235762395,11745810.613792097,0.9801398601398601,0.9593006993006993,0.9878770792218776
2020-07-14,601117.SH,7.038,7.117,6.87,6.971,60846412.0,-1.738,6.989,1.121,1.233,2.061,0,交易,3.3823386705482776,5.708029197080291,8856828.529839883,0.9820148939159759,0.9652943656034846,1.0025821259503658
2020-07-15,601117.SH,7.006,7.029,6.74,6.774,58497103.0,-2.819,6.861,1.156,1.186,1.981,0,交易,3.419485108531045,5.907251264755481,8679095.40059347,0.9760990183525394,0.9588846208564519,1.0128432240921168
2020-07-16,601117.SH,6.774,6.902,6.624,6.636,53343859.0,-2.048,6.779,1.156,1.081,1.807,0,交易,3.672385168788047,6.266419981498613,8053118.810386474,0.9821790785279628,0.9597218197623877,1.0215491259795058
2020-07-17,601117.SH,6.67,6.728,6.624,6.659,38725665.0,0.348,6.676,1.156,0.785,1.312,0,交易,5.0754573170731705,8.496815286624203,5846265.851449275,0.9922711058263972,0.9845422116527943,1.0025529358762577
2020-07-20,601117.SH,6.717,6.983,6.682,6.959,56101598.0,4.514,6.882,1.156,1.137,1.9,0,交易,3.6626315789473685,5.907651715039577,8395929.063154744,0.9855363024488042,0.9568953171989117,0.9889351918379078
2020-07-21,601117.SH,6.959,7.052,6.936,6.983,45924376.0,0.332,6.977,1.156,0.931,1.555,0,交易,4.490675241157557,7.474758324382384,6621161.476355248,0.9893647192285877,0.9835507657402156,0.9991407704425033
2020-07-22,601117.SH,6.971,7.017,6.879,6.902,52247040.0,-1.159,6.95,1.156,1.059,1.769,0,交易,3.9016393442622954,6.5826251180358835,7595150.4579153955,0.9904517600114009,0.9803334758443778,1.006954505940307
2020-07-23,601117.SH,6.832,6.879,6.67,6.879,48279068.0,-0.335,6.788,1.156,0.979,1.635,0,交易,4.207339449541284,6.978549540347293,7238241.07946027,0.9867713330425935,0.9696176769879343,0.9867713330425935
2020-07-24,601117.SH,6.809,6.913,6.624,6.624,39174471.0,-3.697,6.753,1.156,0.794,1.327,0,交易,4.991710625470987,8.575566750629722,5914020.380434783,0.976855200347172,0.9581947056270793,1.0194746376811594
2020-07-27,601117.SH,6.647,6.682,6.532,6.601,24633156.0,-0.349,6.588,1.156,0.499,0.834,0,交易,7.914868105515588,13.32064128256513,3771150.642988365,0.985932355582161,0.9775516312481293,0.9980306014240267
2020-07-28,601117.SH,6.613,6.659,6.532,6.566,27496237.0,-0.525,6.59,1.156,0.557,0.931,0,交易,7.052631578947368,11.872531418312388,4209466.778934476,0.9896380837963659,0.980928067277369,1.003655193420652
2020-07-29,601117.SH,6.566,6.682,6.52,6.67,25209001.0,1.585,6.617,1.156,0.511,0.854,0,交易,7.810304449648712,12.84931506849315,3866411.1963190185,0.990272373540856,0.9757557617479795,0.9920539730134933
2020-07-30,601117.SH,6.694,6.705,6.59,6.613,27853186.0,-0.867,6.645,1.156,0.565,0.943,0,交易,7.0127253446447515,11.84778761061947,4226583.611532626,0.9910514541387024,0.982848620432513,1.004838953576289
2020-07-31,601117.SH,6.647,6.682,6.566,6.659,34144695.0,0.699,6.639,1.156,0.692,1.156,0,交易,5.760380622837371,9.60549132947977,5200227.688090161,0.9935648009577971,0.98263992816522,0.9969965460279322
2020-08-03,601117.SH,6.682,6.786,6.67,6.774,34288479.0,1.736,6.738,1.156,0.695,1.161,0,交易,5.834625322997416,9.614388489208634,5140701.499250375,0.9929266136162689,0.982905982905983,0.9946855624446413
2020-08-04,601117.SH,6.809,6.867,6.717,6.809,37196735.0,0.512,6.796,1.156,0.754,1.26,0,交易,5.403968253968254,9.03050397877984,5537700.610391544,0.9896606960827145,0.9781564001747487,0.998090762226465
2020-08-05,601117.SH,6.786,6.798,6.682,6.74,27875895.0,-1.019,6.734,1.156,0.565,0.944,0,交易,7.139830508474577,12.01061946902655,4171789.134989524,0.9905854663136217,0.9829361576934393,0.9991097922848664
2020-08-06,601117.SH,6.728,6.763,6.624,6.682,28807552.0,-0.858,6.679,1.156,0.584,0.976,0,交易,6.846311475409837,11.52054794520548,4348966.18357488,0.9875794765636552,0.9794469909803342,0.9995510326249626
2020-08-07,601117.SH,6.682,6.682,6.52,6.566,27122940.000000004,-1.73,6.58,1.156,0.55,0.919,0,交易,7.144722524483133,12.149090909090908,4159960.1226993874,0.9847351092487279,0.9757557617479795,1.0021321961620469
2020-08-10,601117.SH,6.59,6.786,6.566,6.74,49926684.0,2.641,6.708,1.156,1.012,1.691,0,交易,3.9858072146658783,6.511857707509881,7603820.286323485,0.9885057471264369,0.9675803124078987,0.9952522255192878
2020-08-11,601117.SH,6.786,6.832,6.647,6.659,43068709.0,-1.201,6.747,1.156,0.873,1.459,0,交易,4.564084989718985,7.77319587628866,6479420.640890627,0.9875585480093677,0.9729215456674474,1.0132151974770987
2020-08-12,601117.SH,6.624,6.717,6.532,6.636,40674856.0,-0.347,6.61,1.156,0.825,1.378,0,交易,4.81567489114659,8.02909090909091,6227014.084507043,0.9840702694655353,0.9724579425338693,0.9960819770946353
2020-08-13,601117.SH,6.636,6.705,6.613,6.647,32671492.0,0.174,6.664,1.156,0.662,1.106,0,交易,6.009945750452079,10.02416918429003,4940494.783003176,0.9938851603281132,0.9862788963460105,1.0025575447570332
2020-08-14,601117.SH,6.647,6.717,6.613,6.717,28290286.0,1.043,6.662,1.156,0.573,0.958,0,交易,7.0114822546972855,11.600349040139617,4277980.644185695,0.9918118207533125,0.9845168974244456,0.9918118207533125
2020-08-17,601117.SH,6.728,6.913,6.705,6.913,65510001.0,2.926,6.833,1.156,1.328,2.219,0,交易,3.115367282559712,5.066265060240964,9770320.805369128,0.988427600173586,0.9699117604513235,0.988427600173586
2020-08-18,601117.SH,6.913,6.971,6.832,6.936,49658188.0,0.334,6.92,1.156,1.007,1.682,0,交易,4.1236623067776454,6.864945382323735,7268470.140515222,0.9926839764739636,0.9800602496055085,0.9976931949250288
2020-08-19,601117.SH,6.959,6.971,6.855,6.867,36436566.0,-1.0,6.899,1.156,0.739,1.234,0,交易,5.56482982171799,9.416779431664411,5315326.914660831,0.9896714961985368,0.9833596327643094,1.0046599679627202
2020-08-20,601117.SH,6.855,6.89,6.728,6.763,29090634.999999996,-1.515,6.802,1.156,0.59,0.985,0,交易,6.865989847715736,11.61864406779661,4323816.141498216,0.9872278664731495,0.9764876632801162,1.0057666715954459
2020-08-21,601117.SH,6.774,6.809,6.682,6.728,30606000.0,-0.513,6.736,1.156,0.62,1.037,0,交易,6.48794599807136,10.925806451612903,4580365.160131697,0.9892788955793802,0.981348215597004,1.0011890606420928
2020-08-24,601117.SH,6.74,6.959,6.717,6.925,56325829.0,2.921,6.883,1.156,1.142,1.908,0,交易,3.629454926624738,5.9019264448336255,8385563.346732172,0.9890788906452077,0.9652248886334244,0.9939350180505415
2020-08-25,601117.SH,6.925,6.936,6.786,6.798,30025328.999999996,-1.836,6.854,1.156,0.609,1.017,0,交易,6.684365781710915,11.371100164203613,4424599.027409372,0.9881776239907728,0.9783737024221453,1.008237716975581
2020-08-26,601117.SH,6.786,6.809,6.67,6.717,27012876.0,-1.19,6.739,1.156,0.548,0.915,0,交易,7.340983606557376,12.383211678832115,4049906.4467766117,0.9897194889117344,0.9795858422675869,1.003275271698675
2020-08-27,601117.SH,6.694,6.751,6.67,6.728,17011484.0,0.172,6.707,1.156,0.345,0.576,0,交易,11.680555555555555,19.40289855072464,2550447.376311844,0.9934824470448822,0.9880017775144423,0.9968787158145066
2020-08-28,601117.SH,6.717,6.798,6.67,6.798,27284992.0,1.031,6.733,1.156,0.553,0.924,0,交易,7.357142857142857,12.14647377938517,4090703.4482758623,0.9904383642247719,0.9811709326272433,0.9904383642247719
2020-08-31,601117.SH,6.798,6.855,6.705,6.774,36071040.0,-0.34,6.783,1.156,0.731,1.222,0,交易,5.543371522094927,9.299589603283174,5379722.5950783,0.9894967177242888,0.9781181619256017,1.0013286093888398
2020-09-01,601117.SH,6.74,6.751,6.636,6.67,32163328.000000004,-1.536,6.681,1.156,0.652,1.089,0,交易,6.124885215794307,10.337423312883436,4846794.454490658,0.9896311657532217,0.9829654865945785,1.0016491754122938
2020-09-02,601117.SH,6.67,6.751,6.578,6.694,31208859.000000004,0.347,6.66,1.156,0.633,1.057,0,交易,6.333017975402082,10.537124802527646,4744429.765886288,0.9865205154791883,0.9743741667901051,0.9949208246190618
2020-09-03,601117.SH,6.659,6.728,6.636,6.659,22428197.0,-0.518,6.667,1.156,0.455,0.76,0,交易,8.761842105263158,14.635164835164835,3379776.5220012055,0.9909334126040428,0.9863258026159335,1.0012013815888272
2020-09-04,601117.SH,6.59,6.636,6.566,6.59,20869641.0,-1.042,6.588,1.156,0.423,0.707,0,交易,9.32107496463932,15.57919621749409,3178440.6031069146,0.9927667269439421,0.9894514767932489,0.9996965098634295
2020-09-07,601117.SH,6.566,6.613,6.451,6.462,34008870.0,-1.93,6.535,1.156,0.689,1.152,0,交易,5.609375,9.529753265602322,5271875.6781894285,0.9882050506577952,0.9755027975200362,1.0112968121324668
2020-09-08,601117.SH,6.485,6.532,6.439,6.509,19503475.0,0.716,6.486,1.156,0.395,0.661,0,交易,9.847201210287443,16.417721518987342,3028960.242273645,0.9929577464788732,0.9857624004898959,0.9964664310954062
2020-09-09,601117.SH,6.451,6.532,6.428,6.451,19513394.0,-0.888,6.48,1.156,0.396,0.661,0,交易,9.759455370650528,16.290404040404038,3035686.683260734,0.9920391916717698,0.9840783833435395,1.0044954270655713
2020-09-10,601117.SH,6.509,6.509,6.335,6.381,25288446.0,-1.075,6.41,1.156,0.513,0.856,0,交易,7.454439252336449,12.688109161793372,3991862.036306235,0.9847902903671839,0.9732677830695959,1.0045447422034164
2020-09-11,601117.SH,6.358,6.405,6.335,6.381,14789916.0,0.0,6.371,1.156,0.3,0.501,0,交易,12.736526946107785,21.19333333333333,2334635.516969219,0.9946916471506636,0.9890710382513661,0.9984328475160633
2020-09-14,601117.SH,6.405,6.405,6.335,6.381,13519800.0,0.0,6.373,1.156,0.274,0.458,0,交易,13.93231441048035,23.375912408759124,2134143.6464088396,0.9950039032006245,0.9890710382513661,0.9987462780128507
2020-09-15,601117.SH,6.393,6.416,6.358,6.405,12201115.0,0.362,6.393,1.156,0.247,0.413,0,交易,15.508474576271189,25.88259109311741,1919017.772884555,0.9964152119700748,0.9909600997506234,0.9981264637002342
2020-09-16,601117.SH,6.416,6.451,6.37,6.416,11273399.0,0.181,6.408,1.156,0.229,0.382,0,交易,16.79581151832461,28.017467248908297,1769764.3642072214,0.9933343667648428,0.9874438071616805,0.9987531172069826
2020-09-17,601117.SH,6.405,6.428,6.324,6.405,14892344.0,-0.18,6.389,1.156,0.302,0.504,0,交易,12.708333333333334,21.20860927152318,2354893.1056293487,0.9939327940261357,0.9838207840696951,0.9975019516003123
2020-09-18,601117.SH,6.405,6.532,6.381,6.497,27329374.0,1.444,6.484,1.156,0.554,0.926,0,交易,7.0161987041036715,11.561371841155234,4282929.634853471,0.992651561543172,0.9768830373545622,0.9979990764968447
2020-09-21,601117.SH,6.52,6.532,6.462,6.474,16929336.0,-0.356,6.496,1.156,0.343,0.573,0,交易,11.29842931937173,19.00874635568513,2619829.1550603528,0.9944886711573792,0.9892835272504592,1.0033982082174853
2020-09-22,601117.SH,6.439,6.462,6.358,6.37,17439221.0,-1.607,6.408,1.156,0.354,0.591,0,交易,10.77834179357022,18.189265536723166,2742878.4208870716,0.9916434540389973,0.9839059114825132,1.0059654631083204
2020-09-23,601117.SH,6.405,6.416,6.335,6.358,11670600.0,-0.181,6.363,1.156,0.237,0.395,0,交易,16.096202531645567,27.025316455696206,1842241.5153906867,0.9917394014962594,0.9873753117206981,1.000786410821013
2020-09-24,601117.SH,6.324,6.335,6.173,6.173,29100083.0,-2.909,6.245,1.156,0.59,0.986,0,交易,6.260649087221095,10.71864406779661,4714090.87963713,0.9857932123125493,0.9744277821625889,1.0116636967438846
2020-09-25,601117.SH,6.196,6.22,6.162,6.208,12307964.0,0.562,6.195,1.156,0.25,0.417,0,交易,14.887290167865709,24.784,1997397.5981824084,0.9959807073954985,0.9906752411575563,0.9979059278350516
2020-09-28,601117.SH,6.208,6.324,6.208,6.277,15098615.0,1.117,6.277,1.156,0.306,0.511,0,交易,12.28375733855186,20.287581699346408,2432122.261597938,0.9925679949399115,0.9816571790006325,1.0
2020-09-29,601117.SH,6.266,6.289,6.22,6.231,10876448.0,-0.737,6.252,1.156,0.22,0.368,0,交易,16.932065217391305,28.48181818181818,1748625.0803858521,0.9941167117188743,0.9890284623946574,1.0033702455464613
2020-09-30,601117.SH,6.22,6.266,6.196,6.22,8015881.0,-0.186,6.225,1.156,0.162,0.271,0,交易,22.952029520295202,38.395061728395056,1293718.689477082,0.9934567507181614,0.9888285987871049,1.0008038585209003
2020-10-09,601117.SH,6.266,6.324,6.266,6.289,11791680.0,1.115,6.301,1.156,0.239,0.399,0,交易,15.761904761904761,26.217573221757323,1881851.2607724227,0.9963630613535738,0.9908285895003163,1.0019080934965814
2020-10-12,601117.SH,6.3,6.405,6.3,6.405,17969809.0,1.838,6.37,1.156,0.364,0.609,0,交易,10.517241379310345,17.307692307692307,2852350.634920635,0.994535519125683,0.9836065573770492,0.994535519125683
2020-10-13,601117.SH,6.405,6.405,6.335,6.335,11802436.0,-1.083,6.353,1.156,0.239,0.4,0,交易,15.837499999999999,26.79916317991632,1863052.2494080504,0.9918813427010148,0.9890710382513661,1.0028413575374902
2020-10-14,601117.SH,6.347,6.358,6.266,6.277,14434134.0,-0.912,6.293,1.156,0.293,0.489,0,交易,12.83640081799591,21.662116040955635,2303564.315352697,0.9897766593268325,0.9855300408933627,1.0025489883702405
2020-10-15,601117.SH,6.3,6.312,6.231,6.254,15765914.000000002,-0.368,6.27,1.156,0.32,0.534,0,交易,11.711610486891384,19.6875,2530238.164018617,0.9933460076045626,0.987167300380228,1.0025583626479053
2020-10-16,601117.SH,6.254,6.3,6.254,6.266,13055265.0,0.185,6.272,1.156,0.265,0.442,0,交易,14.176470588235293,23.599999999999998,2087506.39590662,0.9955555555555556,0.9926984126984126,1.000957548675391
2020-10-19,601117.SH,6.277,6.37,6.277,6.289,17730721.0,0.369,6.32,1.156,0.359,0.6,0,交易,10.481666666666667,17.484679665738163,2824712.6015612553,0.9921507064364208,0.9854003139717425,1.0049292415328352
2020-10-20,601117.SH,6.289,6.312,6.254,6.3,10956633.0,0.184,6.28,1.156,0.222,0.371,0,交易,16.9811320754717,28.328828828828826,1751940.0383754398,0.9949302915082383,0.9908111533586818,0.996825396825397
2020-10-21,601117.SH,6.3,6.312,6.231,6.289,14850341.0,-0.183,6.264,1.156,0.301,0.503,0,交易,12.502982107355864,20.930232558139537,2383299.791365752,0.9923954372623575,0.987167300380228,0.9960248052154557
2020-10-22,601117.SH,6.266,6.3,6.243,6.277,9034579.0,-0.184,6.272,1.156,0.183,0.306,0,交易,20.513071895424837,34.240437158469945,1447153.4518660898,0.9955555555555556,0.990952380952381,0.9992034411342998
2020-10-23,601117.SH,6.277,6.37,6.266,6.335,16880541.0,0.921,6.326,1.156,0.342,0.572,0,交易,11.075174825174827,18.353801169590643,2693989.9457389084,0.9930926216640502,0.9836734693877551,0.9985793212312549
2020-10-26,601117.SH,6.335,6.381,6.277,6.312,17331113.0,-0.365,6.328,1.156,0.351,0.587,0,交易,10.75298126064736,18.04843304843305,2761050.3425203124,0.9916940918351356,0.9837016141670585,1.002534854245881
2020-10-27,601117.SH,6.277,6.289,6.196,6.254,15952313.0,-0.916,6.243,1.156,0.323,0.54,0,交易,11.58148148148148,19.43343653250774,2574614.7514525503,0.9926856415964384,0.9852122754014947,0.9982411256795652
2020-10-28,601117.SH,6.208,6.266,6.208,6.243,11514861.0,-0.185,6.238,1.156,0.233,0.39,0,交易,16.00769230769231,26.643776824034333,1854842.300257732,0.995531439514842,0.990743696137887,0.9991991029953549
2020-10-29,601117.SH,6.196,6.231,6.173,6.196,14643876.999999998,-0.741,6.197,1.156,0.297,0.496,0,交易,12.491935483870968,20.86195286195286,2372246.3955937144,0.9945434119723962,0.9906917027764404,1.000161394448031
2020-10-30,601117.SH,6.196,6.231,6.058,6.116,19075000.0,-1.306,6.149,1.156,0.387,0.646,0,交易,9.467492260061919,16.01033591731266,3148728.9534499836,0.9868399935804847,0.9722355962124859,1.0053956834532374
2020-11-02,601117.SH,6.196,6.393,6.185,6.381,48315573.0,4.348,6.308,1.156,0.979,1.636,0,交易,3.9003667481662596,6.328907048008172,7811733.710590138,0.9867042077272016,0.9674644142030345,0.9885597868672621
2020-11-03,601117.SH,6.381,6.52,6.347,6.462,37687708.0,1.268,6.459,1.156,0.764,1.276,0,交易,5.064263322884012,8.352094240837696,5937877.4224042855,0.9906441717791411,0.9734662576687118,0.9995357474466109
2020-11-04,601117.SH,6.474,6.485,6.393,6.439,17762554.0,-0.358,6.434,1.156,0.36,0.602,0,交易,10.696013289036545,17.983333333333334,2778437.9790395745,0.992135697764071,0.9858134155744024,0.9992234819071285
2020-11-05,601117.SH,6.485,6.578,6.462,6.543,28652078.999999996,1.616,6.532,1.156,0.581,0.97,0,交易,6.745360824742268,11.161790017211706,4433933.611884865,0.993006993006993,0.9823654606263301,0.9983188139996944
2020-11-06,601117.SH,6.566,6.659,6.509,6.624,35303790.0,1.237,6.601,1.156,0.716,1.196,0,交易,5.538461538461538,9.170391061452515,5423842.372100169,0.9912899834810032,0.977474095209491,0.9965277777777778
2020-11-09,601117.SH,6.67,6.74,6.636,6.682,44871157.0,0.873,6.696,1.156,0.91,1.52,0,交易,4.396052631578947,7.329670329670329,6761777.727546715,0.9934718100890207,0.9845697329376855,1.002095181083508
2020-11-10,601117.SH,6.728,6.809,6.67,6.682,43473087.0,0.0,6.736,1.156,0.881,1.472,0,交易,4.539402173913044,7.63677639046538,6517704.19790105,0.9892788955793802,0.9795858422675869,1.0080814127506734
2020-11-11,601117.SH,6.705,6.809,6.636,6.728,37918005.0,0.692,6.741,1.156,0.769,1.284,0,交易,5.239875389408099,8.719115734720416,5713985.081374322,0.9900132177999705,0.9745924511675723,1.0019322235434007
2020-11-12,601117.SH,6.705,6.728,6.624,6.636,23724055.0,-1.375,6.657,1.156,0.481,0.803,0,交易,8.264009962640099,13.93970893970894,3581530.0422705314,0.9894470868014269,0.9845422116527943,1.0031645569620253
2020-11-13,601117.SH,6.613,6.647,6.543,6.636,22754177.0,0.0,6.602,1.156,0.461,0.771,0,交易,8.607003891050583,14.344902386117138,3477636.710988843,0.9932300285843237,0.984353843839326,0.9948764315852924
2020-11-16,601117.SH,6.717,7.029,6.694,7.006,96823791.0,5.575,6.89,1.156,1.963,3.279,0,交易,2.136627020433059,3.4218033622007127,14464265.162832387,0.9802247830416844,0.9523403044529806,0.9834427633457036
2020-11-17,601117.SH,6.983,7.075,6.913,6.971,58225049.0,-0.495,6.992,1.156,1.18,1.972,0,交易,3.5349898580121706,5.917796610169492,8422544.336756835,0.9882685512367491,0.9771024734982332,1.0030124802754268
2020-11-18,601117.SH,6.971,7.144,6.902,7.052,62868303.0,1.161,7.051,1.156,1.274,2.129,0,交易,3.312353217472992,5.471742543171114,9108708.055636046,0.9869820828667413,0.9661254199328108,0.9998581962563813
2020-11-19,601117.SH,7.017,7.168,6.936,6.971,47668792.0,-1.148,7.044,1.156,0.966,1.614,0,交易,4.31908302354399,7.263975155279503,6872663.206459055,0.9827008928571428,0.9676339285714285,1.01047195524315
2020-11-20,601117.SH,6.959,7.04,6.855,7.029,35952608.0,0.829,6.964,1.156,0.729,1.218,0,交易,5.7709359605911335,9.545953360768175,5244727.644055434,0.9892045454545455,0.9737215909090909,0.9907525963863992
2020-11-23,601117.SH,7.052,7.457,7.052,7.341,91548791.0,4.441,7.3,1.156,1.856,3.1,0,交易,2.3680645161290323,3.799568965517241,12981961.287577992,0.9789459568190961,0.94568861472442,0.9944149298460699
2020-11-24,601117.SH,7.48,7.526,7.272,7.376,50695661.0,0.472,7.361,1.156,1.028,1.717,0,交易,4.295864880605707,7.276264591439689,6971350.522552255,0.9780760031889449,0.9662503321817699,0.997966377440347
2020-11-25,601117.SH,7.468,7.561,7.329,7.387,57666488.0,0.157,7.451,1.156,1.169,1.953,0,交易,3.782386072708653,6.3883661248930705,7868261.427206987,0.9854516598333554,0.9693162280121677,1.008663868958982
2020-11-26,601117.SH,7.399,7.514,7.318,7.364,44009272.0,-0.313,7.402,1.156,0.892,1.49,0,交易,4.942281879194631,8.294843049327355,6013838.753757858,0.9850944902848017,0.9739153579984029,1.0051602390005432
2020-11-27,601117.SH,7.41,7.468,7.237,7.468,45574431.0,1.413,7.381,1.156,0.924,1.543,0,交易,4.839922229423202,8.019480519480519,6297420.339919856,0.9883502945902518,0.9690680235672201,0.9883502945902518
2020-11-30,601117.SH,7.526,7.757,7.41,7.503,79698686.0,0.464,7.6,1.156,1.616,2.699,0,交易,2.779918488329011,4.657178217821782,10755558.164642375,0.9797602165785742,0.9552662111641099,1.0129281620685058
2020-12-01,601117.SH,7.503,7.561,7.376,7.514,40639639.0,0.154,7.478,1.156,0.824,1.376,0,交易,5.460755813953489,9.105582524271846,5509712.445770064,0.9890226160560772,0.9755323369924613,0.9952089433058291
2020-12-02,601117.SH,7.48,7.514,7.352,7.376,35628724.0,-1.846,7.42,1.156,0.722,1.207,0,交易,6.111019055509527,10.360110803324101,4846126.768226333,0.9874900186318871,0.978440244876231,1.0059652928416485
2020-12-03,601117.SH,7.399,7.503,7.248,7.399,50259452.0,0.313,7.365,1.156,1.019,1.702,0,交易,4.347238542890717,7.261040235525026,6934251.103752759,0.9816073570571772,0.9660135945621752,0.9954047844303284
2020-12-04,601117.SH,7.399,7.433,7.248,7.272,33008578.000000004,-1.719,7.308,1.156,0.669,1.118,0,交易,6.504472271914132,11.059790732436472,4554163.631346579,0.9831831023812727,0.9751109915242836,1.004950495049505
2020-12-07,601117.SH,7.248,7.329,7.191,7.237,31049418.0,-0.477,7.257,1.156,0.629,1.052,0,交易,6.8792775665399235,11.523052464228934,4317816.437213183,0.9901760130986492,0.981170691772411,1.0027635760674312
2020-12-08,601117.SH,7.202,7.295,7.11,7.121,33937839.0,-1.597,7.174,1.156,0.688,1.149,0,交易,6.1975630983463885,10.468023255813954,4773254.4303797465,0.9834132967786156,0.9746401644962304,1.007442774891167
2020-12-09,601117.SH,7.144,7.144,6.948,6.948,34311249.0,-2.435,7.051,1.156,0.696,1.162,0,交易,5.9793459552495705,10.264367816091955,4938291.450777202,0.9869820828667413,0.9725643896976485,1.01482440990213
2020-12-10,601117.SH,6.959,7.017,6.809,6.855,47673593.0,-1.331,6.906,1.156,0.966,1.615,0,交易,4.244582043343653,7.203933747412008,7001555.735056543,0.9841812740487387,0.970357702721961,1.0074398249452954
2020-12-11,601117.SH,6.879,6.89,6.682,6.74,47514524.0,-1.686,6.747,1.156,0.963,1.609,0,交易,4.188937228091983,7.143302180685358,7110823.705477402,0.9792452830188679,0.9698113207547171,1.0010385756676556
2020-12-14,601117.SH,6.74,6.774,6.566,6.636,42511820.0,-1.544,6.648,1.156,0.862,1.44,0,交易,4.608333333333333,7.8190255220417635,6474538.531830643,0.9813994685562444,0.9692943607912606,1.0018083182640145
2020-12-15,601117.SH,6.659,6.728,6.624,6.659,32039380.0,0.348,6.672,1.156,0.649,1.085,0,交易,6.137327188940092,10.260400616332818,4836862.922705314,0.9916765755053507,0.9845422116527943,1.001952245081844
2020-12-16,601117.SH,6.659,6.717,6.555,6.636,29233153.999999996,-0.347,6.632,1.156,0.593,0.99,0,交易,6.703030303030303,11.229342327150084,4459672.616323417,0.9873455411642102,0.9758820902188478,0.9993972272453284
2020-12-17,601117.SH,6.624,6.74,6.509,6.728,36935382.0,1.394,6.641,1.156,0.749,1.251,0,交易,5.378097521982414,8.843791722296395,5674509.448455984,0.9853115727002967,0.965727002967359,0.9870689655172414
2020-12-18,601117.SH,6.832,6.971,6.774,6.798,60285427.0,1.031,6.851,1.156,1.222,2.042,0,交易,3.3290891283055832,5.590834697217676,8899531.5913788,0.9827858269975613,0.9717400659876632,1.007796410709032
2020-12-21,601117.SH,6.763,6.774,6.647,6.705,42377991.0,-1.361,6.708,1.156,0.859,1.435,0,交易,4.672473867595818,7.8731082654249125,6375506.393861893,0.9902568644818424,0.9812518452908179,1.0004474272930648
2020-12-22,601117.SH,6.624,6.647,6.451,6.451,52892667.00000001,-3.793,6.544,1.156,1.072,1.791,0,交易,3.601898380792853,6.17910447761194,8199142.303518836,0.9845042876485631,0.9705130133894989,1.0144163695551078
2020-12-23,601117.SH,6.462,6.59,6.3,6.543,49047250.0,1.434,6.463,1.156,0.994,1.661,0,交易,3.9391932570740518,6.501006036217303,7785277.777777778,0.9807283763277694,0.9559939301972686,0.9877731927250497
2020-12-24,601117.SH,6.509,6.67,6.497,6.509,25891483.0,-0.53,6.579,1.156,0.525,0.877,0,交易,7.4218928164196125,12.398095238095237,3985144.3743266123,0.9863568215892053,0.9740629685157421,1.0107543401444152
2020-12-25,601117.SH,6.474,6.67,6.474,6.647,27340355.0,2.131,6.619,1.156,0.554,0.926,0,交易,7.1781857451403885,11.685920577617328,4223100.864998455,0.9923538230884558,0.9706146926536732,0.9957875733413569
2020-12-28,601117.SH,6.59,6.74,6.578,6.659,33191961.0,0.174,6.667,1.156,0.673,1.124,0,交易,5.924377224199287,9.791976225854382,5045904.6822742475,0.9891691394658753,0.9759643916913947,1.0012013815888272
2020-12-29,601117.SH,6.682,6.774,6.636,6.694,31084803.999999996,0.521,6.711,1.156,0.63,1.053,0,交易,6.35707502374169,10.606349206349208,4684268.233875828,0.9906997342781223,0.9796279893711249,1.002539587690469
2020-12-30,601117.SH,6.659,6.74,6.624,6.694,31367976.0,0.0,6.685,1.156,0.636,1.062,0,交易,6.3032015065913365,10.470125786163521,4735503.623188406,0.9918397626112758,0.9827893175074183,0.9986555123991634
2020-12-31,601117.SH,6.682,6.844,6.659,6.786,38246052.0,1.382,6.773,1.156,0.775,1.295,0,交易,5.24015444015444,8.621935483870969,5743512.83976573,0.9896259497369958,0.9729690239625949,0.9980842911877394
2021-01-04,601117.SH,6.832,6.855,6.694,6.763,45088645.0,-0.341,6.751,1.156,0.914,1.527,0,交易,4.428945645055665,7.474835886214442,6735680.460113535,0.9848285922684172,0.9765134938001458,0.9982256395090937
2021-01-05,601117.SH,6.705,6.728,6.532,6.647,58259022.0,-1.709,6.625,1.156,1.181,1.973,0,交易,3.3689812468322353,5.6773920406435225,8919017.452541335,0.984690844233056,0.9708680142687277,0.9966902361967804
2021-01-06,601117.SH,6.624,6.879,6.59,6.798,56407229.0,2.261,6.764,1.156,1.143,1.91,0,交易,3.559162303664922,5.795275590551181,8559518.816388467,0.9832824538450358,0.9579880796627417,0.9949985289791116
2021-01-07,601117.SH,6.774,6.798,6.601,6.705,52603021.0,-1.361,6.708,1.156,1.066,1.781,0,交易,3.7647389107243123,6.354596622889305,7968947.280715044,0.9867608120035305,0.9710208884966166,1.0004474272930648
2021-01-08,601117.SH,6.659,6.728,6.59,6.647,42100104.0,-0.862,6.66,1.156,0.853,1.426,0,交易,4.661290322580646,7.8065650644783116,6388483.15629742,0.9898929845422118,0.9794887039239001,1.0019557695200842
2021-01-11,601117.SH,6.647,6.67,6.416,6.451,51854122.0,-2.957,6.547,1.156,1.051,1.756,0,交易,3.6736902050113893,6.3244529019980975,8082001.558603491,0.981559220389805,0.9619190404797602,1.0148814137343047
2021-01-12,601117.SH,6.416,6.613,6.416,6.566,55526693.00000001,1.792,6.509,1.156,1.126,1.88,0,交易,3.4925531914893617,5.698046181172292,8654409.756857855,0.9842734008770603,0.97021019204597,0.991318915625952
2021-01-13,601117.SH,6.497,7.225,6.474,7.225,205332287.0,10.035,7.051,1.156,4.162,6.954,0,交易,1.038970376761576,1.5610283517539645,31716448.409020696,0.9759169550173011,0.8960553633217994,0.9759169550173011
2021-01-14,601117.SH,7.225,7.954,7.121,7.41,302933058.0,2.56,7.528,1.156,6.141,10.259,0,交易,0.7222926211131689,1.1765184823318677,42540802.977109954,0.946442041740005,0.8952728187075686,1.015924426450742
2021-01-15,601117.SH,7.41,7.711,7.202,7.503,182224126.0,1.248,7.445,1.156,3.694,6.171,0,交易,1.2158483228001944,2.005955603681646,25301878.089419607,0.9655038257035404,0.9339904033199325,0.9922697587631615
2021-01-18,601117.SH,7.468,7.584,7.202,7.306,160677197.0,-2.619,7.32,1.156,3.257,5.442,0,交易,1.342521131936788,2.2929075836659503,22310080.11663427,0.9651898734177216,0.9496308016877637,1.0019162332329592
2021-01-19,601117.SH,7.272,7.295,7.029,7.063,134691194.0,-3.323,7.149,1.156,2.73,4.562,0,交易,1.5482244629548443,2.663736263736264,19162212.83255086,0.9799862919808088,0.9635366689513365,1.012176129123602
2021-01-20,601117.SH,7.052,7.11,6.971,6.994,102971825.0,-0.982,7.035,1.156,2.087,3.487,0,交易,2.005735589331804,3.379012937230474,14771456.749390332,0.989451476793249,0.980450070323488,1.0058621675722048
2021-01-21,601117.SH,6.994,7.052,6.902,6.913,107333040.99999999,-1.157,6.952,1.156,2.176,3.635,0,交易,1.9017881705639617,3.2141544117647056,15551005.650536073,0.9858196256381169,0.9787294384571753,1.0056415449153768
2021-01-22,601117.SH,6.971,7.029,6.855,6.913,110755864.99999999,0.0,6.944,1.156,2.245,3.751,0,交易,1.8429752066115703,3.105122494432071,16156946.024799414,0.9879072414283682,0.9752454118651303,1.0044843049327354
2021-01-25,601117.SH,6.879,6.879,6.624,6.705,103223747.0,-3.01,6.713,1.156,2.093,3.496,0,交易,1.9179061784897025,3.286669851887243,15583295.13888889,0.9758685855502254,0.9629306585259485,1.001193139448173
2021-01-26,601117.SH,6.694,6.786,6.624,6.67,68692589.0,-0.517,6.702,1.156,1.393,2.326,0,交易,2.8675838349097162,4.805455850681981,10370258.00120773,0.9876215738284705,0.9761273209549072,1.0047976011994002
2021-01-27,601117.SH,6.659,6.913,6.659,6.717,78182347.0,0.693,6.785,1.156,1.585,2.648,0,交易,2.5366314199395767,4.201261829652997,11740854.032136958,0.9814841602777375,0.9632576305511354,1.010123567068632
2021-01-28,601117.SH,6.659,6.682,6.485,6.509,69820231.0,-3.098,6.577,1.156,1.415,2.365,0,交易,2.7522198731501057,4.706007067137809,10766419.583654586,0.9842861418736905,0.9705178090392098,1.0104470732831463
2021-01-29,601117.SH,6.543,6.578,6.335,6.393,60804536.0,-1.776,6.455,1.156,1.233,2.059,0,交易,3.104905293831957,5.306569343065693,9598190.370955013,0.9813013073882639,0.9630586804499848,1.0096981073048648
2021-02-01,601117.SH,6.3,6.497,6.3,6.485,40782244.0,1.447,6.437,1.156,0.827,1.381,0,交易,4.695872556118755,7.617896009673519,6473372.063492063,0.9907649684469756,0.9696783130675697,0.9925983037779491
2021-02-02,601117.SH,6.474,6.555,6.428,6.485,39885249.0,0.0,6.495,1.156,0.809,1.351,0,交易,4.800148038490008,8.00247218788628,6204923.615432483,0.9908466819221968,0.9806254767353166,1.0015420200462606
2021-02-03,601117.SH,6.451,6.485,6.324,6.335,41573636.0,-2.317,6.394,1.156,0.843,1.408,0,交易,4.499289772727273,7.652431791221827,6573946.23655914,0.9859676175790285,0.9751734772552042,1.0093133385951065
2021-02-04,601117.SH,6.335,6.381,6.22,6.381,43444395.0,0.73,6.293,1.156,0.881,1.471,0,交易,4.337865397688647,7.190692395005676,6984629.421221865,0.9862090581413572,0.9747688450086193,0.9862090581413572
2021-02-05,601117.SH,6.358,6.624,6.335,6.52,57622565.0,2.174,6.484,1.156,1.168,1.951,0,交易,3.3418759610456172,5.443493150684931,9095906.077348066,0.9788647342995169,0.9563707729468599,0.994478527607362
2021-02-08,601117.SH,6.532,6.647,6.462,6.566,44820171.0,0.709,6.57,1.156,0.909,1.518,0,交易,4.325428194993412,7.185918591859186,6935959.610027855,0.9884158266887317,0.9721678952911087,1.000609198903442
2021-02-09,601117.SH,6.647,7.225,6.624,7.225,116062642.0,10.035,6.975,1.156,2.353,3.931,0,交易,1.8379547189010428,2.824904377390565,17521534.118357487,0.9653979238754326,0.9168166089965398,0.9653979238754326
2021-02-10,601117.SH,7.272,7.341,7.133,7.272,130800110.00000001,0.64,7.255,1.156,2.652,4.43,0,交易,1.6415349887133184,2.742081447963801,18337320.90284593,0.9882849747990736,0.9716659855605503,0.9976622662266226
2021-02-18,601117.SH,7.537,7.642,7.341,7.468,137905751.0,2.703,7.48,1.156,2.796,4.67,0,交易,1.5991434689507495,2.6956366237482117,18785690.096717067,0.9788013609002879,0.9606124051295473,1.001606855918586
2021-02-19,601117.SH,7.526,7.826,7.514,7.665,133604501.0,2.632,7.673,1.156,2.708,4.525,0,交易,1.6939226519337016,2.77917282127031,17780742.746872503,0.9804497827753642,0.9601328903654486,1.001043705153294
2021-02-22,601117.SH,7.769,8.185,7.769,7.896,155034400.0,3.017,7.985,1.156,3.143,5.25,0,交易,1.504,2.4718421889914097,19955515.510361694,0.9755650580329871,0.9491753207086133,1.0112715298885513
2021-02-23,601117.SH,7.803,7.954,7.549,7.561,123568662.00000001,-4.246,7.713,1.156,2.505,4.185,0,交易,1.8066905615292714,3.1149700598802395,16368878.262021462,0.9697007794820217,0.9490822227809907,1.0201031609575453
2021-02-24,601117.SH,7.618,7.722,7.248,7.318,126298151.0,-3.211,7.437,1.156,2.56,4.277,0,交易,1.7110123918634554,2.9757812500000003,17425241.583885208,0.9630924630924631,0.9386169386169386,1.0162612735720142
2021-02-25,601117.SH,7.41,7.468,7.283,7.306,125378220.0,-0.158,7.368,1.156,2.542,4.246,0,交易,1.7206782854451246,2.9150275373721484,17215188.795825895,0.9866095340117836,0.9752276379217998,1.0084861757459622
2021-02-26,601117.SH,7.121,7.191,7.04,7.075,88984680.0,-3.165,7.106,1.156,1.804,3.014,0,交易,2.347378898473789,3.947339246119734,12639869.318181818,0.9881796690307328,0.9790015296898902,1.0043816254416962
2021-03-01,601117.SH,7.168,7.26,7.11,7.225,67285798.0,2.124,7.19,1.156,1.364,2.279,0,交易,3.1702501096972355,5.255131964809384,9463544.022503516,0.9903581267217632,0.9793388429752067,0.9951557093425607
2021-03-02,601117.SH,7.237,7.237,7.075,7.121,56675887.0,-1.44,7.138,1.156,1.149,1.919,0,交易,3.7107868681605005,6.29852045256745,8010726.077738516,0.9863202984662153,0.9776150338538069,1.0023873051537704
2021-03-03,601117.SH,7.121,7.838,7.063,7.838,149711449.0,10.065,7.602,1.156,3.035,5.07,0,交易,1.545956607495069,2.3462932454695222,21196580.63145972,0.9698902781321767,0.9011227353916815,0.9698902781321767
2021-03-04,601117.SH,7.838,8.22,7.769,7.931,197348828.0,1.18,8.005,1.156,4.001,6.684,0,交易,1.1865649311789348,1.9590102474381403,25402088.81451924,0.9738442822384429,0.9451338199513382,1.0093304753498928
2021-03-05,601117.SH,7.803,7.919,7.665,7.722,100936753.0,-2.624,7.758,1.156,2.046,3.418,0,交易,2.259215915740199,3.813782991202346,13168526.157860404,0.9796691501452204,0.9679252430862483,1.0046620046620045
2021-03-08,601117.SH,7.838,8.185,7.746,7.746,105320258.0,0.299,7.925,1.156,2.135,3.567,0,交易,2.171572750210261,3.671194379391101,13596728.375935966,0.9682345754428833,0.9463653023824068,1.023108701265169
2021-03-09,601117.SH,7.746,8.15,7.699,7.769,126762169.0,0.299,7.912,1.156,2.57,4.293,0,交易,1.809690193337992,3.0140077821011677,16464757.630861152,0.9707975460122699,0.9446625766871165,1.0184064873214056
2021-03-10,601117.SH,7.815,7.896,7.433,7.665,91882449.0,-1.339,7.695,1.156,1.863,3.112,0,交易,2.4630462724935733,4.194847020933977,12361421.90232746,0.9745440729483283,0.9413627152988855,1.0039138943248533
2021-03-11,601117.SH,7.653,8.046,7.595,7.988,99944415.0,4.223,7.87,1.156,2.026,3.385,0,交易,2.3598227474150666,3.7773938795656465,13159238.314680712,0.978125776783495,0.9439473030077057,0.9852278417626439
2021-03-12,601117.SH,8.023,8.035,7.803,7.954,90382934.0,-0.434,7.919,1.156,1.832,3.061,0,交易,2.598497223129696,4.379366812227074,11583100.602332436,0.9855631611698817,0.9711263223397635,0.9955996982650239
2021-03-15,601117.SH,7.896,8.381,7.838,8.185,138773419.0,2.907,8.17,1.156,2.813,4.7,0,交易,1.7414893617021276,2.8069676501955207,17705207.833631027,0.9748240066817802,0.9352105953943444,0.998167379352474
2021-03-16,601117.SH,8.208,8.381,8.127,8.243,109721380.0,0.706,8.256,1.156,2.224,3.716,0,交易,2.2182454251883748,3.690647482014388,13500846.56084656,0.9850853120152726,0.9696933540150341,1.0015770957175785
2021-03-17,601117.SH,8.196,8.405,7.838,7.931,125645426.0,-3.787,8.028,1.156,2.547,4.255,0,交易,1.863924794359577,3.217903415783274,16030291.656034702,0.9551457465794171,0.9325401546698394,1.0122304879586435
2021-03-18,601117.SH,7.861,8.058,7.803,7.884,80801180.0,-0.583,7.906,1.156,1.638,2.736,0,交易,2.881578947368421,4.799145299145299,10355142.893758811,0.9811367585008687,0.9683544303797469,1.0027904616945713
2021-03-19,601117.SH,7.78,7.861,7.63,7.665,88889775.0,-2.786,7.733,1.156,1.802,3.01,0,交易,2.546511627906977,4.317425083240844,11650036.041939711,0.9837170843404147,0.9706144256455922,1.0088714938030006
2021-03-22,601117.SH,7.665,7.942,7.607,7.85,78608385.0,2.413,7.802,1.156,1.594,2.662,0,交易,2.9489105935386926,4.8086574654956085,10333690.679637177,0.9823721984386804,0.9578191891211282,0.9938853503184714
2021-03-23,601117.SH,7.861,7.896,7.665,7.769,53509543.99999999,-1.031,7.78,1.156,1.085,1.812,0,交易,4.287527593818984,7.245161290322581,6981023.352902804,0.9853090172239108,0.9707446808510638,1.0014158836401081
2021-03-24,601117.SH,7.722,7.815,7.584,7.618,61939463.0,-1.935,7.677,1.156,1.256,2.098,0,交易,3.6310772163965686,6.148089171974522,8167123.285864979,0.9823416506717849,0.9704414587332053,1.0077448149120503
2021-03-25,601117.SH,7.572,7.676,7.433,7.514,55382593.99999999,-1.366,7.541,1.156,1.123,1.876,0,交易,4.005330490405117,6.742653606411398,7450907.305260325,0.9824127149557061,0.9683428869202709,1.0035932925206281
2021-03-26,601117.SH,7.549,7.665,7.537,7.584,43830059.0,0.923,7.596,1.156,0.889,1.484,0,交易,5.110512129380053,8.49156355455568,5815318.959798329,0.9909980430528376,0.9833007175472929,1.0015822784810127
2021-03-29,601117.SH,7.63,7.896,7.537,7.734,61184086.0,1.982,7.727,1.156,1.24,2.072,0,交易,3.7326254826254823,6.153225806451613,8117830.1711556325,0.978596757852077,0.9545339412360689,0.9990949056115852
2021-03-30,601117.SH,7.734,7.861,7.653,7.769,49992481.0,0.448,7.779,1.156,1.013,1.693,0,交易,4.588895451860602,7.634748272458046,6532403.109891546,0.9895687571555782,0.9735402620531739,1.0012871669455528
2021-03-31,601117.SH,7.757,8.15,7.722,8.081,105348813.99999999,4.018,8.001,1.156,2.136,3.568,0,交易,2.264854260089686,3.6315543071161045,13642685.055685053,0.9817177914110429,0.9474846625766872,0.9901002351194159
2021-04-01,601117.SH,8.185,8.266,8.0,8.139,85347320.0,0.715,8.12,1.156,1.73,2.89,0,交易,2.8162629757785465,4.73121387283237,10668415.0,0.9823372852649406,0.9678199854827002,0.9976655608797149
2021-04-02,601117.SH,8.139,8.173,7.919,7.977,66632553.0,-1.989,7.997,1.156,1.351,2.257,0,交易,3.5343376163048292,6.024426350851221,8414263.54337669,0.9784656796769852,0.9689220604429217,1.0025072082236428
2021-04-06,601117.SH,7.954,8.046,7.919,7.965,35350453.0,-0.145,7.971,1.156,0.717,1.197,0,交易,6.654135338345864,11.093444909344491,4464004.672307109,0.9906785980611484,0.9842157593835447,1.0007532956685499
2021-04-07,601117.SH,7.931,8.046,7.861,7.977,43134073.0,0.145,7.948,1.156,0.874,1.461,0,交易,5.459958932238193,9.074370709382151,5487097.4430734,0.9878200347999007,0.9770072085508328,0.9963645480757177
2021-04-08,601117.SH,7.931,7.954,7.792,7.826,49360512.0,-1.884,7.849,1.156,1.001,1.672,0,交易,4.680622009569378,7.923076923076924,6334767.96714579,0.9867990947950718,0.9796328891123963,1.0029389215435727
2021-04-09,601117.SH,7.861,7.907,7.734,7.769,35231352.0,-0.739,7.801,1.156,0.714,1.193,0,交易,6.512154233025985,11.009803921568627,4555385.570209465,0.9865941570760086,0.9781206525863159,1.004118934225769
2021-04-12,601117.SH,7.769,7.907,7.699,7.826,37620052.0,0.744,7.804,1.156,0.763,1.274,0,交易,6.142857142857142,10.182175622542594,4886355.630601377,0.9869735677248008,0.9736941950170734,0.997188857653974
2021-04-13,601117.SH,7.803,7.803,7.503,7.607,64465436.0,-2.806,7.604,1.156,1.307,2.183,0,交易,3.484654145671095,5.970160673297628,8591954.68479275,0.9744969883378188,0.9615532487504806,0.9996056263967398
2021-04-14,601117.SH,7.572,7.665,7.526,7.63,37299971.0,0.304,7.595,1.156,0.756,1.263,0,交易,6.04117181314331,10.015873015873016,4956148.153069359,0.9908675799086758,0.9818656229615134,0.9954128440366973
2021-04-15,601117.SH,7.618,7.63,7.537,7.63,20431293.0,0.0,7.584,1.156,0.414,0.692,0,交易,11.026011560693643,18.40096618357488,2710799.1243200214,0.9939711664482306,0.9878112712975098,0.9939711664482306
2021-04-16,601117.SH,7.734,7.757,7.595,7.618,41522475.0,-0.152,7.663,1.156,0.842,1.406,0,交易,5.418207681365577,9.185273159144893,5467080.315997367,0.9878819131107388,0.9791156374887199,1.0059070622210553
2021-04-19,601117.SH,7.63,7.734,7.561,7.699,44587165.0,1.062,7.68,1.156,0.904,1.51,0,交易,5.098675496688742,8.440265486725663,5896993.122602831,0.9930178432893716,0.9776312386863202,0.997532147032082
2021-04-20,601117.SH,7.676,7.688,7.526,7.537,40705576.0,-2.102,7.591,1.156,0.825,1.379,0,交易,5.465554749818709,9.304242424242425,5408660.111613075,0.9873829344432883,0.9789281997918835,1.007164654371766
2021-04-21,601117.SH,7.491,7.537,7.457,7.514,31283064.0,-0.307,7.496,1.156,0.634,1.059,0,交易,7.095372993389991,11.815457413249211,4195127.262974386,0.9945601698288444,0.9893856972270134,0.9976044716529145
2021-04-22,601117.SH,7.514,7.572,7.364,7.41,42400095.0,-1.385,7.448,1.156,0.86,1.436,0,交易,5.160167130919221,8.737209302325581,5757753.259098317,0.9836238774432119,0.9725303750660327,1.005128205128205
2021-04-23,601117.SH,7.387,7.41,7.295,7.399,36345483.0,-0.156,7.351,1.156,0.737,1.231,0,交易,6.010560519902518,10.023066485753052,4982245.784784099,0.9920377867746288,0.9844804318488529,0.9935126368428165
2021-04-26,601117.SH,7.376,7.503,7.318,7.364,35349798.0,-0.469,7.405,1.156,0.717,1.197,0,交易,6.152046783625731,10.287308228730824,4830527.193222192,0.9869385579101693,0.9753431960549113,1.0055676262900597
2021-04-27,601117.SH,7.399,7.399,7.248,7.352,26615321.000000004,-0.157,7.306,1.156,0.54,0.901,0,交易,8.159822419533851,13.70185185185185,3672091.749448124,0.9874307338829572,0.9795918367346939,0.9937431991294885
2021-04-28,601117.SH,7.318,7.537,7.295,7.514,37079391.0,2.201,7.432,1.156,0.752,1.256,0,交易,5.9824840764331215,9.731382978723405,5082850.034270048,0.9860687276104552,0.9678917341117156,0.9890870375299441
2021-04-29,601117.SH,7.526,7.526,7.237,7.329,67036301.0,-2.462,7.316,1.156,1.359,2.27,0,交易,3.22863436123348,5.537895511405445,9262995.854635898,0.9720967313313845,0.9615997874036674,0.9982262245872561
2021-04-30,601117.SH,7.318,7.422,7.248,7.283,37025538.0,-0.631,7.314,1.156,0.751,1.254,0,交易,5.807814992025518,9.744340878828229,5108379.966887417,0.9854486661277284,0.9765561843168958,1.004256487711108
2021-05-06,601117.SH,7.295,7.584,7.272,7.457,63099303.0,2.381,7.473,1.156,1.279,2.137,0,交易,3.4894712213383245,5.703674745895231,8677021.864686469,0.9853639240506329,0.958860759493671,1.00214563497385
2021-05-07,601117.SH,7.457,7.838,7.433,7.699,91655922.0,3.256,7.679,1.156,1.858,3.104,0,交易,2.48034793814433,4.013455328310011,12330946.05139244,0.9797142128093902,0.9483286552692013,0.9974022600337706
2021-05-10,601117.SH,7.746,7.815,7.595,7.769,55255352.0,0.901,7.705,1.156,1.12,1.871,0,交易,4.152324959914484,6.916071428571429,7275227.386438446,0.9859245041586692,0.9718490083173383,0.9917621315484618
2021-05-11,601117.SH,7.699,7.746,7.572,7.699,40599124.0,-0.893,7.651,1.156,0.823,1.375,0,交易,5.599272727272727,9.35479951397327,5361743.792921289,0.9877356054737928,0.9775367931835786,0.9937654240810495
2021-05-12,601117.SH,7.676,7.699,7.595,7.676,35491114.0,-0.3,7.65,1.156,0.719,1.202,0,交易,6.386023294509152,10.675938803894299,4672957.735352205,0.9936355370827381,0.9864917521756073,0.9966128191766546
2021-05-13,601117.SH,7.63,7.642,7.41,7.457,43997988.0,-2.861,7.518,1.156,0.892,1.49,0,交易,5.004697986577181,8.553811659192824,5937650.202429149,0.9837738811829363,0.9696414551164616,1.0081802333378034
2021-05-14,601117.SH,7.514,7.549,7.433,7.514,29568075.0,0.775,7.489,1.156,0.599,1.001,0,交易,7.506493506493507,12.54424040066778,3977946.320462801,0.9920519274076036,0.984633726321367,0.9966728772957146
2021-05-17,601117.SH,7.514,7.838,7.457,7.803,68876569.0,3.846,7.691,1.156,1.396,2.333,0,交易,3.3446206600942987,5.382521489971348,9236498.457824863,0.9812452156162286,0.9513906608828783,0.9856465462001794
2021-05-18,601117.SH,7.803,7.803,7.642,7.746,32480412.0,-0.741,7.719,1.156,0.658,1.1,0,交易,7.041818181818182,11.858662613981762,4250250.196283695,0.9892349096501346,0.979366910162758,0.9965143299767621
2021-05-19,601117.SH,7.722,7.734,7.572,7.595,29978478.999999996,-1.94,7.628,1.156,0.608,1.015,0,交易,7.482758620689656,12.700657894736842,3959122.95298468,0.9862942849754331,0.9790535298681148,1.0043449637919684
2021-05-20,601117.SH,7.561,7.584,7.433,7.526,34332237.0,-0.913,7.493,1.156,0.696,1.163,0,交易,6.4711951848667235,10.863505747126437,4618893.71720705,0.9880010548523208,0.9800896624472574,0.9956152006377891
2021-05-21,601117.SH,7.48,7.526,7.376,7.387,35603253.0,-1.843,7.446,1.156,0.722,1.206,0,交易,6.125207296849088,10.360110803324101,4826905.23318872,0.9893701833643369,0.9800690938081319,1.0079870041965615
2021-05-24,601117.SH,7.387,7.468,7.352,7.376,26177817.0,-0.156,7.391,1.156,0.531,0.887,0,交易,8.315670800450958,13.911487758945384,3560638.873775843,0.9896893411890734,0.9844670594536691,1.002033622559653
2021-05-25,601117.SH,7.41,7.491,7.329,7.468,42442883.0,1.254,7.433,1.156,0.86,1.437,0,交易,5.196938065414057,8.616279069767442,5791087.870105063,0.9922573755172874,0.9783740488586303,0.9953133369041243
2021-05-26,601117.SH,7.445,7.457,7.352,7.422,44380991.0,-0.619,7.398,1.156,0.9,1.503,0,交易,4.93812375249501,8.272222222222222,6036587.459194777,0.9920879710339279,0.985919270484109,0.9967663702506063
2021-05-27,601117.SH,7.422,7.422,7.352,7.364,36413138.0,-0.779,7.381,1.156,0.738,1.233,0,交易,5.9724249797242495,10.05691056910569,4952820.7290533185,0.9944758825114525,0.9905685798976018,1.0023085279739272
2021-05-28,601117.SH,7.364,7.41,7.341,7.376,30737559.000000004,0.157,7.369,1.156,0.623,1.041,0,交易,7.085494716618637,11.820224719101123,4187107.8872088273,0.9944669365721996,0.9906882591093118,0.9990509761388285
2021-05-31,601117.SH,7.387,7.399,7.295,7.295,34706683.0,-1.097,7.313,1.156,0.704,1.175,0,交易,6.208510638297872,10.492897727272727,4757598.7662782725,0.988376807676713,0.9859440464927692,1.0024674434544207
2021-06-01,601117.SH,7.306,7.318,7.144,7.202,50946681.0,-1.268,7.202,1.156,1.033,1.725,0,交易,4.175072463768116,7.0726040658276865,7131394.316909295,0.9841486745012299,0.9762230117518448,1.0
2021-06-02,601117.SH,7.202,7.248,7.179,7.225,26074564.0,0.321,7.214,1.156,0.529,0.883,0,交易,8.18233295583239,13.614366729678638,3632060.7326925755,0.995309050772627,0.9904801324503312,0.9984775086505191
2021-06-03,601117.SH,7.26,7.318,7.225,7.272,28735443.0,0.64,7.267,1.156,0.583,0.973,0,交易,7.473792394655704,12.452830188679245,3977223.9446366783,0.9930308827548512,0.9872916097294343,0.9993124312431243
2021-06-04,601117.SH,7.248,7.457,7.248,7.399,47363966.0,1.749,7.388,1.156,0.96,1.604,0,交易,4.61284289276808,7.550000000000001,6534763.520971302,0.9907469491752716,0.9719726431540835,0.9985133126098121
2021-06-07,601117.SH,7.387,7.861,7.364,7.734,96255658.0,4.531,7.637,1.156,1.951,3.26,0,交易,2.37239263803681,3.7862634546386467,13071110.537751222,0.9715048975957257,0.9367764915405165,0.9874579777605378
2021-06-08,601117.SH,7.711,7.85,7.618,7.769,78261955.0,0.448,7.759,1.156,1.586,2.65,0,交易,2.9316981132075473,4.8619167717528375,10273294.171698608,0.988407643312102,0.9704458598726116,0.9987128330544471
2021-06-09,601117.SH,7.78,7.919,7.699,7.792,56179397.0,0.298,7.798,1.156,1.139,1.903,0,交易,4.0945874934314235,6.830553116769096,7296973.243278348,0.9847202929662837,0.9722187144841521,1.000770020533881
2021-06-10,601117.SH,7.852,8.103,7.768,7.971,90513818.0,2.301,7.96,1.195,1.835,3.065,0,交易,2.600652528548124,4.279019073569483,11652139.28939238,0.9823522152289276,0.9586572874244107,0.9986199974909045
2021-06-11,601117.SH,7.947,8.401,7.935,8.342,153911584.0,4.648,8.203,1.195,3.12,5.212,0,交易,1.600537221795856,2.5471153846153847,19396544.927536234,0.9764313772169979,0.9445304130460659,0.9833373291776552
2021-06-15,601117.SH,8.389,8.581,8.114,8.342,117970450.0,0.0,8.311,1.195,2.391,3.995,0,交易,2.08811013767209,3.508573818485989,14539123.736751292,0.9685351357650624,0.9455774385269784,0.996283864780628
2021-06-16,601117.SH,8.353,9.178,8.33,9.154,223448974.00000003,9.742,9.022,1.195,4.53,7.567,0,交易,1.209726443768997,1.8439293598233994,26824606.722689077,0.9830028328611897,0.9076051427326214,0.9855800742844658
2021-06-17,601117.SH,8.975,9.118,8.736,8.927,163975525.0,-2.48,8.923,1.195,3.324,5.553,0,交易,1.6075994957680533,2.7000601684717207,18770092.147435896,0.9786137310813775,0.9581048475542883,0.9995519211381204
2021-06-18,601117.SH,8.927,9.62,8.915,9.333,156071016.0,4.552,9.264,1.195,3.164,5.286,0,交易,1.765607264472191,2.821428571428571,17506563.768928774,0.962993762993763,0.9267151767151767,0.9926068788171005
2021-06-21,601117.SH,9.262,9.943,9.047,9.68,129600364.99999999,3.713,9.593,1.195,2.627,4.389,0,交易,2.2055137844611528,3.5256947087933006,14325231.015806342,0.9647993563310873,0.9098863522075833,0.9910123966942149
2021-06-22,601117.SH,9.596,9.967,9.537,9.847,100802553.0,1.728,9.771,1.195,2.043,3.414,0,交易,2.8842999414176917,4.697014194811551,10569629.12865681,0.9803351058493027,0.9568576301795927,0.9922819132730782
2021-06-23,601117.SH,9.847,9.955,9.656,9.788,79424095.0,-0.607,9.799,1.195,1.61,2.69,0,交易,3.6386617100371748,6.116149068322981,8225361.951118475,0.984329482672024,0.9699648417880462,1.0011238250919492
2021-06-24,601117.SH,9.835,10.015,9.596,9.704,65402454.0,-0.855,9.749,1.195,1.326,2.215,0,交易,4.381038374717834,7.417043740573153,6815595.456440183,0.9734398402396406,0.9581627558662007,1.0046372629843363
2021-06-25,601117.SH,9.716,9.979,9.68,9.74,58136430.00000001,0.369,9.798,1.195,1.179,1.969,0,交易,4.9466734382935496,8.240882103477523,6005829.545454547,0.9818619100110232,0.9700370778635135,1.0059548254620123
2021-06-28,601117.SH,10.11,10.72,10.098,10.72,100749676.0,10.061,10.653,1.195,2.042,3.412,0,交易,3.141852286049238,4.951028403525955,9977191.126955831,0.99375,0.9419776119402985,0.99375
2021-06-29,601117.SH,10.767,10.947,10.325,10.385,161874243.0,-3.122,10.647,1.195,3.281,5.482,0,交易,1.894381612550164,3.2816214568729043,15677892.784503633,0.9725952315702934,0.943180780122408,1.02522869523351
2021-06-30,601117.SH,10.54,10.744,10.325,10.469,86837785.0,0.806,10.525,1.195,1.76,2.941,0,交易,3.5596735804148247,5.988636363636363,8410439.225181598,0.9796165301563664,0.9610014892032762,1.0053491259910212
2021-07-01,601117.SH,10.481,10.636,9.967,9.967,75618199.0,-4.795,10.292,1.195,1.533,2.561,0,交易,3.8918391253416638,6.836921069797782,7586856.526537574,0.9676570139150057,0.937100413689357,1.0326076050968194
2021-07-02,601117.SH,9.859,10.385,9.692,10.062,76773410.0,0.959,10.111,1.195,1.556,2.6,0,交易,3.8699999999999997,6.336118251928021,7921317.581510524,0.9736157920077035,0.9332691381800674,1.0048698071953888
2021-07-05,601117.SH,10.05,10.325,9.668,9.847,76049223.0,-2.138,9.902,1.195,1.542,2.576,0,交易,3.822593167701863,6.517509727626459,7866076.02399669,0.9590314769975787,0.9363680387409201,1.005585457499746
2021-07-06,601117.SH,9.955,10.6,9.823,10.218,88312417.0,3.762,10.246,1.195,1.79,2.991,0,交易,3.416248746238716,5.56145251396648,8990371.27150565,0.9666037735849057,0.9266981132075472,1.002740262282247
2021-07-07,601117.SH,10.11,10.23,9.835,10.11,53369018.99999999,-1.053,10.018,1.195,1.082,1.807,0,交易,5.594908688433868,9.343807763401108,5426438.129130655,0.9792766373411534,0.9613880742913001,0.9909000989119685
2021-07-08,601117.SH,10.098,10.433,10.015,10.17,59789629.0,0.591,10.187,1.195,1.212,2.025,0,交易,5.022222222222222,8.331683168316832,5970007.888167748,0.9764209719160356,0.9599348221987923,1.0016715830875123
2021-07-09,601117.SH,10.289,10.517,9.895,10.397,71160575.0,2.233,10.221,1.195,1.443,2.41,0,交易,4.314107883817427,7.13028413028413,7191568.974229409,0.9718550917562043,0.94085765902824,0.9830720400115418
2021-07-12,601117.SH,10.505,11.066,10.039,10.11,143953078.0,-2.759,10.453,1.195,2.918,4.875,0,交易,2.0738461538461537,3.6000685400959562,14339384.201613707,0.9446050966925718,0.9071932044099041,1.0339268051434223
2021-07-13,601117.SH,10.086,10.517,9.979,10.289,79072660.0,1.773,10.31,1.195,1.603,2.678,0,交易,3.842046303211352,6.29195258889582,7923906.203026356,0.9803175810592375,0.9488447275839117,1.0020410146758676
2021-07-14,601117.SH,10.337,10.779,10.17,10.266,81090109.0,-0.232,10.461,1.195,1.644,2.746,0,交易,3.738528769118718,6.287712895377129,7973462.045231072,0.9704981909268021,0.9435012524352908,1.0189947399181765
2021-07-15,601117.SH,10.457,10.552,10.242,10.481,50882692.0,2.095,10.409,1.195,1.031,1.723,0,交易,6.082994776552524,10.142580019398643,4968042.569810583,0.9864480667172101,0.9706216830932526,0.9931304264860225
2021-07-16,601117.SH,10.457,11.007,10.301,10.732,111345142.0,2.395,10.759,1.195,2.257,3.771,0,交易,2.8459294616812514,4.633141338059371,10809158.528298223,0.9774688834378124,0.9358589988189334,1.002515840477078
2021-07-19,601117.SH,10.72,11.281,10.648,10.851,104014326.0,1.114,10.968,1.195,2.109,3.523,0,交易,3.080045415838774,5.082977714556662,9768437.828700226,0.9722542327807818,0.9438879531956386,1.010782416367155
2021-07-20,601117.SH,10.756,10.911,10.373,10.827,90885218.0,-0.22,10.638,1.195,1.842,3.078,0,交易,3.517543859649123,5.839305103148751,8761710.016388701,0.9749793786087435,0.9506919622399413,0.9825436408977556
2021-07-21,601117.SH,10.767,11.831,10.505,11.58,135345836.0,6.954,11.252,1.195,2.744,4.584,0,交易,2.5261780104712046,3.923833819241982,12883944.407425035,0.9510607725466994,0.8879215619981405,0.9716753022452504
2021-07-22,601117.SH,11.425,11.58,11.317,11.437,77985430.0,-1.238,11.442,1.195,1.581,2.641,0,交易,4.330556607345702,7.226438962681848,6890998.4978351155,0.9880829015544041,0.9772884283246978,1.0004371775815337
2021-07-23,601117.SH,11.413,11.867,11.293,11.508,85446885.0,0.627,11.565,1.195,1.732,2.894,0,交易,3.976503109882515,6.589491916859123,7566358.363588064,0.9745512766495322,0.9516305721749387,1.0049530761209593
2021-07-26,601117.SH,11.544,11.771,10.983,11.473,79724924.0,-0.312,11.363,1.195,1.616,2.7,0,交易,4.249259259259259,7.143564356435643,7258938.7234817445,0.9653385438790246,0.9330558151389007,0.9904122722914668
2021-07-27,601117.SH,11.341,11.712,10.708,10.744,91756333.0,-6.354,11.196,1.195,1.86,3.107,0,交易,3.4579980688767296,6.097311827956989,8568951.531565186,0.9559426229508197,0.914275956284153,1.0420699925539836
2021-07-28,601117.SH,10.696,10.995,10.397,10.779,67635182.0,0.334,10.698,1.195,1.371,2.291,0,交易,4.704932343954605,7.801604668125456,6505259.401750505,0.9729877216916781,0.945611641655298,0.9924853882549403
2021-07-29,601117.SH,10.851,11.126,10.337,10.457,89942148.0,-2.993,10.573,1.195,1.823,3.046,0,交易,3.4330269205515433,5.952276467361493,8700991.390151883,0.9502966025525796,0.9290850260650728,1.011093047719231
2021-07-30,601117.SH,10.469,10.576,10.074,10.433,89372336.0,-0.229,10.319,1.195,1.812,3.027,0,交易,3.4466468450611165,5.777593818984547,8871583.87929323,0.9756996974281392,0.9525340393343419,0.9890731333269435
2021-08-02,601117.SH,10.397,11.15,10.289,10.923,74543848.0,4.696,10.8,1.195,1.511,2.525,0,交易,4.325940594059406,6.880873593646593,7245004.179220527,0.968609865470852,0.9227802690582959,0.9887393573194178
2021-08-03,601117.SH,10.863,11.15,10.744,11.054,65102147.0,1.204,10.936,1.195,1.32,2.205,0,交易,5.013151927437642,8.229545454545454,6059395.662695458,0.9808071748878924,0.9635874439461883,0.9893251311742356
2021-08-04,601117.SH,11.222,11.317,10.887,11.222,71955183.0,1.514,11.116,1.195,1.459,2.437,0,交易,4.604842018875667,7.691569568197394,6609275.5580049595,0.982239109304586,0.9620040646814527,0.9905542684013545
2021-08-05,601117.SH,11.078,11.735,11.03,11.568,74558326.0,3.088,11.456,1.195,1.511,2.525,0,交易,4.581386138613861,7.331568497683653,6759594.378966455,0.9762249680443119,0.93992330634853,0.9903181189488244
2021-08-06,601117.SH,11.485,11.795,11.317,11.389,52991693.00000001,-1.55,11.48,1.195,1.074,1.795,0,交易,6.344846796657381,10.693668528864059,4682485.906158877,0.9732937685459941,0.9594743535396355,1.0079901659496007
2021-08-09,601117.SH,11.377,11.425,11.054,11.269,47978652.0,-1.049,11.198,1.195,0.973,1.625,0,交易,6.934769230769231,11.692702980472765,4340388.275737289,0.9801312910284463,0.967527352297593,0.9936995296832017
2021-08-10,601117.SH,11.449,12.393,11.425,12.393,175126552.0,9.968,12.153,1.195,3.55,5.931,0,交易,2.0895295902883158,3.2250704225352114,15328363.413566738,0.9806342290002421,0.9218913903009763,0.9806342290002421
2021-08-11,601117.SH,12.19,12.488,12.046,12.405,102910626.0,0.096,12.338,1.195,2.086,3.485,0,交易,3.5595408895265424,5.843720038350911,8543136.80889922,0.9879884689301729,0.9646060217809097,0.9945989520354696
2021-08-12,601117.SH,12.381,12.429,11.891,12.094,91454011.0,-2.505,12.095,1.195,1.854,3.097,0,交易,3.905069422021311,6.67799352750809,7691027.752081406,0.9731273634242498,0.9567141362941508,1.0000826856292377
2021-08-13,601117.SH,12.202,13.301,12.046,13.253,208978851.0,9.585,13.086,1.195,4.236,7.077,0,交易,1.8726861664547125,2.880547686496695,17348402.042171676,0.9838358018194121,0.9056461920156379,0.9873990794537086
2021-08-16,601117.SH,13.265,13.743,13.002,13.552,153528207.0,2.254,13.412,1.195,3.112,5.199,0,交易,2.6066551259857667,4.262532133676093,11808045.454545453,0.975915011278469,0.9460816415629776,0.9896694214876034
2021-08-17,601117.SH,13.564,13.683,12.512,12.596,117663950.0,-7.055,13.016,1.195,2.385,3.985,0,交易,3.160853199498118,5.6872117400419295,9404088.07544757,0.9512533801067018,0.9144193524811811,1.0333439187043505
2021-08-18,601117.SH,12.907,12.931,12.094,12.214,107193793.0,-3.036,12.423,1.195,2.173,3.63,0,交易,3.3647382920110194,5.939714680165669,8863386.22457417,0.9607145619054985,0.9352718273915397,1.017111511380383
2021-08-19,601117.SH,12.178,12.488,11.927,12.07,102951768.0,-1.174,12.178,1.195,2.087,3.487,0,交易,3.461428161743619,5.8351701006229035,8631824.264274336,0.9751761691223576,0.9550768737988469,1.0089478044739022
2021-08-20,601117.SH,12.13,12.19,11.437,11.64,111057704.0,-3.564,11.702,1.195,2.251,3.761,0,交易,3.0949215634139855,5.388716126166149,9710387.689079305,0.9599671862182116,0.938228055783429,1.0053264604810996
2021-08-23,601117.SH,11.831,12.166,11.556,11.998,85103012.0,3.08,11.895,1.195,1.725,2.882,0,交易,4.163081193615544,6.858550724637681,7364400.484596747,0.9777248068387309,0.9498602663159624,0.9914152358726455
2021-08-24,601117.SH,12.01,12.369,11.903,12.19,84068548.0,1.594,12.117,1.195,1.704,2.847,0,交易,4.281700035124692,7.0481220657277,7062803.32689238,0.9796264855687608,0.962325167758105,0.994011484823626
2021-08-25,601117.SH,12.225,12.871,12.01,12.668,86705059.0,3.922,12.484,1.195,1.758,2.936,0,交易,4.314713896457765,6.953924914675768,7219405.412156536,0.9699324061844457,0.9331054308134565,0.9854752131354595
2021-08-26,601117.SH,12.811,13.803,12.692,13.492,131734494.0,6.509,13.277,1.195,2.67,4.461,0,交易,3.0244339834117913,4.79812734082397,10379332.965647653,0.9618923422444395,0.9195102513946243,0.9840646308923805
2021-08-27,601117.SH,13.265,14.843,13.241,14.843,188835175.0,10.009,14.467,1.195,3.828,6.395,0,交易,2.32103205629398,3.465256008359457,14261398.308284873,0.974668193761369,0.8920703361854072,0.974668193761369
2021-08-30,601117.SH,15.058,16.325,15.01,15.918,246278540.0,7.246,15.788,1.195,4.992,8.341,0,交易,1.9084042680733726,3.016426282051282,16407630.91272485,0.9671056661562022,0.919448698315467,0.9918331448674457
2021-08-31,601117.SH,15.667,16.623,15.524,16.157,156677738.0,1.502,16.125,1.195,3.176,5.306,0,交易,3.045043347154165,4.93293450881612,10092613.888173152,0.9700415087529326,0.9338867833724357,0.9980194343009222
2021-09-01,601117.SH,16.516,16.91,15.225,15.357,219100108.0,-4.956,15.835,1.195,4.442,7.42,0,交易,2.069676549865229,3.718144979738856,14390811.691297209,0.9364281490242461,0.9003548196333531,1.0311258709383344
2021-09-02,601117.SH,15.87,16.898,15.392,16.898,151590918.0,10.039,16.197,1.195,3.073,5.134,0,交易,3.291390728476821,5.164334526521315,9848682.302494803,0.9585158006864717,0.9108770268670848,0.9585158006864717
2021-09-03,601117.SH,17.328,17.806,16.026,16.575,189231258.0,-1.909,16.816,1.195,3.836,6.409,0,交易,2.586206896551724,4.517205422314912,11807766.005241483,0.9444007637874873,0.9000336965067954,1.0145399698340876
2021-09-06,601117.SH,16.826,17.257,15.548,16.133,161436665.0,-2.668,16.164,1.195,3.273,5.467,0,交易,2.9509785988659227,5.140849373663306,10383114.548494983,0.9366633829750246,0.900967723242742,1.0019215273042832
2021-09-07,601117.SH,16.086,16.826,15.99,16.719,116708090.99999999,3.63,16.456,1.195,2.366,3.952,0,交易,4.230516194331984,6.798816568047337,7298817.448405252,0.9780102222750504,0.950314988707952,0.984269394102518
2021-09-08,601117.SH,16.133,16.575,15.655,16.372,110472206.0,-2.073,16.217,1.195,2.239,3.741,0,交易,4.376369954557605,7.205448861098705,7056672.373043756,0.9784012066365008,0.9444947209653092,0.9905326166625946
2021-09-09,601117.SH,16.313,18.01,15.847,18.01,122830087.00000001,10.0,17.277,1.195,2.49,4.16,0,交易,4.329326923076923,6.551405622489959,7750999.368965736,0.9593003886729594,0.8799000555247084,0.9593003886729594
2021-09-10,601117.SH,18.332,18.428,16.205,16.229,245948370.00000003,-9.887,17.248,1.195,4.986,8.329,0,交易,1.9484932164725655,3.6766947452868033,15177313.792039497,0.9359670067288909,0.8793683525070544,1.062788834801898
2021-09-13,601117.SH,15.655,16.313,15.345,16.074,166441811.0,-0.957,15.819,1.195,3.374,5.637,0,交易,2.8515167642362966,4.639893301719027,10846647.833170414,0.9697174032979833,0.9406608226567769,0.9841358715938783
2021-09-14,601117.SH,15.894,15.942,15.022,15.428,123145461.00000001,-4.015,15.429,1.195,2.496,4.171,0,交易,3.698873171901223,6.367788461538462,8197674.144587939,0.9678208505833648,0.9422908041650985,1.0000648172154525
2021-09-15,601117.SH,15.368,15.631,15.01,15.38,82807013.0,-0.31,15.282,1.195,1.679,2.804,0,交易,5.4850213980028535,9.153067301965455,5516789.673550966,0.977672573731687,0.9602712558377583,0.993628088426528
2021-09-16,601117.SH,15.596,15.847,14.663,14.855,127900034.00000001,-3.419,15.266,1.195,2.593,4.332,0,交易,3.4291320406278856,6.014654839953722,8722637.52301712,0.9633369091941693,0.9252855430049852,1.0276674520363513
2021-09-17,601117.SH,14.879,15.153,14.317,14.484,112093161.00000001,-2.494,14.644,1.195,2.272,3.796,0,交易,3.8155953635405693,6.548855633802817,7829374.938883846,0.9664092918893948,0.9448294067181416,1.0110466721900029
2021-09-22,601117.SH,14.209,14.914,13.97,14.831,98946509.0,2.393,14.575,1.195,2.006,3.351,0,交易,4.425843031930767,7.083250249252244,7082785.182534001,0.9772696794957757,0.9367037682714229,0.9827388577978559
2021-09-23,601117.SH,15.034,15.082,14.305,14.639,82008913.0,-1.289,14.611,1.195,1.662,2.777,0,交易,5.271516024486856,9.045728038507823,5732884.515903531,0.9687707200636521,0.9484816337355788,0.9980873010451534
2021-09-24,601117.SH,14.472,14.616,13.755,13.887,114032784.00000001,-5.143,14.114,1.195,2.312,3.862,0,交易,3.595805282237183,6.259515570934257,8290278.735005453,0.9656540777230433,0.9410919540229886,1.0163462230863398
2021-09-27,601117.SH,13.863,13.946,12.859,13.241,171663307.0,-4.647,13.287,1.195,3.48,5.814,0,交易,2.2774337805297558,3.9836206896551722,13349662.259895792,0.952746307184856,0.9220565036569626,1.0034740578506156
2021-09-28,601117.SH,13.313,13.564,13.229,13.301,64535373.0,0.451,13.379,1.195,1.308,2.186,0,交易,6.084629460201281,10.178134556574923,4878325.874971653,0.9863609554703627,0.9753022707166027,1.005864220735283
2021-09-29,601117.SH,13.444,13.468,12.453,12.584,108887453.0,-5.391,12.832,1.195,2.207,3.688,0,交易,3.4121475054229933,6.091526959673766,8743873.203244198,0.9527769527769528,0.9246361746361746,1.0197075651621108
2021-09-30,601117.SH,12.703,13.002,12.668,12.907,58327963.0,2.564,12.864,1.195,1.182,1.975,0,交易,6.535189873417721,10.747038917089679,4604354.515314178,0.9893862482694971,0.9743116443624057,0.9966684744712172
2021-10-08,601117.SH,13.146,13.205,12.464,12.548,77326413.0,-2.778,12.687,1.195,1.568,2.619,0,交易,4.791141657121038,8.383928571428571,6203980.503851091,0.9607724346838318,0.943884892086331,1.0110774625438317
2021-10-11,601117.SH,12.488,12.62,12.202,12.333,69990893.0,-1.714,12.37,1.195,1.419,2.37,0,交易,5.203797468354431,8.800563777307962,5736018.111784954,0.9801901743264659,0.9668779714738511,1.0030000810832724
2021-10-12,601117.SH,12.333,12.405,11.688,11.855,79399914.0,-3.876,11.933,1.195,1.61,2.689,0,交易,4.408702119747118,7.660248447204968,6793284.907597535,0.961950826279726,0.9422007255139058,1.0065795023196962
2021-10-13,601117.SH,11.998,12.01,11.401,11.747,78492734.0,-0.907,11.65,1.195,1.591,2.658,0,交易,4.419488337095561,7.541169076052797,6884723.620735023,0.9700249791840133,0.9492922564529559,0.9917425725717205
2021-10-14,601117.SH,11.747,12.488,11.532,12.058,118246050.0,2.645,12.149,1.195,2.397,4.005,0,交易,3.010736579275905,4.9007092198581566,10253733.090530697,0.9728539397821909,0.9234465086483024,1.007546856858517
2021-10-15,601117.SH,12.13,12.261,11.879,12.142,93865973.0,0.694,12.075,1.195,1.903,3.179,0,交易,3.819440075495439,6.374146085128745,7901841.316609142,0.9848299486175679,0.96884430307479,0.9944819634327129
2021-10-18,601117.SH,12.225,12.895,12.214,12.703,115936470.0,4.626,12.615,1.195,2.35,3.926,0,交易,3.235608762098828,5.202127659574468,9492096.774193548,0.9782861574253587,0.9471888328809617,0.9930725025584508
2021-10-19,601117.SH,12.727,13.54,12.476,13.349,106858184.00000001,5.08,13.124,1.195,2.166,3.619,0,交易,3.6885880077369437,5.8758079409048944,8565099.711445976,0.9692762186115215,0.9214180206794683,0.9831448048542962
2021-10-20,601117.SH,13.146,13.516,13.014,13.205,74625987.0,-1.074,13.24,1.195,1.513,2.527,0,交易,5.2255639097744355,8.68869795109055,5734285.154449055,0.9795797573246523,0.9628588339745486,1.0026505111700115
2021-10-21,601117.SH,13.253,13.767,13.146,13.301,63261667.00000001,0.724,13.461,1.195,1.282,2.142,0,交易,6.209617180205416,10.337753510140406,4812236.954206603,0.9777729352800175,0.9548921333623884,1.012029170739042
2021-10-22,601117.SH,13.277,13.528,13.014,13.17,50208487.0,-0.988,13.222,1.195,1.018,1.7,0,交易,7.747058823529412,13.042239685658153,3858036.499154757,0.9773802483737433,0.9620047309284446,1.0039483675018983
2021-10-25,601117.SH,13.098,13.516,13.002,13.193,53300639.0,0.181,13.21,1.195,1.08,1.805,0,交易,7.309141274238227,12.127777777777778,4099418.4740809104,0.9773601657295058,0.9619709973364902,1.001288562116274
2021-10-26,601117.SH,13.265,14.448,13.205,13.779,118708099.0,4.438,13.857,1.195,2.406,4.02,0,交易,3.4276119402985077,5.51330008312552,8989632.639151836,0.959094684385382,0.9139673311184939,1.0056607881558894
2021-10-27,601117.SH,13.695,13.815,13.098,13.373,78782201.0,-2.949,13.349,1.195,1.597,2.668,0,交易,5.012368815592203,8.575453976205385,6014826.7674454115,0.9662685486789722,0.9480998914223671,0.9982053391161296
2021-10-28,601117.SH,13.361,13.54,12.859,12.978,55661762.0,-2.949,13.119,1.195,1.128,1.885,0,交易,6.884880636604774,11.844858156028371,4328622.910024107,0.96890694239291,0.9497045790251109,1.0108645399907537
2021-10-29,601117.SH,12.883,13.134,12.476,12.56,78043795.0,-3.223,12.669,1.195,1.582,2.643,0,交易,4.752175558077942,8.143489254108722,6255514.1872395,0.9645957058017359,0.9499010202527791,1.0086783439490445
2021-11-01,601117.SH,12.249,13.504,12.237,13.277,121086362.99999999,5.709,13.148,1.195,2.455,4.101,0,交易,3.237503048037064,4.989409368635438,9895101.985780828,0.9736374407582938,0.9061759478672986,0.9902839496874294
2021-11-02,601117.SH,13.444,13.504,12.823,13.074,69682349.0,-1.53,13.119,1.195,1.413,2.36,0,交易,5.5398305084745765,9.51450813871196,5434168.993215316,0.9714899289099527,0.9495704976303319,1.0034419458467188
2021-11-03,601117.SH,13.026,13.301,12.68,13.026,50099802.0,-0.366,13.001,1.195,1.016,1.697,0,交易,7.675898644667059,12.820866141732283,3951088.4858044167,0.9774453048642958,0.9533117810690925,0.9980807615538154
2021-11-04,601117.SH,13.074,13.146,11.807,12.01,126971957.0,-7.798,12.229,1.195,2.574,4.3,0,交易,2.7930232558139534,5.0792540792540795,10753955.873634284,0.9302449414270499,0.8981439221055835,1.0182348043297251
2021-11-05,601117.SH,12.01,12.214,11.544,12.01,77365600.0,0.0,11.963,1.195,1.568,2.62,0,交易,4.583969465648854,7.659438775510203,6701801.801801802,0.9794498116915015,0.945144915670542,0.9960865945045795
2021-11-08,601117.SH,12.01,12.488,11.831,12.13,52746035.0,0.995,12.19,1.195,1.069,1.786,0,交易,6.791713325867861,11.234798877455566,4458290.507987491,0.9761370916079436,0.9473894939141576,1.0049464138499586
2021-11-09,601117.SH,12.225,12.273,11.939,12.214,48518247.0,0.69,12.074,1.195,0.984,1.643,0,交易,7.433962264150944,12.423780487804878,4063845.129407823,0.9837855455063962,0.9727857899454087,0.988537743572949
2021-11-10,601117.SH,12.142,12.369,11.879,12.345,51489656.0,1.076,12.121,1.195,1.044,1.744,0,交易,7.07855504587156,11.630268199233715,4334510.985773213,0.9799498746867168,0.9603848330503678,0.9818550020251113
2021-11-11,601117.SH,12.225,12.429,11.879,12.094,64468759.0,-2.033,12.073,1.195,1.307,2.183,0,交易,5.540082455336693,9.353481254781943,5427120.043774729,0.9713573095180627,0.9557486523453214,0.9982636017860097
2021-11-12,601117.SH,12.094,12.405,11.963,12.237,44994161.0,1.186,12.214,1.195,0.912,1.524,0,交易,8.029527559055119,13.2609649122807,3761110.17303352,0.9846029826682791,0.9643692059653366,0.9981204543597287
2021-11-15,601117.SH,12.333,12.333,11.891,11.903,55549524.0,-2.734,11.963,1.195,1.126,1.881,0,交易,6.328017012227539,10.952930728241565,4671560.339752754,0.9699991891672747,0.9641611935457715,1.0050407460304125
2021-11-16,601117.SH,12.022,12.225,11.879,11.915,45111845.0,0.1,12.038,1.195,0.914,1.528,0,交易,7.797774869109947,13.153172866520787,3797613.014563516,0.9847034764826177,0.9716973415132925,1.0103231221149813
2021-11-17,601117.SH,11.903,12.154,11.473,12.118,65216764.0,1.705,11.897,1.195,1.322,2.209,0,交易,5.485740153915799,9.003782148260212,5684368.866033295,0.9788546980417969,0.9439690636827383,0.9817626671067833
2021-11-18,601117.SH,12.094,12.727,12.01,12.142,63658300.0,0.197,12.361,1.195,1.29,2.156,0,交易,5.631725417439703,9.375193798449612,5300441.298917569,0.9712422409051623,0.9436630784945391,1.0180365672871028
2021-11-19,601117.SH,12.106,12.405,11.963,12.369,59605304.0,1.87,12.169,1.195,1.208,2.019,0,交易,6.12630014858841,10.021523178807946,4982471.286466606,0.980975413139863,0.9643692059653366,0.9838305441021911
2021-11-22,601117.SH,12.357,13.134,12.309,12.799,81120206.0,3.478,12.811,1.195,1.644,2.747,0,交易,4.659264652348016,7.516423357664234,6590316.516370136,0.9754073397289478,0.9371859296482411,1.00093757324791
2021-11-23,601117.SH,12.703,13.122,12.703,12.859,56007544.99999999,0.467,12.953,1.195,1.135,1.897,0,交易,6.77859778597786,11.192070484581498,4409001.416988113,0.9871208657216888,0.9680688919372047,1.0073100552142469
2021-11-24,601117.SH,13.05,13.05,12.644,12.775,43486748.0,-0.651,12.779,1.195,0.882,1.473,0,交易,8.672776646300068,14.795918367346939,3439318.8864283455,0.9792337164750957,0.9688888888888888,1.0003131115459882
2021-11-25,601117.SH,12.823,13.098,12.68,12.931,34045316.0,1.216,12.899,1.195,0.69,1.153,0,交易,11.215091066782307,18.584057971014495,2684961.8296529967,0.984806840739044,0.9680867307985951,0.9975253267342046
2021-11-26,601117.SH,12.871,13.444,12.751,13.385,59508443.00000001,3.512,13.212,1.195,1.206,2.015,0,交易,6.642679900744416,10.672470978441128,4666962.826444985,0.982743231181196,0.9484528414162451,0.9870750840493089
2021-11-29,601117.SH,13.193,13.421,12.978,13.074,58606274.0,-2.321,13.116,1.195,1.188,1.985,0,交易,6.586397984886649,11.105218855218855,4515817.075050085,0.9772744206840027,0.9669920274197153,1.0032124827902706
2021-11-30,601117.SH,13.098,13.516,13.038,13.289,45854342.0,1.645,13.244,1.195,0.93,1.553,0,交易,8.556986477784932,14.083870967741936,3516976.68354042,0.9798757028706718,0.9646345072506659,0.9966137406877869
2021-12-01,601117.SH,13.337,13.373,12.966,13.098,39783944.0,-1.439,13.083,1.195,0.806,1.347,0,交易,9.723830734966594,16.54714640198511,3068328.243097332,0.9783145143198984,0.9695655425110297,0.9988547869903802
2021-12-02,601117.SH,13.086,14.281,13.026,14.042,111751315.99999999,7.208,13.773,1.195,2.265,3.785,0,交易,3.709907529722589,5.777483443708609,8579096.883156762,0.9644282613262376,0.9121209999299769,0.9808431847315198
2021-12-03,601117.SH,13.97,15.034,13.671,14.986,113624520.0,6.723,14.503,1.195,2.303,3.848,0,交易,3.8944906444906446,6.0660008684324795,8311353.960939215,0.9646800585339896,0.9093388319808433,0.9677699185906846
2021-12-06,601117.SH,14.795,15.237,14.436,14.472,81301293.0,-3.429,14.733,1.195,1.648,2.753,0,交易,5.25681075190701,8.977548543689322,5631843.516209477,0.9669226225634968,0.9474305965741288,1.0180348258706469
2021-12-07,601117.SH,14.58,14.962,14.257,14.675,64867369.99999999,1.404,14.564,1.195,1.315,2.197,0,交易,6.6795630405097866,11.08745247148289,4549861.120852914,0.9733992781713675,0.9528806309316936,0.9924361158432708
2021-12-08,601117.SH,14.687,14.735,14.114,14.245,58603702.0,-2.932,14.301,1.195,1.188,1.985,0,交易,7.176322418136019,12.362794612794612,4152168.201785461,0.9705463182897863,0.9578554462164914,1.003931203931204
2021-12-09,601117.SH,14.257,14.508,14.042,14.305,44973666.0,0.419,14.271,1.195,0.912,1.523,0,交易,9.392646093237033,15.63267543859649,3202796.325309785,0.9836641852770887,0.9678797904604357,0.9976232086682979
2021-12-10,601117.SH,14.197,14.46,14.15,14.209,45887806.0,-0.668,14.289,1.195,0.93,1.554,0,交易,9.143500643500643,15.26559139784946,3242954.487632509,0.9881742738589211,0.9785615491009682,1.005630234358505
2021-12-13,601117.SH,14.532,15.631,14.472,15.321,143727559.0,7.822,15.317,1.195,2.914,4.868,0,交易,3.147288414133114,4.986959505833905,9931423.369264787,0.9799117139018617,0.9258524726505022,0.9997389204360029
2021-12-14,601117.SH,15.213,15.309,14.102,14.173,126604893.0,-7.488,14.542,1.195,2.566,4.288,0,交易,3.3052705223880596,5.9286827747466875,8977796.979151893,0.9498987523678882,0.9211574890587237,1.0260354194595358
2021-12-15,601117.SH,14.126,14.914,13.827,14.556,73812433.0,2.698,14.454,1.195,1.496,2.5,0,交易,5.8224,9.442513368983956,5338282.563101179,0.9691564972509052,0.9271154619820303,0.9929925803792251
2021-12-16,601117.SH,14.556,14.986,14.484,14.663,47869678.0,0.739,14.722,1.195,0.97,1.621,0,交易,9.045650832819248,15.00618556701031,3305004.004418669,0.9823835579874549,0.9665020685973575,1.0040237332060287
2021-12-17,601117.SH,14.663,15.536,14.592,15.345,98656796.0,4.645,15.263,1.195,2.0,3.341,0,交易,4.592936246632744,7.3315,6761019.462719298,0.9824279093717817,0.9392378990731206,0.99465623981753
2021-12-20,601117.SH,15.38,15.858,14.89,15.165,84125076.0,-1.168,15.368,1.195,1.705,2.849,0,交易,5.322920322920322,9.020527859237538,5649770.047011416,0.9691007693277841,0.9389582545087652,1.013386086383119
2021-12-21,601117.SH,15.452,15.452,14.233,15.058,78415221.0,-0.709,14.911,1.195,1.59,2.656,0,交易,5.669427710843373,9.718238993710692,5509395.138059439,0.9649883510225213,0.9211105358529641,0.9902377473768097
2021-12-22,601117.SH,15.177,15.524,14.831,15.153,56009226.0,0.635,15.146,1.195,1.135,1.897,0,交易,7.987875593041645,13.37180616740088,3776496.932101679,0.9756506055140429,0.9553594434424117,0.9995380452715634
2021-12-23,601117.SH,15.118,15.954,14.89,15.428,77805166.0,1.814,15.377,1.195,1.577,2.635,0,交易,5.855028462998103,9.586556753329106,5225330.154466084,0.9638335213739501,0.9333082612510969,0.9966943220119263
2021-12-24,601117.SH,15.572,15.572,14.699,14.89,60617602.0,-3.486,14.956,1.195,1.229,2.053,0,交易,7.2528007793472975,12.670463791700568,4123926.933805021,0.9604418186488569,0.9439378371435911,1.0044325050369374
2021-12-27,601117.SH,14.711,14.998,14.472,14.508,52049296.0,-2.568,14.649,1.195,1.055,1.763,0,交易,8.229154849688031,13.944075829383888,3596551.686014373,0.9767302306974263,0.9649286571542872,1.0097187758478081
2021-12-28,601117.SH,14.592,14.663,14.006,14.269,65302986.0,-1.647,14.202,1.195,1.324,2.212,0,交易,6.450723327305606,11.021148036253777,4662500.785377695,0.9685603218986565,0.955193343790493,0.9953045062723386
2021-12-29,601117.SH,14.126,14.604,14.042,14.341,34369400.0,0.503,14.358,1.195,0.697,1.164,0,交易,12.320446735395189,20.266857962697273,2447614.299957271,0.9831552999178308,0.9615173924952068,1.0011854124538038
2021-12-30,601117.SH,14.257,14.52,14.197,14.305,30947375.0,-0.25,14.338,1.195,0.627,1.048,0,交易,13.649809160305344,22.738437001594896,2179853.137986899,0.987465564738292,0.9777548209366391,1.0023068857042992
2021-12-31,601117.SH,14.293,14.484,14.173,14.341,33157128.000000004,0.251,14.352,1.195,0.672,1.123,0,交易,12.770258236865539,21.269345238095237,2339457.2779228115,0.9908864954432477,0.9785280309306822,1.0007670315877555
2022-01-04,601117.SH,14.233,14.353,13.839,13.899,55218764.0,-3.083,14.089,1.195,1.119,1.87,0,交易,7.432620320855614,12.719392314566578,3990083.3875280004,0.9816066327597018,0.9641886713579043,1.013670048204907
2022-01-05,601117.SH,13.839,14.042,13.265,13.6,59255405.00000001,-2.15,13.581,1.195,1.201,2.007,0,交易,6.776283009466866,11.522897585345545,4467049.001130796,0.9671699188149836,0.944666001994018,0.9986029411764705
2022-01-06,601117.SH,13.6,14.496,13.444,14.424,69356207.0,6.063,14.125,1.195,1.406,2.349,0,交易,6.140485312899106,9.672830725462305,5158896.682534959,0.9744067328918322,0.9274282560706402,0.9792706600110926
2022-01-07,601117.SH,14.293,14.986,14.09,14.197,71442226.0,-1.574,14.56,1.195,1.448,2.419,0,交易,5.868954113269946,9.87085635359116,5070420.58197303,0.971573468570666,0.9402108634725743,1.0255687821370714
2022-01-10,601117.SH,14.042,14.4,13.636,13.767,65028507.99999999,-3.03,13.863,1.195,1.318,2.202,0,交易,6.252043596730245,10.65402124430956,4768884.423584629,0.9627083333333333,0.9469444444444444,1.0069731967748965
2022-01-11,601117.SH,13.695,13.97,13.444,13.516,49037166.0,-1.823,13.676,1.195,0.994,1.661,0,交易,8.13726670680313,13.777665995975855,3647513.0913418625,0.9789549033643522,0.9623478883321404,1.0118378218407813
2022-01-12,601117.SH,13.564,13.624,13.205,13.373,52253184.0,-1.061,13.338,1.195,1.059,1.77,0,交易,7.555367231638417,12.808309726156752,3957075.6531616813,0.9790076335877862,0.9692454492072813,0.9973827862110222
2022-01-13,601117.SH,13.313,13.361,12.584,12.751,71036531.0,-4.647,12.868,1.195,1.44,2.406,0,交易,5.299667497921861,9.24513888888889,5644988.159567705,0.9631015642541726,0.9418456702342638,1.0091757509214965
2022-01-14,601117.SH,12.668,12.668,12.154,12.178,81976686.0,-4.499,12.304,1.195,1.662,2.776,0,交易,4.386887608069165,7.622141997593261,6744831.824913609,0.9712661825071046,0.9594253236501421,1.0103465265232385
2022-01-17,601117.SH,12.297,12.5,12.13,12.429,45419751.0,2.061,12.343,1.195,0.921,1.538,0,交易,8.081274382314694,13.351791530944626,3744414.756801319,0.98744,0.9704,0.993080698366723
2022-01-18,601117.SH,12.405,13.671,12.357,13.325,127241298.0,7.212,13.33,1.195,2.579,4.309,0,交易,3.0923648178231606,4.810003877471888,10297102.694828842,0.9750566893424036,0.9038841342988808,1.000375234521576
2022-01-19,601117.SH,13.325,13.6,12.835,13.026,88845388.0,-2.242,13.253,1.195,1.801,3.009,0,交易,4.32901296111665,7.398667406996113,6922118.270354499,0.9744852941176471,0.9437500000000001,1.0174266850913558
2022-01-20,601117.SH,13.026,13.134,12.763,13.062,52226310.0,0.275,12.942,1.195,1.059,1.769,0,交易,7.383832673827021,12.300283286118981,4092008.932069263,0.9853814527181362,0.9717527029084818,0.9908130454754249
2022-01-21,601117.SH,13.002,13.444,12.907,13.014,52426858.0,-0.366,13.143,1.195,1.063,1.776,0,交易,7.327702702702703,12.231420507996239,4061893.3911830788,0.9776108301100863,0.9600565307944063,1.0099124020285848
2022-01-24,601117.SH,12.907,13.468,12.859,13.074,40337980.0,0.459,13.152,1.195,0.818,1.366,0,交易,9.571010248901903,15.77872860635697,3136945.3301189826,0.9765369765369765,0.9547817047817048,1.0059660394676457
2022-01-25,601117.SH,12.99,13.205,12.453,12.572,45083448.0,-3.839,12.676,1.195,0.914,1.527,0,交易,8.23313686967911,14.212253829321662,3620288.1233437727,0.9599394168875426,0.9430518742900416,1.008272351256761
2022-01-26,601117.SH,12.596,12.907,12.369,12.62,40196513.0,0.38,12.614,1.195,0.815,1.361,0,交易,9.272593681116826,15.455214723926382,3249778.7209960385,0.9772991400015496,0.9583171922212752,0.9995245641838353
2022-01-27,601117.SH,12.56,12.895,12.297,12.393,51965453.0,-1.799,12.572,1.195,1.053,1.76,0,交易,7.041477272727273,11.927825261158596,4225864.275839635,0.9749515316013958,0.9536254362155875,1.0144436375373194
2022-01-28,601117.SH,12.596,12.596,11.891,12.19,56796952.0,-1.639,12.132,1.195,1.151,1.924,0,交易,6.335758835758836,10.943527367506515,4776465.562189892,0.9631629088599555,0.9440298507462687,0.9952420016406891
2022-02-07,601117.SH,12.357,13.038,12.321,12.596,77897787.0,3.333,12.678,1.195,1.579,2.638,0,交易,4.774829416224413,7.825839138695376,6322359.142926711,0.9723884031293144,0.9450069028992176,1.0065100031756113
2022-02-08,601117.SH,12.584,13.002,12.488,12.847,59805877.0,1.992,12.711,1.195,1.212,2.025,0,交易,6.344197530864197,10.382838283828383,4789067.664958361,0.977618827872635,0.9604676203660975,0.9894138709426326
2022-02-09,601117.SH,12.775,12.787,12.237,12.572,60129892.00000001,-2.14,12.493,1.195,1.219,2.036,0,交易,6.174852652259331,10.479901558654635,4913777.232981941,0.9770078986470634,0.956987565496207,0.993716194718422
2022-02-10,601117.SH,12.572,13.122,12.464,12.966,62253325.0,3.137,12.904,1.195,1.262,2.108,0,交易,6.150853889943074,9.961965134706814,4994650.593709884,0.9833866788599299,0.9498552049992379,0.9952182631497763
2022-02-11,601117.SH,12.775,13.48,12.703,12.883,75705978.0,-0.645,13.151,1.195,1.535,2.564,0,交易,5.024570982839313,8.322475570032575,5959692.828465717,0.9755934718100889,0.9423590504451038,1.0208026080881782
2022-02-14,601117.SH,12.799,12.871,12.369,12.464,51236632.0,-3.247,12.524,1.195,1.039,1.735,0,交易,7.1838616714697405,12.318575553416748,4142342.3073813566,0.9730401678191282,0.9609975914847331,1.0048138639281128
2022-02-15,601117.SH,12.405,12.895,12.309,12.811,42402652.0,2.78,12.619,1.195,0.86,1.436,0,交易,8.921309192200557,14.424418604651162,3444849.4597449023,0.978596355176425,0.9545560294687864,0.985012879556631
2022-02-16,601117.SH,12.799,13.086,12.751,12.847,31725237.0,0.28,12.879,1.195,0.643,1.074,0,交易,11.961824953445063,19.905132192846033,2488058.740490942,0.9841815680880329,0.9744001222680727,1.0024908538958512
2022-02-17,601117.SH,12.823,12.931,12.572,12.727,34607193.0,-0.93,12.744,1.195,0.702,1.172,0,交易,10.859215017064848,18.26638176638177,2752719.774101177,0.9855386281030083,0.9722372592993581,1.0013357429087766
2022-02-18,601117.SH,12.632,13.409,12.56,13.277,67958749.0,4.319,13.163,1.195,1.378,2.302,0,交易,5.7675933970460465,9.166908563134978,5410728.423566879,0.98165411290924,0.9366843165038407,0.9914137229795889
2022-02-21,601117.SH,13.337,13.337,12.859,13.014,62643578.0,-1.98,12.991,1.195,1.27,2.122,0,交易,6.132893496701225,10.501574803149605,4871574.616999767,0.9740571342880707,0.9641598560395891,0.9982326725065315
2022-02-22,601117.SH,12.895,12.954,12.608,12.871,46898610.0,-1.102,12.727,1.195,0.951,1.588,0,交易,8.105163727959697,13.559411146161935,3719750.1586294416,0.9824764551489887,0.973290103442952,0.9888120581151426
2022-02-23,601117.SH,12.823,13.134,12.751,12.919,40529188.0,0.371,12.895,1.195,0.822,1.373,0,交易,9.409322651128916,15.599756690997568,3178510.548192299,0.9818029541647632,0.9708390437033653,0.9981422710736124
2022-02-24,601117.SH,12.835,13.086,12.453,12.739,64237643.00000001,-1.388,12.817,1.195,1.302,2.176,0,交易,5.854319852941177,9.857910906298004,5158407.0505099185,0.9794436802689898,0.9516276937184777,1.0061229295863097
2022-02-25,601117.SH,12.787,13.062,12.488,12.596,57665110.0,-1.126,12.754,1.195,1.169,1.953,0,交易,6.4495647721454175,10.93840889649273,4617641.7360666245,0.9764201500535906,0.9560557341907824,1.0125436646554462
2022-02-28,601117.SH,12.572,12.596,12.142,12.441,54498421.0,-1.233,12.313,1.195,1.105,1.846,0,交易,6.73943661971831,11.377375565610858,4488422.0886180205,0.9775325500158781,0.9639568116862496,0.9897114379873001
2022-03-01,601117.SH,12.536,12.715,12.142,12.225,52547759.0,-1.729,12.307,1.195,1.065,1.78,0,交易,6.867977528089887,11.770892018779342,4327767.99538791,0.9679119150609516,0.9549351160047188,1.0067075664621679
2022-03-02,601117.SH,12.07,12.202,11.903,11.915,48115614.0,-2.542,11.995,1.195,0.975,1.63,0,交易,7.309815950920245,12.37948717948718,4042309.8378560026,0.9830355679396819,0.9754958203573185,1.0067142257658415
2022-03-03,601117.SH,11.915,11.975,11.604,11.652,62338292.00000001,-2.207,11.717,1.195,1.264,2.111,0,交易,5.519658929417337,9.42642405063291,5372138.228197174,0.9784551148225471,0.96901878914405,1.0055784414692757
2022-03-04,601117.SH,11.688,11.855,11.449,11.7,48625768.0,0.41,11.662,1.195,0.986,1.647,0,交易,7.103825136612022,11.85395537525355,4247162.896322823,0.9837199493884438,0.9657528469000422,0.9967521367521369
2022-03-07,601117.SH,11.7,11.7,10.995,11.329,86241784.0,-3.166,11.374,1.195,1.498,2.284,0,交易,4.960157618213661,7.81041388518024,7843727.512505685,0.9721367521367522,0.9397435897435897,1.0039721069820813
2022-03-08,601117.SH,11.329,11.532,10.385,10.481,137943176.0,-7.489,10.765,1.195,2.396,3.653,0,交易,2.8691486449493566,4.7282971619365615,13282924.987963408,0.9334894207422824,0.9005376344086021,1.027096651082912
2022-03-09,601117.SH,10.517,10.684,9.811,10.278,108712088.99999999,-1.938,10.283,1.195,1.889,2.879,0,交易,3.569989579715179,5.567496029645315,11080632.861074302,0.9624672407338076,0.9182890303257207,1.0004864759680872
2022-03-10,601117.SH,10.517,10.995,10.517,10.779,104546340.0,4.884,10.805,1.195,1.816,2.768,0,交易,3.894147398843931,5.791299559471365,9940699.819340117,0.9827194179172352,0.9565256934970441,1.0024120975971798
2022-03-11,601117.SH,10.672,10.863,10.397,10.803,59865759.0,0.222,10.602,1.195,1.04,1.585,0,交易,6.815772870662461,10.261538461538462,5757983.937674329,0.9759734879867441,0.957102089662156,0.9813940572063315
2022-03-14,601117.SH,10.636,10.815,10.254,10.301,59241675.0,-4.646,10.5,1.195,1.029,1.569,0,交易,6.565328234544296,10.336248785228378,5777421.006436513,0.970873786407767,0.9481276005547851,1.019318512765751
2022-03-15,601117.SH,10.206,10.385,9.692,9.764,71283473.0,-5.22,10.025,1.195,1.238,1.888,0,交易,5.171610169491525,8.24394184168013,7354877.527858027,0.9653346172363987,0.9332691381800674,1.0267308480131094
2022-03-16,601117.SH,9.955,10.182,9.286,9.967,136445059.0,2.081,9.714,1.195,2.37,3.613,0,交易,2.758649321893164,4.20042194092827,14693631.165194917,0.9540365350618739,0.9120015714005106,0.9746162335707835
2022-03-17,601117.SH,10.122,10.564,10.086,10.146,94358401.0,1.799,10.3,1.195,1.639,2.499,0,交易,4.060024009603842,6.175716900549115,9355383.799325798,0.9750094661113216,0.9547519878833776,1.0151783954267692
2022-03-18,601117.SH,10.289,10.744,10.254,10.696,110106061.00000001,5.418,10.559,1.195,1.913,2.916,0,交易,3.6680384087791493,5.378463146889702,10737864.345621223,0.9827810871183916,0.9543931496649293,0.9871914734480179
2022-03-21,601117.SH,10.684,10.983,10.552,10.887,77877131.0,1.788,10.819,1.195,1.353,2.062,0,交易,5.279825412221145,7.896526237989653,7380319.46550417,0.985067832104161,0.9607575343713011,0.9937540185542391
2022-03-22,601117.SH,10.911,11.246,10.756,11.15,72947588.0,2.415,11.078,1.195,1.267,1.932,0,交易,5.771221532091098,8.611681136543016,6782036.8166604685,0.9850613551484971,0.9564289525164503,0.9935426008968609
2022-03-23,601117.SH,11.401,11.652,11.198,11.52,79405792.0,3.323,11.465,1.195,1.379,2.103,0,交易,5.477888730385163,8.267585206671502,7091069.119485622,0.9839512530037762,0.9610367318915208,0.9952256944444444
2022-03-24,601117.SH,11.449,11.508,11.222,11.305,49581056.0,-1.867,11.346,1.195,0.861,1.313,0,交易,8.61005331302361,13.29732868757259,4418201.3901265375,0.9859228362877999,0.9751477233229059,1.003626713843432
2022-03-25,601117.SH,11.293,11.556,11.234,11.246,43186268.0,-0.529,11.381,1.195,0.75,1.144,0,交易,9.830419580419582,15.057333333333332,3844246.7509346628,0.9848563516787817,0.9721356870889581,1.0120042681842432
2022-03-28,601117.SH,11.018,11.64,10.983,11.58,57863482.99999999,2.976,11.437,1.195,1.005,1.532,0,交易,7.558746736292428,10.963184079601993,5268458.7999635795,0.9825601374570446,0.9435567010309278,0.9876511226252158
2022-03-29,601117.SH,11.58,11.652,11.293,11.389,37472166.0,-1.651,11.426,1.195,0.651,0.992,0,交易,11.480846774193548,17.788018433179722,3318176.392455504,0.9806041881222108,0.9691898386543083,1.0032487487926949
2022-03-30,601117.SH,11.473,11.807,11.341,11.688,54462064.0,2.623,11.668,1.195,0.946,1.442,0,交易,8.105409153952843,12.127906976744187,4802227.669517679,0.9882273227746251,0.9605318878631319,0.9982888432580423
2022-03-31,601117.SH,11.712,11.795,11.437,11.52,49340191.0,-1.431,11.536,1.195,0.857,1.307,0,交易,8.814078041315991,13.666277712952159,4314085.074757366,0.9780415430267062,0.9696481559983043,1.0013888888888889
2022-04-01,601117.SH,11.461,11.831,11.449,11.652,49509092.0,1.141,11.707,1.195,0.86,1.311,0,交易,8.88787185354691,13.326744186046513,4324315.835444144,0.9895190600963572,0.9677119432000676,1.0047202197047718
2022-04-06,601117.SH,11.64,11.807,11.305,11.759,45116262.0,0.923,11.529,1.195,0.784,1.195,0,交易,9.840167364016736,14.846938775510203,3990823.706324635,0.9764546455492504,0.9574828491572795,0.9804405136491198
2022-04-07,601117.SH,11.676,12.13,11.568,11.628,42667740.0,-1.118,11.83,1.195,0.741,1.13,0,交易,10.290265486725664,15.757085020242915,3688428.4232365144,0.975267930750206,0.9536685902720526,1.017371861025112
2022-04-08,601117.SH,11.712,12.237,11.604,12.094,78352718.0,4.008,11.977,1.195,1.361,2.075,0,交易,5.828433734939758,8.605437178545188,6752216.30472251,0.9787529623273679,0.9482716352047069,0.9903257813791964
2022-04-11,601117.SH,12.214,12.548,11.963,12.118,80363546.0,0.198,12.192,1.195,1.396,2.128,0,交易,5.694548872180451,8.749283667621777,6717674.997910224,0.9716289448517692,0.9533790245457443,1.0061066182538372
2022-04-12,601117.SH,11.951,12.429,11.735,12.285,70446989.0,1.381,12.107,1.195,1.224,1.866,0,交易,6.583601286173633,9.76388888888889,6003152.023860248,0.974092847373079,0.9441628449593692,0.9855107855107854
2022-04-13,601117.SH,12.548,12.644,11.891,11.891,89079484.0,-3.21,12.182,1.195,1.547,2.359,0,交易,5.040695209834675,8.111182934712346,7491336.641157177,0.963460930085416,0.9404460613729833,1.024472289967202
2022-04-14,601117.SH,11.891,12.393,11.7,12.237,55782144.99999999,2.915,12.115,1.195,0.969,1.477,0,交易,8.285037237643872,12.27141382868937,4767704.7008547,0.9775679819252804,0.9440813362381989,0.9900302361689957
2022-04-15,601117.SH,12.19,12.393,12.046,12.094,46248149.0,-1.172,12.199,1.195,0.803,1.225,0,交易,9.872653061224488,15.180572851805726,3839295.1187116057,0.9843460017751956,0.9720003227628499,1.008681991069952
2022-04-18,601117.SH,11.998,12.07,11.222,11.329,74892291.0,-6.324,11.552,1.195,1.301,1.983,0,交易,5.713061018658598,9.222136817832437,6673702.637675994,0.9570836785418392,0.9297431648715824,1.0196839968223144
2022-04-19,601117.SH,11.329,11.568,11.138,11.377,61054159.0,0.422,11.364,1.195,1.061,1.617,0,交易,7.035868893011751,10.67766258246937,5481608.816663674,0.9823651452282158,0.9628284923928078,0.9988573437637338
2022-04-20,601117.SH,11.389,11.389,10.863,10.899,47665964.0,-4.202,11.029,1.195,0.828,1.262,0,交易,8.636291600633914,13.754830917874395,4387918.991070607,0.9683905522872948,0.9538150847308807,1.0119276997889715
2022-04-21,601117.SH,10.911,11.138,10.361,10.421,50289471.0,-4.386,10.674,1.195,0.874,1.332,0,交易,7.823573573573572,12.483981693363845,4853727.535952128,0.9583408152271503,0.9302388220506376,1.0242779003934364
2022-04-22,601117.SH,10.457,10.935,10.278,10.815,63496373.0,3.784,10.66,1.195,1.103,1.681,0,交易,6.433670434265318,9.480507706255667,6177891.905039891,0.974851394604481,0.939917695473251,0.9856680536292187
2022-04-25,601117.SH,10.66,10.983,10.098,10.122,61837631.99999999,-6.409,10.493,1.195,1.074,1.638,0,交易,6.17948717948718,9.925512104283053,6123750.445632798,0.9553855959209687,0.919420923245015,1.0366528354080222
2022-04-26,601117.SH,10.134,10.206,9.764,9.811,51932135.0,-3.07,9.993,1.195,0.902,1.375,0,交易,7.135272727272727,11.235033259423503,5318735.661614093,0.9791299235743681,0.9566921418773271,1.0185506064621344
2022-04-27,601117.SH,9.8,10.242,9.465,10.146,108109254.0,3.41,9.855,1.195,1.878,2.863,0,交易,3.5438351379671675,5.218317358892439,11422002.535657687,0.9622144112478032,0.9241359109548916,0.9713187463039621
2022-04-28,601117.SH,9.955,10.779,9.955,10.612,78742230.0,4.594,10.479,1.195,1.368,2.085,0,交易,5.08968824940048,7.277046783625731,7909817.17729784,0.9721681046479265,0.9235550607663049,0.9874670184696569
2022-04-29,601117.SH,10.66,10.911,10.493,10.911,59957230.00000001,2.815,10.707,1.195,1.042,1.588,0,交易,6.870906801007556,10.230326295585412,5714021.728771563,0.9813032719274128,0.9616900375767574,0.9813032719274128
