trading_date,wind_code,open,high,low,close,volume,pct_chg,vwap,adj_factor,turn,free_turn,is_st,trade_status,close/free_turn,open/turn,volume/low,vwap/high,low/high,vwap/close
2011-01-31,600444.SH,32.711,33.31,32.013,32.273,1344604.0,-2.177,32.534,1.995,1.281,1.829,1,交易,17.645161290322584,25.53551912568306,42001.81176397089,0.9767036925848093,0.9610627439207444,1.0080872556006568
2011-02-01,600444.SH,32.552,32.552,31.515,31.953,939675.0,-0.989,31.959,1.995,0.895,1.278,1,交易,25.002347417840376,36.37094972067039,29816.75392670157,0.9817829933644631,0.9681432784467928,1.0001877757956998
2011-02-09,600444.SH,31.894,32.392,31.555,31.574,462154.0,-1.186,31.829,1.995,0.44,0.629,1,交易,50.19713831478538,72.48636363636363,14645.983203929647,0.9826191652259817,0.9741602864904914,1.0080762652815607
2011-02-10,600444.SH,31.315,31.834,31.116,31.754,594999.0,0.569,31.502,1.995,0.567,0.809,1,交易,39.25092707045735,55.22927689594357,19121.962977246432,0.9895708990387636,0.9774454985235911,0.9920639919380235
2011-02-11,600444.SH,31.654,32.013,31.116,31.734,567841.0,-0.063,31.591,1.995,0.541,0.772,1,交易,41.10621761658031,58.51016635859519,18249.164417020183,0.9868178552463063,0.97198013307094,0.9954937921472238
2011-02-14,600444.SH,31.694,32.013,31.215,31.914,1161146.0,0.566,31.648,1.995,1.106,1.579,1,交易,20.211526282457253,28.656419529837247,37198.33413423034,0.9885983819073502,0.9750726267453848,0.9916650999561321
2011-02-15,600444.SH,31.953,32.632,31.734,32.412,1175311.0,1.562,32.309,1.995,1.119,1.599,1,交易,20.27016885553471,28.554959785522787,37036.33327030944,0.9901017406227016,0.9724810002451583,0.9968221646303838
2011-02-16,600444.SH,32.412,32.552,32.133,32.452,849392.0,0.123,32.33,1.995,0.809,1.155,1,交易,28.096969696969694,40.064276885043256,26433.635203684684,0.9931801425411648,0.9871282870484149,0.9962406015037594
2011-02-17,600444.SH,32.552,32.671,31.515,31.535,1435170.0,-2.827,31.805,1.995,1.367,1.952,1,交易,16.155225409836067,23.81272860277981,45539.267015706806,0.9734933121116587,0.9646169385693735,1.0085619153321705
2011-02-18,600444.SH,31.375,31.614,29.959,29.959,3200569.0,-4.997,30.304,1.995,3.048,4.354,1,交易,6.880799265043637,10.293635170603675,106831.63656997897,0.9585626621117226,0.947649775415955,1.0115157381755064
2011-02-21,600444.SH,29.7,30.477,29.341,30.438,1868284.9999999998,1.598,29.985,1.995,1.779,2.541,1,交易,11.97874852420307,16.69477234401349,63674.89178964588,0.9838566788069691,0.9627259900908882,0.985117287601025
2011-02-22,600444.SH,30.438,31.116,29.919,30.777,1866048.0,1.114,30.525,1.995,1.777,2.538,1,交易,12.126477541371159,17.12886888013506,62369.99899729269,0.9810065561126109,0.9615310451214809,0.991812067452968
2011-02-23,600444.SH,30.577,31.435,30.577,31.315,1688561.0,1.75,31.184,1.995,1.608,2.297,1,交易,13.632999564649543,19.015547263681594,55223.23968996304,0.9920152696039447,0.9727055829489424,0.9958167012613763
2011-02-24,600444.SH,31.355,31.415,30.936,31.195,837392.0,-0.382,31.123,1.995,0.798,1.139,1,交易,27.388059701492537,39.29197994987469,27068.528575122833,0.9907050771924241,0.9847525067642846,0.9976919378105465
2011-02-25,600444.SH,30.976,31.116,30.617,31.016,797400.0,-0.575,30.797,1.995,0.759,1.085,1,交易,28.58617511520737,40.81159420289855,26044.354443609758,0.9897480395937781,0.9839632343488881,0.992939128191901
2011-02-28,600444.SH,30.916,30.916,30.079,30.438,803488.0,-1.865,30.582,1.995,0.765,1.093,1,交易,27.84812442817932,40.413071895424835,26712.590179194787,0.9891965325397852,0.9729266399275456,1.0047309284447072
2011-03-01,600444.SH,30.418,31.215,30.118,30.876,1173758.0,1.442,30.586,1.995,1.118,1.597,1,交易,19.333750782717598,27.20751341681574,38971.976890895814,0.9798494313631266,0.9648566394361685,0.9906075916569503
2011-03-02,600444.SH,30.817,31.315,30.278,31.016,815470.0,0.452,30.966,1.995,0.777,1.109,1,交易,27.967538322813343,39.66151866151866,26932.756456833344,0.988855181223056,0.9668848794507424,0.9983879288109364
2011-03-03,600444.SH,30.836,32.572,30.836,32.572,3523910.0,5.016,32.474,1.995,3.356,4.793,1,交易,6.795743793031504,9.188319427890345,114279.08937605396,0.9969912808547217,0.9467026894265012,0.9969912808547217
2011-03-04,600444.SH,32.711,33.09,32.312,32.592,1766075.9999999998,0.061,32.652,1.995,1.682,2.402,1,交易,13.568692756036635,19.44768133174792,54656.96954691755,0.9867633726201268,0.9764883650649742,1.001840942562592
2011-03-07,600444.SH,32.412,33.11,32.312,32.652,1684370.0,0.184,32.704,1.995,1.604,2.291,1,交易,14.252291575731123,20.206982543640898,52128.31146323348,0.9877378435517971,0.9758985200845666,1.001592551757932
2011-03-08,600444.SH,32.771,33.709,32.512,33.549,1711661.0,2.749,33.138,1.995,1.63,2.328,1,交易,14.411082474226804,20.104907975460126,52647.05339566929,0.9830609036162448,0.9644901954967515,0.987749262273093
2011-03-09,600444.SH,33.21,34.227,33.21,33.629,1299304.0,0.238,33.893,1.995,1.237,1.767,1,交易,19.031692133559705,26.847210994341147,39123.87834989461,0.9902416221111989,0.9702866158296083,1.0078503672425585
2011-03-10,600444.SH,33.908,34.108,33.13,33.23,834952.0,-1.186,33.309,1.995,0.795,1.136,1,交易,29.25176056338028,42.65157232704402,25202.29399335949,0.976574410695438,0.9713263750439781,1.0023773698465241
2011-03-11,600444.SH,33.13,33.669,32.652,33.29,1250187.0,0.18,33.353,1.995,1.191,1.701,1,交易,19.570840681951793,27.81696053736356,38288.22124219037,0.9906145118655144,0.9697941726811015,1.0018924601982577
2011-03-14,600444.SH,33.21,33.709,32.532,33.31,1048995.0,0.06,33.064,1.995,0.999,1.427,1,交易,23.342676944639106,33.24324324324324,32245.020287716714,0.9808656441899788,0.9650835088552017,0.9926148303812669
2011-03-15,600444.SH,33.908,33.908,32.372,32.791,1131074.0,-1.557,32.741,1.995,1.077,1.539,1,交易,21.30669265756985,31.483751160631385,34939.886321512415,0.9655833431638551,0.9547009555267193,0.998475191363484
2011-03-16,600444.SH,33.25,33.25,32.412,32.991,945311.0,0.608,32.793,1.995,0.9,1.286,1,交易,25.653965785381025,36.94444444444444,29165.463408614094,0.9862556390977444,0.974796992481203,0.9939983631899609
2011-03-17,600444.SH,32.871,33.05,32.412,32.572,887120.0000000001,-1.27,32.623,1.995,0.845,1.207,1,交易,26.985915492957748,38.90059171597633,27370.109835863266,0.9870801815431165,0.980695915279879,1.0015657620041751
2011-03-18,600444.SH,32.671,33.031,32.352,32.572,927102.0,0.0,32.647,1.995,0.883,1.261,1,交易,25.830293417922288,37.0,28656.713649851634,0.9883745572341134,0.9794435530259452,1.0023025911826107
2011-03-21,600444.SH,32.671,32.871,31.156,31.614,1733318.9999999998,-2.939,32.015,1.995,1.651,2.358,1,交易,13.407124681933842,19.78861296184131,55633.55372961869,0.9739588086763408,0.9478263514952389,1.0126842538116025
2011-03-22,600444.SH,31.814,31.814,30.956,31.555,846152.0,-0.189,31.37,1.995,0.806,1.151,1,交易,27.415291051259775,39.47146401985111,27334.022483525005,0.986043880052807,0.9730307411831269,0.9941372207257171
2011-03-23,600444.SH,31.335,31.914,31.295,31.694,793939.0,0.442,31.49,1.995,0.756,1.08,1,交易,29.346296296296295,41.448412698412696,25369.515897108162,0.9867142946669173,0.980604123582127,0.9935634504953619
2011-03-24,600444.SH,31.814,31.814,31.375,31.634,404682.0,-0.189,31.619,1.995,0.385,0.55,1,交易,57.516363636363636,82.63376623376624,12898.231075697211,0.9938706229961652,0.9862010435657258,0.9995258266422203
2011-03-25,600444.SH,31.634,32.871,31.415,32.492,915324.0,2.711,32.311,1.995,0.872,1.245,1,交易,26.097991967871483,36.277522935779814,29136.52713671813,0.9829637066106902,0.9557056371877947,0.994429398005663
2011-03-28,600444.SH,32.831,32.911,32.053,32.273,1406671.0,-0.675,32.314,1.995,1.34,1.913,1,交易,16.870360690015684,24.500746268656716,43885.78292203538,0.9818601683327762,0.9739296891616783,1.0012704117993367
2011-03-29,600444.SH,32.492,32.492,31.215,31.455,724898.0,-2.534,31.607,1.995,0.69,0.986,1,交易,31.90162271805274,47.08985507246377,23222.745474931922,0.9727625261602857,0.9606980179736552,1.00483230011127
2011-03-30,600444.SH,31.315,31.894,31.076,31.455,546355.0,0.0,31.367,1.995,0.52,0.743,1,交易,42.335127860026915,60.22115384615385,17581.252413438022,0.9834765159591147,0.9743525427980185,0.9972023525671595
2011-03-31,600444.SH,31.355,31.535,29.919,30.577,1153684.0,-2.79,30.437,1.995,1.099,1.569,1,交易,19.488209050350545,28.53048225659691,38560.245997526654,0.9651815443158396,0.9487553511970827,0.9954213951663015
2011-04-01,600444.SH,30.777,30.797,30.118,30.278,1119245.0,-0.978,30.243,1.995,1.066,1.522,1,交易,19.893561103810775,28.871482176360225,37161.996148482634,0.9820112348605383,0.9779523979608403,0.9988440451813198
2011-04-06,600444.SH,30.118,30.398,29.719,30.358,956129.0000000001,0.264,30.194,1.995,0.911,1.301,1,交易,23.334358186010764,33.06037321624588,32172.314007873752,0.9932890321731692,0.9776630041450096,0.9945977995915409
2011-04-07,600444.SH,30.238,30.418,29.919,30.258,694179.0,-0.329,30.084,1.995,0.661,0.944,1,交易,32.05296610169491,45.745839636913765,23201.94525218089,0.9890196594121902,0.9835952396607273,0.9942494546896689
2011-04-08,600444.SH,30.039,30.497,29.779,30.318,524448.0,0.198,30.214,1.995,0.499,0.713,1,交易,42.52173913043479,60.19839679358718,17611.336848114443,0.9907203987277436,0.9764567006590812,0.9965696945708818
2011-04-11,600444.SH,30.497,31.016,30.418,30.557,519170.0,0.789,30.746,1.995,0.494,0.706,1,交易,43.28186968838527,61.73481781376518,17067.85455980012,0.991294815579056,0.980719628578798,1.0061851621559708
2011-04-12,600444.SH,30.557,30.896,30.517,30.577,423204.0,0.065,30.685,1.995,0.403,0.576,1,交易,53.08506944444445,75.82382133995037,13867.811383818855,0.9931706369756602,0.987733039875712,1.003532066585996
2011-04-13,600444.SH,30.378,30.677,30.118,30.358,494714.99999999994,-0.718,30.277,1.995,0.471,0.673,1,交易,45.108469539375925,64.49681528662421,16425.89149345906,0.9869609153437429,0.9817778791928806,0.9973318400421636
2011-04-14,600444.SH,30.358,30.537,29.719,30.497,668982.0,0.46,30.34,1.995,0.637,0.91,1,交易,33.51318681318681,47.657770800627944,22510.245970591204,0.9935488096407636,0.9732128237875365,0.9948519526510804
2011-04-15,600444.SH,30.597,30.896,30.477,30.697,601271.0,0.654,30.695,1.995,0.573,0.818,1,交易,37.526894865525676,53.39790575916231,19728.680644420383,0.9934943034697048,0.9864383738995339,0.999934847053458
2011-04-18,600444.SH,30.817,30.976,30.298,30.936,637539.0,0.78,30.686,1.995,0.607,0.867,1,交易,35.68166089965398,50.76935749588139,21042.28001848307,0.9906379132231405,0.9781120867768595,0.9919188001034394
2011-04-19,600444.SH,30.916,32.492,30.438,32.492,2437784.0,5.029,32.251,1.995,2.322,3.316,1,交易,9.798552472858866,13.314384151593453,80090.15046980749,0.9925827896097501,0.9367844392465838,0.9925827896097501
2011-04-21,600444.SH,32.452,32.452,31.335,31.535,1536266.0,-2.947,31.723,1.995,1.463,2.09,1,交易,15.088516746411484,22.18181818181818,49027.15812988671,0.9775360532478738,0.9655799334401578,1.0059616299349927
2011-04-22,600444.SH,32.013,32.073,30.916,31.933,817692.0,1.265,31.678,1.995,0.779,1.112,1,交易,28.71672661870503,41.09499358151476,26448.829085263293,0.9876843450877686,0.9639260437127802,0.9920145304230733
2011-04-25,600444.SH,31.933,32.013,31.315,31.794,494270.0,-0.437,31.666,1.995,0.471,0.672,1,交易,47.3125,67.79830148619958,15783.809675874181,0.989160653484522,0.9781963577296724,0.9959740831603447
2011-04-26,600444.SH,31.794,31.794,31.116,31.375,361464.0,-1.317,31.379,1.995,0.344,0.492,1,交易,63.770325203252035,92.42441860465117,11616.660239105284,0.9869472227464302,0.9786752217399509,1.0001274900398407
2011-04-27,600444.SH,31.834,31.874,31.116,31.315,401125.0,-0.191,31.573,1.995,0.382,0.546,1,交易,57.353479853479854,83.33507853403141,12891.277799202982,0.990556566480517,0.9762188617682124,1.0082388631646175
2011-04-28,600444.SH,31.255,32.013,31.136,31.375,1037216.0,0.191,31.645,1.995,0.988,1.411,1,交易,22.236002834868888,31.634615384615383,33312.43576567317,0.9885046699778216,0.9726048792677975,1.008605577689243
2011-04-29,600444.SH,31.275,31.495,29.799,29.799,1799793.0,-5.022,30.009,1.995,1.714,2.448,1,交易,12.172794117647058,18.246791131855307,60397.765025672,0.9528179076043817,0.9461501825686617,1.0070472163495419
2011-05-03,600444.SH,30.777,30.777,30.158,30.677,725219.0,2.945,30.628,1.995,0.691,0.986,1,交易,31.112576064908723,44.5397973950796,24047.317461370116,0.9951587224225883,0.9798875783864575,0.9984027121296085
2011-05-04,600444.SH,30.537,32.213,30.318,31.953,3261895.0,4.161,31.617,1.995,3.107,4.437,1,交易,7.201487491548343,9.828451882845187,107589.38584339336,0.9814981529196287,0.941172818427343,0.9894845554408037
2011-05-05,600444.SH,31.894,31.894,31.255,31.614,720672.0,-1.061,31.548,1.995,0.686,0.98,1,交易,32.25918367346939,46.492711370262384,23057.81474964006,0.989151564557597,0.9799648836771807,0.9979123173277661
2011-05-06,600444.SH,31.475,32.093,31.475,31.535,631500.0,-0.252,31.78,1.995,0.601,0.859,1,交易,36.711292200232826,52.37104825291182,20063.54249404289,0.9902470943819524,0.9807434643068581,1.0077691453940067
2011-05-09,600444.SH,31.874,31.874,31.116,31.495,462871.0,-0.127,31.461,1.995,0.441,0.63,1,交易,49.992063492063494,72.2766439909297,14875.658825041779,0.9870427307523373,0.9762188617682124,0.9989204635656452
2011-05-10,600444.SH,31.674,31.714,30.597,31.195,493068.99999999994,-0.95,31.187,1.995,0.47,0.671,1,交易,46.4903129657228,67.39148936170213,16114.94590972971,0.9833827331777765,0.9647789619726305,0.9997435486456163
2011-05-11,600444.SH,31.235,31.315,30.637,30.896,419514.00000000006,-0.959,30.923,1.995,0.4,0.571,1,交易,54.10858143607707,78.08749999999999,13693.050886183375,0.9874820373622863,0.9783490340092608,1.0008738995339201
2011-05-12,600444.SH,31.056,31.674,30.757,30.817,438917.0,-0.258,31.19,1.995,0.418,0.597,1,交易,51.619765494137354,74.29665071770336,14270.475013817992,0.984719328155585,0.9710488097493213,1.0121037089917904
2011-05-13,600444.SH,30.817,31.215,30.517,30.976,333029.0,0.518,30.862,1.995,0.317,0.453,1,交易,68.37969094922737,97.21451104100946,10912.901005996659,0.9886913342944097,0.9776389556303059,0.9963197314049587
2011-05-16,600444.SH,30.976,30.976,30.019,30.238,794168.0,-2.382,30.345,1.995,0.756,1.08,1,交易,27.998148148148147,40.973544973544975,26455.511509377397,0.9796293904958677,0.9691051136363636,1.0035385938223427
2011-05-17,600444.SH,30.118,30.537,29.959,30.258,258761.0,0.066,30.216,1.995,0.246,0.352,1,交易,85.96022727272728,122.43089430894308,8637.170800093461,0.9894881619019551,0.9810721419916822,0.9986119373388856
2011-05-18,600444.SH,30.278,30.617,29.759,30.158,403488.0,-0.33,30.25,1.995,0.384,0.549,1,交易,54.93260473588342,78.84895833333333,13558.520111562888,0.9880131952836659,0.9719763530064996,1.003050600172425
2011-05-19,600444.SH,30.178,30.278,29.819,29.999,458250.0,-0.529,30.032,1.995,0.436,0.623,1,交易,48.15248796147672,69.21559633027523,15367.71856869781,0.9918752889887047,0.9848404782350222,1.001100036667889
2011-05-20,600444.SH,29.919,30.098,29.62,29.759,437318.0,-0.798,29.785,1.995,0.416,0.595,1,交易,50.01512605042017,71.92067307692308,14764.280891289669,0.9896006379161406,0.9841185460827963,1.0008736852716824
2011-05-23,600444.SH,29.7,29.7,28.263,28.263,1223930.0,-5.027,28.383,1.995,1.166,1.665,1,交易,16.974774774774776,25.471698113207548,43305.02777482928,0.9556565656565656,0.9516161616161617,1.0042458337756075
2011-05-24,600444.SH,27.924,28.403,27.166,28.303,586200.0,0.141,27.786,1.995,0.558,0.797,1,交易,35.51191969887076,50.04301075268817,21578.44364278878,0.9782769425764885,0.9564482625074816,0.9817333851535173
2011-05-25,600444.SH,28.283,28.523,27.486,27.924,473287.0,-1.339,27.934,1.995,0.451,0.644,1,交易,43.36024844720497,62.711751662971174,17219.20250309248,0.9793499982470287,0.963643375521509,1.0003581148832545
2011-05-26,600444.SH,28.443,28.443,27.525,27.924,375000.0,0.0,27.731,1.995,0.357,0.51,1,交易,54.752941176470586,79.67226890756304,13623.978201634878,0.9749674788172837,0.9677249235312729,0.9930883827531873
2011-05-27,600444.SH,28.024,28.024,26.827,26.987,682534.0,-3.357,27.254,1.995,0.65,0.928,1,交易,29.08081896551724,43.113846153846154,25442.05464643829,0.9725235512417928,0.9572866114758779,1.0098936524993516
2011-05-30,600444.SH,26.628,26.767,25.631,25.631,674700.0,-5.026,25.985,1.995,0.643,0.918,1,交易,27.92047930283224,41.41213063763608,26323.592524677148,0.9707849217319834,0.9575596816976127,1.0138114002575007
2011-05-31,600444.SH,25.631,25.69,24.833,25.631,327249.0,0.0,25.334,1.995,0.312,0.445,1,交易,57.597752808988766,82.15064102564102,13177.98896629485,0.9861424678863371,0.9666407162319968,0.9884124692754866
2011-06-01,600444.SH,25.491,26.289,25.371,25.99,289581.0,1.401,25.894,1.995,0.276,0.394,1,交易,65.96446700507613,92.3586956521739,11413.858342201727,0.9849747042489253,0.9650804519000341,0.9963062716429396
2011-06-02,600444.SH,25.651,25.91,24.733,24.813,296350.0,-4.528,25.05,1.995,0.282,0.403,1,交易,61.57071960297766,90.96099290780143,11981.96741195973,0.9668081821690467,0.9545735237360092,1.0095514448071576
2011-06-03,600444.SH,24.833,25.93,24.833,25.81,539411.0,4.019,25.42,1.995,0.514,0.734,1,交易,35.16348773841962,48.31322957198443,21721.53988644143,0.9803316621673738,0.9576937909757037,0.9848895776830687
2011-06-07,600444.SH,25.73,26.508,25.371,26.349,450717.0,2.087,26.14,1.995,0.429,0.613,1,交易,42.9836867862969,59.976689976689975,17765.04670687005,0.9861173985212012,0.9571072883657763,0.992068010171164
2011-06-08,600444.SH,26.229,26.309,25.69,26.249,372101.0,-0.379,26.009,1.995,0.354,0.506,1,交易,51.87549407114624,74.09322033898306,14484.274036590112,0.9885970580409745,0.9764719297578776,0.9908567945445541
2011-06-09,600444.SH,26.129,26.987,25.97,26.169,480093.0,-0.304,26.497,1.995,0.457,0.653,1,交易,40.0750382848392,57.17505470459518,18486.445899114362,0.9818431096453849,0.9623151887946049,1.0125339141732583
2011-06-10,600444.SH,26.169,26.508,26.029,26.428,342200.0,0.991,26.277,1.995,0.326,0.465,1,交易,56.83440860215054,80.27300613496932,13146.874639824811,0.9912856496152106,0.9819299834012374,0.9942863629483881
2011-06-13,600444.SH,26.069,26.588,25.95,26.149,263664.0,-1.057,26.073,1.995,0.251,0.359,1,交易,72.83844011142062,103.8605577689243,10160.462427745664,0.9806303595607041,0.9760042124266586,0.9970935791043635
2011-06-14,600444.SH,26.169,26.907,26.129,26.568,608971.0,1.602,26.536,1.995,0.58,0.828,1,交易,32.08695652173913,45.118965517241385,23306.326304106547,0.9862117664548259,0.97108559111012,0.9987955435109906
2011-06-15,600444.SH,26.708,26.787,26.329,26.568,277600.0,0.0,26.477,1.995,0.264,0.378,1,交易,70.28571428571429,101.16666666666666,10543.507159405977,0.988427222160003,0.98290215402994,0.9965748268593797
2011-06-16,600444.SH,26.548,26.708,26.129,26.229,269900.0,-1.276,26.384,1.995,0.257,0.367,1,交易,71.46866485013624,103.29961089494162,10329.518925332006,0.9878688033548001,0.9783211022914484,1.005909489496359
2011-06-17,600444.SH,26.229,26.448,25.631,25.631,186101.0,-2.281,26.034,1.995,0.177,0.253,1,交易,101.30830039525692,148.18644067796612,7260.777964183996,0.9843466424682396,0.9691091954022989,1.0157231477507704
2011-06-20,600444.SH,25.631,25.73,25.152,25.631,171837.0,0.0,25.454,1.995,0.164,0.234,1,交易,109.53418803418803,156.28658536585365,6831.941793893129,0.9892732219199378,0.9775359502526234,0.9930942998712496
2011-06-21,600444.SH,25.311,25.83,25.252,25.631,272533.0,0.0,25.401,1.995,0.26,0.371,1,交易,69.08625336927224,97.35,10792.53128465072,0.9833914053426249,0.9776229190863337,0.991026491358121
2011-06-22,600444.SH,25.81,25.81,25.391,25.591,89343.0,-0.156,25.552,1.995,0.085,0.122,1,交易,209.76229508196724,303.6470588235294,3518.687723996692,0.9900038744672608,0.9837659821774506,0.9984760267281465
2011-06-23,600444.SH,25.112,25.93,25.112,25.87,224404.0,1.091,25.643,1.995,0.214,0.305,1,交易,84.81967213114754,117.34579439252336,8936.12615482638,0.9889317392981103,0.9684535287311993,0.9912253575570158
2011-06-24,600444.SH,25.81,26.468,25.511,26.349,340652.0,1.85,26.237,1.995,0.324,0.463,1,交易,56.909287257019436,79.6604938271605,13353.141781976403,0.9912724799758198,0.9638431313283965,0.9957493643022505
2011-06-27,600444.SH,26.269,26.648,26.269,26.349,246551.00000000003,0.0,26.437,1.995,0.235,0.335,1,交易,78.65373134328358,111.78297872340426,9385.625642392175,0.9920819573701591,0.9857775442809966,1.0033397851910888
2011-06-28,600444.SH,26.149,26.508,26.149,26.329,163192.0,-0.076,26.297,1.995,0.155,0.222,1,交易,118.5990990990991,168.70322580645163,6240.850510535775,0.9920401388260148,0.9864569186660631,0.9987846101257168
2011-06-29,600444.SH,26.329,26.628,26.189,26.189,270300.0,-0.53,26.33,1.995,0.257,0.368,1,交易,71.16576086956522,102.44747081712062,10321.1271908053,0.9888087727204445,0.9835135947123329,1.0053839398220625
2011-06-30,600444.SH,26.229,26.488,25.95,26.349,345551.0,0.609,26.326,1.995,0.329,0.47,1,交易,56.06170212765958,79.72340425531914,13316.030828516377,0.9938840229537904,0.9796889157354274,0.9991271015977836
2011-07-01,600444.SH,26.329,27.665,26.129,27.665,793077.0,4.996,27.054,1.995,0.755,1.079,1,交易,25.639481000926786,34.87284768211921,30352.367101687778,0.9779143321886861,0.9444785830471716,0.9779143321886861
2011-07-06,600444.SH,27.924,28.423,27.246,27.665,1050804.0,0.0,27.774,1.995,1.001,1.429,1,交易,19.35969209237229,27.8961038961039,38567.27593041181,0.9771663793406749,0.958589874397495,1.0039399963853244
2011-07-07,600444.SH,27.286,27.725,27.206,27.446,530400.0,-0.793,27.415,1.995,0.505,0.721,1,交易,38.06657420249653,54.03168316831683,19495.69947805631,0.9888187556357078,0.9812804328223624,0.9988705093638416
2011-07-08,600444.SH,27.326,27.446,27.067,27.406,255177.0,-0.145,27.218,1.995,0.243,0.347,1,交易,78.97982708933718,112.45267489711935,9427.605571359958,0.9916927785469649,0.9861910660934198,0.9931401882799388
2011-07-11,600444.SH,27.366,28.782,26.967,28.782,850677.0,5.022,27.978,1.995,0.81,1.157,1,交易,24.876404494382022,33.785185185185185,31545.110690844365,0.9720658745048989,0.9369397540129247,0.9720658745048989
2011-07-12,600444.SH,28.722,29.42,28.443,29.021,758201.0,0.832,28.941,1.995,0.722,1.031,1,交易,28.148399612027163,39.78116343490305,26656.85757479872,0.9837185588035349,0.9667912984364377,0.9972433754867165
2011-07-13,600444.SH,28.722,29.38,28.622,28.942,376689.0,-0.275,29.072,1.995,0.359,0.512,1,交易,56.52734375,80.00557103064068,13160.820347984069,0.9895166780122533,0.9742001361470388,1.0044917421048993
2011-07-14,600444.SH,29.221,29.42,28.603,28.762,343770.0,-0.62,28.879,1.995,0.327,0.468,1,交易,61.457264957264954,89.36085626911314,12018.669370345768,0.981611148878314,0.9722297756628144,1.0040678673249426
2011-07-15,600444.SH,28.583,28.802,28.004,28.323,468510.00000000006,-1.526,28.317,1.995,0.446,0.637,1,交易,44.46310832025118,64.08744394618833,16730.10998428796,0.9831608916047497,0.9722935907228665,0.9997881580341066
2011-07-18,600444.SH,28.443,29.121,28.283,28.483,510914.99999999994,0.563,28.687,1.995,0.487,0.695,1,交易,40.98273381294965,58.404517453798775,18064.38496623413,0.9850966656364823,0.9712235156759728,1.0071621669065758
2011-07-19,600444.SH,28.523,29.021,28.283,28.603,224710.0,0.42,28.628,1.995,0.214,0.306,1,交易,93.47385620915033,133.28504672897196,7945.055333592617,0.9864580820784948,0.9745701388649599,1.0008740341922175
2011-07-20,600444.SH,28.603,28.882,28.343,28.523,325459.0,-0.279,28.579,1.995,0.31,0.443,1,交易,64.38600451467269,92.26774193548388,11482.870550047632,0.9895090367703068,0.9813378574890935,1.00196332784069
2011-07-21,600444.SH,28.363,28.483,27.984,28.204,179601.0,-1.119,28.279,1.995,0.171,0.244,1,交易,115.59016393442623,165.8654970760234,6417.988850771869,0.9928378330934241,0.9824807780079347,1.002659197276982
2011-07-22,600444.SH,28.243,28.403,27.884,27.904,244419.99999999997,-1.061,28.031,1.995,0.233,0.332,1,交易,84.04819277108433,121.2145922746781,8765.600344283459,0.986902791958596,0.9817272823293315,1.0045513188073394
2011-07-25,600444.SH,28.303,28.323,26.668,26.867,374000.0,-3.717,27.293,1.995,0.356,0.509,1,交易,52.783889980353635,79.50280898876404,14024.298785060748,0.9636337958549588,0.9415669244077252,1.0158558826813562
2011-07-26,600444.SH,26.129,26.827,26.129,26.648,313641.0,-0.817,26.506,1.995,0.299,0.427,1,交易,62.40749414519907,87.38795986622074,12003.559263653411,0.9880344429119916,0.9739814366123681,0.9946712698889223
2011-07-27,600444.SH,26.827,26.827,26.428,26.668,518112.0,0.075,26.507,1.995,0.493,0.705,1,交易,37.82695035460993,54.4158215010142,19604.661722415618,0.9880717187907705,0.9851269243672419,0.993962801859907
2011-07-28,600444.SH,26.548,26.548,25.77,25.85,351450.0,-3.067,25.987,1.995,0.335,0.478,1,交易,54.07949790794979,79.24776119402983,13637.951105937136,0.9788684646677716,0.970694590929637,1.0052998065764023
2011-07-29,600444.SH,25.73,26.329,25.651,25.77,439787.0,-0.309,25.889,1.995,0.419,0.598,1,交易,43.09364548494983,61.408114558472555,17145.023585825114,0.9832883892286072,0.9742489270386265,1.0046177726038028
2011-08-01,600444.SH,26.089,26.129,25.531,25.81,375417.0,0.155,25.962,1.995,0.358,0.511,1,交易,50.50880626223092,72.87430167597765,14704.359406212057,0.9936086340847333,0.9771135519920394,1.0058891902363425
2011-08-02,600444.SH,25.531,25.93,25.331,25.651,654215.0,-0.618,25.567,1.995,0.623,0.89,1,交易,28.82134831460674,40.98073836276083,25826.655086652718,0.986000771307366,0.9768993443887389,0.9967252738684652
2011-08-03,600444.SH,25.371,25.69,25.371,25.571,244681.0,-0.311,25.495,1.995,0.233,0.333,1,交易,76.7897897897898,108.88841201716737,9644.121240786726,0.9924094978590892,0.9875827170105098,0.9970278831488796
2011-08-04,600444.SH,25.77,26.628,25.77,25.91,410004.0,1.326,26.159,1.995,0.39,0.558,1,交易,46.433691756272395,66.07692307692308,15910.12805587893,0.9823869610935857,0.9677782785038306,1.0096101891161713
2011-08-05,600444.SH,25.73,25.73,25.012,25.531,500400.0,-1.463,25.396,1.995,0.477,0.681,1,交易,37.49045521292217,53.941299790356396,20006.396929473853,0.987019043917606,0.9720948309366498,0.9947123105244605
2011-08-08,600444.SH,25.431,25.431,24.254,24.254,419210.99999999994,-5.0,24.414,1.995,0.399,0.57,1,交易,42.55087719298246,63.73684210526316,17284.20054424012,0.9600094373009319,0.9537179033463097,1.0065968500041231
2011-08-09,600444.SH,23.317,23.835,23.038,23.397,562100.0,-3.536,23.218,1.995,0.535,0.765,1,交易,30.584313725490194,43.583177570093454,24398.819341956765,0.9741136983427732,0.9665617788965807,0.9923494465102364
2011-08-10,600444.SH,23.935,23.935,23.496,23.636,397818.0,1.023,23.633,1.995,0.379,0.541,1,交易,43.689463955637706,63.15303430079155,16931.307456588358,0.9873824942552747,0.9816586588677668,0.9998730749703841
2011-08-11,600444.SH,23.337,24.793,23.137,23.835,377050.0,0.844,23.799,1.995,0.359,0.513,1,交易,46.461988304093566,65.00557103064067,16296.408350261485,0.9599080385592708,0.933206953575606,0.9984896161107615
2011-08-12,600444.SH,23.895,24.454,23.835,24.234,574051.0,1.674,24.056,1.995,0.547,0.781,1,交易,31.02944942381562,43.68372943327239,24084.371722257183,0.9837245440418746,0.9746871677435185,0.992654947594289
2011-08-15,600444.SH,24.214,25.431,24.214,24.773,449858.0,2.222,24.695,1.995,0.428,0.612,1,交易,40.47875816993464,56.574766355140184,18578.425704138102,0.9710589438087374,0.952145019857654,0.9968514108101563
2011-08-16,600444.SH,24.833,25.331,24.454,24.494,197972.0,-1.127,24.617,1.995,0.189,0.269,1,交易,91.05576208178438,131.39153439153438,8095.689866688476,0.9718131933204375,0.965378390114879,1.0050216379521515
2011-08-17,600444.SH,24.673,24.793,24.374,24.613,468545.0,0.489,24.61,1.995,0.446,0.637,1,交易,38.63893249607535,55.32062780269058,19223.147616312464,0.9926188843625217,0.9831000685677409,0.9998781131922155
2011-08-18,600444.SH,24.394,24.733,24.095,24.234,168648.0,-1.54,24.397,1.995,0.161,0.229,1,交易,105.82532751091703,151.51552795031054,6999.294459431418,0.9864149112521732,0.9742045041038289,1.0067260873153419
2011-08-19,600444.SH,23.935,23.935,23.197,23.337,382100.0,-3.704,23.411,1.995,0.364,0.52,1,交易,44.878846153846155,65.75549450549451,16471.957580721646,0.9781073741382913,0.9691664925840819,1.0031709302823844
2011-08-22,600444.SH,23.357,23.596,22.998,23.137,325290.0,-0.855,23.33,1.995,0.31,0.442,1,交易,52.34615384615385,75.34516129032258,14144.273415079571,0.9887269028648923,0.9746567214782167,1.0083416173229025
2011-08-23,600444.SH,23.456,24.294,23.157,24.135,485491.0,4.31,23.861,1.995,0.462,0.66,1,交易,36.56818181818182,50.77056277056277,20965.194109772423,0.9821766691364123,0.9531983205729809,0.9886471928734203
2011-08-24,600444.SH,24.155,25.291,24.055,24.514,405201.0,1.57,24.701,1.995,0.386,0.551,1,交易,44.49001814882032,62.57772020725389,16844.772396591146,0.9766715432367246,0.9511288600687992,1.007628294036061
2011-08-25,600444.SH,24.374,25.032,23.357,24.952,370490.0,1.79,24.601,1.995,0.353,0.504,1,交易,49.50793650793651,69.04815864022663,15862.054202166375,0.9827820389900926,0.9330856503675296,0.9859329913433792
2011-08-26,600444.SH,24.952,25.032,24.514,24.873,391271.0,-0.32,24.711,1.995,0.373,0.532,1,交易,46.75375939849624,66.89544235924933,15961.124255527455,0.9871764141898369,0.9793064876957495,0.993486913520685
2011-08-29,600444.SH,24.913,25.611,24.593,24.833,283124.0,-0.16,24.986,1.995,0.27,0.385,1,交易,64.5012987012987,92.27037037037036,11512.38157199203,0.9755964234118152,0.9602514544531646,1.006161156525591
2011-08-30,600444.SH,24.633,25.092,23.696,24.932,451817.0,0.402,24.657,1.995,0.43,0.615,1,交易,40.53983739837398,57.28604651162791,19067.22653612424,0.9826637972262076,0.9443647377650248,0.9889699983956362
2011-08-31,600444.SH,24.873,25.072,24.633,24.972,245059.0,0.16,24.894,1.995,0.233,0.333,1,交易,74.990990990991,106.7510729613734,9948.402549425567,0.9929004467134652,0.9824904275686024,0.9968765016818836
2011-09-01,600444.SH,24.753,25.072,24.155,24.913,275302.0,-0.24,24.824,1.995,0.262,0.374,1,交易,66.61229946524064,94.47709923664122,11397.309045746222,0.9901084875558392,0.963425335035099,0.9964275679364188
2011-09-02,600444.SH,24.693,24.853,24.434,24.713,178900.0,-0.801,24.615,1.995,0.17,0.243,1,交易,101.69958847736626,145.25294117647059,7321.764754031267,0.9904236913048725,0.9831408683056372,0.996034475781977
2011-09-05,600444.SH,24.354,24.573,23.935,23.935,191051.0,-3.148,24.16,1.995,0.182,0.26,1,交易,92.0576923076923,133.8131868131868,7982.076457071235,0.9831929353355309,0.9740365441745004,1.009400459578024
2011-09-06,600444.SH,23.536,23.915,23.277,23.516,318322.0,-1.75,23.59,1.995,0.303,0.433,1,交易,54.3094688221709,77.67656765676568,13675.387721785453,0.986410202801589,0.973322182730504,1.0031467936723932
2011-09-07,600444.SH,23.337,23.955,23.317,23.855,302293.0,1.442,23.634,1.995,0.288,0.411,1,交易,58.04136253041363,81.03125,12964.489428314106,0.9865998747651848,0.9733667292840744,0.9907356948228883
2011-09-08,600444.SH,23.596,23.935,23.596,23.636,225863.0,-0.92,23.804,1.995,0.215,0.307,1,交易,76.99022801302931,109.74883720930232,9572.088489574504,0.9945268435345728,0.9858366409024442,1.0071078016584871
2011-09-09,600444.SH,23.576,24.334,23.556,23.835,421200.0,0.844,23.906,1.995,0.401,0.573,1,交易,41.59685863874346,58.7930174563591,17880.794701986753,0.9824114407824442,0.9680282731979947,1.0029788126704426
2011-09-13,600444.SH,23.536,23.835,23.157,23.756,166400.0,-0.335,23.593,1.995,0.158,0.226,1,交易,105.11504424778761,148.9620253164557,7185.732176015891,0.9898468638556744,0.9715544367526746,0.993138575517764
2011-09-14,600444.SH,23.556,24.873,23.556,24.414,425233.0,2.771,24.327,1.995,0.405,0.578,1,交易,42.23875432525952,58.162962962962965,18052.00373577857,0.9780484863104572,0.9470510191774213,0.9964364708773654
2011-09-15,600444.SH,24.494,24.534,24.095,24.454,367261.0,0.163,24.335,1.995,0.35,0.5,1,交易,48.908,69.98285714285714,15242.2079269558,0.991888807369365,0.9821064644982473,0.9951337204547314
2011-09-16,600444.SH,24.274,24.534,24.274,24.514,278174.0,0.245,24.403,1.995,0.265,0.378,1,交易,64.85185185185185,91.6,11459.75117409574,0.9946604711828483,0.9894024618896227,0.9954719751978461
2011-09-19,600444.SH,24.534,24.534,23.855,23.955,203714.0,-2.278,24.218,1.995,0.194,0.277,1,交易,86.48014440433212,126.46391752577318,8539.677216516453,0.9871199152196951,0.9723241216271298,1.010978918806095
2011-09-20,600444.SH,23.855,24.035,23.476,23.736,237500.0,-0.916,23.674,1.995,0.226,0.323,1,交易,73.48606811145511,105.55309734513274,10116.71494292043,0.9849802371541502,0.9767422508841272,0.9973879339400067
2011-09-21,600444.SH,23.736,24.274,23.476,24.155,252901.00000000003,1.765,24.007,1.995,0.241,0.344,1,交易,70.21802325581396,98.4896265560166,10772.746634861136,0.9890005767487847,0.9671253192716486,0.9938729041606292
2011-09-22,600444.SH,24.035,25.371,23.975,25.371,1963766.9999999998,5.037,25.108,1.995,1.87,2.671,1,交易,9.498689629352302,12.852941176470587,81908.94681960373,0.989633833904852,0.9449765480272754,0.989633833904852
2011-09-23,600444.SH,25.232,25.93,24.833,25.371,1589204.0,0.0,25.466,1.995,1.514,2.162,1,交易,11.734967622571693,16.665785997357993,63995.65094833488,0.98210566910914,0.9576937909757037,1.0037444326199205
2011-09-26,600444.SH,25.132,25.77,24.095,24.155,997969.0,-4.796,24.801,1.995,0.95,1.357,1,交易,17.8002947678703,26.454736842105266,41418.09504046483,0.9623981373690337,0.9350019402405898,1.0267439453529288
2011-09-27,600444.SH,24.474,24.793,23.975,24.155,454857.0,0.0,24.267,1.995,0.433,0.619,1,交易,39.02261712439419,56.52193995381062,18972.13764337852,0.9787843342879039,0.9670068164401243,1.0046367211757399
2011-09-28,600444.SH,24.454,24.454,23.077,23.197,573868.0,-3.964,23.778,1.995,0.547,0.781,1,交易,29.701664532650447,44.70566727605119,24867.53044156519,0.9723562607344401,0.9436901938333198,1.0250463421994223
2011-09-29,600444.SH,23.237,23.237,22.04,22.04,495013.0,-4.987,22.402,1.995,0.471,0.673,1,交易,32.74888558692422,49.33545647558386,22459.75499092559,0.9640659293368337,0.9484873262469338,1.0164246823956444
2011-09-30,600444.SH,22.04,22.32,21.562,22.3,247790.0,1.176,21.887,1.995,0.236,0.337,1,交易,66.17210682492582,93.38983050847457,11491.97662554494,0.980600358422939,0.9660394265232976,0.9814798206278027
2011-10-10,600444.SH,22.28,22.519,21.98,22.3,227484.0,0.0,22.314,1.995,0.217,0.309,1,交易,72.16828478964402,102.67281105990784,10349.590536851683,0.9908965762245215,0.9760646565122786,1.0006278026905828
2011-10-11,600444.SH,22.878,22.878,21.941,22.32,217841.0,0.089,22.368,1.995,0.207,0.296,1,交易,75.4054054054054,110.5217391304348,9928.490041474864,0.9777078415945449,0.9590436226942914,1.0021505376344084
2011-10-12,600444.SH,22.3,23.097,22.02,22.838,239101.00000000003,2.324,22.66,1.995,0.228,0.325,1,交易,70.27076923076923,97.80701754385964,10858.356039963672,0.9810797939126293,0.9533705676061826,0.9922059725019704
2011-10-13,600444.SH,22.479,23.038,22.339,22.838,279497.0,0.0,22.659,1.995,0.266,0.38,1,交易,60.1,84.50751879699247,12511.616455526211,0.9835489191770118,0.9696588245507421,0.9921621858306331
2011-10-14,600444.SH,22.738,22.818,22.399,22.459,162300.0,-1.659,22.547,1.995,0.155,0.221,1,交易,101.62443438914026,146.69677419354838,7245.859190142417,0.988123411341923,0.9816373038828995,1.0039182510352198
2011-10-17,600444.SH,22.659,22.718,22.439,22.459,165900.0,0.0,22.566,1.995,0.158,0.226,1,交易,99.37610619469027,143.41139240506328,7393.377601497393,0.9933092701822344,0.9877189893476539,1.0047642370541876
2011-10-18,600444.SH,22.439,22.619,21.542,21.941,249473.0,-2.309,22.122,1.995,0.238,0.339,1,交易,64.72271386430678,94.28151260504202,11580.77244452697,0.9780273221627835,0.9523851629161325,1.0082493961077434
2011-10-19,600444.SH,21.821,21.941,21.701,21.701,161100.0,-1.091,21.781,1.995,0.153,0.219,1,交易,99.09132420091325,142.62091503267976,7423.621031288881,0.992707716147851,0.9890615742217767,1.0036864660614717
2011-10-20,600444.SH,21.582,21.681,20.744,20.903,203150.0,-3.676,21.105,1.995,0.193,0.276,1,交易,75.7355072463768,111.8238341968912,9793.19321249518,0.9734329597343295,0.956782436234491,1.0096636846385687
2011-10-21,600444.SH,20.644,20.943,20.564,20.804,116400.0,-0.477,20.728,1.995,0.111,0.158,1,交易,131.67088607594937,185.98198198198196,5660.377358490566,0.9897340400133696,0.9819032612328701,0.9963468563737744
2011-10-24,600444.SH,20.724,21.242,20.245,21.063,321686.0,1.246,20.89,1.995,0.306,0.438,1,交易,48.08904109589041,67.72549019607844,15889.651765868115,0.9834290556444779,0.9530646831748423,0.9917865451265253
2011-10-25,600444.SH,21.063,21.781,20.744,21.482,134678.0,1.989,21.224,1.995,0.128,0.183,1,交易,117.3879781420765,164.5546875,6492.383339760895,0.9744272531105093,0.9523896974427254,0.9879899450702915
2011-10-26,600444.SH,21.302,21.562,21.023,21.342,240750.0,-0.65,21.346,1.995,0.229,0.327,1,交易,65.26605504587155,93.02183406113537,11451.743328735194,0.9899823764029311,0.9750023188943511,1.0001874238590573
2011-10-27,600444.SH,21.023,21.741,21.023,21.641,310530.0,1.402,21.531,1.995,0.296,0.422,1,交易,51.28199052132701,71.02364864864865,14770.965133425296,0.9903408306885607,0.9669748401637459,0.9949170555889284
2011-10-28,600444.SH,21.741,22.3,21.562,21.921,281124.0,1.29,21.803,1.995,0.268,0.382,1,交易,57.3848167539267,81.1231343283582,13037.937111585195,0.977713004484305,0.9669058295964126,0.9946170338944392
2011-10-31,600444.SH,22.14,22.14,21.542,21.741,192000.0,-0.819,21.755,1.995,0.183,0.261,1,交易,83.29885057471265,120.98360655737706,8912.821465045028,0.9826106594399276,0.9729900632339658,1.0006439446207627
2011-11-01,600444.SH,21.562,22.3,21.542,21.901,703003.0,0.734,21.828,1.995,0.67,0.956,1,交易,22.908995815899583,32.18208955223881,32634.063689536717,0.9788340807174888,0.9660089686098655,0.9966668188667184
2011-11-02,600444.SH,21.661,22.08,21.302,22.04,300800.0,0.638,21.646,1.995,0.286,0.409,1,交易,53.88753056234719,75.73776223776225,14120.739836635057,0.9803442028985508,0.9647644927536232,0.9821234119782215
2011-11-03,600444.SH,22.04,22.419,22.04,22.2,546733.0,0.724,22.214,1.995,0.521,0.744,1,交易,29.838709677419356,42.30326295585412,24806.397459165157,0.9908559703822649,0.9830946964628217,1.0006306306306305
2011-11-04,600444.SH,22.28,22.28,21.941,22.2,284375.0,0.0,22.08,1.995,0.271,0.387,1,交易,57.36434108527131,82.2140221402214,12960.895127842852,0.9910233393177736,0.9847845601436265,0.9945945945945945
2011-11-07,600444.SH,22.26,22.459,22.02,22.3,630680.0,0.449,22.212,1.995,0.601,0.858,1,交易,25.990675990675992,37.03826955074876,28641.235240690283,0.9890021817534174,0.980453270403847,0.9960538116591928
2011-11-08,600444.SH,22.3,22.3,21.801,22.1,466970.0,-0.894,22.086,1.995,0.445,0.635,1,交易,34.803149606299215,50.1123595505618,21419.659648639972,0.9904035874439461,0.9776233183856501,0.9993665158371039
2011-11-09,600444.SH,22.379,22.379,21.741,22.08,420360.99999999994,-0.09,21.965,1.995,0.4,0.572,1,交易,38.6013986013986,55.9475,19334.943194885236,0.9815005138746146,0.9714911300773046,0.9947916666666667
2011-11-10,600444.SH,21.901,21.901,21.342,21.442,377126.0,-2.891,21.602,1.995,0.359,0.513,1,交易,41.79727095516569,61.005571030640674,17670.602567706872,0.9863476553582028,0.9744760513218574,1.007461990485962
2011-11-11,600444.SH,21.382,21.641,21.342,21.402,316300.0,-0.186,21.53,1.995,0.301,0.43,1,交易,49.77209302325582,71.03654485049834,14820.541654952676,0.9948708470033734,0.9861836329189964,1.0059807494626671
2011-11-14,600444.SH,21.502,21.901,21.502,21.861,422296.0,2.144,21.752,1.995,0.402,0.574,1,交易,38.085365853658544,53.48756218905472,19639.8474560506,0.9931966576868636,0.9817816538057622,0.995013951786286
2011-11-15,600444.SH,21.701,22.08,21.701,21.921,521607.0,0.274,21.871,1.995,0.497,0.71,1,交易,30.874647887323945,43.66398390342052,24036.081286576657,0.990534420289855,0.9828351449275363,0.9977190821586606
2011-11-16,600444.SH,21.961,22.12,21.582,21.681,620790.0,-1.092,21.766,1.995,0.591,0.844,1,交易,25.68838862559242,37.159052453468696,28764.24798443147,0.9839963833634718,0.9756781193490054,1.0039204833725381
2011-11-17,600444.SH,21.841,22.24,21.582,22.2,386710.0,2.392,22.045,1.995,0.368,0.526,1,交易,42.20532319391635,59.350543478260875,17918.172551200074,0.9912320143884894,0.9704136690647484,0.9930180180180181
2011-11-18,600444.SH,22.0,22.24,21.083,21.242,502881.00000000006,-4.313,21.604,1.995,0.479,0.684,1,交易,31.055555555555554,45.92901878914405,23852.44035478822,0.9714028776978417,0.9479766187050359,1.0170417098201676
2011-11-21,600444.SH,21.043,21.083,20.185,20.724,784200.0,-2.441,20.596,1.995,0.747,1.067,1,交易,19.422680412371136,28.170013386880857,38850.63165717117,0.9769008205663331,0.9574064412085567,0.9938235861802741
2011-11-22,600444.SH,20.544,20.744,20.385,20.704,187320.0,-0.096,20.586,1.995,0.178,0.255,1,交易,81.1921568627451,115.41573033707866,9189.109639440765,0.9923833397608947,0.9826937909757039,0.9943006182380215
2011-11-23,600444.SH,20.903,21.282,20.524,20.644,222550.0,-0.289,20.785,1.995,0.212,0.303,1,交易,68.13201320132013,98.59905660377358,10843.402845449229,0.9766469316793535,0.9643830467061367,1.0068300716915328
2011-11-24,600444.SH,20.644,20.644,20.066,20.485,170708.0,-0.773,20.389,1.995,0.163,0.232,1,交易,88.29741379310344,126.65030674846625,8507.325824778232,0.9876477426855261,0.9720015500871925,0.9953136441298511
2011-11-25,600444.SH,20.345,20.744,19.946,20.485,432041.0,0.0,20.476,1.995,0.411,0.588,1,交易,34.83843537414966,49.50121654501216,21660.53344028878,0.9870806016197454,0.961531045121481,0.9995606541371735
2011-11-28,600444.SH,20.325,20.504,20.225,20.345,222611.0,-0.682,20.327,1.995,0.212,0.303,1,交易,67.14521452145215,95.87264150943396,11006.72435105068,0.9913675380413578,0.986392898946547,0.9991152617350701
2011-11-29,600444.SH,20.504,20.624,20.305,20.544,615526.0,0.98,20.418,1.995,0.586,0.837,1,交易,24.544802867383513,34.989761092150175,30314.011327259297,0.9900116369278511,0.984532583397983,0.9938668224299065
2011-11-30,600444.SH,20.504,20.504,19.527,19.527,538659.0,-4.951,19.758,1.995,0.513,0.733,1,交易,26.639836289222377,39.968810916179336,27585.343370717466,0.9636168552477564,0.9523507608271556,1.0118297741588569
2011-12-01,600444.SH,19.906,20.125,19.766,19.886,338686.0,1.839,19.928,1.995,0.323,0.461,1,交易,43.13665943600867,61.62848297213622,17134.77688960842,0.9902111801242236,0.9821614906832298,1.0021120386201348
2011-12-02,600444.SH,20.046,20.046,19.148,19.368,146242.0,-2.608,19.531,1.995,0.139,0.199,1,交易,97.32663316582914,144.2158273381295,7637.455608940882,0.9743090890950813,0.9552030330240447,1.0084159438248659
2011-12-05,600444.SH,18.749,19.128,18.39,18.53,277900.0,-4.325,18.588,1.995,0.265,0.378,1,交易,49.021164021164026,70.7509433962264,15111.47362697118,0.9717691342534505,0.9614178168130489,1.0031300593631949
2011-12-06,600444.SH,18.57,18.57,17.632,18.211,348560.0,-1.722,17.956,1.995,0.332,0.474,1,交易,38.41983122362869,55.933734939759034,19768.602540834843,0.9669359181475498,0.9494884221863221,0.9859974740541432
2011-12-07,600444.SH,18.131,18.151,17.552,17.732,497000.0,-2.629,17.972,1.995,0.473,0.676,1,交易,26.230769230769226,38.33192389006343,28315.861440291705,0.9901382843920445,0.9669990634124841,1.0135348522445298
2011-12-08,600444.SH,17.692,17.812,16.854,17.094,394250.0,-3.6,17.105,1.995,0.375,0.536,1,交易,31.89179104477612,47.178666666666665,23392.073098374276,0.9603076577588142,0.9462160341342913,1.0006435006435006
2011-12-09,600444.SH,16.755,17.712,16.715,17.433,331399.0,1.984,17.282,1.995,0.316,0.451,1,交易,38.65410199556541,53.02215189873417,19826.443314388274,0.9757226738934056,0.9437104787714544,0.9913382665060517
2011-12-12,600444.SH,17.552,18.31,17.154,17.532,946546.9999999999,0.572,17.367,1.995,0.901,1.288,1,交易,13.611801242236025,19.48057713651498,55179.3750728693,0.9484980884762426,0.9368651010376844,0.9905886379192335
2011-12-13,600444.SH,17.393,17.931,16.655,16.655,882461.0,-5.006,16.949,1.995,0.84,1.2,1,交易,13.879166666666668,20.705952380952382,52984.74932452717,0.9452345100663656,0.928838324689086,1.0176523566496547
2011-12-14,600444.SH,16.316,16.575,15.817,15.817,504400.0,-5.03,15.998,1.995,0.48,0.686,1,交易,23.056851311953352,33.99166666666667,31889.73888853765,0.9651885369532428,0.9542684766214179,1.011443383701081
2011-12-15,600444.SH,15.797,16.037,15.019,15.019,411600.0,-5.044,15.082,1.995,0.392,0.56,1,交易,26.819642857142856,40.298469387755105,27405.28663692656,0.9404502088919375,0.9365217933528716,1.004194686730142
2011-12-16,600444.SH,14.92,15.039,14.261,14.72,1320787.0,-1.992,14.365,1.995,1.258,1.797,1,盘中停牌,8.191430161380078,11.860095389507155,92615.31449407476,0.9551831903717003,0.9482678369572445,0.975883152173913
2011-12-19,600444.SH,14.281,14.74,14.042,14.461,1051853.0,-1.762,14.218,1.995,1.002,1.431,1,交易,10.105520614954576,14.25249500998004,74907.63424013673,0.9645861601085481,0.9526458616010854,0.9831961828365949
2011-12-20,600444.SH,14.202,14.72,14.202,14.541,529841.0,0.552,14.558,1.995,0.505,0.721,1,交易,20.167822468793343,28.12277227722772,37307.491902548936,0.9889945652173913,0.9648097826086957,1.001169108039337
2011-12-21,600444.SH,14.64,15.079,14.062,14.102,1403440.0,-3.018,14.569,1.995,1.337,1.909,1,交易,7.387113672079623,10.949887808526553,99803.72635471483,0.9661781285231116,0.9325552092313814,1.033115870089349
2011-12-22,600444.SH,13.942,14.321,13.404,14.221,1000499.0,0.849,13.797,1.995,0.953,1.361,1,交易,10.448934606906686,14.6295907660021,74641.82333631752,0.9634103763703653,0.9359681586481391,0.9701849377680895
2011-12-23,600444.SH,14.142,14.261,13.643,14.241,518507.0,0.14,14.144,1.995,0.494,0.705,1,交易,20.2,28.62753036437247,38005.350729311736,0.99179580674567,0.9566650305027699,0.9931886805701847
2011-12-26,600444.SH,14.002,14.221,13.982,14.042,477101.0,-1.401,14.072,1.995,0.454,0.649,1,交易,21.636363636363637,30.841409691629956,34122.514661707915,0.9895225370930314,0.9831938682230503,1.0021364477994588
2011-12-27,600444.SH,14.002,14.221,13.763,13.942,526599.0,-0.71,14.035,1.995,0.502,0.716,1,交易,19.472067039106147,27.892430278884465,38261.934171328925,0.9869207510020392,0.9677941073060966,1.006670492038445
2011-12-28,600444.SH,13.563,14.162,13.563,14.162,355140.0,1.574,13.927,1.995,0.338,0.483,1,交易,29.32091097308489,40.12721893491124,26184.47246184472,0.9834062985454031,0.957703714164666,0.9834062985454031
2011-12-29,600444.SH,14.521,14.521,14.022,14.062,83350.0,-0.704,14.172,1.995,0.079,0.113,1,交易,124.44247787610618,183.81012658227849,5944.230494936528,0.9759658425728256,0.9656359754837821,1.0078225003555683
2011-12-30,600444.SH,14.142,14.461,14.142,14.341,205040.0,1.986,14.35,1.995,0.195,0.279,1,交易,51.40143369175627,72.52307692307691,14498.656484231367,0.9923241822833828,0.9779406680035958,1.0006275712990726
2012-01-04,600444.SH,14.341,14.561,13.623,13.623,628300.0,-5.007,13.879,1.995,0.598,0.855,1,交易,15.933333333333334,23.98160535117057,46120.53145415841,0.953162557516654,0.9355813474349288,1.018791749247596
2012-01-05,600444.SH,13.503,13.503,12.945,13.104,721700.0,-3.807,13.036,1.995,0.687,0.982,1,交易,13.344195519348268,19.655021834061134,55751.25531093086,0.9654150929423091,0.9586758498111531,0.9948107448107448
2012-01-06,600444.SH,13.204,13.483,12.686,13.344,239796.99999999997,1.826,12.967,1.995,0.228,0.326,1,交易,40.93251533742331,57.91228070175438,18902.49093488885,0.9617295854038419,0.9408885262923681,0.9717476019184653
2012-01-09,600444.SH,13.304,13.862,13.085,13.842,405201.0,3.737,13.637,1.995,0.386,0.551,1,交易,25.121597096188747,34.46632124352332,30966.832250668704,0.9837685759630646,0.9439474823257827,0.9851900014448779
2012-01-10,600444.SH,13.763,14.281,13.763,14.221,659936.0,2.738,14.051,1.995,0.629,0.898,1,交易,15.83630289532294,21.880763116057235,47950.010898786604,0.9838946852461312,0.9637280302499824,0.9880458476900359
2012-01-11,600444.SH,14.221,14.221,13.823,14.102,379958.0,-0.842,14.045,1.995,0.362,0.517,1,交易,27.27659574468085,39.284530386740336,27487.37611227664,0.9876239364320372,0.972013219886084,0.9959580201389874
2012-01-12,600444.SH,14.102,14.261,13.862,14.102,266462.0,0.0,14.135,1.995,0.254,0.362,1,交易,38.95580110497238,55.51968503937008,19222.478718799597,0.9911647149568754,0.9720215973634388,1.002340093603744
2012-01-13,600444.SH,14.002,14.162,13.404,13.404,377701.0,-4.95,13.692,1.995,0.36,0.514,1,交易,26.07782101167315,38.894444444444446,28178.230378991346,0.9668125970908064,0.9464764863719813,1.0214861235452104
2012-01-16,600444.SH,13.184,13.384,12.785,13.005,145699.0,-2.976,13.096,1.995,0.139,0.198,1,交易,65.68181818181819,94.84892086330935,11396.08916699257,0.9784817692767483,0.9552450687387926,1.0069973087274124
2012-01-17,600444.SH,13.164,13.663,12.985,13.523,302153.0,3.988,13.386,1.995,0.288,0.411,1,交易,32.90267639902677,45.708333333333336,23269.38775510204,0.9797262680231281,0.9503769303959598,0.9898691118834578
2012-01-18,600444.SH,13.623,13.862,13.464,13.483,360600.0,-0.295,13.635,1.995,0.343,0.49,1,交易,27.516326530612247,39.71720116618075,26782.531194295898,0.9836242966382918,0.9712884143702207,1.011273455462434
2012-01-19,600444.SH,13.663,14.122,13.384,13.823,350541.0,2.515,13.66,1.995,0.334,0.477,1,交易,28.979035639413,40.90718562874251,26191.049013747757,0.9672850870981448,0.9477411131567767,0.988208059032048
2012-01-20,600444.SH,13.763,13.982,13.623,13.882,203310.0,0.433,13.822,1.995,0.194,0.277,1,交易,50.115523465703966,70.94329896907216,14924.025545034134,0.9885567157774281,0.9743241310256043,0.9956778562166835
2012-01-30,600444.SH,13.882,14.162,13.862,13.962,584020.0,0.575,13.997,1.995,0.556,0.794,1,交易,17.584382871536523,24.967625899280574,42131.00562689367,0.9883491032340064,0.9788165513345572,1.0025068041827818
2012-01-31,600444.SH,14.082,14.441,13.962,14.441,902306.0,3.429,14.201,1.995,0.859,1.227,1,交易,11.769356153219233,16.393480791618163,64625.84156997565,0.9833806523093969,0.9668305519008378,0.9833806523093969
2012-02-01,600444.SH,14.461,14.6,14.202,14.281,698129.0,-1.105,14.431,1.995,0.665,0.95,1,交易,15.03263157894737,21.745864661654135,49157.09055062667,0.9884246575342466,0.9727397260273973,1.0105034661438275
2012-02-02,600444.SH,14.281,14.321,13.862,14.102,1194907.0,-1.257,14.048,1.995,1.138,1.625,1,交易,8.678153846153846,12.549209138840071,86200.1875631222,0.9809370853990643,0.9679491655610643,0.9961707559211459
2012-02-03,600444.SH,14.082,14.8,14.082,14.8,2000952.0,4.95,14.581,1.995,1.906,2.722,1,交易,5.437178545187362,7.3882476390346286,142092.88453344695,0.9852027027027026,0.9514864864864865,0.9852027027027026
2012-02-06,600444.SH,14.78,15.398,14.6,14.9,1936400.0,0.674,14.939,1.995,1.844,2.634,1,交易,5.6567957479119215,8.015184381778742,132630.13698630137,0.9701909338875179,0.9481750876737238,1.0026174496644296
2012-02-07,600444.SH,14.8,15.638,14.521,15.638,2682886.0,4.953,15.175,1.995,2.555,3.649,1,交易,4.285557687037545,5.7925636007827785,184759.0386337029,0.9703926333290702,0.9285714285714286,0.9703926333290702
2012-02-08,600444.SH,15.638,16.316,15.558,15.777,2208309.0,0.893,15.857,1.995,2.103,3.004,1,交易,5.251997336884155,7.436043747028054,141940.41650597763,0.9718681049276784,0.9535425349350332,1.0050706724979401
2012-02-09,600444.SH,15.757,16.435,15.358,15.997,1852384.0,1.391,15.888,1.995,1.764,2.52,1,交易,6.348015873015873,8.932539682539682,120613.62156530799,0.9667173714633405,0.9344691207788258,0.9931862224167032
2012-02-10,600444.SH,15.857,16.236,15.618,16.076,1237296.0,0.499,15.898,1.995,1.178,1.683,1,交易,9.551990493166963,13.46095076400679,79222.43565117172,0.9791820645479181,0.9619364375461936,0.988927593928838
2012-02-13,600444.SH,15.897,16.136,15.458,16.037,1029933.0,-0.248,15.882,1.995,0.981,1.401,1,交易,11.446823697359028,16.204892966360855,66627.83024970889,0.9842588001983144,0.9579821517104611,0.9903348506578538
2012-02-14,600444.SH,16.156,16.515,15.777,16.156,1234979.0,0.746,16.219,1.995,1.176,1.68,1,交易,9.616666666666667,13.738095238095237,78277.17563541865,0.9820768997880714,0.9553133514986375,1.0038994800693242
2012-02-15,600444.SH,16.017,16.974,15.997,16.974,3242288.0,5.062,16.897,1.995,3.088,4.41,1,交易,3.8489795918367347,5.186852331606217,202681.002688004,0.9954636502886767,0.9424413809355485,0.9954636502886767
2012-02-16,600444.SH,16.954,16.954,16.116,16.495,2739161.0,-2.82,16.488,1.995,2.609,3.726,1,交易,4.426999463231348,6.498275201226524,169965.31397369073,0.9725138610357437,0.9505721363689984,0.9995756289784783
2012-02-17,600444.SH,16.435,16.495,16.056,16.236,944912.9999999999,-1.572,16.198,1.995,0.9,1.285,1,交易,12.63501945525292,18.26111111111111,58851.0837070254,0.9819945438011518,0.9733858745074265,0.9976595220497659
2012-02-20,600444.SH,16.156,16.416,15.817,15.877,980844.0,-2.211,16.139,1.995,0.934,1.334,1,交易,11.901799100449775,17.29764453961456,62012.012391730415,0.9831262183235867,0.963511208576998,1.0165018580336336
2012-02-21,600444.SH,15.877,16.076,15.478,15.917,804324.0,0.251,15.781,1.995,0.766,1.094,1,交易,14.549360146252283,20.727154046997388,51965.62863419046,0.9816496640955462,0.9628016919631749,0.9914556763209148
2012-02-22,600444.SH,15.917,16.156,15.797,16.096,1267845.0,1.128,15.971,1.995,1.207,1.725,1,交易,9.331014492753622,13.187241093620546,80258.59340381085,0.9885491458281753,0.9777791532557565,0.9922340954274353
2012-02-23,600444.SH,16.096,16.176,15.897,16.096,908364.0,0.0,16.009,1.995,0.865,1.236,1,交易,13.022653721682849,18.608092485549133,57140.59256463483,0.9896760633036599,0.982752225519288,0.994594930417495
2012-02-24,600444.SH,16.056,16.655,16.017,16.356,1999670.0,1.611,16.363,1.995,1.904,2.72,1,交易,6.0132352941176475,8.432773109243698,124846.72535431104,0.9824677274091863,0.9616931852296606,1.0004279775006113
2012-02-27,600444.SH,16.296,16.914,16.236,16.435,2016359.9999999998,0.488,16.554,1.995,1.92,2.743,1,交易,5.9916150200510385,8.4875,124190.68736141906,0.9787158566867682,0.959914863426747,1.0072406449650138
2012-02-28,600444.SH,16.316,16.515,15.817,16.515,2124050.0,0.485,16.17,1.995,2.023,2.889,1,交易,5.716510903426792,8.06524962926347,134289.05607890245,0.9791099000908265,0.9577353920678171,0.9791099000908265
2012-02-29,600444.SH,16.316,17.333,16.316,17.333,1366064.0,4.952,17.216,1.995,1.301,1.858,1,交易,9.328848223896662,12.541122213681783,83725.42289776907,0.9932498701898115,0.9413257947268217,0.9932498701898115
2012-03-01,600444.SH,17.552,17.812,17.253,17.273,3244671.0,-0.345,17.5,1.995,3.09,4.413,1,交易,3.914117380466802,5.680258899676375,188064.1627543036,0.9824837188412305,0.9686166629238715,1.013141897759509
2012-03-02,600444.SH,17.154,18.131,16.994,17.772,2611561.0,2.887,17.815,1.995,2.487,3.552,1,交易,5.003378378378378,6.897466827503015,153675.4736965988,0.9825712867464564,0.9372897247807622,1.0024195363493136
2012-03-05,600444.SH,17.852,18.57,17.612,18.111,1713039.0,1.908,17.903,1.995,1.631,2.33,1,交易,7.772961373390558,10.94543225015328,97265.44401544402,0.9640818524501884,0.9484114162627894,0.9885152669648279
2012-03-06,600444.SH,18.131,18.649,17.991,18.43,2743460.0,1.762,18.308,1.995,2.613,3.732,1,交易,4.938370846730975,6.93876769996173,152490.6897893391,0.9817148372566893,0.9647166067885676,0.9933803581117743
2012-03-07,600444.SH,18.151,19.348,18.071,18.889,4256682.0,2.489,19.136,1.995,4.054,5.79,1,交易,3.262348877374784,4.477306364084854,235553.20679541805,0.9890427951209427,0.9339983460822825,1.0130763936682725
2012-03-08,600444.SH,18.829,19.068,18.55,18.729,2151525.0,-0.845,18.803,1.995,2.049,2.927,1,交易,6.39870174239836,9.189360663738409,115985.17520215633,0.9861023704636039,0.972834067547724,1.003951091889583
2012-03-09,600444.SH,18.889,19.507,18.35,19.348,1793046.0,3.301,18.789,1.995,1.708,2.439,1,交易,7.932759327593275,11.059133489461358,97713.67847411444,0.96319270005639,0.9406879581688624,0.9711081248707878
2012-03-12,600444.SH,19.368,19.647,19.108,19.447,802854.0,0.515,19.3,1.995,0.765,1.092,1,交易,17.808608058608055,25.31764705882353,42016.642244086244,0.9823382704738638,0.9725657861251082,0.9924409934694298
2012-03-13,600444.SH,19.427,19.747,19.148,19.328,1201958.0,-0.615,19.417,1.995,1.145,1.635,1,交易,11.821406727828746,16.966812227074236,62771.98663045749,0.9832886008001216,0.9696662784220388,1.0046047185430464
2012-03-14,600444.SH,19.487,19.607,18.37,18.37,2915220.0,-4.954,18.78,1.995,2.776,3.965,1,交易,4.633039092055486,7.019812680115273,158694.6107784431,0.9578211863110114,0.9369102871423473,1.0223189983669025
2012-03-15,600444.SH,18.35,19.088,17.473,18.689,2486300.0,1.737,18.406,1.995,2.368,3.382,1,交易,5.52602010644589,7.749155405405406,142293.82475819837,0.9642707460184408,0.915391869237217,0.9848574027502809
2012-03-16,600444.SH,18.729,19.527,18.47,19.228,1015482.0,2.882,18.994,1.995,0.967,1.381,1,交易,13.923244026068067,19.368148914167527,54980.07579859231,0.9727044604906027,0.9458698212731089,0.987830247555648
2012-06-25,600444.SH,18.27,18.27,18.27,18.27,216000.0,-4.979,18.27,1.995,0.206,0.294,1,交易,62.142857142857146,88.68932038834951,11822.660098522168,1.0,1.0,1.0
2012-06-26,600444.SH,17.353,17.353,17.353,17.353,25300.0,-5.022,17.353,1.995,0.024,0.034,1,交易,510.38235294117646,723.0416666666667,1457.9611594536966,1.0,1.0,1.0
2012-06-27,600444.SH,16.495,18.131,16.495,17.173,2959695.0,-1.034,16.853,1.995,2.819,4.026,1,交易,4.265524093392946,5.851365732529266,179429.8272203698,0.9295129888037065,0.9097678010038057,0.9813660979444478
2012-06-28,600444.SH,16.655,17.114,16.455,16.475,1245833.0,-4.065,16.702,1.995,1.187,1.695,1,盘中停牌,9.71976401179941,14.031171019376579,75711.516256457,0.9759261423396051,0.961493514082038,1.0137784522003035
2012-06-29,600444.SH,16.356,16.655,15.957,16.535,402694.0,0.363,16.454,1.995,0.384,0.548,1,交易,30.173357664233574,42.59375,25236.19728019051,0.9879315520864604,0.9580906634644251,0.99510130027215
2012-07-02,600444.SH,16.675,16.814,16.396,16.655,561117.0,0.724,16.596,1.995,0.534,0.763,1,交易,21.828309305373526,31.226591760299627,34222.79824347402,0.9870346140121328,0.9751397644819794,0.9964575202641849
2012-07-03,600444.SH,16.555,16.894,16.475,16.495,570055.0,-0.958,16.544,1.995,0.543,0.775,1,交易,21.283870967741937,30.488029465930016,34601.21396054628,0.9792825855333256,0.9751982952527526,1.0029705971506517
2012-07-04,600444.SH,16.495,16.635,15.678,15.757,1270117.0,-4.474,15.83,1.995,1.21,1.728,1,交易,9.11863425925926,13.632231404958679,81012.69294552876,0.9516080553050795,0.9424706943192065,1.0046328615853273
2012-07-05,600444.SH,15.478,15.498,14.979,14.979,1071000.0,-4.937,15.028,1.995,1.02,1.457,1,交易,10.280713795470144,15.174509803921568,71500.10014019629,0.9696735062588722,0.9665118079752226,1.0032712464116431
2012-07-06,600444.SH,14.76,15.418,14.76,15.299,803242.0,2.13,15.134,1.995,0.765,1.093,1,交易,13.99725526075023,19.294117647058822,54420.18970189702,0.9815799714619277,0.9573226099364379,0.9892149813713316
2012-07-09,600444.SH,15.318,15.318,14.541,14.88,624225.0,-2.738,14.857,1.995,0.594,0.849,1,交易,17.526501766784452,25.78787878787879,42928.615638539304,0.9699046872959917,0.9492753623188406,0.9984543010752687
2012-07-10,600444.SH,14.88,14.88,14.441,14.68,269524.0,-1.34,14.638,1.995,0.257,0.367,1,交易,40.0,57.8988326848249,18663.804445675505,0.9837365591397849,0.970497311827957,0.9971389645776567
2012-07-11,600444.SH,14.7,15.019,14.481,14.84,341252.0,1.087,14.769,1.995,0.325,0.464,1,交易,31.982758620689655,45.230769230769226,23565.499620191975,0.9833544177375324,0.9641787069711698,0.9952156334231806
2012-07-12,600444.SH,14.76,15.239,14.72,15.179,297200.0,2.285,15.029,1.995,0.283,0.404,1,交易,37.57178217821782,52.15547703180212,20190.217391304348,0.9862195682131373,0.9659426471553252,0.990117926082087
2012-07-13,600444.SH,15.059,15.358,14.959,15.338,300847.0,1.051,15.239,1.995,0.287,0.409,1,交易,37.50122249388753,52.47038327526133,20111.437930342938,0.9922515952597994,0.9740200546946216,0.9935454426913549
2012-07-16,600444.SH,15.279,15.737,15.259,15.279,826421.9999999999,-0.39,15.494,1.995,0.787,1.124,1,交易,13.59341637010676,19.414231257941548,54159.6434890884,0.984558683357692,0.9696257228188346,1.0140716015446036
2012-07-17,600444.SH,15.179,15.518,14.959,15.418,439957.0,0.914,15.29,1.995,0.419,0.598,1,交易,25.782608695652172,36.22673031026253,29410.856340664483,0.9853073849722901,0.9639773166645186,0.9916980153067843
2012-07-18,600444.SH,15.438,16.196,15.259,16.196,989470.9999999999,5.045,15.946,1.995,0.942,1.346,1,交易,12.032689450222882,16.388535031847134,64845.07503768267,0.9845640898987403,0.9421462089404791,0.9845640898987403
2012-07-19,600444.SH,16.316,16.735,16.156,16.515,786486.0,1.97,16.466,1.995,0.749,1.07,1,交易,15.434579439252335,21.783711615487316,48680.737806387726,0.9839259037944429,0.9654018524051389,0.9970330003027551
2012-07-20,600444.SH,16.595,16.615,16.156,16.416,406371.0,-0.604,16.317,1.995,0.387,0.553,1,交易,29.68535262206148,42.88113695090439,25152.94627383016,0.9820643996388806,0.9723743605176046,0.993969298245614
2012-07-23,600444.SH,16.236,16.236,15.957,16.156,323971.0,-1.58,16.067,1.995,0.309,0.441,1,交易,36.63492063492063,52.54368932038835,20302.75114369869,0.9895910322739591,0.9828159645232816,0.9944912106957169
2012-07-24,600444.SH,16.156,16.156,15.857,16.096,251301.00000000003,-0.37,16.001,1.995,0.239,0.342,1,交易,47.06432748538011,67.59832635983264,15847.953585167437,0.9904060410992821,0.9814929437979698,0.9940979125248509
2012-07-25,600444.SH,16.116,16.555,16.056,16.196,380610.0,0.62,16.307,1.995,0.362,0.518,1,交易,31.26640926640927,44.51933701657459,23705.156950672645,0.9850196315312594,0.9698580489278165,1.006853544084959
2012-07-26,600444.SH,16.316,16.396,16.017,16.196,286329.0,0.0,16.274,1.995,0.273,0.389,1,交易,41.63496143958869,59.76556776556776,17876.568645813823,0.9925591607709198,0.9768846060014637,1.004816003951593
2012-07-27,600444.SH,16.196,16.316,16.056,16.216,204667.0,0.123,16.163,1.995,0.195,0.278,1,交易,58.33093525179856,83.05641025641026,12747.07274539113,0.9906227016425595,0.984064721745526,0.9967316230883078
2012-07-30,600444.SH,15.398,15.398,15.398,15.398,362900.0,-5.043,15.398,1.995,0.346,0.494,1,交易,31.170040485829958,44.50289017341041,23567.995843616056,1.0,1.0,1.0
2012-07-31,600444.SH,14.62,14.62,14.62,14.62,17700.0,-5.052,14.62,1.995,0.017,0.024,1,交易,609.1666666666666,859.9999999999999,1210.670314637483,1.0,1.0,1.0
2012-08-01,600444.SH,13.882,14.241,13.882,13.882,1731504.0,-5.048,13.904,1.995,1.649,2.355,1,交易,5.894692144373673,8.418435415403275,124730.1541564616,0.976335931465487,0.9747910961308897,1.0015847860538827
2012-08-02,600444.SH,13.882,13.882,13.384,13.563,426793.0,-2.299,13.58,1.995,0.406,0.581,1,盘中停牌,23.34423407917384,34.19211822660098,31888.29946204423,0.9782452096239735,0.9641262065984729,1.001253410012534
2012-08-03,600444.SH,13.483,13.842,13.424,13.803,549048.0,1.765,13.628,1.995,0.523,0.747,1,交易,18.477911646586346,25.780114722753346,40900.4767580453,0.9845398063863603,0.969802051726629,0.9873215967543287
2012-08-06,600444.SH,13.763,14.461,13.583,14.062,610018.0,1.879,14.029,1.995,0.581,0.83,1,交易,16.942168674698795,23.68846815834768,44910.402709268936,0.9701265472650578,0.9392849733766683,0.9976532498933296
2012-08-07,600444.SH,13.862,14.76,13.862,14.7,815182.0,4.539,14.601,1.995,0.776,1.109,1,交易,13.255184851217312,17.86340206185567,58806.95426345405,0.9892276422764228,0.939159891598916,0.9932653061224491
2012-08-08,600444.SH,14.441,14.92,14.441,14.78,238113.0,0.543,14.717,1.995,0.227,0.324,1,交易,45.61728395061728,63.61674008810573,16488.678069385776,0.9863941018766756,0.9678954423592494,0.9957374830852505
2012-08-09,600444.SH,14.78,15.179,14.66,15.079,290818.0,2.024,14.955,1.995,0.277,0.396,1,交易,38.07828282828283,53.35740072202165,19837.517053206004,0.9852427696159167,0.9658080242440213,0.9917766430134624
2012-08-10,600444.SH,15.079,15.318,14.9,15.279,321286.0,1.323,15.204,1.995,0.306,0.437,1,交易,34.963386727688786,49.27777777777778,21562.81879194631,0.9925577751664709,0.9727118422770598,0.9950913017867662
2012-08-13,600444.SH,15.518,15.757,15.119,15.159,533782.0,-0.783,15.436,1.995,0.508,0.726,1,交易,20.8801652892562,30.54724409448819,35305.37733977115,0.9796281017960272,0.9595100590213873,1.0182729731512632
2012-08-14,600444.SH,15.139,15.777,15.139,15.578,450067.0,2.763,15.426,1.995,0.429,0.612,1,交易,25.454248366013072,35.28904428904429,29728.978135940288,0.9777524244152881,0.9595613868289282,0.9902426498908717
2012-08-15,600444.SH,15.358,15.697,15.358,15.638,179816.0,0.384,15.538,1.995,0.171,0.245,1,交易,63.82857142857143,89.81286549707602,11708.295350957156,0.9898706759253362,0.9784035165955279,0.9936053203734493
2012-08-16,600444.SH,15.378,15.697,15.378,15.618,173400.0,-0.128,15.582,1.995,0.165,0.236,1,交易,66.17796610169492,93.2,11275.84861490441,0.992673759317067,0.9796776454099511,0.9976949673453708
2012-08-17,600444.SH,15.737,15.737,15.478,15.538,154022.0,-0.511,15.561,1.995,0.147,0.21,1,交易,73.9904761904762,107.05442176870748,9951.027264504459,0.9888161657240897,0.9835419711507911,1.0014802419873858
2012-08-20,600444.SH,15.358,15.558,14.959,15.518,163921.0,-0.128,15.36,1.995,0.156,0.223,1,交易,69.58744394618834,98.44871794871796,10958.018584129955,0.9872734284612418,0.9614989073145649,0.989818275550973
2012-08-21,600444.SH,15.458,15.957,15.458,15.737,246900.0,1.414,15.717,1.995,0.235,0.336,1,交易,46.83630952380952,65.77872340425532,15972.31207141933,0.9849595788682083,0.9687284577301497,0.9987291097413739
2012-08-22,600444.SH,15.897,16.515,15.737,16.396,771538.0,4.183,16.223,1.995,0.735,1.049,1,交易,15.63012392755005,21.62857142857143,49027.006417995806,0.9823191038449893,0.952891310929458,0.9894486460112222
2012-08-23,600444.SH,16.416,17.213,16.416,17.213,928769.0,4.988,16.953,1.995,0.885,1.263,1,交易,13.628661916072843,18.54915254237288,56577.058966861594,0.984895137396154,0.9536977865566723,0.984895137396154
2012-08-24,600444.SH,17.353,17.652,16.854,16.894,566268.0,-1.854,17.131,1.995,0.539,0.77,1,交易,21.940259740259737,32.1948051948052,33598.43360626558,0.9704849308860185,0.9547926580557443,1.014028649224577
2012-08-27,600444.SH,16.854,17.433,16.755,17.134,1050560.0,1.417,17.162,1.995,1.001,1.429,1,交易,11.990202939118264,16.83716283716284,62701.283199045065,0.9844547696896689,0.9611082429874376,1.0016341776584567
2012-09-03,600444.SH,18.769,18.769,16.914,17.193,2485206.0,0.349,17.831,1.995,2.367,3.38,1,交易,5.086686390532545,7.929446556822982,146931.89074139766,0.9500239757046194,0.901166817624807,1.037108125399872
2012-09-04,600444.SH,16.715,17.872,16.396,17.333,1464862.0,0.812,17.318,1.995,1.395,1.993,0,交易,8.69693928750627,11.982078853046595,89342.64454745059,0.9690017905102956,0.9174127126230976,0.9991345987422837
2012-09-05,600444.SH,17.014,17.552,16.655,16.755,712449.0,-3.337,16.876,1.995,0.679,0.969,0,交易,17.291021671826623,25.057437407952868,42776.88381867307,0.961485870556062,0.9488947128532362,1.0072217248582513
2012-09-06,600444.SH,16.814,16.814,16.156,16.376,780715.0,-2.262,16.347,1.995,0.744,1.062,0,交易,15.419962335216573,22.5994623655914,48323.53305273583,0.9722255263470918,0.9608659450457951,0.998229115779189
2012-09-07,600444.SH,16.236,16.994,16.236,16.874,979366.0,3.045,16.667,1.995,0.933,1.332,0,交易,12.668168168168167,17.40192926045016,60320.645479182065,0.9807579145580795,0.955396022125456,0.9877326063766744
2012-09-10,600444.SH,16.755,16.814,16.336,16.715,1048012.0000000001,-0.946,16.536,1.995,0.998,1.426,0,交易,11.721598877980366,16.788577154308616,64153.52595494614,0.9834661591530868,0.9715713096229331,0.9892910559377806
2012-09-11,600444.SH,16.595,17.513,16.376,17.453,1453485.0,4.415,17.014,1.995,1.384,1.977,0,交易,8.828022255943347,11.990606936416185,88757.02247191011,0.9715068806029805,0.9350768000913607,0.9748467312209935
2012-09-12,600444.SH,17.473,18.61,17.273,18.55,1908609.0,6.286,17.767,1.995,1.818,2.596,0,交易,7.145608628659476,9.61111111111111,110496.67110519308,0.9547017732401935,0.9281569048898441,0.9577897574123988
2012-09-13,600444.SH,18.53,18.53,17.752,17.931,1202444.0,-3.333,18.133,1.995,1.145,1.636,0,交易,10.960268948655258,16.183406113537117,67735.69175304192,0.9785752833243389,0.9580140313005935,1.0112654062796274
2012-09-14,600444.SH,18.051,18.29,17.632,17.672,593580.0,-1.446,17.919,1.995,0.565,0.807,0,交易,21.898389095415116,31.94867256637168,33664.92740471869,0.9797156916347731,0.9640240568616731,1.0139769126301494
2012-09-17,600444.SH,17.473,18.35,17.473,17.931,1058570.0,1.467,18.013,1.995,1.008,1.44,0,交易,12.452083333333334,17.334325396825395,60583.18548617868,0.9816348773841962,0.9522070844686648,1.0045730857174726
2012-09-18,600444.SH,17.872,18.35,17.572,18.151,722237.0,1.224,18.171,1.995,0.688,0.982,0,交易,18.483706720977597,25.976744186046513,41101.582062371956,0.9902452316076293,0.9576021798365122,1.0011018676656933
2012-09-19,600444.SH,17.971,18.51,17.951,18.37,1410264.0,1.209,18.248,1.995,1.343,1.918,0,交易,9.577685088633995,13.381236038719285,78561.86284886635,0.9858454889249054,0.9698001080497028,0.993358737071312
2012-09-20,600444.SH,18.37,18.47,17.552,17.911,756171.0,-2.497,17.982,1.995,0.72,1.029,0,交易,17.40621963070943,25.513888888888893,43081.75706472197,0.9735787763941527,0.9502977801840823,1.0039640444419629
2012-09-21,600444.SH,17.672,18.191,17.552,17.951,742000.0,0.223,17.891,1.995,0.707,1.009,0,交易,17.79088206144698,24.995756718528998,42274.384685505924,0.9835083282942114,0.9648727392666704,0.9966575678235194
2012-09-24,600444.SH,17.971,18.151,17.632,17.712,277735.0,-1.333,17.827,1.995,0.265,0.378,0,交易,46.857142857142854,67.81509433962263,15751.758166969146,0.9821497438157678,0.9714065340752577,1.006492773261066
2012-09-25,600444.SH,17.712,18.35,17.712,17.991,465308.0,1.577,17.985,1.995,0.443,0.633,0,交易,28.421800947867297,39.98194130925508,26270.77687443541,0.980108991825613,0.9652316076294277,0.9996664999166249
2012-09-26,600444.SH,17.991,18.171,16.954,17.632,586117.0,-1.996,17.617,1.995,0.558,0.797,0,交易,22.12296110414053,32.24193548387096,34571.015689512795,0.9695118595564362,0.9330251499642288,0.9991492740471869
2012-09-27,600444.SH,17.513,18.131,17.513,17.951,379566.0,1.81,17.87,1.995,0.361,0.516,0,交易,34.78875968992248,48.51246537396123,21673.385485068233,0.9856047653190668,0.9659147316750318,0.9954877165617515
2012-09-28,600444.SH,18.251,18.55,17.692,18.37,759199.0,2.333,18.249,1.995,0.723,1.033,0,交易,17.78315585672798,25.243430152143848,42911.9941216369,0.9837735849056602,0.9537466307277628,0.9934131736526944
2012-10-08,600444.SH,18.49,18.55,18.071,18.231,466134.0,-0.76,18.257,1.995,0.444,0.634,0,交易,28.755520504731862,41.64414414414414,25794.58801394499,0.9842048517520217,0.974177897574124,1.0014261422851187
2012-10-09,600444.SH,18.33,18.63,17.951,18.43,1114641.0,1.094,18.329,1.995,1.062,1.516,0,交易,12.156992084432718,17.259887005649716,62093.53239373851,0.9838432635534086,0.9635534084809448,0.994519804666305
2012-10-10,600444.SH,18.47,18.769,18.151,18.669,750808.0,1.299,18.448,1.995,0.715,1.021,0,交易,18.285014691478946,25.832167832167833,41364.55291719465,0.9828973307048858,0.9670733656561352,0.9881621940114629
2012-10-11,600444.SH,18.51,18.55,18.33,18.45,464068.99999999994,-1.175,18.441,1.995,0.442,0.631,0,交易,29.239302694136292,41.87782805429865,25317.457719585378,0.9941239892183288,0.9881401617250672,0.9995121951219512
2012-10-12,600444.SH,18.37,20.305,18.35,20.305,1531881.0,10.054,20.005,1.995,1.459,2.084,0,交易,9.743282149712092,12.590815627141877,83481.25340599455,0.9852253139620782,0.9037182959862103,0.9852253139620782
2012-10-15,600444.SH,21.701,22.339,20.764,21.262,6235004.0,4.715,21.651,1.995,5.938,8.481,0,交易,2.5070156821129586,3.6545975075783095,300279.5222500482,0.9692018443081607,0.9294955011415015,1.0182955507478129
2012-10-16,600444.SH,20.943,21.522,19.986,21.402,3855617.0,0.657,20.705,1.995,3.672,5.245,0,交易,4.08045757864633,5.703431372549019,192915.89112378666,0.9620388439736084,0.9286311681070534,0.9674329501915707
2012-10-17,600444.SH,21.043,21.462,20.684,20.764,2533804.0,-2.982,21.064,1.995,2.413,3.447,0,交易,6.0237888018566865,8.72067965188562,122500.67685167279,0.9814555959370049,0.9637498835150499,1.0144480832209595
2012-10-18,600444.SH,20.844,22.24,20.465,21.881,3141941.0,5.379,21.473,1.995,2.992,4.274,0,交易,5.119560131024802,6.966577540106952,153527.53481553873,0.9655125899280576,0.9201888489208634,0.9813536858461679
2012-10-19,600444.SH,21.841,23.536,21.601,22.559,4395850.0,3.099,22.855,1.995,4.187,5.979,0,交易,3.7730389697273794,5.216384045856222,203502.15267811675,0.9710656016315431,0.9177855200543846,1.0131211489871004
2012-10-22,600444.SH,22.579,23.417,22.18,22.599,2482179.0,0.177,22.948,1.995,2.364,3.376,0,交易,6.694016587677726,9.55118443316413,111910.68530207394,0.9799718153478242,0.9471751291796557,1.015443161201823
2012-10-23,600444.SH,22.339,22.539,21.641,21.961,1531261.0,-2.824,21.992,1.995,1.458,2.083,0,交易,10.54296687469995,15.321673525377228,70757.40492583523,0.9757309552331515,0.9601579484449175,1.0014115932789946
2012-10-24,600444.SH,21.941,22.339,21.282,22.32,832453.0000000001,1.635,21.732,1.995,0.793,1.132,0,交易,19.71731448763251,27.668348045397224,39115.3556996523,0.9728277899637405,0.952683647432741,0.9736559139784946
2012-10-25,600444.SH,22.0,22.858,21.302,21.621,1194084.0,-3.128,22.02,1.995,1.137,1.624,0,交易,13.313423645320196,19.349164467897978,56055.01830814008,0.9633388747921953,0.9319275527167731,1.018454280560566
2012-10-26,600444.SH,21.302,21.462,20.385,21.083,967482.0,-2.491,20.85,1.995,0.921,1.316,0,交易,16.020516717325226,23.12920738327904,47460.48565121413,0.9714844842046408,0.9498182834777747,0.9889484418725989
2012-10-29,600444.SH,21.023,21.123,20.365,20.465,514872.0,-2.933,20.627,1.995,0.49,0.7,0,交易,29.235714285714288,42.90408163265306,25282.199852688438,0.976518486957345,0.9641149457936845,1.0079159540679208
2012-10-30,600444.SH,20.524,20.923,20.485,20.524,506822.99999999994,0.292,20.703,1.995,0.483,0.689,0,交易,29.788098693759075,42.492753623188406,24741.176470588234,0.989485255460498,0.9790660995077188,1.0087214967842526
2012-10-31,600444.SH,20.724,20.724,18.47,20.445,1798997.0,-0.389,19.703,1.995,1.713,2.447,0,交易,8.355128729055988,12.098073555166375,97401.02869518138,0.9507334491410924,0.8912372128932637,0.9637075079481535
2012-11-01,600444.SH,19.966,20.524,19.766,20.385,786195.0,-0.293,20.177,1.995,0.749,1.069,0,交易,19.069223573433117,26.65687583444593,39775.118891025,0.9830929643344377,0.9630676281426621,0.9897964189354916
2012-11-02,600444.SH,20.185,20.345,19.747,19.826,608340.0,-2.74,19.931,1.995,0.579,0.827,0,交易,23.973397823458285,34.861830742659755,30806.704815921406,0.9796510199066111,0.9706070287539936,1.0052960758599818
2012-11-05,600444.SH,19.826,21.801,19.148,21.801,1668098.0,9.96,21.062,1.995,1.589,2.269,0,交易,9.608197443807844,12.477029578351164,87116.04345101316,0.9661024723636532,0.8783083344800697,0.9661024723636532
2012-11-06,600444.SH,21.761,22.3,21.143,21.542,1662447.0,-1.189,21.651,1.995,1.583,2.261,0,交易,9.527642636001769,13.746683512318382,78628.71872487348,0.970896860986547,0.9481165919282512,1.0050598830192181
2012-11-07,600444.SH,21.442,22.838,21.143,22.04,1567534.0,2.315,22.205,1.995,1.493,2.132,0,交易,10.337711069418386,14.361687876758204,74139.62067823866,0.9722830370435238,0.9257815920833699,1.007486388384755
2012-11-08,600444.SH,21.741,22.479,20.943,21.143,1063636.0,-4.072,21.662,1.995,1.013,1.447,0,交易,14.611610228058051,21.461994076999016,50787.1842620446,0.9636549668579563,0.9316695582543708,1.024547131438301
2012-11-09,600444.SH,20.544,21.282,20.405,20.465,676861.0,-3.208,20.822,1.995,0.645,0.921,0,交易,22.220412595005428,31.851162790697675,33171.330556236215,0.9783854900855182,0.9587914669673904,1.0174444172978254
2012-11-12,600444.SH,20.704,20.903,20.205,20.385,422078.0,-0.39,20.451,1.995,0.402,0.574,0,交易,35.51393728222997,51.50248756218905,20889.779757485772,0.9783763096206287,0.9666076639716786,1.0032376747608536
2012-11-13,600444.SH,20.385,20.385,19.567,19.926,413418.0,-2.25,19.917,1.995,0.394,0.562,0,交易,35.45551601423487,51.73857868020305,21128.328307865282,0.9770419426048566,0.9598724552366936,0.9995483288166217
2012-11-14,600444.SH,20.026,20.046,19.368,19.866,373888.0,-0.3,19.735,1.995,0.356,0.509,0,交易,39.02946954813359,56.252808988764045,19304.419661296986,0.9844856829292628,0.9661777910805148,0.9934058189872144
2012-11-15,600444.SH,19.727,20.125,19.407,19.747,379501.0,-0.602,19.89,1.995,0.361,0.516,0,交易,38.269379844961236,54.64542936288089,19554.85134229917,0.9883229813664597,0.9643229813664597,1.0072416063199474
2012-11-16,600444.SH,20.325,20.325,19.348,19.507,226411.0,-1.212,19.463,1.995,0.216,0.308,0,交易,63.33441558441559,94.09722222222221,11702.036386189788,0.957589175891759,0.9519311193111931,0.9977443994463525
2012-11-19,600444.SH,19.607,19.607,18.949,19.507,420230.0,0.0,19.241,1.995,0.4,0.572,0,交易,34.10314685314686,49.0175,22176.89587841047,0.9813331973274851,0.9664405569439487,0.9863638693802224
2012-11-20,600444.SH,19.507,19.886,19.507,19.667,214100.0,0.818,19.628,1.995,0.204,0.291,0,交易,67.58419243986255,95.62254901960786,10975.547239452504,0.987026048476315,0.9809413657849745,0.998016982763004
2012-11-21,600444.SH,19.567,19.886,19.268,19.547,256081.0,-0.609,19.578,1.995,0.244,0.348,0,交易,56.169540229885065,80.19262295081967,13290.481627569026,0.9845117167856784,0.9689228603037313,1.0015859211132143
2012-11-22,600444.SH,19.627,21.382,19.627,20.445,802712.0,4.592,20.465,1.995,0.764,1.092,0,交易,18.72252747252747,25.689790575916227,40898.35430784124,0.9571134599195584,0.9179216163127863,1.0009782342871116
2012-11-23,600444.SH,20.205,20.504,20.066,20.205,356043.0,-1.171,20.242,1.995,0.339,0.484,0,交易,41.74586776859504,59.60176991150441,17743.596132761886,0.9872220054623488,0.9786383144752242,1.0018312298935907
2012-11-26,600444.SH,20.425,20.425,19.946,20.046,269900.0,-0.79,20.103,1.995,0.257,0.367,0,交易,54.62125340599455,79.47470817120623,13531.535144891206,0.9842350061199511,0.9765483476132192,1.0028434600419038
2012-11-27,600444.SH,19.707,19.707,18.45,18.649,386753.0,-6.965,19.11,1.995,0.368,0.526,0,交易,35.454372623574145,53.55163043478261,20962.222222222223,0.9697061957680011,0.9362155579235804,1.0247198241192557
2012-11-28,600444.SH,18.649,18.649,17.253,17.612,523910.00000000006,-5.561,17.865,1.995,0.499,0.713,0,交易,24.70126227208976,37.37274549098196,30366.313104967256,0.9579602123438252,0.9251434393265054,1.014365205541676
2012-11-29,600444.SH,17.612,17.692,16.615,17.333,578683.0,-1.586,17.179,1.995,0.551,0.787,0,交易,22.024142312579414,31.963702359346637,34828.94974420704,0.971003843545105,0.939125028261361,0.9911152137541107
2012-11-30,600444.SH,17.154,17.752,17.154,17.493,349210.0,0.921,17.523,1.995,0.333,0.475,0,交易,36.82736842105263,51.51351351351351,20357.351055147486,0.9871000450653448,0.9663136547994593,1.001714971702967
2012-12-03,600444.SH,17.393,17.812,17.233,17.473,467593.99999999994,-0.114,17.523,1.995,0.445,0.636,0,交易,27.47327044025157,39.08539325842697,27133.63894852898,0.9837749831574218,0.967493824388053,1.0028615578320839
2012-12-04,600444.SH,17.473,17.832,17.114,17.473,389429.0,0.0,17.324,1.995,0.371,0.53,0,交易,32.967924528301886,47.097035040431265,22754.995909781464,0.971511888739345,0.9597353073126963,0.9914725576603904
2012-12-05,600444.SH,17.353,18.31,17.353,17.752,799902.0,1.598,17.814,1.995,0.762,1.088,0,交易,16.316176470588232,22.772965879265094,46095.89120036881,0.9729109776078646,0.9477334789732388,1.0034925642181163
2012-12-06,600444.SH,17.872,18.63,17.872,17.951,719274.0,1.124,18.155,1.995,0.685,0.978,0,交易,18.35480572597137,26.090510948905106,40245.85944494181,0.9745034889962427,0.9593129361245304,1.0113642694000335
2012-12-07,600444.SH,17.732,18.37,17.712,18.191,430767.0,1.333,18.129,1.995,0.41,0.586,0,交易,31.042662116040955,43.24878048780488,24320.630081300813,0.9868807838867719,0.9641807294501905,0.9965917211808039
2012-12-10,600444.SH,18.171,18.43,17.971,18.43,665179.0,1.316,18.281,1.995,0.634,0.905,0,交易,20.3646408839779,28.660883280757098,37014.022591953704,0.9919153553988063,0.9750949538795443,0.9919153553988063
2012-12-11,600444.SH,18.43,18.55,17.752,18.011,588622.0,-2.273,18.154,1.995,0.561,0.801,0,交易,22.4856429463171,32.85204991087344,33158.06669671023,0.9786522911051212,0.9569811320754716,1.0079395924712675
2012-12-12,600444.SH,17.951,18.171,17.672,17.772,425609.0,-1.329,17.874,1.995,0.405,0.579,0,交易,30.694300518134714,44.32345679012346,24083.804889090086,0.9836552748885586,0.9725386605029993,1.0057393652937205
2012-12-13,600444.SH,17.772,17.931,16.794,16.874,649215.0,-5.051,17.379,1.995,0.618,0.883,0,交易,19.109852774631936,28.757281553398055,38657.55627009646,0.9692153254140874,0.936590262673582,1.029927699419225
2012-12-14,600444.SH,17.034,17.892,17.034,17.652,602932.0,4.61,17.53,1.995,0.574,0.82,0,交易,21.526829268292687,29.67595818815331,35395.7966420101,0.979767493852001,0.9520456069751844,0.9930886018581464
2012-12-17,600444.SH,17.652,19.427,17.652,19.427,2268819.0,10.056,19.107,1.995,2.161,3.086,0,交易,6.295204147764096,8.168440536788523,128530.42148198503,0.9835280794770165,0.9086323158490761,0.9835280794770165
2012-12-18,600444.SH,19.766,20.385,19.547,20.205,2805021.0,4.004,20.037,1.995,2.671,3.815,0,交易,5.296199213630406,7.400224634968176,143501.35570675807,0.9829286239882266,0.9588913416727985,0.9916852264291017
2012-12-19,600444.SH,20.485,20.544,19.427,19.846,1552976.0,-1.777,19.88,1.995,1.479,2.112,0,交易,9.396780303030303,13.850574712643677,79939.05389406496,0.9676791277258566,0.9456288940809968,1.0017131915751285
2012-12-20,600444.SH,19.747,20.106,19.208,19.926,1721023.0,0.402,19.605,1.995,1.639,2.341,0,交易,8.51174711661683,12.048200122025625,89599.28154935445,0.9750820650552073,0.9553367154083356,0.9838903944595002
2012-12-21,600444.SH,19.667,19.986,19.547,19.766,1339914.0,-0.801,19.779,1.995,1.276,1.823,0,交易,10.84256719692814,15.413009404388715,68548.31943520745,0.9896427499249474,0.9780346242369659,1.000657695031873
2012-12-24,600444.SH,19.826,21.502,19.547,20.744,2058608.0000000002,4.945,20.724,1.995,1.961,2.8,0,交易,7.408571428571429,10.11014788373279,105315.802936512,0.9638173193191332,0.9090782252813693,0.9990358657925184
2012-12-25,600444.SH,20.564,21.442,20.445,21.003,1870675.0,1.25,21.104,1.995,1.782,2.545,0,交易,8.252652259332024,11.539842873176207,91497.92125213989,0.984236545098405,0.9535024717843484,1.0048088368328334
2012-12-26,600444.SH,20.664,22.898,20.644,21.901,1590912.0,4.274,22.042,1.995,1.515,2.164,0,交易,10.120609981515711,13.639603960396041,77064.13485758574,0.9626168224299066,0.901563455323609,1.0064380621889413
2012-12-27,600444.SH,21.901,23.097,21.741,22.738,2881454.0,3.825,22.534,1.995,2.744,3.919,0,交易,5.80199030364889,7.981413994169095,132535.48594820846,0.9756245399835476,0.9412910767632159,0.9910282346732342
2012-12-28,600444.SH,22.639,23.496,22.04,22.539,1917631.0000000002,-0.877,22.731,1.995,1.826,2.608,0,交易,8.642254601226995,12.39813800657174,87006.85117967334,0.9674412665985701,0.9380320054477358,1.008518567815786
2012-12-31,600444.SH,22.1,22.738,22.1,22.26,899201.0,-1.239,22.447,1.995,0.856,1.223,0,交易,18.201144726083403,25.817757009345797,40687.82805429864,0.9872020406368194,0.9719412437329581,1.0084007187780772
2013-01-04,600444.SH,22.26,24.494,22.26,23.357,2974265.0,4.928,23.538,1.995,2.833,4.046,0,交易,5.772862086010875,7.8573949876456055,133614.77987421383,0.9609700334775864,0.9087939903649874,1.0077492828702317
2013-01-07,600444.SH,23.357,24.913,22.938,24.254,2650698.0,3.843,24.329,1.995,2.524,3.606,0,交易,6.726012201885746,9.253961965134707,115559.24666492284,0.9765584233131297,0.920724119937382,1.0030922734394327
2013-01-08,600444.SH,24.135,24.633,23.736,23.895,1269999.0,-1.48,24.154,1.995,1.21,1.727,0,交易,13.836132020845396,19.946280991735538,53505.182002022244,0.9805545406568424,0.9635854341736695,1.0108390876752458
2013-01-09,600444.SH,23.835,24.294,23.177,23.676,1410700.0,-0.918,23.702,1.995,1.344,1.919,0,交易,12.337675872850442,17.734375,60866.37614876818,0.9756318432534783,0.9540215691117148,1.0010981584727152
2013-01-10,600444.SH,23.357,24.115,23.357,23.995,1272004.0,1.348,23.857,1.995,1.211,1.73,0,交易,13.869942196531793,19.287365813377374,54459.219934066874,0.9893012647729629,0.968567281774829,0.9942488018337153
2013-01-11,600444.SH,24.115,24.115,23.337,23.357,1111162.0,-2.66,23.545,1.995,1.058,1.511,0,交易,15.457974851091993,22.793005671077502,47613.746411278225,0.9763632593821274,0.9677379224549036,1.0080489788928373
2013-01-14,600444.SH,23.337,25.092,23.337,24.234,1351209.0,3.757,24.366,1.995,1.287,1.838,0,交易,13.184983677910774,18.132867132867133,57899.85859364957,0.9710664753706361,0.9300573888091822,1.0054468927952462
2013-01-15,600444.SH,24.135,24.793,24.135,24.234,809815.0,0.0,24.45,1.995,0.771,1.102,0,交易,21.99092558983666,31.303501945525294,33553.55293142739,0.9861654499253821,0.9734602508772638,1.008913097301312
2013-01-16,600444.SH,24.254,25.172,24.254,24.534,1260300.0,1.235,24.619,1.995,1.2,1.714,0,交易,14.313885647607934,20.21166666666667,51962.5628762266,0.9780311457174639,0.9635309073573812,1.0034645797668542
2013-01-17,600444.SH,24.534,24.534,23.955,24.274,611499.0,-1.057,24.268,1.995,0.582,0.832,0,交易,29.17548076923077,42.154639175257735,25526.98810269255,0.9891579033178447,0.9764000978234287,0.9997528219494108
2013-01-18,600444.SH,24.314,24.573,24.075,24.454,668870.0,0.74,24.36,1.995,0.637,0.91,0,交易,26.872527472527473,38.169544740973315,27782.762201453792,0.9913319497008912,0.9797338542302527,0.9961560480902919
2013-01-21,600444.SH,24.394,24.693,24.135,24.494,366850.0,0.163,24.459,1.995,0.349,0.499,0,交易,49.08617234468938,69.89684813753581,15199.917132794695,0.990523630178593,0.9774025027335682,0.9985710786315016
2013-01-22,600444.SH,24.593,24.633,23.576,23.875,1032671.9999999999,-2.524,24.034,1.995,0.983,1.405,0,交易,16.99288256227758,25.01831129196338,43801.83237190363,0.9756830268339219,0.9570900824097756,1.0066596858638743
2013-01-23,600444.SH,23.736,24.035,22.938,23.297,1145370.0,-2.423,23.326,1.995,1.091,1.558,0,交易,14.953145057766367,21.756186984417965,49933.298456709395,0.970501352194716,0.9543582275847722,1.0012447954672274
2013-01-24,600444.SH,23.297,23.815,21.941,22.838,1781534.9999999998,-1.969,22.539,1.995,1.697,2.423,0,交易,9.425505571605449,13.728344136711844,81196.61820336356,0.9464203233256351,0.9213100986773042,0.9869077852701638
2013-01-25,600444.SH,22.439,23.137,22.1,22.838,1200800.0,0.0,22.527,1.995,1.144,1.633,0,交易,13.985303123086345,19.61451048951049,54334.84162895927,0.9736353027618101,0.9551800146950772,0.9863823452141168
2013-01-28,600444.SH,22.838,23.117,22.439,23.117,922946.9999999999,1.223,22.835,1.995,0.879,1.255,0,交易,18.4199203187251,25.98179749715586,41131.37840367217,0.9878011852749059,0.9706709348098801,0.9878011852749059
2013-01-29,600444.SH,23.018,23.357,22.679,23.137,433880.0,0.086,23.032,1.995,0.413,0.59,0,交易,39.215254237288136,55.73365617433414,19131.354998015788,0.9860855418075952,0.9709722995247677,0.9954618144098197
2013-01-30,600444.SH,23.137,23.536,22.699,23.476,706719.0,1.466,23.08,1.995,0.673,0.961,0,交易,24.428720083246617,34.378900445765225,31134.367152738003,0.9806254248810332,0.9644374575118967,0.9831317089793832
2013-01-31,600444.SH,23.476,25.83,23.357,25.83,3156305.0,10.025,25.531,1.995,3.006,4.293,0,交易,6.016771488469601,7.809713905522289,135133.15066147194,0.9884243128145568,0.9042586140147116,0.9884243128145568
2013-02-01,600444.SH,26.428,27.127,25.551,25.73,3953151.0,-0.386,26.24,1.995,3.765,5.377,0,交易,4.785196206062861,7.019389110225764,154716.09721733007,0.9673019500866296,0.9419029011685774,1.0198212203653323
2013-02-04,600444.SH,25.032,25.331,24.553,24.952,1529324.0,-3.023,24.972,1.995,1.456,2.08,0,交易,11.996153846153847,17.192307692307693,62286.64521647049,0.9858276420196598,0.9692866448225494,1.0008015389547933
2013-02-05,600444.SH,24.633,25.052,24.254,24.693,1048707.0,-1.039,24.627,1.995,0.999,1.426,0,交易,17.316269284712483,24.65765765765766,43238.51735796157,0.983035286603864,0.9681462557879611,0.99732717774268
2013-02-06,600444.SH,24.693,25.79,24.693,25.611,2377826.0,3.716,25.427,1.995,2.265,3.234,0,交易,7.919294990723563,10.901986754966888,96295.5493459685,0.9859247770453664,0.957464133385033,0.9928155870524383
2013-02-07,600444.SH,25.351,26.468,25.232,25.252,1267168.0,-1.402,25.795,1.995,1.207,1.724,0,交易,14.647331786542923,21.003314001657,50220.67216233355,0.9745730693667826,0.9533021006498413,1.0215032472675434
2013-02-08,600444.SH,24.693,26.987,24.553,26.129,1951449.0000000002,3.476,26.297,1.995,1.859,2.654,0,交易,9.845139412207988,13.28294782140936,79479.04533050951,0.9744321339904399,0.9098084262793198,1.0064296375674537
2013-02-18,600444.SH,26.129,27.505,26.129,26.987,1748966.0,3.282,26.918,1.995,1.666,2.379,0,交易,11.343841950399327,15.683673469387756,66935.81843928203,0.9786584257407744,0.9499727322305036,0.9974432133990441
2013-02-19,600444.SH,26.887,27.525,26.568,27.127,949749.0,0.517,26.873,1.995,0.905,1.292,0,交易,20.99613003095975,29.70939226519337,35747.85456187895,0.9763124432334243,0.965231607629428,0.990636635086814
2013-02-20,600444.SH,27.127,27.146,25.83,26.528,1548452.0,-2.206,26.442,1.995,1.475,2.106,0,交易,12.59639126305793,18.391186440677963,59947.81262098336,0.974066160760333,0.9515214027849406,0.9967581423401689
2013-02-21,600444.SH,26.289,27.366,25.232,25.272,1930525.0,-4.737,25.894,1.995,1.839,2.626,0,交易,9.623762376237623,14.295269168026103,76510.97812301839,0.9462106263246364,0.922020024848352,1.0246122190566636
2013-02-22,600444.SH,25.132,25.69,25.012,25.411,1154755.0,0.552,25.358,1.995,1.1,1.571,0,交易,16.175047740292808,22.847272727272728,46168.039341116266,0.9870766835344492,0.973608407940833,0.9979142890874031
2013-02-25,600444.SH,25.391,25.97,25.391,25.85,563161.0,1.727,25.643,1.995,0.536,0.766,0,交易,33.7467362924282,47.37126865671641,22179.55180969635,0.9874085483249905,0.9777050442818637,0.9919922630560928
2013-02-26,600444.SH,26.089,26.608,24.972,25.411,715309.0,-1.698,25.567,1.995,0.681,0.973,0,交易,26.116135662898255,38.309838472834066,28644.44177478776,0.9608764281419122,0.9385147324113049,1.0061390736295304
2013-02-27,600444.SH,25.192,25.73,25.032,25.072,455439.99999999994,-1.334,25.292,1.995,0.434,0.62,0,交易,40.438709677419354,58.046082949308754,18194.3112815596,0.982977069568597,0.9728721336960746,1.0087747287811104
2013-02-28,600444.SH,25.631,25.69,24.414,25.411,1242180.0,1.352,25.059,1.995,1.183,1.69,0,交易,15.036094674556214,21.666103127641588,50879.82305234701,0.9754379135850525,0.9503308680420397,0.9861477312974696
2013-03-01,600444.SH,25.411,25.531,24.633,25.192,1144273.0,-0.863,24.984,1.995,1.09,1.556,0,交易,16.190231362467866,23.312844036697246,46452.84780578898,0.9785750656065176,0.9648270729701147,0.9917434106065418
2013-03-04,600444.SH,24.992,25.152,23.955,24.314,734489.0,-3.484,24.58,1.995,0.7,0.999,0,交易,24.33833833833834,35.70285714285715,30661.198079732836,0.9772582697201017,0.9524093511450381,1.0109401990622686
2013-03-05,600444.SH,24.035,24.653,24.035,24.474,499925.0,0.656,24.335,1.995,0.476,0.68,0,交易,35.991176470588236,50.4936974789916,20799.87518202621,0.9871009613434472,0.9749320569504726,0.9943205033913541
2013-03-06,600444.SH,24.494,24.793,24.254,24.673,1080967.0,0.815,24.547,1.995,1.029,1.47,0,交易,16.7843537414966,23.803692905733723,44568.607240042875,0.990077844552898,0.9782599927398863,0.9948932030965023
2013-03-07,600444.SH,24.534,24.932,24.294,24.394,574300.0,-1.132,24.577,1.995,0.547,0.781,0,交易,31.23431498079385,44.851919561243136,23639.581789742322,0.9857612706561849,0.9744103962778758,1.0075018447159139
2013-03-08,600444.SH,24.693,24.693,23.935,24.135,475487.0,-1.063,24.329,1.995,0.453,0.647,0,交易,37.30293663060279,54.50993377483444,19865.76143722582,0.9852589802778114,0.9693030413477502,1.0080381189144396
2013-03-11,600444.SH,24.135,24.135,23.377,23.596,443700.0,-2.231,23.697,1.995,0.423,0.604,0,交易,39.06622516556291,57.05673758865249,18980.194207982207,0.9818520820385331,0.968593329189973,1.0042803865061876
2013-03-12,600444.SH,23.257,23.915,22.14,22.539,805091.0,-4.48,22.89,1.995,0.767,1.095,0,交易,20.58356164383562,30.322033898305087,36363.64046973803,0.9571398703742422,0.9257787999163706,1.0155730067882336
2013-03-13,600444.SH,22.499,23.137,22.339,22.918,579971.0,1.681,22.741,1.995,0.552,0.789,0,交易,29.046894803548795,40.759057971014485,25962.26330632526,0.9828845572027488,0.9655097895146302,0.9922768129854264
2013-03-14,600444.SH,22.918,24.095,22.918,23.536,744969.0,2.698,23.639,1.995,0.709,1.013,0,交易,23.233958538993093,32.324400564174894,32505.846932542107,0.9810749118074289,0.9511516912222453,1.0043762746430998
2013-03-15,600444.SH,23.596,23.915,23.097,23.197,583236.0,-1.441,23.379,1.995,0.555,0.793,0,交易,29.252206809583857,42.51531531531531,25251.591115729316,0.9775872883127745,0.9657955258206148,1.007845842134759
2013-03-18,600444.SH,23.197,23.536,22.738,22.758,526945.0,-1.892,22.879,1.995,0.502,0.717,0,交易,31.740585774058577,46.20916334661354,23174.641569179348,0.9720853161114887,0.9660944935418082,1.0053168116706215
2013-03-19,600444.SH,22.758,22.918,22.659,22.918,301884.0,0.701,22.795,1.995,0.288,0.411,0,交易,55.76155717761557,79.02083333333334,13322.918045809613,0.9946330395322455,0.9886988393402566,0.9946330395322455
2013-03-20,600444.SH,22.758,23.437,22.758,23.317,520526.0,1.741,23.09,1.995,0.496,0.708,0,交易,32.93361581920904,45.88306451612903,22872.22075753581,0.9851943508128173,0.9710287152792592,0.9902646138010893
2013-03-21,600444.SH,23.496,24.553,23.097,24.494,1315219.0,5.047,24.086,1.995,1.253,1.789,0,交易,13.691447736165456,18.751795690343176,56943.282677403986,0.980979920987252,0.9406997108296339,0.9833428594757899
2013-03-22,600444.SH,24.354,24.733,24.135,24.434,698990.0,-0.244,24.533,1.995,0.666,0.951,0,交易,25.692954784437436,36.567567567567565,28961.67391754713,0.9919136376501031,0.9758217765738083,1.0040517311942376
2013-03-26,600444.SH,22.0,24.334,22.0,23.716,2906628.0,-2.939,23.172,1.995,2.768,3.954,0,交易,5.997976732422863,7.947976878612717,132119.45454545456,0.9522478836196269,0.9040848195939838,0.9770618991398212
2013-03-27,600444.SH,22.958,23.656,22.958,22.978,1075850.0,-3.112,23.239,1.995,1.025,1.463,0,交易,15.706083390293918,22.398048780487805,46861.66042338183,0.9823723368278662,0.9704937436591139,1.0113586909217511
2013-03-28,600444.SH,23.038,23.417,22.639,23.137,1013565.0,0.694,23.144,1.995,0.965,1.379,0,交易,16.778100072516317,23.87357512953368,44770.74959141305,0.9883418029636587,0.9667762736473501,1.000302545706012
2013-03-29,600444.SH,23.097,24.234,23.097,23.935,1211095.0,3.448,23.844,1.995,1.153,1.647,0,交易,14.532483302975105,20.03209019947962,52435.164740009524,0.9839069076504084,0.9530824461500371,0.9961980363484438
2013-04-01,600444.SH,23.915,24.175,23.137,23.137,716283.0,-3.333,23.652,1.995,0.682,0.974,0,交易,23.754620123203285,35.06598240469208,30958.33513420063,0.9783660806618407,0.9570630816959669,1.0222587197994555
2013-04-02,600444.SH,23.137,23.756,22.718,22.758,628573.0,-1.638,23.139,1.995,0.599,0.855,0,交易,26.61754385964912,38.62604340567613,27668.50074830531,0.9740276140764438,0.9563057753830612,1.0167413656736093
2013-04-03,600444.SH,22.439,22.798,20.664,21.302,1598870.0,-6.398,21.486,1.995,1.523,2.175,0,交易,9.794022988505748,14.733420879842416,77374.66124661246,0.9424510922010704,0.9063952978331434,1.008637686602197
2013-04-08,600444.SH,21.302,21.342,19.946,21.203,724785.0,-0.468,20.723,1.995,0.69,0.986,0,交易,21.504056795131845,30.872463768115942,36337.36087436077,0.9709961578108893,0.9345890731890171,0.9773616940998915
2013-04-09,600444.SH,21.043,21.542,20.943,21.023,598820.0,-0.847,21.296,1.995,0.57,0.815,0,交易,25.79509202453988,36.91754385964912,28592.847252065127,0.988580447497911,0.9721938538668647,1.0129857774818056
2013-04-10,600444.SH,21.103,21.103,20.205,21.003,675567.0,-0.095,20.607,1.995,0.643,0.919,0,交易,22.854189336235038,32.81959564541213,33435.63474387528,0.9764962327631141,0.9574468085106381,0.9811455506356235
2013-04-11,600444.SH,20.963,21.342,20.604,20.824,546600.0,-0.855,20.899,1.995,0.521,0.744,0,交易,27.98924731182796,40.23608445297505,26528.82935352359,0.9792428076094087,0.9654202980039359,1.0036016135228583
2013-04-12,600444.SH,20.584,20.903,20.365,20.564,444896.0,-1.245,20.562,1.995,0.424,0.605,0,交易,33.9900826446281,48.54716981132076,21846.108519518784,0.9836865521695451,0.9742620676457925,0.9999027426570707
2013-04-15,600444.SH,20.544,20.544,20.046,20.225,228200.0,-1.649,20.252,1.995,0.217,0.31,0,交易,65.24193548387098,94.67281105990784,11383.817220393095,0.9857866043613707,0.9757593457943925,1.0013349814585908
2013-04-16,600444.SH,20.225,20.624,20.145,20.445,415700.0,1.085,20.319,1.995,0.396,0.565,0,交易,36.18584070796461,51.073232323232325,20635.393397865475,0.9852114041892941,0.9767746314972847,0.9938371239911958
2013-04-17,600444.SH,20.584,20.584,20.265,20.425,314105.0,-0.098,20.397,1.995,0.299,0.427,0,交易,47.833723653395786,68.8428093645485,15499.87663459166,0.9909152739992226,0.9845025262339682,0.9986291309669522
2013-04-18,600444.SH,20.345,20.903,20.106,20.744,402611.0,1.562,20.562,1.995,0.383,0.548,0,交易,37.85401459854014,53.120104438642294,20024.420570973838,0.9836865521695451,0.9618715016983209,0.9912263787119168
2013-04-19,600444.SH,20.445,21.382,20.445,21.023,704307.0,1.346,21.007,1.995,0.671,0.958,0,交易,21.944676409185803,30.46944858420268,34448.86280264123,0.9824618838275184,0.9561780937236928,0.9992389287922752
2013-04-22,600444.SH,20.724,20.983,20.524,20.844,546350.0,-0.854,20.735,1.995,0.52,0.743,0,交易,28.05383580080754,39.853846153846156,26620.054570259206,0.9881809083543821,0.9781251489300863,0.9947706774131644
2013-04-23,600444.SH,20.644,20.684,20.106,20.465,645755.0,-1.818,20.372,1.995,0.615,0.878,0,交易,23.308656036446468,33.56747967479674,32117.527106336413,0.9849158770063817,0.9720556952233611,0.9954556559980454
2013-04-24,600444.SH,20.485,20.604,19.707,20.066,1285108.0,-1.949,20.039,1.995,1.224,1.748,0,交易,11.479405034324943,16.73611111111111,65210.737301466484,0.972578140166958,0.9564647641234713,0.9986544403468555
2013-05-02,600444.SH,19.268,19.846,19.068,19.328,1718505.0,-3.678,19.22,1.995,1.637,2.338,0,交易,8.266894781864842,11.77031154551008,90125.07866582756,0.9684571198226343,0.9607981457220599,0.9944122516556291
2013-05-03,600444.SH,19.188,20.125,19.168,19.906,1021599.0,2.993,19.753,1.995,0.973,1.39,1,交易,14.320863309352518,19.72045220966084,53297.10976627713,0.9815155279503106,0.9524472049689441,0.9923138752135036
2013-05-06,600444.SH,19.986,20.265,19.886,20.245,611547.0,1.703,20.092,1.995,0.582,0.832,1,交易,24.332932692307693,34.34020618556701,30752.64004827517,0.9914631137429064,0.9812978040957315,0.9924425784144232
2013-05-07,600444.SH,20.225,21.262,20.225,21.262,570148.0,5.025,20.937,1.995,0.543,0.776,1,交易,27.399484536082475,37.246777163904234,28190.259579728056,0.9847145141567115,0.9512275420938765,0.9847145141567115
2013-05-08,600444.SH,21.681,22.3,21.143,21.422,799992.0,0.75,21.561,1.995,0.762,1.088,1,交易,19.689338235294116,28.45275590551181,37837.20380267701,0.9668609865470852,0.9481165919282512,1.0064886565213331
2013-05-09,600444.SH,21.362,21.841,21.143,21.681,622288.0,1.21,21.482,1.995,0.593,0.846,1,交易,25.627659574468087,36.02360876897133,29432.34167336707,0.9835630236710773,0.9680417563298384,0.9908214565748812
2013-05-10,600444.SH,21.522,21.821,21.522,21.801,352299.0,0.552,21.708,1.995,0.336,0.479,1,交易,45.51356993736952,64.05357142857142,16369.250069696127,0.9948215022226294,0.9862976032262498,0.9957341406357506
2013-05-13,600444.SH,22.2,22.559,21.721,22.459,719452.0,3.019,22.324,1.995,0.685,0.979,1,交易,22.940755873340144,32.40875912408759,33122.41609502325,0.9895828715811872,0.9628529633405736,0.9939890467073335
2013-05-14,600444.SH,22.539,22.679,22.22,22.24,381000.0,-0.977,22.335,1.995,0.363,0.518,1,交易,42.93436293436293,62.09090909090909,17146.714671467147,0.9848317827064687,0.9797610123903171,1.0042715827338131
2013-05-15,600444.SH,22.24,22.718,22.22,22.439,326400.0,0.897,22.333,1.995,0.311,0.444,1,交易,50.538288288288285,71.5112540192926,14689.46894689469,0.9830530856589488,0.978079056254952,0.995276081821828
2013-05-16,600444.SH,22.24,22.679,22.2,22.419,669999.0,-0.089,22.43,1.995,0.638,0.911,1,交易,24.609220636663007,34.858934169278996,30180.135135135137,0.989020679924159,0.9788791392918559,1.0004906552477808
2013-05-17,600444.SH,22.439,22.519,22.14,22.28,446380.0,-0.623,22.354,1.995,0.425,0.607,1,交易,36.70510708401977,52.79764705882353,20161.698283649504,0.992672854034371,0.9831697677516764,1.0033213644524237
2013-05-20,600444.SH,22.28,23.397,22.26,23.157,912109.0,3.939,23.244,1.995,0.869,1.241,1,交易,18.659951651893632,25.63866513233602,40975.24707996406,0.9934607000897552,0.9514040261571998,1.0037569633372199
2013-05-21,600444.SH,23.237,23.397,22.699,22.898,615365.0,-1.12,23.086,1.995,0.586,0.837,1,交易,27.357228195937875,39.65358361774744,27109.784572007575,0.9867076975680643,0.9701671154421508,1.008210324045768
2013-05-22,600444.SH,22.938,22.978,22.718,22.798,344101.0,-0.436,22.807,1.995,0.328,0.468,1,交易,48.71367521367521,69.93292682926828,15146.623822519588,0.9925580990512664,0.9886848289668377,1.0003947714711816
2013-05-23,600444.SH,22.758,23.317,22.639,22.758,311200.0,-0.175,22.918,1.995,0.296,0.423,1,交易,53.801418439716315,76.88513513513513,13746.190202747472,0.9828880216151306,0.9709225028948836,1.0070304947710695
2013-05-24,600444.SH,22.858,23.137,22.718,22.958,331861.0,0.876,22.863,1.995,0.316,0.451,1,交易,50.90465631929046,72.33544303797468,14607.844000352145,0.9881574966503868,0.9818904784544237,0.9958620088857915
2013-05-27,600444.SH,23.117,23.476,22.898,23.137,255750.0,0.782,23.255,1.995,0.244,0.348,1,交易,66.48563218390805,94.74180327868854,11169.097737793694,0.990586130516272,0.9753791105810189,1.0051000561870596
2013-05-28,600444.SH,23.137,23.536,22.738,23.516,542069.0,1.638,23.282,1.995,0.516,0.737,1,交易,31.907734056987785,44.83914728682171,23839.783622130355,0.9892080217539089,0.9660944935418082,0.9900493281170267
2013-05-29,600444.SH,23.516,23.636,23.377,23.437,268000.0,-0.339,23.525,1.995,0.255,0.365,1,交易,64.21095890410959,92.21960784313724,11464.259742481927,0.9953037739042139,0.9890421391098324,1.0037547467679309
2013-05-30,600444.SH,23.317,23.476,23.297,23.417,248605.00000000003,-0.085,23.413,1.995,0.237,0.338,1,交易,69.2810650887574,98.38396624472574,10671.116452762159,0.9973164082467201,0.9923751916851253,0.9998291839262075
2013-05-31,600444.SH,23.636,24.593,23.616,24.593,1054202.0,5.026,24.444,1.995,1.004,1.434,1,交易,17.149930264993028,23.54183266932271,44639.31233062331,0.9939413654291871,0.9602732484853413,0.9939413654291871
2013-06-03,600444.SH,24.813,24.813,24.175,24.274,461947.99999999994,-1.298,24.332,1.995,0.44,0.628,1,交易,38.652866242038215,56.393181818181816,19108.50051706308,0.9806150002015074,0.9742876717849515,1.0023893878223613
2013-06-04,600444.SH,24.534,24.534,23.955,23.995,238001.00000000003,-1.15,24.094,1.995,0.227,0.324,1,交易,74.05864197530865,108.07929515418502,9935.337090377794,0.9820657047362844,0.9764000978234287,1.0041258595540739
2013-06-05,600444.SH,23.995,24.075,23.736,23.995,326372.0,0.0,23.944,1.995,0.311,0.444,1,交易,54.042792792792795,77.15434083601286,13750.084260195483,0.9945586708203531,0.9859190031152648,0.9978745571994164
2013-06-06,600444.SH,23.995,24.055,23.536,23.656,238116.0,-1.413,23.828,1.995,0.227,0.324,1,交易,73.01234567901234,105.70484581497797,10117.097212780422,0.9905632924547911,0.97842444398254,1.007270882651336
2013-06-07,600444.SH,23.995,24.015,23.437,23.636,236881.0,-0.084,23.66,1.995,0.226,0.322,1,交易,73.40372670807453,106.17256637168141,10107.13828561676,0.9852175723506141,0.975931709348324,1.0010154002369267
2013-06-13,600444.SH,23.616,23.616,22.459,22.459,228100.0,-4.979,22.533,1.995,0.217,0.31,1,交易,72.4483870967742,108.82949308755761,10156.284785609332,0.9541412601626017,0.9510077913279132,1.0032948929159804
2013-06-14,600444.SH,21.801,22.559,21.801,22.18,332200.0,-1.243,22.148,1.995,0.316,0.452,1,交易,49.070796460176986,68.99050632911391,15237.833126920785,0.9817811073185868,0.9663992198235736,0.9985572587917042
2013-06-17,600444.SH,21.961,22.479,21.841,22.12,301017.0,-0.27,22.204,1.995,0.287,0.409,1,交易,54.083129584352086,76.5191637630662,13782.198617279428,0.9877663597135105,0.9716179545353442,1.0037974683544304
2013-06-18,600444.SH,22.439,22.439,21.961,22.28,169700.0,0.721,22.17,1.995,0.162,0.231,1,交易,96.45021645021644,138.51234567901236,7727.334820818724,0.988011943491243,0.9786978029323944,0.9950628366247756
2013-06-19,600444.SH,22.24,22.28,21.861,22.18,418383.0,-0.448,22.041,1.995,0.398,0.569,1,交易,38.98066783831283,55.87939698492462,19138.328530259365,0.9892728904847397,0.981193895870736,0.9937330928764653
2013-06-20,600444.SH,22.16,22.16,21.761,21.98,400719.0,-0.899,22.049,1.995,0.382,0.545,1,交易,40.330275229357795,58.010471204188484,18414.548963742476,0.9949909747292418,0.9819945848375451,1.0031392174704277
2013-06-21,600444.SH,21.941,21.941,21.502,21.641,413399.0,-1.543,21.658,1.995,0.394,0.562,1,交易,38.507117437722414,55.68781725888324,19226.07199330295,0.9871017729365117,0.9799917961806663,1.0007855459544386
2013-06-24,600444.SH,21.382,21.701,20.564,20.564,542000.0,-4.977,20.797,1.995,0.516,0.737,1,交易,27.902306648575305,41.43798449612403,26356.739933865007,0.9583429335053684,0.9476061011013317,1.0113304804512742
2013-06-25,600444.SH,20.485,20.524,19.527,19.647,564900.0,-4.462,19.772,1.995,0.538,0.768,1,交易,25.582031249999996,38.076208178438655,28929.17498847749,0.9633599688169946,0.9514227246150848,1.0063622944978876
2013-06-26,600444.SH,19.747,20.604,19.647,20.584,296009.0,4.772,19.99,1.995,0.282,0.403,1,交易,51.07692307692307,70.02482269503547,15066.371456201965,0.9701999611725878,0.9535527082119977,0.9711426350563543
2013-06-27,600444.SH,20.923,21.163,20.086,20.345,326901.0,-1.163,20.724,1.995,0.311,0.445,1,交易,45.7191011235955,67.27652733118971,16275.067210992733,0.9792562491140198,0.9491092945234607,1.0186286556893587
2013-06-28,600444.SH,20.145,20.883,20.046,20.325,268141.0,-0.098,20.335,1.995,0.255,0.365,1,交易,55.68493150684932,79.0,13376.284545545246,0.9737585595939282,0.9599195517885362,1.0004920049200492
2013-07-01,600444.SH,20.544,20.684,20.046,20.644,102650.0,1.57,20.413,1.995,0.098,0.14,1,交易,147.45714285714283,209.6326530612245,5120.722338621172,0.9868980854766969,0.9691549023399728,0.9888103080798296
2013-07-02,600444.SH,20.365,20.684,20.365,20.644,204050.0,0.0,20.524,1.995,0.194,0.278,1,交易,74.25899280575538,104.9742268041237,10019.641541861038,0.992264552310965,0.9845774511699863,0.994187173028483
2013-07-03,600444.SH,20.844,20.844,20.265,20.564,238561.0,-0.386,20.433,1.995,0.227,0.324,1,交易,63.46913580246913,91.82378854625551,11772.070071551936,0.9802820955670696,0.9722222222222222,0.9936296440381248
2013-07-04,600444.SH,20.385,20.943,20.345,20.684,275610.0,0.582,20.601,1.995,0.262,0.375,1,交易,55.157333333333334,77.80534351145039,13546.817399852544,0.9836699613235925,0.9714463066418373,0.995987236511313
2013-07-05,600444.SH,20.604,20.903,20.544,20.644,209716.0,-0.193,20.69,1.995,0.2,0.285,1,交易,72.43508771929825,103.02,10208.138629283489,0.9898100751088362,0.9828254317562073,1.0022282503390818
2013-07-08,600444.SH,20.524,20.704,19.946,20.385,239600.0,-1.256,20.322,1.995,0.228,0.326,1,交易,62.53067484662577,90.01754385964912,12012.43357064073,0.981549459041731,0.9633887171561052,0.9969094922737306
2013-07-09,600444.SH,20.524,20.544,20.106,20.425,64024.0,0.196,20.395,1.995,0.061,0.087,1,交易,234.77011494252875,336.45901639344265,3184.3230876355315,0.9927472741433021,0.9786799065420562,0.9985312117503059
2013-07-10,600444.SH,20.465,20.784,20.066,20.744,182101.0,1.562,20.464,1.995,0.173,0.248,1,交易,83.64516129032258,118.29479768786128,9075.102162862555,0.9846035411855273,0.965454195535027,0.9865021210952564
2013-07-11,600444.SH,20.844,21.781,20.544,21.482,441129.0,3.558,21.649,1.995,0.42,0.6,1,交易,35.803333333333335,49.62857142857143,21472.40070093458,0.9939396721913596,0.9432073825811488,1.0077739502839587
2013-07-12,600444.SH,21.362,21.741,21.262,21.542,206248.99999999997,0.279,21.518,1.995,0.196,0.281,1,交易,76.66192170818505,108.98979591836734,9700.35744520741,0.9897428821121385,0.9779678947610506,0.9988858973168693
2013-07-15,600444.SH,20.604,21.801,20.604,21.661,202801.0,0.556,21.503,1.995,0.193,0.276,1,交易,78.48188405797102,106.75647668393782,9842.797515045622,0.9863309022521903,0.9450942617311133,0.9927057845898157
2013-07-16,600444.SH,21.661,21.741,21.442,21.681,179800.0,0.092,21.624,1.995,0.171,0.245,1,交易,88.49387755102042,126.67251461988305,8385.411808599943,0.9946184628121981,0.9862471827422842,0.9973709699737096
2013-07-17,600444.SH,21.661,21.661,21.183,21.502,186730.0,-0.828,21.381,1.995,0.178,0.254,1,交易,84.65354330708661,121.69101123595507,8815.087570221403,0.9870735423110659,0.9779326900881768,0.9943726165007907
2013-07-18,600444.SH,20.744,21.582,20.744,21.562,125251.0,0.278,21.459,1.995,0.119,0.17,1,交易,126.83529411764705,174.31932773109244,6037.938681064405,0.9943008062274117,0.9611713464924474,0.9952230776365828
2013-07-19,600444.SH,21.542,22.399,21.302,21.841,301624.0,1.295,21.8,1.995,0.287,0.41,1,交易,53.270731707317076,75.05923344947736,14159.421650549244,0.9732577347203,0.9510245993124693,0.9981227965752484
2013-07-22,600444.SH,21.701,22.379,21.701,21.821,181897.0,-0.091,22.01,1.995,0.173,0.247,1,交易,88.34412955465588,125.43930635838151,8381.96396479425,0.9835113275838956,0.9697037401134992,1.0086613812382568
2013-07-23,600444.SH,21.741,22.3,21.741,22.04,245067.0,1.005,22.029,1.995,0.233,0.333,1,交易,66.18618618618618,93.30901287553647,11272.112598316546,0.987847533632287,0.9749327354260089,0.9995009074410164
2013-07-24,600444.SH,22.06,22.778,21.961,22.439,276416.0,1.81,22.469,1.995,0.263,0.376,1,交易,59.6781914893617,83.87832699619771,12586.676380856974,0.9864342786899641,0.9641320572482219,1.0013369579749545
2013-07-25,600444.SH,22.1,22.619,22.1,22.399,188509.0,-0.178,22.452,1.995,0.18,0.256,1,交易,87.49609375,122.77777777777779,8529.819004524887,0.9926168265617402,0.9770546885361865,1.002366177061476
2013-07-26,600444.SH,22.339,23.237,22.339,23.018,427014.00000000006,2.76,22.81,1.995,0.407,0.581,1,交易,39.61790017211705,54.88697788697789,19115.17973051614,0.9816241339243448,0.961354735981409,0.9909635937092709
2013-07-29,600444.SH,22.938,22.978,22.2,22.3,242400.0,-3.12,22.515,1.995,0.231,0.33,1,交易,67.57575757575758,99.29870129870129,10918.91891891892,0.9798502915832535,0.9661415266776916,1.009641255605381
2013-07-30,600444.SH,22.18,22.519,21.98,22.28,277450.0,-0.089,22.17,1.995,0.264,0.377,1,交易,59.09814323607427,84.01515151515152,12622.838944494995,0.9845019761090636,0.9760646565122786,0.9950628366247756
2013-07-31,600444.SH,22.519,22.519,22.12,22.12,124091.00000000001,-0.716,22.187,1.995,0.118,0.169,1,交易,130.88757396449705,190.83898305084745,5609.900542495479,0.9852568941782496,0.9822816288467517,1.0030289330922242
2013-08-01,600444.SH,22.32,22.639,22.12,22.32,258129.0,0.902,22.202,1.995,0.246,0.351,1,交易,63.58974358974359,90.73170731707317,11669.484629294755,0.9806970272538541,0.9770749591413049,0.9947132616487456
2013-08-02,600444.SH,22.22,22.479,22.12,22.339,272600.0,0.089,22.222,1.995,0.26,0.371,1,交易,60.21293800539083,85.46153846153845,12323.688969258588,0.9885671070777171,0.9840295386805463,0.9947625229419402
2013-08-05,600444.SH,22.0,22.499,22.0,22.32,118990.00000000001,-0.089,22.316,1.995,0.113,0.162,1,交易,137.77777777777777,194.69026548672565,5408.636363636364,0.9918663051691187,0.9778212364994,0.9998207885304659
2013-08-06,600444.SH,22.459,22.459,22.2,22.26,204074.0,-0.268,22.311,1.995,0.194,0.278,1,交易,80.07194244604317,115.7680412371134,9192.522522522522,0.9934102141680395,0.9884678747940692,1.0022911051212937
2013-08-07,600444.SH,22.459,22.459,22.24,22.339,243800.0,0.358,22.322,1.995,0.232,0.332,1,交易,67.28614457831324,96.80603448275862,10962.23021582734,0.993899995547442,0.9902488979918963,0.9992389990599401
2013-08-08,600444.SH,22.18,22.499,22.18,22.339,168858.0,0.0,22.32,1.995,0.161,0.23,1,交易,97.12608695652173,137.7639751552795,7613.074842200181,0.9920440908484822,0.9858215920707587,0.9991494695375801
2013-08-09,600444.SH,22.32,22.679,22.16,22.519,274200.0,0.804,22.369,1.995,0.261,0.373,1,交易,60.37265415549597,85.51724137931035,12373.646209386281,0.9863309669738525,0.9771153930949337,0.9933389582130646
2013-08-12,600444.SH,22.559,23.297,22.339,23.237,615019.0,3.189,22.979,1.995,0.586,0.837,1,交易,27.762246117084825,38.496587030716725,27531.178656161872,0.9863501738421255,0.9588788255998626,0.9888970176873091
2013-08-13,600444.SH,23.277,23.317,22.978,22.998,209600.0,-1.03,23.101,1.995,0.2,0.285,1,交易,80.69473684210527,116.385,9121.76864827226,0.9907363726036796,0.9854612514474418,1.0044786503174188
2013-08-14,600444.SH,23.038,23.157,22.858,22.878,371339.0,-0.52,22.963,1.995,0.354,0.505,1,交易,45.3029702970297,65.07909604519774,16245.47204479832,0.9916224035928661,0.9870881374962215,1.0037153597342425
2013-08-15,600444.SH,22.938,22.938,22.359,22.539,429489.99999999994,-1.482,22.642,1.995,0.409,0.584,1,交易,38.59417808219179,56.08312958435208,19208.819714656285,0.9870956491411632,0.9747580434213969,1.0045698566928434
2013-08-16,600444.SH,22.539,22.699,22.22,22.26,363010.0,-1.239,22.392,1.995,0.346,0.494,1,交易,45.060728744939276,65.14161849710983,16337.083708370837,0.9864751751178465,0.9788977487995064,1.0059299191374662
2013-08-19,600444.SH,21.941,22.639,21.941,22.539,246340.0,1.254,22.496,1.995,0.235,0.335,1,交易,67.28059701492538,93.36595744680851,11227.38252586482,0.993683466584213,0.9691682494809841,0.9980921957495895
2013-08-20,600444.SH,22.479,22.679,22.399,22.659,318551.0,0.531,22.566,1.995,0.303,0.433,1,交易,52.330254041570434,74.18811881188118,14221.661681325058,0.9950174169936946,0.9876537766215443,0.9958956705944658
2013-08-21,600444.SH,22.818,22.818,22.12,22.519,285101.0,-0.616,22.443,1.995,0.272,0.388,1,交易,58.038659793814425,83.88970588235294,12888.833634719711,0.983565606100447,0.969410114821632,0.9966250721612862
2013-08-22,600444.SH,22.32,22.718,22.3,22.539,310365.0,0.089,22.564,1.995,0.296,0.422,1,交易,53.40995260663507,75.4054054054054,13917.713004484305,0.9932212342635796,0.9816004930011445,1.0011091885176804
2013-08-23,600444.SH,22.679,22.679,22.339,22.519,242269.0,-0.088,22.508,1.995,0.231,0.33,1,交易,68.23939393939393,98.17748917748916,10845.113926317204,0.9924599850081574,0.9850081573261608,0.9995115236022915
2013-08-26,600444.SH,22.439,22.878,22.379,22.858,443355.0,1.506,22.679,1.995,0.422,0.603,1,交易,37.90713101160863,53.172985781990526,19811.20693507306,0.9913016872104204,0.9781886528542705,0.9921690436608627
2013-08-27,600444.SH,22.918,23.995,22.738,23.995,1031366.0,4.974,23.867,1.995,0.982,1.403,1,交易,17.102637205987172,23.338085539714868,45358.69469610344,0.9946655553240258,0.9476140862679724,0.9946655553240258
2013-08-28,600444.SH,24.334,24.434,23.796,23.995,773216.0,0.0,24.108,1.995,0.736,1.052,1,交易,22.80893536121673,33.0625,32493.52832408808,0.9866579356634197,0.9738888434149136,1.0047093144405084
2013-08-29,600444.SH,24.254,24.414,23.616,23.975,434080.0,-0.083,24.085,1.995,0.413,0.59,1,交易,40.63559322033899,58.72639225181599,18380.758807588078,0.9865241255017613,0.9673138363234209,1.0045881126173097
2013-08-30,600444.SH,23.915,24.214,23.776,23.935,274449.0,-0.166,23.964,1.995,0.261,0.373,1,交易,64.16890080428954,91.62835249042145,11543.11069986541,0.9896753943999339,0.9819112909886842,1.0012116147900565
2013-09-02,600444.SH,23.796,23.935,23.217,23.516,517170.0,-1.75,23.465,1.995,0.493,0.703,1,交易,33.45092460881934,48.267748478701826,22275.48778912004,0.9803634844370169,0.9700020889910174,0.9978312638203777
2013-09-03,600444.SH,23.277,23.815,23.237,23.536,316896.0,0.085,23.461,1.995,0.302,0.431,1,交易,54.60788863109049,77.07615894039736,13637.560786676422,0.9851354188536635,0.9757295821960947,0.9968133922501698
2013-09-04,600444.SH,23.736,23.736,23.277,23.337,326700.0,-0.847,23.386,1.995,0.311,0.444,1,交易,52.56081081081081,76.32154340836013,14035.313829101688,0.9852544657903606,0.9806622851365016,1.002099670051849
2013-09-05,600444.SH,23.337,24.514,23.177,24.514,794071.0,5.043,23.969,1.995,0.756,1.08,1,交易,22.698148148148146,30.869047619047617,34261.164085084354,0.9777678061515869,0.9454597372929755,0.9777678061515869
2013-09-06,600444.SH,24.693,25.531,24.354,25.172,896803.0000000001,2.685,25.02,1.995,0.854,1.22,1,交易,20.632786885245903,28.914519906323186,36823.64293339904,0.9799851161333282,0.9538991813873331,0.9939615445733354
2013-09-09,600444.SH,25.172,25.391,24.733,24.813,521089.99999999994,-1.426,24.953,1.995,0.496,0.709,1,交易,34.997179125528916,50.75,21068.612784538873,0.982749793233823,0.9740853058170219,1.005642203683553
2013-09-10,600444.SH,24.773,25.531,24.733,25.072,364403.0,1.045,25.238,1.995,0.347,0.496,1,交易,50.54838709677419,71.39193083573487,14733.473496947398,0.9885237554345697,0.968743879989033,1.0066209317166561
2013-09-11,600444.SH,25.072,25.351,24.593,24.932,550480.0,-0.557,24.923,1.995,0.524,0.749,1,交易,33.28704939919893,47.847328244274806,22383.60509087952,0.9831170368032819,0.970099798824504,0.9996390181293117
2013-09-12,600444.SH,25.072,25.112,24.733,25.012,449566.0,0.32,24.911,1.995,0.428,0.612,1,交易,40.869281045751634,58.57943925233645,18176.767880968746,0.9919958585536797,0.9849076138897739,0.9959619382696306
2013-09-13,600444.SH,24.952,24.972,24.354,24.653,459200.0,-1.435,24.565,1.995,0.437,0.625,1,交易,39.4448,57.09839816933639,18855.218855218856,0.9837017459554701,0.9752522825564631,0.9964304547113942
2013-09-16,600444.SH,24.693,24.773,24.454,24.673,336521.0,0.081,24.591,1.995,0.32,0.458,1,交易,53.8711790393013,77.165625,13761.388729860146,0.9926532918903646,0.9871230775441004,0.9966765289993111
2013-09-17,600444.SH,24.673,25.272,24.673,24.673,498910.00000000006,0.0,25.015,1.995,0.475,0.679,1,交易,36.33726067746686,51.94315789473684,20220.88923114336,0.9898306426084205,0.9762978790756568,1.0138613058809225
2013-09-18,600444.SH,24.394,25.052,24.394,24.913,336279.0,0.97,24.871,1.995,0.32,0.457,1,交易,54.51422319474836,76.23124999999999,13785.316061326557,0.9927750279418809,0.9737346319655117,0.9983141331834784
2013-09-23,600444.SH,24.833,25.232,24.534,24.913,654519.0,0.0,25.043,1.995,0.623,0.89,1,交易,27.992134831460675,39.86035313001605,26678.03864025434,0.9925095117311351,0.9723367152821814,1.005218159193995
2013-09-24,600444.SH,24.773,25.172,24.733,25.112,350539.0,0.801,25.029,1.995,0.334,0.477,1,交易,52.64570230607966,74.17065868263472,14172.926858852545,0.9943190846972827,0.9825599872874623,0.9966948072634597
2013-09-25,600444.SH,25.212,25.311,24.913,25.311,522042.0,0.794,25.178,1.995,0.497,0.71,1,交易,35.64929577464789,50.72837022132797,20954.602015012242,0.9947453676267236,0.9842756113942555,0.9947453676267236
2013-09-26,600444.SH,25.291,25.491,24.753,25.052,686758.0,-1.024,25.056,1.995,0.654,0.934,1,交易,26.822269807280513,38.67125382262997,27744.43501797762,0.9829351535836178,0.9710486053901377,1.0001596678907871
2013-09-27,600444.SH,24.952,25.192,24.893,24.932,525380.0,-0.478,25.021,1.995,0.5,0.715,1,交易,34.86993006993007,49.904,21105.531675571445,0.9932121308351858,0.9881311527469038,1.0035697096101397
2013-09-30,600444.SH,24.932,25.451,24.932,25.391,291299.0,1.84,25.219,1.995,0.277,0.396,1,交易,64.11868686868686,90.00722021660648,11683.739772180332,0.990884444619072,0.979607873953872,0.99322594620141
2013-10-08,600444.SH,25.69,26.369,25.431,25.651,677900.0,1.021,25.912,1.995,0.646,0.922,1,交易,27.82104121475054,39.76780185758514,26656.442923990406,0.9826690431946604,0.9644279267321476,1.0101750419086974
2013-10-09,600444.SH,25.451,26.249,25.451,26.129,747489.0,1.866,26.035,1.995,0.712,1.017,1,交易,25.69223205506392,35.74578651685393,29369.7300695454,0.9918473084688941,0.9695988418606424,0.9964024646944009
2013-10-10,600444.SH,26.129,26.269,25.77,26.109,369100.0,-0.076,26.132,1.995,0.352,0.502,1,交易,52.00996015936256,74.23011363636364,14322.856034148235,0.9947847272450419,0.9810042255129621,1.0008809222873338
2013-10-11,600444.SH,26.029,26.229,25.83,26.209,414204.0,0.382,26.079,1.995,0.394,0.563,1,交易,46.552397868561286,66.06345177664974,16035.772357723577,0.994281139197072,0.9847878302642114,0.9950398717997635
2013-10-14,600444.SH,26.249,27.525,26.209,27.406,1439930.0,4.566,27.317,1.995,1.371,1.959,1,交易,13.989790709545685,19.14587892049599,54940.287687435615,0.99244323342416,0.9521889191643961,0.9967525359410349
2013-10-15,600444.SH,27.246,27.525,26.648,27.186,499054.0,-0.801,27.202,1.995,0.475,0.679,1,交易,40.038291605301914,57.36,18727.634344040827,0.9882652134423253,0.9681380563124433,1.0005885382182007
2013-10-16,600444.SH,27.127,27.186,26.189,26.728,679237.0,-1.687,26.596,1.995,0.647,0.924,1,交易,28.926406926406926,41.92735703245749,25935.965481690786,0.978297653203855,0.9633267122783786,0.9950613588745884
2013-10-17,600444.SH,26.728,27.505,26.528,27.127,457907.0,1.493,27.058,1.995,0.436,0.623,1,交易,43.542536115569824,61.30275229357799,17261.27110977081,0.9837484093801128,0.9644791856026177,0.9974564087440557
2013-10-18,600444.SH,27.166,27.466,26.827,27.226,502412.0,0.368,27.234,1.995,0.478,0.683,1,交易,39.8623718887262,56.8326359832636,18727.848809035673,0.991553193038666,0.976734872205636,1.0002938367736722
2013-10-21,600444.SH,27.226,27.924,27.206,27.446,579092.0,0.806,27.558,1.995,0.552,0.788,1,交易,34.82994923857868,49.32246376811594,21285.451738587075,0.9868929952728835,0.9742873513823235,1.0040807403628944
2013-10-22,600444.SH,27.466,27.466,26.728,26.927,345969.0,-1.89,27.218,1.995,0.329,0.471,1,交易,57.169851380042466,83.48328267477204,12944.066147859921,0.9909706546275394,0.9731304157867909,1.0108069966947673
2013-10-23,600444.SH,26.927,27.186,26.129,26.448,496382.0,-1.778,26.572,1.995,0.473,0.675,1,交易,39.18222222222222,56.928118393234676,18997.35925599908,0.977414845876554,0.9611196939601266,1.0046884452510587
2013-10-24,600444.SH,26.528,26.728,26.189,26.528,188610.0,0.302,26.499,1.995,0.18,0.257,1,交易,103.22178988326847,147.37777777777777,7201.878651342166,0.9914322059263693,0.9798338820712361,0.9989068154402895
2013-10-25,600444.SH,26.528,26.628,25.212,25.212,714070.0,-4.962,25.488,1.995,0.68,0.971,1,交易,25.96498455200824,39.01176470588235,28322.624147231476,0.957187922487607,0.9468228931951329,1.0109471680152309
2013-10-28,600444.SH,25.112,25.112,23.955,23.955,717600.0,-4.984,24.161,1.995,0.683,0.976,1,交易,24.544057377049178,36.767203513909216,29956.167814652475,0.9621296591271107,0.953926409684613,1.0085994573158006
2013-10-29,600444.SH,23.676,23.736,22.758,22.758,701099.0,-4.996,23.195,1.995,0.668,0.954,1,交易,23.855345911949687,35.443113772455085,30806.70533438791,0.9772076171216717,0.9587967644084934,1.0192020388434837
2013-10-30,600444.SH,22.778,23.337,22.778,23.217,614406.0,2.016,23.121,1.995,0.585,0.836,1,交易,27.77153110047847,38.93675213675213,26973.658793572748,0.9907443116081758,0.9760466212452329,0.9958650988499806
2013-10-31,600444.SH,23.197,23.855,23.177,23.616,280395.0,1.718,23.585,1.995,0.267,0.381,1,交易,61.98425196850393,86.88014981273407,12097.985071406998,0.988681618109411,0.9715782854747432,0.9986873306233063
2013-11-01,600444.SH,23.397,23.915,23.397,23.895,82350.0,1.182,23.66,1.995,0.078,0.112,1,交易,213.34821428571428,299.96153846153845,3519.6820105141687,0.9893372360443237,0.9783399540037633,0.9901653065494873
2013-11-04,600444.SH,23.815,24.254,23.377,23.776,365000.0,-0.501,23.803,1.995,0.348,0.496,1,交易,47.935483870967744,68.43390804597702,15613.637335842923,0.9814051290508782,0.9638410159149006,1.001135598923284
2013-11-05,600444.SH,23.556,23.835,23.177,23.756,365508.0,-0.084,23.567,1.995,0.348,0.497,1,交易,47.798792756539235,67.6896551724138,15770.289511153298,0.9887560310467799,0.9723935389133627,0.9920441151709042
2013-11-06,600444.SH,24.095,24.952,23.756,24.952,795101.0,5.038,24.597,1.995,0.757,1.082,1,交易,23.060998151571166,31.829590488771466,33469.4813941741,0.9857726835524206,0.9520679705033664,0.9857726835524206
2013-11-07,600444.SH,24.633,26.189,24.633,24.952,478449.0,0.0,25.274,1.995,0.456,0.651,1,交易,38.32872503840246,54.01973684210526,19423.090975520645,0.9650616671121464,0.9405857421054641,1.0129047771721704
2013-11-08,600444.SH,24.952,25.411,24.534,24.753,333670.0,-0.799,24.81,1.995,0.318,0.454,1,交易,54.52202643171806,78.46540880503144,13600.309774190919,0.9763488253118727,0.9654873873519341,1.002302751181675
2013-11-11,600444.SH,25.232,25.232,24.733,24.833,180977.0,0.322,25.014,1.995,0.172,0.246,1,交易,100.9471544715447,146.69767441860466,7317.227994986455,0.9913601775523145,0.9802235256816741,1.007288688438771
2013-11-12,600444.SH,24.932,25.092,24.653,24.952,91100.0,0.482,24.805,1.995,0.087,0.124,1,交易,201.22580645161293,286.57471264367814,3695.290633999919,0.988562091503268,0.982504383867368,0.9941086886822699
2013-11-13,600444.SH,24.693,24.992,23.696,23.915,347620.0,-4.157,24.221,1.995,0.331,0.473,1,交易,50.56025369978858,74.6012084592145,14669.986495611072,0.9691501280409731,0.9481434058898848,1.0127953167468116
2013-11-14,600444.SH,24.115,24.434,23.875,24.015,142900.0,0.417,24.135,1.995,0.136,0.194,1,交易,123.78865979381443,177.3161764705882,5985.340314136126,0.9877629532618483,0.9771220430547597,1.004996876951905
2013-11-15,600444.SH,24.254,24.893,23.895,24.374,295929.0,1.495,24.345,1.995,0.282,0.403,1,交易,60.481389578163764,86.00709219858157,12384.557438794727,0.9779857791346964,0.9599084079861808,0.9988102075982604
2013-11-18,600444.SH,24.374,24.793,24.055,24.553,492518.99999999994,0.736,24.474,1.995,0.469,0.67,1,交易,36.646268656716416,51.97014925373134,20474.703803782995,0.9871334650909531,0.970233533658694,0.9967824705738606
2013-11-19,600444.SH,24.294,24.833,24.175,24.733,323779.0,0.731,24.555,1.995,0.308,0.44,1,交易,56.211363636363636,78.87662337662339,13393.133402275078,0.9888052188619982,0.9735030000402691,0.9928031375085917
2013-11-20,600444.SH,24.414,24.793,24.374,24.753,172645.0,0.081,24.57,1.995,0.164,0.235,1,交易,105.33191489361703,148.8658536585366,7083.162386149175,0.9910055257532369,0.9831000685677409,0.9926069567325173
2013-11-21,600444.SH,24.633,25.99,24.553,25.97,1264693.0,4.915,25.897,1.995,1.204,1.72,1,交易,15.098837209302324,20.459302325581394,51508.69547509469,0.9964217006540977,0.9447095036552521,0.9971890643049672
2013-11-22,600444.SH,25.85,25.97,25.311,25.371,593100.0,-2.304,25.541,1.995,0.565,0.807,1,交易,31.43866171003717,45.75221238938054,23432.499703686146,0.9834809395456297,0.9746245668078553,1.006700563635647
2013-11-25,600444.SH,25.192,26.249,25.192,25.531,388970.0,0.629,25.652,1.995,0.37,0.529,1,交易,48.26275992438563,68.08648648648649,15440.219117180057,0.9772562764295784,0.9597317993066403,1.0047393364928912
2013-11-26,600444.SH,25.99,25.99,25.331,25.511,238444.0,-0.078,25.624,1.995,0.227,0.324,1,交易,78.73765432098764,114.49339207048457,9413.130156724961,0.9859176606387072,0.9746440938822625,1.0044294618007918
2013-11-27,600444.SH,25.371,25.93,25.351,25.75,224819.99999999997,0.938,25.779,1.995,0.214,0.306,1,交易,84.15032679738562,118.55607476635514,8868.289219360182,0.9941766293868106,0.9776706517547242,1.001126213592233
2013-11-28,600444.SH,25.93,25.93,25.511,25.71,453689.99999999994,-0.155,25.703,1.995,0.432,0.617,1,交易,41.669367909238254,60.023148148148145,17784.093136294145,0.9912456613960663,0.983841110682607,0.9997277323998444
2013-11-29,600444.SH,25.87,26.089,25.591,25.79,420210.00000000006,0.31,25.958,1.995,0.4,0.572,1,交易,45.08741258741259,64.675,16420.225860654136,0.9949787266664111,0.9809114952662042,1.0065141527723924
2013-12-02,600444.SH,24.494,24.913,24.494,24.494,929200.0,-5.027,24.53,1.995,0.885,1.264,1,交易,19.378164556962027,27.67683615819209,37935.821017392016,0.9846265002207684,0.9831814715208926,1.0014697476933128
2013-12-03,600444.SH,23.397,25.192,23.297,24.713,1118931.0,0.896,24.051,1.995,1.066,1.522,1,交易,16.23718791064389,21.9484052532833,48028.97368759926,0.9547078437599237,0.9247777072086377,0.9732124792619268
2013-12-04,600444.SH,24.992,25.79,24.633,24.893,763001.0,0.726,24.843,1.995,0.727,1.038,1,交易,23.98169556840077,34.376891334250345,30974.749320017865,0.9632803412175263,0.9551376502520357,0.9979914032057204
2013-12-05,600444.SH,24.853,24.952,24.334,24.374,491002.00000000006,-2.083,24.674,1.995,0.468,0.668,1,交易,36.4880239520958,53.10470085470085,20177.611572285692,0.9888586085283744,0.97523244629689,1.0123081972593748
2013-12-06,600444.SH,24.434,24.813,23.835,23.935,761800.0,-1.8,24.253,1.995,0.726,1.036,1,交易,23.10328185328185,33.655647382920115,31961.401300608348,0.9774311852657881,0.9605851771248943,1.0132859828702738
2013-12-09,600444.SH,23.975,24.613,23.975,24.534,850010.0,2.5,24.358,1.995,0.81,1.156,1,交易,21.22318339100346,29.598765432098766,35454.01459854015,0.9896396213383172,0.9740787388778289,0.9928262818945138
2013-12-10,600444.SH,24.813,24.813,24.294,24.514,428539.00000000006,-0.081,24.485,1.995,0.408,0.583,1,交易,42.04802744425386,60.81617647058824,17639.705277023135,0.986781122798533,0.9790835449159715,0.998817002529167
2013-12-11,600444.SH,23.995,24.534,23.995,24.494,490263.0,-0.081,24.458,1.995,0.467,0.667,1,交易,36.72263868065967,51.38115631691649,20431.88164200875,0.9969022580908127,0.9780304883019484,0.9985302523066873
2014-04-17,600444.SH,26.947,26.947,25.132,26.947,17934928.0,10.016,26.464,1.995,17.081,24.396,0,交易,1.1045663223479258,1.5776008430419766,713629.1580455196,0.982075926819312,0.9326455635135638,0.982075926819312
2014-04-18,600444.SH,26.049,26.329,25.331,25.471,9981221.0,-5.477,25.781,1.995,9.506,13.577,0,交易,1.8760403623775503,2.7402693035977275,394031.85819746554,0.9791864484029017,0.9620950282957955,1.0121707039378116
2014-04-21,600444.SH,25.511,25.85,23.955,24.254,4995232.0,-4.777,25.063,1.995,4.757,6.795,0,交易,3.569389256806476,5.362833718730292,208525.65226466293,0.9695551257253384,0.9266924564796905,1.033355322833347
2014-04-22,600444.SH,24.194,24.214,22.08,22.32,6939477.0,-7.977,22.928,1.995,6.609,9.439,0,交易,2.3646572730162094,3.6607656226357994,314287.9076086957,0.9468902287932602,0.9118691665978359,1.0272401433691756
2014-04-23,600444.SH,22.3,22.699,21.801,22.0,3875003.0,-1.43,22.29,1.995,3.69,5.271,0,交易,4.173781066211345,6.043360433604336,177744.2777854227,0.9819815850918542,0.9604387858495967,1.0131818181818182
2014-04-24,600444.SH,21.941,22.479,21.881,22.2,3312078.0,0.907,22.099,1.995,3.154,4.505,0,交易,4.927857935627081,6.9565630944831955,151367.76198528404,0.9830953334223053,0.9733973931224699,0.9954504504504504
2014-04-25,600444.SH,22.14,22.18,20.764,20.863,3442832.0,-6.02,21.27,1.995,3.279,4.683,0,交易,4.4550501815075805,6.752058554437329,165807.74417260644,0.9589720468890892,0.9361587015329125,1.0195082202943009
2014-04-28,600444.SH,20.943,20.943,19.946,20.026,2113295.0,-4.015,20.197,1.995,2.013,2.875,0,交易,6.965565217391304,10.40387481371088,105950.81720645743,0.9643795062789475,0.9523945948526954,1.00853889943074
2014-04-29,600444.SH,19.866,20.305,19.747,20.245,1931532.0,1.096,20.022,1.995,1.84,2.627,0,交易,7.706509326227637,10.796739130434782,97813.94642224135,0.9860625461708938,0.9725190839694656,0.9889849345517411
2014-04-30,600444.SH,20.345,20.345,20.046,20.225,1503743.0,-0.099,20.184,1.995,1.432,2.045,0,交易,9.88997555012225,14.207402234636872,75014.61638232066,0.9920865077414599,0.9853035143769968,0.9979728059332509
2014-05-05,600444.SH,20.225,20.744,20.165,20.684,1783866.0,2.268,20.51,1.995,1.699,2.426,0,交易,8.525968672712283,11.904061212477929,88463.47632035706,0.9887196297724644,0.9720883146934053,0.9915877006381745
2014-05-06,600444.SH,20.684,20.963,20.485,20.664,1444448.0,-0.096,20.721,1.995,1.376,1.965,0,交易,10.516030534351145,15.031976744186048,70512.47254088358,0.9884558507847159,0.9771979201450174,1.002758420441347
2014-05-07,600444.SH,20.664,20.664,19.846,19.866,1761324.0000000002,-3.861,20.267,1.995,1.677,2.396,0,交易,8.291318864774624,12.322003577817531,88749.57170210623,0.9807878435927215,0.9604142469996128,1.0201852411154737
2014-05-08,600444.SH,19.826,20.225,19.747,19.946,1177778.0,0.402,20.011,1.995,1.122,1.602,0,交易,12.450686641697878,17.670231729055256,59643.38886919532,0.9894190358467242,0.9763658838071693,1.0032587987566428
2014-05-09,600444.SH,20.125,20.265,19.766,20.225,1167346.0,1.4,20.017,1.995,1.112,1.588,0,交易,12.736146095717885,18.09802158273381,59058.281898209054,0.9877621514927214,0.9753762644954354,0.9897156983930778
2014-05-12,600444.SH,20.305,20.724,20.305,20.624,1350239.0,1.972,20.563,1.995,1.286,1.837,0,交易,11.227000544365813,15.789269051321927,66497.8576705245,0.992231229492376,0.9797818953869909,0.9970422808378588
2014-05-13,600444.SH,20.544,20.804,20.345,20.405,1201718.0,-1.064,20.57,1.995,1.144,1.635,0,交易,12.480122324159023,17.95804195804196,59066.99434750553,0.9887521630455682,0.9779369352047683,1.0080862533692723
2014-05-14,600444.SH,20.485,22.439,20.425,22.08,6482168.0,8.211,21.782,1.995,6.173,8.817,0,交易,2.504253147329023,3.318483719423295,317364.40636474907,0.9707206203485004,0.9102455546147333,0.9865036231884059
2014-05-15,600444.SH,21.841,22.399,21.262,21.542,4099489.0,-2.439,21.804,1.995,3.904,5.576,0,交易,3.863342898134864,5.5945184426229515,192808.24945912897,0.973436314121166,0.9492388053038082,1.0121622876241758
2014-05-16,600444.SH,21.741,22.16,21.362,21.721,2180818.0,0.833,21.791,1.995,2.077,2.966,0,交易,7.323331085637221,10.467501203659124,102088.66211028931,0.9833483754512635,0.9639891696750902,1.0032226877215598
2014-05-19,600444.SH,21.761,21.841,20.923,21.023,1212958.0,-3.214,21.164,1.995,1.155,1.65,0,交易,12.741212121212122,18.84069264069264,57972.47048702386,0.9690032507669063,0.9579689574653174,1.0067069400180755
2014-05-20,600444.SH,21.023,21.442,20.824,20.963,1171566.0,-0.285,21.098,1.995,1.116,1.594,0,交易,13.151191969887076,18.83781362007168,56260.37264694583,0.9839567204551813,0.9711780617479714,1.006439917950675
2014-05-21,600444.SH,20.983,21.063,20.604,21.003,970768.0,0.19,20.867,1.995,0.925,1.32,0,交易,15.911363636363635,22.684324324324322,47115.51155115512,0.990694582917913,0.9782082324455206,0.9935247345617293
2014-05-22,600444.SH,21.003,21.701,21.003,21.083,1937984.9999999998,0.38,21.3,1.995,1.846,2.636,0,交易,7.998103186646433,11.377573131094257,92271.81831166975,0.9815215888668725,0.9678355836136583,1.0102926528482665
2014-05-23,600444.SH,20.943,21.143,20.724,20.983,1174774.0,-0.473,20.892,1.995,1.119,1.598,0,交易,13.130788485607008,18.715817694369974,56686.643505114844,0.9881284585914959,0.9801825663340112,0.9956631558880998
2014-05-26,600444.SH,21.003,21.203,20.963,21.083,764240.0,0.475,21.068,1.995,0.728,1.04,0,交易,20.272115384615383,28.850274725274726,36456.61403425082,0.9936329764655946,0.9886808470499459,0.9992885263008112
2014-05-27,600444.SH,21.023,21.242,20.903,21.023,795890.0,-0.284,21.086,1.995,0.758,1.083,0,交易,19.411819021237303,27.734828496042216,38075.39587619002,0.9926560587515298,0.984041050748517,1.0029967178804167
2014-05-28,600444.SH,21.123,21.342,20.943,21.143,876001.0,0.569,21.124,1.995,0.834,1.192,0,交易,17.73741610738255,25.327338129496404,41827.866112782314,0.9897853996813795,0.9813044700590386,0.9991013574232606
2014-05-29,600444.SH,21.163,21.342,20.863,20.983,984862.0000000001,-0.755,21.111,1.995,0.938,1.34,0,交易,15.658955223880596,22.561833688699362,47206.15443608302,0.9891762721394435,0.9775559928778934,1.0061001763332222
2014-05-30,600444.SH,20.923,21.083,20.824,20.963,772841.0,-0.095,20.953,1.995,0.736,1.051,0,交易,19.945765937202665,28.42798913043478,37112.99462159047,0.9938338946070294,0.9877152207940048,0.9995229690406907
2014-06-03,600444.SH,20.804,21.163,20.804,20.903,780745.0,-0.285,21.003,1.995,0.744,1.062,0,交易,19.68267419962335,27.962365591397848,37528.600269179005,0.992439635212399,0.9830364315078202,1.0047840022963213
2014-06-04,600444.SH,20.923,20.983,20.285,20.405,1195333.0,-2.385,20.518,1.995,1.138,1.626,0,交易,12.549200492004921,18.385764499121265,58926.94108947498,0.9778392031644665,0.966734975932898,1.005537858368047
2014-06-05,600444.SH,20.345,20.584,20.345,20.504,813102.0,0.489,20.498,1.995,0.774,1.106,0,交易,18.53887884267631,26.285529715762273,39965.69181617105,0.9958219976680918,0.9883890400310921,0.9997073741708935
2014-06-06,600444.SH,20.644,20.704,20.445,20.604,918610.0,0.486,20.547,1.995,0.875,1.25,0,交易,16.4832,23.593142857142855,44930.78992418684,0.9924169242658424,0.9874903400309119,0.9972335468841003
2014-06-09,600444.SH,20.624,21.482,20.524,21.083,1600424.0,2.323,21.026,1.995,1.524,2.177,0,交易,9.684428112080845,13.53280839895013,77978.1718963165,0.9787729261707476,0.9554045247183689,0.9972963999430822
2014-06-10,600444.SH,21.083,21.163,20.824,21.143,969925.0,0.284,20.976,1.995,0.924,1.319,0,交易,16.02956785443518,22.817099567099564,46577.26661544372,0.9911638236544913,0.9839814771062705,0.9921014047202383
2014-06-11,600444.SH,21.143,21.322,20.983,21.183,903942.0,0.189,21.178,1.995,0.861,1.23,0,交易,17.221951219512196,24.556329849012776,43079.73121098032,0.9932464121564581,0.9841009286183285,0.9997639616673748
2014-06-12,600444.SH,21.262,21.582,21.163,21.422,1460787.0,1.13,21.403,1.995,1.391,1.987,0,交易,10.781077000503272,15.285406182602445,69025.51623115815,0.9917060513390787,0.9805856732462237,0.9991130613388105
2014-06-13,600444.SH,21.342,21.861,21.342,21.562,1144947.0,0.652,21.625,1.995,1.09,1.557,0,交易,13.848426461143225,19.579816513761465,53647.5962890076,0.9892045194638854,0.9762590915328666,1.0029218068824783
2014-06-16,600444.SH,21.861,22.659,21.621,21.701,2246341.0,0.648,22.12,1.995,2.139,3.056,0,交易,7.1011125654450264,10.220196353436187,103896.25826742519,0.9762125424776028,0.9541903879253276,1.0193078659969588
2014-06-17,600444.SH,21.582,21.721,21.143,21.442,1673493.0,-1.195,21.44,1.995,1.594,2.276,0,交易,9.42091388400703,13.53952321204517,79151.1611408031,0.9870632107177386,0.9733898070991207,0.9999067251189255
2014-06-18,600444.SH,21.322,21.661,20.844,21.282,1970374.0000000002,-0.744,21.122,1.995,1.877,2.68,0,交易,7.941044776119402,11.359616409163559,94529.55286893112,0.9751165689488019,0.9622824431005031,0.9924819095949629
2014-06-19,600444.SH,20.983,21.382,20.544,20.664,849449.0,-2.905,21.002,1.995,0.809,1.155,0,交易,17.89090909090909,25.936959208899875,41347.790109034264,0.982228042278552,0.9608081563932279,1.0163569492837785
2014-06-20,600444.SH,20.704,20.844,20.365,20.784,573818.0,0.579,20.618,1.995,0.546,0.781,0,交易,26.61203585147247,37.91941391941392,28176.67566904002,0.989157551333717,0.9770197658798694,0.9920130869899922
2014-06-23,600444.SH,20.804,21.083,20.744,21.043,613930.0,1.248,20.946,1.995,0.585,0.835,0,交易,25.20119760479042,35.562393162393164,29595.545699961436,0.993501873547408,0.9839206943983305,0.9953903911039301
2014-06-24,600444.SH,20.963,21.203,20.963,21.103,838128.0000000001,0.284,21.08,1.995,0.798,1.14,0,交易,18.511403508771934,26.269423558897245,39981.30038639508,0.9941989341130971,0.9886808470499459,0.9989101075676443
2014-06-25,600444.SH,21.043,21.203,20.943,21.183,557641.0,0.378,21.052,1.995,0.531,0.759,0,交易,27.90909090909091,39.62900188323917,26626.605548393258,0.9928783662689242,0.987737584304108,0.9938157956852193
2014-06-26,600444.SH,21.242,21.701,21.003,21.601,1462014.0,1.977,21.556,1.995,1.392,1.989,0,交易,10.860231271995977,15.26005747126437,69609.77003285245,0.9933182802635824,0.9678355836136583,0.997916763112819
2014-06-27,600444.SH,21.741,21.941,21.462,21.701,1862200.0,0.462,21.799,1.995,1.774,2.533,0,交易,8.567311488353731,12.255355129650507,86767.30966359147,0.9935280980812178,0.9781687252176291,1.004515920925303
2014-06-30,600444.SH,21.681,22.32,21.562,22.18,1858175.0,2.206,21.964,1.995,1.77,2.528,0,交易,8.77373417721519,12.249152542372881,86178.23021983118,0.9840501792114694,0.9660394265232976,0.9902614968440036
2014-07-01,600444.SH,22.14,22.439,22.0,22.12,1138290.0,-0.27,22.223,1.995,1.084,1.548,0,交易,14.289405684754522,20.424354243542435,51740.454545454544,0.9903739025803289,0.9804358482998351,1.004656419529837
2014-07-02,600444.SH,22.24,22.379,22.08,22.32,1184059.0,0.902,22.256,1.995,1.128,1.611,0,交易,13.854748603351956,19.71631205673759,53625.86050724638,0.9945037758612985,0.9866392600205548,0.9971326164874552
2014-07-03,600444.SH,22.758,23.038,22.339,22.878,3269983.0,2.502,22.695,1.995,3.114,4.448,0,交易,5.143435251798561,7.308285163776493,146380.00805765702,0.9851115548224673,0.9696588245507421,0.9920010490427486
2014-07-04,600444.SH,22.718,22.798,22.2,22.439,2047005.0,-1.918,22.409,1.995,1.95,2.784,0,交易,8.059985632183908,11.65025641025641,92207.43243243244,0.9829370997455917,0.9737696289148171,0.9986630420250456
2014-07-07,600444.SH,22.539,22.898,22.3,22.778,1605040.0,1.511,22.65,1.995,1.529,2.183,0,交易,10.434264773247824,14.741007194244606,71974.88789237668,0.9891693597694121,0.973884182024631,0.9943805426288524
2014-07-08,600444.SH,22.778,22.838,22.439,22.459,1249706.0,-1.401,22.616,1.995,1.19,1.7,0,交易,13.211176470588235,19.141176470588235,55693.48010160881,0.9902793589631316,0.9825291181364393,1.0069905160514716
2014-07-09,600444.SH,22.2,23.716,22.14,22.818,3191598.0,1.599,22.768,1.995,3.04,4.341,0,交易,5.256392536281963,7.302631578947368,144155.28455284552,0.960026986001012,0.9335469725080114,0.9978087474800595
2014-07-10,600444.SH,22.659,23.038,22.479,22.798,1335684.0,-0.087,22.69,1.995,1.272,1.817,0,交易,12.547055586130984,17.81367924528302,59419.191245162154,0.9848945220939318,0.9757357409497351,0.9952627423458199
2014-07-11,600444.SH,22.659,23.337,22.639,23.137,1518739.0,1.487,22.945,1.995,1.446,2.066,0,交易,11.198935140367862,15.6701244813278,67085.07442908255,0.983202639585208,0.9700904143634571,0.9917016034922419
2014-07-14,600444.SH,23.137,23.676,23.137,23.516,1782934.0,1.638,23.386,1.995,1.698,2.425,0,交易,9.697319587628867,13.62603062426384,77059.86082897523,0.9877513093427944,0.9772343301233317,0.9944718489539037
2014-07-15,600444.SH,23.357,23.736,23.277,23.576,1476840.0,0.254,23.473,1.995,1.407,2.009,0,交易,11.735191637630663,16.600568585643213,63446.32040211367,0.9889197842938995,0.9806622851365016,0.9956311503223617
2014-07-16,600444.SH,23.536,23.975,22.938,23.357,1665881.0000000002,-0.931,23.378,1.995,1.587,2.266,0,交易,10.307590467784642,14.830497794580971,72625.38146307439,0.9750990615224191,0.9567466110531803,1.000899088067817
2014-07-17,600444.SH,23.297,23.437,22.798,23.058,969715.0,-1.281,23.049,1.995,0.924,1.319,0,交易,17.4814253222138,25.213203463203463,42535.09079743837,0.9834449801595767,0.9727354183555915,0.9996096799375488
2014-07-18,600444.SH,22.978,23.337,22.878,23.097,872340.0,0.173,23.125,1.995,0.831,1.187,0,交易,19.458298230834036,27.651022864019257,38130.081300813006,0.9909157132450614,0.9803316621673737,1.001212278650907
2014-07-21,600444.SH,23.177,23.277,22.878,22.938,829641.0,-0.691,23.048,1.995,0.79,1.129,0,交易,20.317094774136404,29.337974683544303,36263.70312090217,0.9901619624522059,0.9828586158010052,1.0047955357921352
2014-07-22,600444.SH,22.918,23.257,22.659,23.217,1215669.0,1.217,22.97,1.995,1.158,1.654,0,交易,14.036880290205563,19.791018998272886,53650.60240963856,0.9876596293589026,0.9742873113471212,0.9893612439160959
2014-07-23,600444.SH,23.237,23.317,22.738,22.898,1159755.0,-1.375,22.94,1.995,1.105,1.578,0,交易,14.510773130544992,21.0289592760181,51005.145571290355,0.9838315392203114,0.975168332118197,1.0018342213293738
2014-07-24,600444.SH,22.918,23.097,22.798,22.838,1008414.0,-0.261,22.934,1.995,0.96,1.372,0,交易,16.645772594752184,23.872916666666665,44232.56426002281,0.9929428064250768,0.9870545958349568,1.0042035204483755
2014-07-25,600444.SH,22.798,23.137,22.778,23.117,628828.0,1.223,22.957,1.995,0.599,0.855,0,交易,27.037426900584798,38.060100166944906,27606.813592062517,0.9922202532739768,0.984483727363098,0.9930786866807977
2014-07-28,600444.SH,23.097,23.337,22.958,23.297,1449866.0,0.777,23.154,1.995,1.381,1.972,0,交易,11.813894523326573,16.724837074583636,63152.974997822115,0.9921583751124823,0.9837596949050863,0.9938618706271194
2014-07-29,600444.SH,23.297,23.696,23.157,23.377,1487680.0,0.342,23.465,1.995,1.417,2.024,0,交易,11.54990118577075,16.441072688779112,64243.20939672669,0.9902515192437541,0.9772535449020932,1.0037643837960388
2014-07-30,600444.SH,23.616,23.616,23.257,23.397,1188990.0,0.085,23.355,1.995,1.132,1.617,0,交易,14.46938775510204,20.86219081272085,51123.96267790342,0.9889481707317074,0.9847984417344174,0.9982048980638544
2014-07-31,600444.SH,23.397,23.536,23.257,23.456,1951114.0,0.256,23.412,1.995,1.858,2.654,0,交易,8.837980406932932,12.592572658772873,83893.62342520531,0.9947314751869476,0.9881458191706323,0.9981241473396999
2014-08-01,600444.SH,23.357,23.596,23.217,23.357,2066848.0,-0.425,23.383,1.995,1.968,2.811,0,交易,8.309142653859837,11.86839430894309,89023.04345953396,0.9909730462790303,0.9839379555856924,1.0011131566553924
2014-08-06,600444.SH,23.736,25.272,23.736,24.155,5372453.0,3.416,24.395,1.995,5.117,7.308,0,交易,3.30528188286809,4.638655462184874,226341.9700033704,0.9652975625197848,0.939221272554606,1.0099358310908715
2014-08-07,600444.SH,23.935,24.314,23.536,23.875,2959314.0,-1.156,23.893,1.995,2.818,4.025,0,交易,5.93167701863354,8.49361249112846,125735.6390210741,0.9826848729127252,0.9680019741712594,1.0007539267015708
2014-08-08,600444.SH,23.756,25.291,23.676,25.272,6380732.0,5.848,24.732,1.995,6.077,8.679,0,交易,2.91185620463187,3.9091657067632055,269502.11184321676,0.977897275710727,0.9361432920801865,0.9786324786324787
2014-08-11,600444.SH,25.132,25.67,24.793,25.551,3355403.0,1.105,25.348,1.995,3.196,4.564,0,交易,5.59837861524978,7.863579474342929,135336.70794175775,0.9874561745227891,0.9658356057654849,0.9920551054753239
2014-08-12,600444.SH,25.451,25.81,25.391,25.491,1614560.0,-0.234,25.549,1.995,1.538,2.196,0,交易,11.607923497267759,16.548114434330298,63587.885471229965,0.9898876404494382,0.9837659821774506,1.0022753128555175
2014-08-13,600444.SH,25.491,25.93,25.252,25.631,1838241.9999999998,0.548,25.556,1.995,1.751,2.5,0,交易,10.2524,14.557966876070818,72795.89735466496,0.9855765522560741,0.9738526802930968,0.9970738558776482
2014-08-14,600444.SH,25.69,25.75,25.152,25.431,1855648.0,-0.778,25.412,1.995,1.767,2.524,0,交易,10.0756735340729,14.538766270514998,73777.35368956743,0.9868737864077669,0.9767766990291262,0.9992528803428885
2014-08-15,600444.SH,25.411,25.631,25.252,25.471,1388885.0,0.157,25.45,1.995,1.323,1.889,0,交易,13.483853890947591,19.207105064247923,55000.99002059243,0.9929382388513909,0.9852132183683819,0.9991755329590515
2014-08-18,600444.SH,25.83,26.329,25.431,26.269,3149754.0,3.132,25.883,1.995,3.0,4.284,0,交易,6.13188608776844,8.61,123854.90149817152,0.9830605036271791,0.9658931216529303,0.9853058738436942
2014-08-19,600444.SH,26.309,27.067,25.95,26.748,2567158.0,1.822,26.694,1.995,2.445,3.492,0,交易,7.65979381443299,10.76032719836401,98927.09055876687,0.9862193815347101,0.958732035319762,0.9979811574697173
2014-08-20,600444.SH,26.728,27.426,26.608,26.708,2188827.0,-0.149,26.885,1.995,2.085,2.977,0,交易,8.971447766207591,12.819184652278178,82261.98887552615,0.9802741923722017,0.9701742871727559,1.0066272277969148
2014-08-21,600444.SH,26.728,27.306,26.608,27.027,1961066.0,1.195,26.995,1.995,1.868,2.668,0,交易,10.130059970014992,14.308351177730193,73702.11966325917,0.9886105617812935,0.974437852486633,0.9988159988159988
2014-08-22,600444.SH,27.087,29.739,26.927,29.739,5797802.0,10.037,28.888,1.995,5.522,7.886,0,交易,3.771113365457773,4.905287939152481,215315.55687599807,0.97138437741686,0.9054440297252765,0.97138437741686
2014-08-25,600444.SH,29.919,30.856,29.201,29.839,3742826.0,0.335,30.003,1.995,3.565,5.091,0,交易,5.861127479866431,8.39242636746143,128174.5830622239,0.972355457609541,0.946363754213119,1.0054961627400383
2014-08-26,600444.SH,29.56,29.62,28.204,28.662,3924161.0,-3.944,28.605,1.995,3.737,5.338,0,交易,5.369426751592356,7.91008830612791,139134.9099418522,0.9657326130992573,0.9521944632005401,0.9980113041657945
2014-08-27,600444.SH,28.224,28.862,27.505,28.762,3257933.0,0.348,28.198,1.995,3.103,4.432,0,交易,6.489620938628159,9.095713825330325,118448.75477185966,0.9769939713117595,0.9529831612500866,0.9803907934079689
2014-08-28,600444.SH,28.782,29.221,28.204,28.583,2481115.0,-0.624,28.656,1.995,2.363,3.375,0,交易,8.469037037037037,12.180279305966991,87970.32335838888,0.9806645905342048,0.9651962629615688,1.0025539656439142
2014-08-29,600444.SH,28.802,29.301,28.383,29.301,2218203.0,2.512,28.907,1.995,2.113,3.017,0,交易,9.711965528670865,13.630856601987695,78152.52087517176,0.9865533599535853,0.9686700112624143,0.9865533599535853
2014-09-01,600444.SH,29.321,30.098,28.922,30.059,2023613.0,2.587,29.454,1.995,1.927,2.753,0,交易,10.91863421721758,15.215879605604567,69967.9482746698,0.9786032294504619,0.9609276363877999,0.9798729165973585
2014-09-02,600444.SH,29.919,32.233,29.919,32.153,4511763.0,6.967,31.31,1.995,4.297,6.137,0,交易,5.2392048232035195,6.962764719571795,150799.25799659078,0.9713647504110694,0.9282102193404276,0.9737816066929991
2014-09-03,600444.SH,32.113,32.113,31.315,31.854,2582671.0,-0.931,31.645,1.995,2.46,3.513,0,交易,9.067463706233989,13.054065040650407,82473.92623343445,0.9854264628032261,0.9751502506772959,0.993438814591574
2014-09-04,600444.SH,31.315,32.412,31.116,32.233,2196075.0,1.19,31.71,1.995,2.092,2.987,0,交易,10.79109474389019,14.968929254302104,70577.03432317778,0.9783413550536839,0.9600148093298778,0.9837743927031305
2014-09-05,600444.SH,31.914,32.392,31.654,31.973,1367021.0,-0.804,32.013,1.995,1.302,1.859,0,交易,17.199031737493275,24.51152073732719,43186.358754027926,0.9882995801432451,0.9772165966905407,1.001251055578144
2014-09-09,600444.SH,32.073,32.073,30.318,31.594,4554813.0,-1.185,30.966,1.995,4.338,6.196,0,交易,5.099096191091027,7.393499308437068,150234.61310112802,0.9654849873725564,0.9452810775418576,0.9801228081281256
2014-09-10,600444.SH,31.415,31.594,30.817,31.495,2246162.0,-0.316,31.287,1.995,2.139,3.055,0,交易,10.309328968903436,14.686769518466575,72887.10776519454,0.9902829651199594,0.9754067227954675,0.9933957771074773
2014-09-11,600444.SH,31.535,33.828,31.275,33.729,4051967.0,7.093,32.792,1.995,3.859,5.512,0,交易,6.119194484760523,8.17180616740088,129559.2965627498,0.9693744826770722,0.9245299751684993,0.9722197515491121
2014-09-12,600444.SH,33.788,33.828,32.771,33.39,3964726.9999999995,-1.005,33.185,1.995,3.776,5.393,0,交易,6.191359169293529,8.948093220338983,120982.78966159103,0.9809920775688779,0.9687536951637696,0.9938604372566637
2014-09-15,600444.SH,33.39,33.409,32.293,32.771,3209486.0,-1.852,32.647,1.995,3.057,4.366,0,交易,7.505955107650023,10.922473012757607,99386.43049577308,0.9771917746714956,0.9665958274716394,0.996216166732782
2014-09-16,600444.SH,32.751,33.31,30.717,31.754,4127054.0,-3.104,32.145,1.995,3.931,5.614,0,交易,5.6562166013537585,8.331467819893156,134357.32656183874,0.9650255178625038,0.9221555088561992,1.0123134093342572
2014-09-17,600444.SH,31.714,31.914,31.036,31.894,2330337.0,0.44,31.478,1.995,2.219,3.17,0,交易,10.061198738170347,14.29202343397927,75084.96584611418,0.9863382841386226,0.9724885630130977,0.9869567943813885
2014-09-18,600444.SH,31.854,32.492,31.395,31.654,1387800.0,-0.75,31.854,1.995,1.322,1.888,0,交易,16.765889830508474,24.095310136157334,44204.4911610129,0.9803643973901268,0.9662378431613936,1.0063183168004044
2014-09-19,600444.SH,31.355,32.113,31.355,31.894,2529078.0,0.756,31.881,1.995,2.409,3.44,0,交易,9.271511627906976,13.015774180157743,80659.48014670706,0.9927755114751036,0.9763958521471056,0.9995923998244185
2014-09-22,600444.SH,31.894,31.894,31.235,31.634,2635720.0,-0.813,31.519,1.995,2.51,3.585,0,交易,8.823988842398885,12.706772908366535,84383.54410116856,0.9882423026274534,0.9793378064839782,0.9963646709236896
2014-09-23,600444.SH,31.555,32.971,31.435,32.831,4160265.0,3.783,32.353,1.995,3.962,5.659,0,交易,5.801555045060965,7.964411913175163,132344.99761412438,0.9812562554972553,0.9534136058960906,0.9854405896865767
2014-09-24,600444.SH,32.632,34.985,32.632,34.487,4019819.9999999995,5.043,33.962,1.995,3.828,5.468,0,交易,6.307059253840527,8.524555903866249,123186.44275557734,0.9707588966700016,0.9327426039731312,0.9847768724446894
2014-09-25,600444.SH,34.487,35.703,34.028,34.726,3297274.0,0.694,34.804,1.995,3.14,4.485,0,交易,7.742697881828316,10.98312101910828,96898.84800752322,0.9748200431336302,0.9530851749152731,1.002246155618269
2014-09-26,600444.SH,34.327,36.102,34.327,36.062,3271003.0,3.848,35.656,1.995,3.115,4.449,0,交易,8.105641717239829,11.019903691813802,95289.5097153844,0.9876461137887098,0.9508337488227799,0.9887416116687927
2014-09-29,600444.SH,36.042,37.119,35.703,36.202,2509366.0,0.387,36.325,1.995,2.39,3.413,0,交易,10.607090536185174,15.080334728033472,70284.45788869282,0.9786093375360329,0.9618524205932273,1.003397602342412
2014-09-30,600444.SH,35.843,36.9,35.444,36.641,1812223.0,1.212,36.226,1.995,1.726,2.465,0,交易,14.864503042596349,20.766512166859794,51129.18970770793,0.9817344173441734,0.9605420054200543,0.9886738899047516
2014-10-08,600444.SH,36.381,36.721,34.925,35.903,1704202.0,-2.014,35.741,1.995,1.623,2.318,0,交易,15.488783433994822,22.41589648798521,48796.04867573372,0.9733122736308925,0.9510906565725334,0.9954878422415955
2014-10-09,600444.SH,36.082,36.082,33.908,35.284,4071986.0,-1.722,34.895,1.995,3.878,5.539,0,交易,6.370102906661852,9.304280556988138,120089.24147693759,0.9671027104927665,0.9397483509783272,0.9889751728828932
2014-10-10,600444.SH,35.065,35.524,34.267,34.746,2092029.0,-1.526,34.731,1.995,1.992,2.846,0,交易,12.208713984539706,17.602911646586346,61050.83608136107,0.977677063393762,0.9646154712307173,0.9995682956311518
2014-10-13,600444.SH,34.626,36.501,33.509,35.743,3607106.0,2.87,34.89,1.995,3.435,4.906,0,交易,7.285568691398288,10.080349344978165,107645.88617983228,0.9558642228980029,0.9180296430234789,0.9761351873094032
2014-10-14,600444.SH,35.564,35.803,34.786,35.205,1248212.0,-1.507,35.392,1.995,1.189,1.698,0,交易,20.73321554770318,29.91084945332212,35882.59644684643,0.9885205150406392,0.971594559115158,1.0053117454906975
2014-10-15,600444.SH,34.925,35.823,34.347,35.743,1307461.0,1.53,35.208,1.995,1.245,1.778,0,交易,20.1029246344207,28.05220883534136,38066.23577022738,0.9828322586048069,0.9587974206515367,0.9850320342444674
2014-10-16,600444.SH,35.484,36.8,35.225,35.324,1998677.0,-1.172,36.219,1.995,1.904,2.719,0,交易,12.991541007723427,18.63655462184874,56740.29808374734,0.9842119565217392,0.9572010869565218,1.0253368814403805
2014-10-17,600444.SH,35.404,35.544,33.928,35.384,1813972.0,0.169,34.614,1.995,1.728,2.467,0,交易,14.342926631536278,20.488425925925927,53465.338363593495,0.9738352464550979,0.954535223947783,0.9782387519782952
2014-10-20,600444.SH,35.105,35.105,34.267,34.586,1484116.0,-2.255,34.589,1.995,1.413,2.019,0,交易,17.130262506191183,24.84430290162774,43310.356903142965,0.9853012391397238,0.9761287565873809,1.0000867402995433
2014-10-21,600444.SH,33.848,34.666,33.729,33.948,1510877.0,-1.845,34.142,1.995,1.439,2.055,0,交易,16.51970802919708,23.521890201528837,44794.5981203119,0.984884324698552,0.9729706340506549,1.005714622363615
2014-10-22,600444.SH,33.948,33.948,32.293,32.891,3734750.0,-3.114,32.876,1.995,3.557,5.08,0,交易,6.474606299212598,9.543997750913691,115651.99888520733,0.9684222929185813,0.9512489690114292,0.9995439481925147
2014-10-23,600444.SH,31.914,33.11,30.737,31.136,3003108.0,-5.337,31.458,1.995,2.86,4.085,0,交易,7.62203182374541,11.15874125874126,97703.35426359111,0.9501057082452431,0.9283298097251586,1.010341726618705
2014-10-24,600444.SH,31.255,32.033,31.156,31.415,1383954.0,0.897,31.587,1.995,1.318,1.882,0,交易,16.692348565356006,23.713960546282244,44420.143792527924,0.9860768582399401,0.9726219835794336,1.0054750915167914
2014-10-27,600444.SH,30.976,32.153,30.537,32.053,967491.0,2.032,31.583,1.995,0.921,1.316,0,交易,24.356382978723403,33.63300760043431,31682.581786030063,0.9822722607532735,0.9497403041706839,0.9853367859482732
2014-10-28,600444.SH,32.213,33.27,31.894,32.791,1064036.0,2.302,32.645,1.995,1.013,1.447,0,交易,22.661368348306837,31.799605133267526,33361.63541731987,0.9812143071836489,0.9586414186955213,0.9955475587813731
2014-10-29,600444.SH,32.791,33.769,32.791,33.29,1145706.0,1.521,33.512,1.995,1.091,1.558,0,交易,21.36713735558408,30.05591200733272,34939.6480741667,0.992389469631911,0.9710385264591785,1.006668669270051
2014-10-30,600444.SH,33.33,34.427,32.951,33.13,1306278.0,-0.479,33.588,1.995,1.244,1.777,0,交易,18.643781654473834,26.792604501607716,39643.04573457558,0.9756295930519651,0.9571266738315857,1.0138243284032598
2014-10-31,600444.SH,33.11,33.509,32.312,32.432,1048234.0,-2.107,32.812,1.995,0.998,1.426,0,交易,22.74333800841515,33.17635270541082,32441.012626887845,0.979199618013071,0.9642782536035094,1.0117168228909716
2014-11-03,600444.SH,32.691,33.07,32.312,33.011,1153644.0,1.784,32.612,1.995,1.099,1.569,0,交易,21.03951561504143,29.74613284804368,35703.26813567715,0.9861505896583006,0.9770789234956153,0.9879131198691345
2014-11-04,600444.SH,33.031,33.669,32.013,33.469,1578056.0,1.39,32.7,1.995,1.503,2.147,0,交易,15.588728458313929,21.976713240186296,49294.224221410055,0.9712198164483652,0.9508152900294039,0.977023514296812
2014-11-05,600444.SH,33.449,33.908,32.711,33.489,1371171.0,0.06,33.282,1.995,1.306,1.865,0,交易,17.956568364611257,25.611791730474728,41917.734095564185,0.981538280051905,0.9646985962014863,0.9938188658962644
2014-11-06,600444.SH,33.469,33.509,32.811,33.489,1157936.0,0.0,33.152,1.995,1.103,1.575,0,交易,21.262857142857143,30.343608340888487,35291.091402273625,0.989346145811573,0.979169775284252,0.9899369942369137
2014-11-07,600444.SH,34.347,35.145,33.709,34.048,3393317.0,1.668,34.491,1.995,3.232,4.616,0,交易,7.376083188908146,10.627165841584159,100665.01527781897,0.9813913785744771,0.9591407028026746,1.0130110432330826
2014-11-10,600444.SH,34.048,34.746,33.27,33.928,1454365.0,-0.351,33.738,1.995,1.385,1.978,0,交易,17.152679474216377,24.583393501805055,43714.00661256387,0.9709894664134,0.9575202901053359,0.994399905682622
2014-11-11,600444.SH,33.589,34.187,31.415,32.592,2065084.0,-3.939,32.631,1.995,1.967,2.809,0,交易,11.602705589177642,17.07625826131164,65735.60401082286,0.9544856231901016,0.9189165472255536,1.0011966126656848
2014-11-12,600444.SH,32.532,32.891,31.734,32.731,689797.0,0.428,32.485,1.995,0.657,0.938,0,交易,34.894456289978685,49.51598173515981,21736.843763786474,0.9876561977440638,0.964823203915965,0.992484189300663
2014-11-13,600444.SH,32.572,32.931,31.894,32.133,1037411.0,-1.828,32.269,1.995,0.988,1.411,0,交易,22.773210489014886,32.96761133603239,32526.83890386907,0.9798973611490693,0.9685099146700678,1.0042324090498862
2014-11-14,600444.SH,32.093,32.472,31.714,32.293,627041.0,0.497,31.94,1.995,0.597,0.853,0,交易,37.858147713950764,53.75711892797321,19771.74118685754,0.9836166543483617,0.9766568120226656,0.9890688384479609
2014-11-17,600444.SH,32.412,32.931,31.973,32.671,646607.0,1.174,32.623,1.995,0.616,0.88,0,交易,37.12613636363636,52.616883116883116,20223.53235542489,0.9906471106252467,0.9709088700616441,0.9985308071378286
2014-11-18,600444.SH,32.811,32.811,32.312,32.652,435409.0,-0.061,32.446,1.995,0.415,0.592,0,交易,55.15540540540541,79.06265060240965,13475.148551621689,0.9888756819359361,0.9847916857151564,0.9936910449589611
2014-11-19,600444.SH,32.572,33.09,32.332,33.05,760099.0,1.222,32.777,1.995,0.724,1.034,0,交易,31.963249516441003,44.9889502762431,23509.185945812198,0.9905409489271683,0.9770927772741008,0.9917397881996975
2014-11-20,600444.SH,32.911,33.37,32.592,33.031,609937.0,-0.06,33.004,1.995,0.581,0.83,0,交易,39.79638554216867,56.645438898450955,18714.316396661758,0.9890320647287983,0.9766856457896315,0.9991825860555236
2014-11-21,600444.SH,33.031,33.948,32.871,33.629,1484775.0,1.812,33.49,1.995,1.414,2.02,0,交易,16.648019801980197,23.35997171145686,45169.75449484347,0.9865087781312596,0.968275008837045,0.9958666627018349
2014-11-24,600444.SH,33.709,33.848,33.05,33.409,1572117.0,-0.652,33.348,1.995,1.497,2.138,0,交易,15.626286248830683,22.517702070808284,47567.83661119516,0.9852280784684472,0.9764240132356417,0.9981741446915502
2014-11-25,600444.SH,33.409,33.609,33.13,33.509,1324901.0,0.299,33.428,1.995,1.262,1.802,0,交易,18.59544950055494,26.47305863708399,39990.97494717778,0.9946145377726203,0.9857478651551668,0.997582738965651
2014-11-26,600444.SH,33.569,33.888,33.29,33.37,1055392.0,-0.417,33.579,1.995,1.005,1.436,0,交易,23.238161559888578,33.40199004975125,31702.973866025834,0.9908817280453258,0.9823536355051936,1.006263110578364
2014-11-27,600444.SH,33.39,33.908,33.39,33.629,1415787.0,0.777,33.667,1.995,1.348,1.926,0,交易,17.460539979231566,24.770029673590503,42401.5274034142,0.9928925327356376,0.9847233691164327,1.0011299771030957
2014-11-28,600444.SH,33.529,34.387,33.529,33.888,2482221.0,0.771,33.96,1.995,2.364,3.376,0,交易,10.037914691943127,14.183164128595603,74032.06179725013,0.9875825166487335,0.9750487102684154,1.0021246458923514
2014-12-01,600444.SH,33.908,34.327,32.512,33.031,1790649.0000000002,-2.531,33.292,1.995,1.705,2.436,0,交易,13.55952380952381,19.887390029325513,55076.556348425205,0.9698488070614969,0.9471261689049437,1.0079016681299386
2014-12-02,600444.SH,32.811,33.21,32.472,32.691,1838696.0,-1.027,32.75,1.995,1.751,2.501,0,交易,13.071171531387447,18.738435179897202,56624.0453313624,0.9861487503763926,0.9777777777777777,1.0018047780734758
2014-12-03,600444.SH,32.691,32.691,30.777,31.415,3841794.9999999995,-3.905,31.34,1.995,3.659,5.226,0,交易,6.011289705319556,8.934408308280952,124826.81872827109,0.9586736410632896,0.9414517757180875,0.9976126054432596
2014-12-04,600444.SH,31.335,31.794,31.056,31.415,1864040.0000000002,0.0,31.406,1.995,1.775,2.536,0,交易,12.387618296529968,17.653521126760566,60021.89592993303,0.9877964395797949,0.9767880732213625,0.9997135126531912
2014-12-05,600444.SH,31.574,31.574,30.059,30.398,2038809.9999999998,-3.238,30.552,1.995,1.942,2.773,0,交易,10.962134871979805,16.25849639546859,67826.94035064372,0.9676315956166466,0.9520174827389625,1.005066122771235
2014-12-08,600444.SH,30.378,30.717,29.54,30.039,2492915.0,-1.181,30.134,1.995,2.374,3.391,0,交易,8.858448835151872,12.796124684077506,84391.16452268111,0.9810202819285738,0.9616824559690074,1.0031625553447185
2014-12-09,600444.SH,30.358,30.358,27.984,28.204,2284530.0,-6.109,29.094,1.995,2.176,3.107,0,交易,9.077566784679755,13.951286764705882,81637.00686106346,0.9583635285591936,0.921799855062916,1.031555807686853
2014-12-10,600444.SH,28.543,30.697,27.984,29.44,1948727.0,4.385,29.385,1.995,1.856,2.651,0,交易,11.10524330441343,15.378771551724137,69637.18553459119,0.9572596670684432,0.9116200280157671,0.9981317934782609
2014-12-11,600444.SH,29.46,30.896,29.46,30.617,2364556.0,3.997,30.465,1.995,2.252,3.216,0,交易,9.520211442786069,13.08170515097691,80263.27223353699,0.9860499741066805,0.9535214914552046,0.9950354378286572
2014-12-12,600444.SH,30.557,30.876,29.859,30.537,2004234.9999999998,-0.261,30.277,1.995,1.909,2.726,0,交易,11.202127659574467,16.006809848088004,67123.31290398203,0.9805998186293561,0.9670617955693743,0.9914857386121755
2014-12-15,600444.SH,30.477,30.856,29.54,30.677,2470017.0,0.457,29.972,1.995,2.352,3.36,0,交易,9.130059523809525,12.957908163265307,83616.01218686526,0.9713507907700285,0.9573502722323048,0.9770186132933468
2014-12-16,600444.SH,30.318,30.457,29.919,29.979,1827156.0000000002,-2.276,30.03,1.995,1.74,2.485,0,交易,12.063983903420523,17.424137931034483,61070.089240950576,0.985980234428867,0.9823357520438651,1.0017011908335836
2014-12-17,600444.SH,29.919,29.919,28.962,29.181,1519185.0,-2.661,29.318,1.995,1.447,2.066,0,交易,14.124394966118103,20.676572218382862,52454.42303708308,0.9799124302282831,0.9680136368194124,1.0046948356807512
2014-12-18,600444.SH,29.48,29.48,28.702,28.822,1048601.0,-1.23,29.001,1.995,0.999,1.426,0,交易,20.211781206171107,29.50950950950951,36534.07428053794,0.9837516960651289,0.9736092265943013,1.0062105336201514
2014-12-19,600444.SH,28.962,29.52,28.523,29.321,1785432.0,1.73,28.98,1.995,1.7,2.429,0,交易,12.071222725401402,17.036470588235293,62596.22059390667,0.9817073170731707,0.9662262872628726,0.9883701101599536
2014-12-22,600444.SH,27.924,29.161,26.389,27.127,2073146.0,-7.483,27.355,1.995,1.974,2.82,0,交易,9.61950354609929,14.145896656534955,78560.99132214181,0.9380679674908268,0.9049415314975481,1.0084049102370334
2014-12-23,600444.SH,26.927,27.785,26.548,27.505,950200.0,1.397,27.409,1.995,0.905,1.292,0,交易,21.288699690402474,29.753591160220992,35791.77339159259,0.9864675184452042,0.9554795753104193,0.9965097255044537
2014-12-24,600444.SH,27.685,29.899,26.967,29.101,2021157.0,5.801,28.565,1.995,1.925,2.749,0,交易,10.58603128410331,14.381818181818181,74949.27133162755,0.9553831231813773,0.9019365196160406,0.981581388955706
2014-12-25,600444.SH,28.882,29.121,28.483,28.882,642245.0,-0.754,28.88,1.995,0.612,0.874,0,交易,33.045766590389015,47.192810457516345,22548.36218095004,0.9917241852958346,0.978091411696027,0.9999307527179557
2014-12-26,600444.SH,28.882,29.52,28.563,28.702,875837.0000000001,-0.622,28.923,1.995,0.834,1.191,0,交易,24.099076406381194,34.63069544364509,30663.34068550223,0.9797764227642276,0.9675813008130081,1.0076998118598006
2014-12-29,600444.SH,28.702,29.121,27.087,27.186,1276200.0,-5.281,27.483,1.995,1.215,1.736,0,交易,15.660138248847927,23.62304526748971,47114.852143094475,0.9437519315957557,0.9301534974760483,1.0109247406753477
2014-12-30,600444.SH,27.166,27.366,26.289,26.708,1540314.0,-1.761,26.685,1.995,1.467,2.095,0,交易,12.748448687350834,18.518064076346285,58591.57822663471,0.9751151063363297,0.9606445954834467,0.9991388348060506
2014-12-31,600444.SH,26.648,28.742,25.73,28.662,3055915.0,7.319,26.919,1.995,2.91,4.157,0,交易,6.894876112581188,9.157388316151202,118768.55810338126,0.9365736552779904,0.8952056224340686,0.9391877747540298
2015-01-05,600444.SH,27.705,27.884,26.967,27.705,1508954.0,-3.34,27.36,1.995,1.437,2.053,0,交易,13.494885533365805,19.27974947807933,55955.57533281418,0.9812078611390044,0.9671137569932577,0.987547374120195
2015-01-06,600444.SH,27.127,27.725,27.127,27.645,1071701.0,-0.216,27.483,1.995,1.021,1.458,0,交易,18.96090534979424,26.569049951028404,39506.80134183655,0.9912714156898106,0.9784310189359783,0.9941399891481281
2015-01-07,600444.SH,27.725,28.024,27.286,27.466,985902.0,-0.649,27.623,1.995,0.939,1.341,0,交易,20.48173005219985,29.526091586794465,36132.15568423367,0.9856908364259207,0.9736654296317442,1.0057161581591787
2015-01-08,600444.SH,27.645,27.645,26.927,27.067,1383751.0,-1.452,27.195,1.995,1.318,1.882,0,交易,14.382040382571732,20.974962063732928,51388.97760612025,0.9837221920781335,0.9740278531379997,1.0047290058004212
2015-01-09,600444.SH,27.067,27.326,26.408,26.688,3182251.0,-1.4,26.856,1.995,3.031,4.329,0,交易,6.164934164934165,8.930056087099967,120503.29445622538,0.9828002634853253,0.9664056210202737,1.006294964028777
2015-01-12,600444.SH,25.97,26.708,24.873,25.87,2338901.0,-3.064,25.927,1.995,2.228,3.181,0,交易,8.132662684690349,11.656193895870734,94033.73135528485,0.9707578253706755,0.9312939943088214,1.002203324313877
2015-01-13,600444.SH,26.389,27.904,25.631,26.767,1909700.0,3.47,26.814,1.995,1.819,2.598,0,交易,10.30292532717475,14.507421660252886,74507.43240607077,0.9609375,0.9185421444954128,1.001755893450891
2015-01-14,600444.SH,26.748,27.027,25.95,26.329,1147988.0,-1.639,26.423,1.995,1.093,1.562,0,交易,16.85595390524968,24.472095150960662,44238.45857418112,0.9776519776519775,0.9601509601509601,1.0035702077557065
2015-01-15,600444.SH,26.229,26.708,25.97,26.369,629960.0,0.152,26.348,1.995,0.6,0.857,0,交易,30.768961493582264,43.715,24257.21986907971,0.9865208926164445,0.9723678298637113,0.9992036102999734
2015-01-16,600444.SH,26.289,27.027,26.269,26.867,1530663.0,1.891,26.746,1.995,1.458,2.082,0,交易,12.904418828049954,18.030864197530867,58268.79591914424,0.9896029896029895,0.9719539719539718,0.9954963337923847
2015-01-19,600444.SH,26.767,27.127,25.93,26.149,1556506.0,-2.673,26.495,1.995,1.482,2.117,0,交易,12.351913084553614,18.061403508771928,60027.22715001928,0.9767021786412062,0.9558742212555756,1.0132318635511874
2015-01-20,600444.SH,26.169,26.767,26.169,26.628,1745702.0,1.831,26.534,1.995,1.663,2.375,0,交易,11.211789473684211,15.736019242333132,66708.77756123658,0.9912952516157956,0.9776590577950461,0.9964698813279255
2015-01-21,600444.SH,26.728,27.426,26.648,27.206,3174524.0,2.172,27.064,1.995,3.023,4.318,0,交易,6.300602130616026,8.8415481309957,119128.03962773942,0.9868008459126377,0.9716327572376577,0.9947805631110784
2015-01-22,600444.SH,27.246,27.705,27.127,27.665,2939276.0,1.686,27.414,1.995,2.799,3.998,0,交易,6.919709854927463,9.734190782422294,108352.41641169315,0.9894964807796428,0.9791373398303556,0.9909271642870053
2015-01-23,600444.SH,27.725,28.184,27.346,27.944,2861934.0,1.009,27.844,1.995,2.726,3.893,0,交易,7.178011816080144,10.170579603815114,104656.40313025672,0.9879364178257167,0.9702668180527959,0.9964214142570856
2015-01-26,600444.SH,27.944,28.842,27.944,28.642,2663440.0,2.498,28.529,1.995,2.537,3.623,0,交易,7.90560309136075,11.014584154513205,95313.4841110793,0.9891477706123015,0.9688648498717148,0.9960547447803925
2015-01-27,600444.SH,28.622,30.218,28.622,29.54,2977186.0,3.134,29.179,1.995,2.835,4.05,0,交易,7.293827160493827,10.095943562610229,104017.39920340996,0.9656165199549936,0.9471837977364485,0.9877792823290453
2015-01-28,600444.SH,29.66,29.66,28.981,29.4,1484777.0,-0.473,29.269,1.995,1.414,2.02,0,交易,14.554455445544553,20.975954738330977,51232.77319623201,0.9868172623061362,0.9771072151045179,0.9955442176870748
2015-01-29,600444.SH,29.181,29.321,28.583,28.603,1301500.0,-2.714,28.865,1.995,1.24,1.77,0,交易,16.15988700564972,23.533064516129034,45534.05870622398,0.9844480065482076,0.9748303263872309,1.0091598783344404
2015-01-30,600444.SH,28.862,28.862,27.884,28.263,1729672.0,-1.185,28.218,1.995,1.647,2.353,0,交易,12.011474713132172,17.523982999392835,62030.98551140439,0.977686923983092,0.9661146143718384,0.9984078123341471
2015-02-02,600444.SH,27.964,28.662,27.665,28.583,1275112.0,1.129,28.165,1.995,1.214,1.734,0,交易,16.4838523644752,23.03459637561779,46091.16211819989,0.9826599679017515,0.9652152676017026,0.9853759227512857
2015-02-03,600444.SH,28.503,28.822,28.224,28.563,1238252.0,-0.07,28.503,1.995,1.179,1.684,0,交易,16.961401425178146,24.175572519083968,43872.30725623583,0.9889320657830823,0.979251960308098,0.9978993803171936
2015-02-04,600444.SH,28.503,28.642,28.124,28.263,1021753.0000000001,-1.047,28.328,1.995,0.973,1.39,0,交易,20.33309352517986,29.29393627954779,36330.28729910398,0.9890370784163117,0.9819146707632148,1.0022998266284542
2015-02-05,600444.SH,28.463,28.463,28.084,28.164,935904.9999999999,-0.353,28.259,1.995,0.891,1.273,0,交易,22.12411626080126,31.94500561167228,33325.20296254094,0.9928328004778133,0.9866844675543688,1.0033731004118733
2015-02-06,600444.SH,28.343,28.343,26.967,27.166,969691.0,-3.541,27.519,1.995,0.924,1.319,0,交易,20.595905989385898,30.674242424242422,35958.43067452813,0.9709275658892847,0.9514518576015242,1.0129941839063534
2015-02-09,600444.SH,25.93,27.525,25.93,26.688,1629126.0,-1.762,26.789,1.995,1.552,2.216,0,交易,12.043321299638988,16.707474226804123,62827.84419591207,0.973260672116258,0.9420526793823797,1.0037844724220624
2015-02-10,600444.SH,26.628,26.867,26.149,26.668,973900.0,-0.075,26.609,1.995,0.928,1.325,0,交易,20.126792452830188,28.693965517241377,37244.254082374086,0.9903971414746716,0.9732757658093572,0.9977876106194691
2015-02-11,600444.SH,26.588,27.047,26.588,26.867,1027681.0,0.748,26.902,1.995,0.979,1.398,0,交易,19.218168812589415,27.158324821246172,38652.06108018655,0.9946389618072244,0.983029541169076,1.0013027133658392
2015-02-12,600444.SH,26.907,27.266,26.748,27.186,1245928.0,1.188,27.059,1.995,1.187,1.695,0,交易,16.038938053097343,22.668070766638582,46580.230297592345,0.9924081273380768,0.9810019804885206,0.9953284778930332
2015-02-13,600444.SH,27.186,28.563,27.186,28.403,2921057.0,4.475,28.122,1.995,2.782,3.973,0,交易,7.149005789076265,9.772106398274623,107447.10512763922,0.9845604453313728,0.9517907782795925,0.9901066788719501
2015-02-16,600444.SH,28.243,28.862,28.024,28.722,1425113.0,1.124,28.506,1.995,1.357,1.938,0,交易,14.82043343653251,20.812822402358144,50853.304310590924,0.9876654424502808,0.9709652830711664,0.992479632337581
2015-02-17,600444.SH,28.722,29.161,28.523,29.021,1245704.0,1.042,28.839,1.995,1.186,1.694,0,交易,17.13164108618654,24.21753794266442,43673.666865336745,0.988957854668907,0.9781214635986419,0.99372867923228
2015-02-25,600444.SH,28.942,29.819,28.862,29.719,2154790.0,2.405,29.414,1.995,2.052,2.931,0,交易,10.139542818150803,14.10428849902534,74658.37433303306,0.9864180556021329,0.9679063684228176,0.9897372051549513
2015-02-26,600444.SH,29.719,32.691,29.4,32.691,7591756.0,10.0,31.583,1.995,7.23,10.327,0,交易,3.1655853587682774,4.1105117565698475,258222.99319727893,0.9661068795693003,0.8993300908506927,0.9661068795693003
2015-02-27,600444.SH,32.691,33.31,31.614,32.392,3510799.0,-0.915,32.358,1.995,3.344,4.775,0,交易,6.783664921465968,9.776016746411484,111052.03390902764,0.9714199939957969,0.9490843590513359,0.9989503581131142
2015-03-02,600444.SH,32.392,32.791,31.754,32.532,2580818.0,0.431,32.259,1.995,2.458,3.511,0,交易,9.265736257476501,13.178193653376729,81275.36688291239,0.9837760361074687,0.9683754688786559,0.9916082626337146
2015-03-03,600444.SH,32.472,32.512,31.495,31.674,2525971.0,-2.636,31.914,1.995,2.406,3.436,0,交易,9.218277066356228,13.496259351620948,80202.2860771551,0.9816067913385828,0.9687192421259843,1.0075771926501231
2015-03-04,600444.SH,31.674,34.806,31.654,32.592,2811942.0,2.897,32.769,1.995,2.678,3.825,0,交易,8.520784313725489,11.827483196415235,88833.70190181336,0.9414756076538529,0.9094409009940816,1.0054307805596465
2015-03-05,600444.SH,32.312,32.851,32.013,32.173,1848187.0,-1.285,32.459,1.995,1.76,2.514,0,交易,12.797533810660305,18.35909090909091,57732.389966576084,0.9880673343277223,0.9744908830781407,1.0088894414571226
2015-03-06,600444.SH,33.27,34.905,32.991,33.17,3103943.0,3.1,33.911,1.995,2.956,4.222,0,交易,7.8564661297963045,11.255074424898513,94084.5382073899,0.9715227044835983,0.9451654490760636,1.0223394633705156
2015-03-09,600444.SH,32.811,33.609,31.973,33.429,1588420.0,0.782,32.699,1.995,1.513,2.161,0,交易,15.469227209625174,21.686054196959685,49680.04253588966,0.9729239191883126,0.9513225624088785,0.9781626731281222
2015-03-10,600444.SH,32.911,35.464,32.731,33.669,2025358.0000000002,0.716,33.82,1.995,1.929,2.755,0,交易,12.221052631578948,17.061171591498187,61878.89157068223,0.953643131062486,0.9229359350327093,1.004484837684517
2015-03-11,600444.SH,33.609,34.905,33.17,34.367,2963322.0,2.073,34.315,1.995,2.822,4.031,0,交易,8.525676010915406,11.909638554216867,89337.41332529394,0.9830969775103853,0.9502936542042687,0.9984869205924288
2015-03-12,600444.SH,34.347,36.302,34.108,34.666,1837384.0,0.871,35.043,1.995,1.75,2.499,0,交易,13.871948779511802,19.626857142857144,53869.59071185646,0.9653187152223018,0.9395625585367197,1.0108752091386373
2015-03-13,600444.SH,34.407,34.905,33.509,33.828,1497766.0,-2.417,33.861,1.995,1.426,2.037,0,交易,16.60677466863034,24.128330995792425,44697.42457250291,0.97009024495058,0.960005729838132,1.0009755232351896
2015-03-16,600444.SH,33.31,35.264,33.21,35.065,3806690.0,3.656,33.949,1.995,3.625,5.178,0,交易,6.771919660100425,9.18896551724138,114624.81180367358,0.962709845735027,0.9417536297640653,0.9681733922714958
2015-03-17,600444.SH,34.666,36.401,34.267,36.361,4628578.0,3.697,35.631,1.995,4.408,6.296,0,交易,5.775254129606099,7.864337568058075,135073.9195144016,0.9788467349798081,0.94137523694404,0.9799235444569732
2015-03-18,600444.SH,36.222,36.601,35.683,36.082,2474011.0,-0.768,35.97,1.995,2.356,3.365,0,交易,10.722734026745913,15.374363327674025,69333.04374632178,0.9827600338788558,0.9749187180678124,0.9968959592040352
2015-03-19,600444.SH,36.242,36.242,35.304,35.424,2489140.0,-1.824,35.666,1.995,2.371,3.386,0,交易,10.461901949202598,15.285533530156052,70505.8916836619,0.984106837371006,0.9741184261354231,1.0068315266485997
2015-03-20,600444.SH,35.623,35.903,34.905,35.364,2449941.0,-0.169,35.308,1.995,2.333,3.332,0,交易,10.61344537815126,15.269181311615943,70188.82681564246,0.9834275687268473,0.9722028799821743,0.9984164687252574
2015-03-23,600444.SH,35.225,36.062,35.225,35.963,4045776.0,1.692,35.645,1.995,3.853,5.503,0,交易,6.535162638560785,9.142226836231508,114855.24485450673,0.9884365814430704,0.97678997282458,0.9911575786224731
2015-03-24,600444.SH,35.903,35.963,33.07,34.985,2638873.0,-2.718,34.921,1.995,2.513,3.589,0,交易,9.747840624129283,14.286908077994429,79796.58300574539,0.9710257764925061,0.9195562105497317,0.9981706445619551
2015-03-25,600444.SH,34.247,36.701,34.108,36.401,6035800.0,4.048,35.332,1.995,5.748,8.21,0,交易,4.43373934226553,5.958072372999304,176961.41667643955,0.9626985640718236,0.9293479741696411,0.970632674926513
2015-03-26,600444.SH,36.681,38.496,35.903,37.239,3168705.0,2.301,36.919,1.995,3.018,4.31,0,交易,8.64013921113689,12.154075546719682,88257.38796200875,0.9590347049044056,0.9326423524522027,0.9914068584011386
2015-03-27,600444.SH,36.401,37.718,36.401,37.598,1957408.0000000002,0.964,37.362,1.995,1.864,2.663,0,交易,14.118663161847541,19.528433476394852,53773.46776187467,0.9905615356063417,0.965082984251551,0.9937230703760839
2015-03-30,600444.SH,37.439,37.638,36.501,37.06,2240496.0,-1.432,36.986,1.995,2.134,3.048,0,交易,12.158792650918636,17.544048734770385,61381.77036245583,0.9826770816727775,0.9697911684999203,0.9980032379924445
2015-03-31,600444.SH,37.06,37.299,36.002,36.102,3330675.0,-2.583,36.361,1.995,3.172,4.53,0,交易,7.969536423841059,11.683480453972257,92513.61035498028,0.974851872704362,0.9652269497841766,1.0071741177774085
2015-04-01,600444.SH,36.182,36.641,35.903,36.521,1995112.0,1.16,36.448,1.995,1.9,2.714,0,交易,13.456521739130435,19.043157894736844,55569.5067264574,0.9947326765099206,0.9798586283125461,0.9980011500232743
2015-04-02,600444.SH,35.304,37.478,35.304,37.259,4271986.0,2.021,36.661,1.995,4.069,5.811,0,交易,6.411805197040096,8.676333251413125,121005.72173124857,0.978200544319334,0.9419926356795987,0.9839501865321131
2015-04-03,600444.SH,37.06,38.895,36.461,38.376,4607613.0,2.998,37.473,1.995,4.388,6.267,0,交易,6.123504068932503,8.445761166818597,126370.99914977649,0.9634400308522946,0.9374212623730556,0.9764696685428393
2015-04-07,600444.SH,38.296,38.496,37.877,38.157,3447194.0,-0.572,38.099,1.995,3.283,4.689,0,交易,8.13755598208573,11.664940603106915,91010.21728225572,0.9896872402327513,0.9839204073150457,0.998479964357785
2015-04-08,600444.SH,38.097,38.197,36.92,37.518,2599371.0,-1.673,37.66,1.995,2.476,3.536,0,交易,10.61029411764706,15.386510500807756,70405.49837486458,0.9859413042909128,0.9665680550828599,1.0037848499386959
2015-04-09,600444.SH,36.74,39.493,36.74,39.154,5342130.0,4.359,38.295,1.995,5.088,7.267,0,交易,5.387917985413513,7.220911949685535,145403.64725095264,0.9696655103436052,0.9302914440533766,0.9780609899371712
2015-04-10,600444.SH,38.296,39.014,37.558,38.336,5247065.0,-2.089,38.4,1.995,4.997,7.137,0,交易,5.371444584559339,7.663798278967381,139705.65525320836,0.9842620597734145,0.9626800635669246,1.001669449081803
2015-04-13,600444.SH,38.296,39.653,37.379,38.954,6017170.0,1.613,38.325,1.995,5.731,8.185,0,交易,4.759193646915088,6.682254405862851,160977.28671179005,0.9665094696492069,0.9426525105288377,0.9838527493967244
2015-04-14,600444.SH,38.097,42.664,38.097,41.448,7175367.999999999,6.4,40.906,1.995,6.834,9.76,0,交易,4.24672131147541,5.574626865671642,188344.69905766856,0.9587942996437276,0.8929542471404462,0.986923373866049
2015-04-15,600444.SH,40.69,43.861,40.291,40.929,6179897.0,-1.251,42.027,1.995,5.886,8.406,0,交易,4.869022127052106,6.9130139313625545,153381.57404879504,0.9581860878684937,0.9186065069195869,1.0268269442204794
2015-04-16,600444.SH,40.59,42.026,38.356,41.049,4815911.0,0.292,41.02,1.995,4.587,6.551,0,交易,6.266066249427568,8.848920863309354,125558.21774950463,0.9760624375386665,0.9126731071241612,0.9992935272479233
2015-04-20,600444.SH,38.994,40.191,38.994,38.994,6540817.0,-5.005,39.046,1.995,6.229,8.897,0,交易,4.382825671574688,6.260073848129716,167739.06241985946,0.971511034808788,0.9702172128088378,1.0013335384931015
2015-04-21,600444.SH,38.057,38.137,37.04,37.738,10272813.0,-3.223,37.445,1.995,9.784,13.973,1,交易,2.700780075860588,3.8897179067865904,277343.7634989201,0.9818548915751107,0.9712352833206597,0.9922359425512746
2015-04-22,600444.SH,37.877,38.675,36.282,38.416,5042799.0,1.797,38.096,1.995,4.803,6.859,1,交易,5.6008164455459974,7.886112846137831,138989.0028113114,0.9850290885585004,0.9381254040077569,0.9916701374427321
2015-04-23,600444.SH,38.416,39.872,38.117,38.715,4273251.0,0.779,38.729,1.995,4.07,5.813,1,交易,6.6600722518493045,9.438820638820637,112108.79659994229,0.9713332664526485,0.9559841492776885,1.0003616169443368
2015-04-24,600444.SH,38.256,38.895,37.738,38.017,5391993.0,-1.803,38.218,1.995,5.135,7.334,1,交易,5.183665121352605,7.450048685491724,142879.67035878956,0.982594163774264,0.9702532459184985,1.0052871083988741
2015-04-27,600444.SH,38.197,39.074,37.119,37.618,4956115.0,-1.049,37.907,1.995,4.72,6.741,1,交易,5.5804776739356186,8.092584745762712,133519.62606751258,0.9701335926703178,0.9499667297947485,1.0076824924238394
2015-04-28,600444.SH,37.498,37.578,35.923,36.022,3871914.0,-4.242,36.59,1.995,3.688,5.267,1,交易,6.839187393202961,10.167570498915401,107783.70403362748,0.9737080206503805,0.9559582734578742,1.0157681416911888
2015-04-29,600444.SH,35.743,37.818,35.504,37.818,4048086.0,4.983,37.323,1.995,3.855,5.506,1,交易,6.868507083181982,9.271854734111544,114017.74447949528,0.9869109947643979,0.9388122058279126,0.9869109947643979
2015-04-30,600444.SH,37.897,38.895,37.299,37.299,3425553.0,-1.371,38.074,1.995,3.262,4.66,1,交易,8.004077253218885,11.617719190680564,91840.34424515403,0.9788918884175343,0.9589664481295795,1.0207780369446902
2015-05-04,600444.SH,37.399,38.695,36.461,37.778,3269864.0,1.283,37.208,1.995,3.114,4.448,1,交易,8.493255395683452,12.00995504174695,89681.13875099421,0.9615712624370073,0.9422664426928543,0.9849118534596856
2015-05-05,600444.SH,37.798,38.396,36.481,37.08,2496777.0,-1.848,37.699,1.995,2.378,3.396,1,交易,10.918727915194346,15.894869638351556,68440.47586414845,0.9818470674028544,0.9501250130221899,1.0166936353829559
2015-05-06,600444.SH,38.496,38.675,36.82,36.92,2285065.0,-0.43,37.771,1.995,2.176,3.108,1,交易,11.87902187902188,17.691176470588236,62060.42911461162,0.9766257272139626,0.9520361990950227,1.0230498374864572
2015-05-07,600444.SH,37.08,38.276,36.701,37.119,1831474.0000000002,0.54,37.444,1.995,1.744,2.491,1,交易,14.901244480128462,21.261467889908257,49902.56396283481,0.9782631413940851,0.9588514996342354,1.0087556238045208
2015-05-08,600444.SH,37.698,38.356,37.259,38.316,3098727.0,3.224,37.967,1.995,2.951,4.215,1,交易,9.090391459074734,12.774652660115215,83167.20792291795,0.989858170820732,0.9713995202836583,0.9908915335630023
2015-05-11,600444.SH,38.416,39.493,38.296,39.034,4113961.0,1.874,38.884,1.995,3.918,5.596,1,交易,6.975339528234453,9.805002552322613,107425.34468351786,0.9845795457422833,0.9696908312865571,0.9961571962904135
2015-05-12,600444.SH,39.134,40.869,38.695,40.43,4286402.0,3.577,39.772,1.995,4.082,5.83,1,交易,6.934819897084048,9.586967172954434,110774.05349528363,0.9731581394210771,0.9468056473121437,0.9837249567153104
2015-05-13,600444.SH,40.032,42.325,40.032,42.246,3664521.0,4.489,41.325,1.995,3.49,4.985,1,交易,8.474623871614844,11.47048710601719,91539.79316546764,0.9763733018310691,0.9458239810986413,0.9781991194432609
2015-05-14,600444.SH,42.246,44.36,42.246,44.36,1477304.0,5.005,43.885,1.995,1.407,2.009,1,交易,22.08063713290194,30.025586353944565,34969.08583061118,0.9892921550946798,0.9523444544634807,0.9892921550946798
2015-05-15,600444.SH,46.574,46.574,44.679,45.158,4197703.0,1.799,46.141,1.995,3.998,5.71,1,交易,7.908581436077058,11.649324662331164,93952.48326954497,0.9907029673208227,0.9593120625241552,1.0217680145267727
2015-05-18,600444.SH,44.679,47.412,43.941,46.295,3219114.0,2.518,46.631,1.995,3.066,4.379,1,交易,10.572048412879655,14.572407045009786,73259.91670649279,0.9835273770353498,0.9267906859023033,1.00725780321849
2015-05-19,600444.SH,46.654,48.608,46.295,48.608,2046179.0,4.998,48.366,1.995,1.949,2.783,1,交易,17.46604383758534,23.93740379681888,44198.703963710985,0.9950213956550362,0.9524152402896644,0.9950213956550362
2015-05-20,600444.SH,50.882,51.042,49.945,51.042,2666494.0,5.006,50.968,1.995,2.54,3.627,1,交易,14.072787427626139,20.032283464566927,53388.607468215036,0.9985502135496258,0.9785078954586419,0.9985502135496258
2015-05-28,600444.SH,53.595,53.595,53.595,53.595,579499.0,5.002,53.595,1.995,0.552,0.788,1,交易,68.01395939086294,97.09239130434781,10812.557141524396,1.0,1.0,1.0
2015-05-29,600444.SH,56.148,56.268,50.922,56.128,5841903.0,4.726,55.4,1.995,5.564,7.946,1,交易,7.063679838912661,10.091301222142343,114722.57570401792,0.9845738252648041,0.9049904030710172,0.9870296465222349
2015-06-01,600444.SH,54.632,55.649,53.316,53.515,5133074.0,-4.655,53.93,1.995,4.889,6.982,1,交易,7.664709252363219,11.17447330742483,96276.42733888513,0.9691099570522381,0.9580765153012633,1.0077548350929646
2015-06-02,600444.SH,54.452,55.111,52.059,53.894,4213410.0,0.708,53.28,1.995,4.013,5.731,1,交易,9.403943465363811,13.568901071517567,80935.28496513571,0.9667761426938362,0.9446208560904357,0.9886072661149665
2015-06-03,600444.SH,54.054,54.054,51.879,53.096,3755919.9999999995,-1.48,53.265,1.995,3.577,5.109,1,交易,10.392640438441964,15.111545988258317,72397.69463559435,0.9854034854034853,0.9597624597624597,1.003182913967154
2015-06-04,600444.SH,53.455,55.749,52.059,54.213,7633828.0,2.104,54.572,1.995,7.27,10.384,1,交易,5.220820493066256,7.352819807427785,146638.00687681284,0.9788875136773754,0.9338104719367163,1.006622027926881
2015-06-05,600444.SH,55.23,56.248,53.854,55.131,4938326.0,1.692,54.978,1.995,4.703,6.717,1,交易,8.207682000893257,11.743567935360407,91698.40680358004,0.9774214194282465,0.9574384867017495,0.9972247918593895
2015-06-08,600444.SH,55.909,57.883,55.909,57.843,4991647.0,4.92,57.56,1.995,4.754,6.79,1,交易,8.518851251840942,11.76041228439209,89281.63623030281,0.9944197778276869,0.9658967226992381,0.9951074460176685
2015-06-09,600444.SH,57.624,60.616,57.045,58.581,3835583.9999999995,1.276,58.908,1.995,3.653,5.217,1,交易,11.228867165037379,15.77443197372023,67237.86484354456,0.9718226210901413,0.9410881615415072,1.005582014646387
2015-06-10,600444.SH,58.242,61.513,57.843,60.496,3148077.0,3.269,60.134,1.995,2.998,4.282,1,交易,14.127977580569828,19.42695130086724,54424.511176806176,0.9775819745419668,0.9403378147708615,0.9940161332980693
2015-06-11,600444.SH,60.636,63.528,60.636,63.528,2988938.0,5.012,62.976,1.995,2.847,4.066,1,交易,15.624200688637481,21.298208640674396,49293.126195659344,0.9913109180204005,0.9544767661503589,0.9913109180204005
2015-06-12,600444.SH,65.802,66.699,64.824,66.699,3109718.0,4.992,66.352,1.995,2.962,4.23,1,交易,15.768085106382976,22.2153950033761,47971.70800937925,0.9947975232012475,0.9718886340125039,0.9947975232012475
2015-06-15,600444.SH,68.794,68.794,63.368,63.368,5892852.0,-4.994,64.788,1.995,5.612,8.016,1,交易,7.905189620758483,12.258374910905202,92994.12952909985,0.9417681774573364,0.9211268424571911,1.0224087867693472
2015-06-16,600444.SH,61.832,61.832,60.197,60.197,2677241.0,-5.005,60.224,1.995,2.55,3.642,1,交易,16.528555738605164,24.247843137254904,44474.658205558415,0.9739940483891836,0.9735573812912408,1.0004485273352492
2015-06-17,600444.SH,57.345,61.513,57.185,60.716,3701469.9999999995,0.861,58.683,1.995,3.525,5.035,1,交易,12.05878848063555,16.26808510638298,64727.98810876977,0.9539934647960594,0.9296408889177898,0.9665162395414717
2015-06-18,600444.SH,61.414,61.414,57.684,57.684,1952500.9999999998,-4.993,59.291,1.995,1.86,2.656,1,交易,21.7183734939759,33.01827956989247,33848.22481103945,0.9654313348747842,0.9392646627804735,1.0278586783163441
2015-06-19,600444.SH,57.045,57.045,54.792,54.792,2161590.0,-5.014,55.021,1.995,2.059,2.94,1,交易,18.636734693877553,27.705196697425933,39450.83223828296,0.964519239197125,0.9605048645805943,1.0041794422543437
2015-06-23,600444.SH,54.253,54.353,52.059,52.757,2187486.0,-3.713,52.275,1.995,2.083,2.975,1,交易,17.73344537815126,26.045607297167546,42019.36264622832,0.9617684396445458,0.9577944179714091,0.9908637716322005
2015-06-24,600444.SH,53.455,55.33,52.099,53.455,2448464.0,1.323,53.773,1.995,2.332,3.33,1,交易,16.05255255255255,22.922384219554033,46996.37229121481,0.9718597505873848,0.9416049159587927,1.0059489290057058
2015-06-25,600444.SH,53.475,53.854,50.782,50.782,1712498.0,-5.0,52.347,1.995,1.631,2.329,1,交易,21.80420781451266,32.78663396689148,33722.5394824938,0.9720169346752331,0.942956883425558,1.0308180063802135
2015-06-26,600444.SH,49.067,49.067,48.249,48.249,1102200.0,-4.988,48.315,1.995,1.05,1.499,1,交易,32.18745830553702,46.73047619047619,22843.99676677237,0.9846740171602094,0.983328917602462,1.0013679039980101
2015-06-29,600444.SH,47.471,47.471,45.836,45.836,907500.0,-5.002,46.046,1.995,0.864,1.234,1,交易,37.14424635332253,54.94328703703703,19798.848067021554,0.9699816730214237,0.9655579195719493,1.004581551618815
2015-06-30,600444.SH,43.542,45.178,43.542,43.542,3466471.0,-5.004,43.863,1.995,3.301,4.668,1,交易,9.327763496143959,13.190548318691306,79612.12162969087,0.9708929124795255,0.9637876842711055,1.0073721923659915
2015-07-01,600444.SH,41.667,44.599,41.368,41.368,3192650.0,-4.993,43.133,1.995,3.041,4.299,1,交易,9.62270295417539,13.701742847747452,77176.8033262425,0.9671293078320143,0.9275544294715129,1.0426658286598336
2015-07-02,600444.SH,39.294,39.892,39.294,39.294,690800.0,-5.014,39.311,1.995,0.658,0.93,1,交易,42.2516129032258,59.71732522796352,17580.292156563344,0.9854356763260803,0.9850095257194423,1.0004326360258564
2015-07-03,600444.SH,37.339,37.339,37.339,37.339,129400.0,-4.975,37.339,1.995,0.123,0.174,1,交易,214.59195402298852,303.5691056910569,3465.5454082862425,1.0,1.0,1.0
2015-07-06,600444.SH,37.359,38.855,35.464,35.464,1729100.0,-5.021,36.089,1.995,1.647,2.328,1,交易,15.233676975945018,22.683060109289617,48756.48545003384,0.9288122506755888,0.9127268047870287,1.0176235055267313
2015-07-07,600444.SH,33.689,33.689,33.689,33.689,24000.0,-5.006,33.689,1.995,0.023,0.032,1,交易,1052.78125,1464.7391304347827,712.3987058090178,1.0,1.0,1.0
2015-07-08,600444.SH,32.013,32.013,32.013,32.013,6200.0,-4.973,32.013,1.995,0.006,0.008,1,交易,4001.6249999999995,5335.5,193.67132102583327,1.0,1.0,1.0
2015-07-09,600444.SH,30.418,33.609,30.418,33.39,10939404.0,4.299,31.574,1.995,10.418,14.73,1,交易,2.2668024439918533,2.9197542714532543,359635.87349595636,0.9394507423606772,0.9050551935493468,0.945612458820006
2015-07-10,600444.SH,32.153,35.065,32.153,35.065,7780074.000000001,5.018,34.491,1.995,7.41,10.476,1,交易,3.34717449408171,4.339136302294197,241970.39156532832,0.9836304006844432,0.916954227862541,0.9836304006844432
2015-07-13,600444.SH,34.706,36.82,34.327,36.82,4315697.0,5.006,35.706,1.995,4.11,5.811,1,交易,6.336258819480296,8.444282238442822,125723.10426195124,0.9697447039652364,0.9322922324823465,0.9697447039652364
2015-07-14,600444.SH,36.74,38.655,35.723,36.022,5223628.0,-2.167,37.397,1.995,4.975,7.033,1,交易,5.121854116308829,7.3849246231155785,146225.90487920947,0.9674556978398654,0.9241495278747898,1.0381711176503248
2015-07-15,600444.SH,36.122,36.501,34.227,34.227,4322083.0,-4.983,35.071,1.995,4.116,5.82,1,交易,5.880927835051546,8.775996112730807,126277.00353522075,0.9608229911509274,0.9377003369770691,1.024658895024396
2015-07-16,600444.SH,32.512,34.507,32.512,32.771,3667329.0,-4.254,33.189,1.995,3.493,4.938,1,交易,6.63649250708789,9.307758373890639,112799.24335629921,0.9618048511896138,0.9421856434926248,1.0127551798846541
2015-07-17,600444.SH,32.771,34.407,32.711,34.407,3589103.0,4.991,33.77,1.995,3.418,4.833,1,交易,7.119180633147113,9.587770626097132,109721.59212497325,0.9814863254570293,0.9507077048275061,0.9814863254570293
2015-07-20,600444.SH,34.467,36.122,33.968,35.723,3693983.0,3.826,35.624,1.995,3.518,4.974,1,交易,7.181946119823079,9.797328027288232,108748.91073951953,0.9862133879630143,0.9403687503460496,0.9972286762030066
2015-07-21,600444.SH,35.384,37.518,34.866,37.379,2494075.0,4.634,36.864,1.995,2.375,3.358,1,交易,11.131328171530672,14.898526315789473,71533.15550966558,0.9825683671837517,0.9293139293139293,0.9862222103320046
2015-07-22,600444.SH,37.478,38.296,36.78,37.319,2795662.0,-0.16,37.478,1.995,2.663,3.764,1,交易,9.914718384697132,14.073601201652274,76010.38607939097,0.9786400668477127,0.9604136202214331,1.004260564323803
2015-07-23,600444.SH,37.538,39.194,37.538,39.194,2033499.0000000002,5.024,38.648,1.995,1.937,2.738,1,交易,14.31482834185537,19.379452762003094,54171.745964089736,0.9860692963208655,0.9577486349951522,0.9860692963208655
2015-07-24,600444.SH,39.892,41.149,39.294,39.573,3480954.0,0.967,40.768,1.995,3.315,4.687,1,交易,8.443140601664178,12.033785822021118,88587.41792640099,0.9907409657585846,0.9549199251500643,1.0301973567836655
2015-07-27,600444.SH,38.057,41.547,37.598,37.598,3945928.0,-4.99,39.228,1.995,3.758,5.313,1,交易,7.076604554865424,10.126929217668973,104950.47608915369,0.9441836955736878,0.9049510193275087,1.043353369860099
2015-07-28,600444.SH,35.723,37.578,35.723,35.723,4081864.0,-4.987,35.979,1.995,3.887,5.496,1,交易,6.499818049490538,9.19037818368922,114264.31150799205,0.957448507105221,0.9506360104316355,1.00716625143465
2015-07-29,600444.SH,37.06,37.299,34.207,37.199,2585913.0,4.132,35.644,1.995,2.463,3.482,1,交易,10.683228029867891,15.046691027202598,75596.01835881545,0.9556288372342422,0.9171023351832489,0.9581978010161564
2015-07-30,600444.SH,36.9,38.456,36.062,37.339,3346725.0,0.375,37.545,1.995,3.187,4.506,1,交易,8.286506879715933,11.57828679008472,92804.75292551717,0.9763105887247764,0.9377470355731224,1.0055170197380756
2015-07-31,600444.SH,36.521,37.857,36.302,37.319,2117488.0,-0.053,37.116,1.995,2.017,2.851,1,交易,13.089793055068398,18.10659395141299,58329.78899234202,0.9804263412314763,0.9589243732995218,0.9945604115865913
2015-08-03,600444.SH,36.8,37.199,35.444,35.444,1298806.0,-5.024,36.374,1.995,1.237,1.749,1,交易,20.2652944539737,29.749393694421983,36643.8889515856,0.977821984461948,0.9528213124008711,1.0262385735244328
2015-08-04,600444.SH,34.905,36.302,33.669,36.262,3436026.9999999995,2.307,34.923,1.995,3.272,4.627,1,交易,7.837043440674304,10.66778728606357,102053.13493124238,0.9620131122252218,0.9274695609057352,0.9630742926479511
2015-08-05,600444.SH,35.923,38.077,35.304,37.099,2672657.0,2.31,36.269,1.995,2.545,3.599,1,交易,10.308141150319532,14.115127701375247,75704.08452300022,0.9525172676418836,0.9271738844972032,0.9776274293107632
2015-08-06,600444.SH,36.421,38.097,36.381,37.399,1962515.0000000002,0.806,37.291,1.995,1.869,2.642,1,交易,14.1555639666919,19.48689138576779,53943.40452433963,0.9788434784891198,0.9549570832349004,0.9971122222519317
2015-08-07,600444.SH,37.399,38.655,37.399,38.396,1427300.0,2.667,38.142,1.995,1.359,1.922,1,交易,19.977107180020813,27.519499632082415,38164.12203534854,0.9867287543655414,0.9675074375889277,0.9933847275757892
2015-08-10,600444.SH,38.296,40.311,38.296,40.191,3595325.0,4.675,39.92,1.995,3.424,4.841,1,交易,8.302210287130759,11.184579439252337,93882.52036766242,0.990300414278981,0.9500136439185334,0.9932571968848747
2015-08-11,600444.SH,40.371,40.809,39.513,40.331,2464887.0,0.347,40.306,1.995,2.348,3.319,1,交易,12.15155167219042,17.193781942078367,62381.67185483259,0.9876742875346125,0.968242299492759,0.9993801294289751
2015-08-12,600444.SH,39.992,42.345,39.912,40.77,2748627.0,1.088,41.416,1.995,2.618,3.701,1,交易,11.015941637395299,15.275783040488923,68867.18280216477,0.9780611642460739,0.9425433935529578,1.0158449840569044
2015-08-13,600444.SH,40.69,41.049,38.915,40.191,4071814.0,-1.419,40.215,1.995,3.878,5.483,1,交易,7.330111252963707,10.492521918514697,104633.53462675061,0.979682818095447,0.9480133498989013,1.0005971486153618
2015-08-14,600444.SH,40.391,41.887,40.291,40.889,3068698.0,1.737,41.141,1.995,2.923,4.132,1,交易,9.895692158760893,13.818337324666437,76163.36154476186,0.9821901783369541,0.9618974860935373,1.0061630267309054
2015-08-17,600444.SH,40.69,42.684,40.69,42.425,2464717.0,3.756,41.493,1.995,2.347,3.319,1,交易,12.782464597770412,17.33702599062633,60573.04005898255,0.9720972729828509,0.9532846031299784,0.9780318208603419
2015-08-18,600444.SH,42.644,43.582,40.311,40.311,6052272.0,-4.984,42.486,1.995,5.764,8.149,1,交易,4.946741931525341,7.398334489937543,150139.46565453598,0.9748520031205543,0.9249460786563259,1.0539554960184565
2015-08-19,600444.SH,38.336,42.325,38.336,42.325,5228902.0,4.998,40.905,1.995,4.98,7.041,1,交易,6.011219997159494,7.697991967871485,136396.65066777964,0.966450088600118,0.9057531010041345,0.966450088600118
2015-08-20,600444.SH,42.186,44.44,41.946,42.166,5571719.0,-0.377,43.635,1.995,5.306,7.502,1,交易,5.620634497467342,7.950621937429325,132830.75859438325,0.9818856885688569,0.9438793879387939,1.034838495470284
2015-08-21,600444.SH,40.929,42.545,40.051,41.527,4455824.0,-1.514,40.801,1.995,4.244,6.0,1,交易,6.921166666666667,9.643967954759662,111253.75146687972,0.9590081090609942,0.9413797155952521,0.9825173983191658
2015-08-24,600444.SH,39.892,39.892,39.453,39.453,836700.0,-4.995,39.484,1.995,0.797,1.127,1,交易,35.007098491570545,50.05269761606023,21207.512736674016,0.9897723854406898,0.9889952872756442,1.0007857450637467
2015-08-25,600444.SH,37.478,37.498,37.478,37.478,1460300.0,-5.005,37.479,1.995,1.391,1.966,1,交易,19.063072227873857,26.943206326383898,38964.19232616468,0.9994933063096699,0.9994666382207053,1.0000266823202946
2015-08-26,600444.SH,35.604,37.678,35.604,35.604,3913700.0,-5.003,35.989,1.995,3.727,5.27,1,交易,6.755977229601519,9.552991682318218,109923.0423547916,0.955172779871543,0.9449546154254472,1.0108133917537354
2015-08-27,600444.SH,35.703,36.9,33.828,34.526,3000859.0,-3.025,35.265,1.995,2.858,4.041,1,交易,8.543924771096263,12.492302309307208,88709.3236372236,0.9556910569105691,0.9167479674796749,1.0214041591843828
2015-08-28,600444.SH,35.105,36.242,34.287,36.242,2661000.0,4.968,35.336,1.995,2.534,3.583,1,交易,10.114987440692156,13.853591160220994,77609.58964038848,0.9750013796148116,0.9460570608686055,0.9750013796148116
2015-08-31,600444.SH,36.062,36.062,34.467,34.546,1238171.0,-4.678,35.126,1.995,1.179,1.667,1,交易,20.723455308938213,30.586938083121286,35923.37598282415,0.9740447007930786,0.9557706172702568,1.0167892085914432
2015-09-01,600444.SH,34.147,34.207,32.811,32.811,1710800.0,-5.023,33.014,1.995,1.629,2.304,1,交易,14.240885416666668,20.96193984039288,52141.050257535586,0.9651240974069636,0.9591896395474611,1.0061869494986437
2015-09-02,600444.SH,31.176,32.652,31.176,31.176,1757800.9999999998,-4.985,31.336,1.995,1.674,2.367,1,交易,13.171102661596958,18.623655913978496,56383.14729278932,0.959696190126179,0.9547960308710032,1.0051321529381576
2015-09-07,600444.SH,31.614,32.312,29.62,30.079,1524100.0,-3.519,31.339,1.995,1.452,2.052,1,交易,14.658382066276802,21.772727272727273,51455.09790681971,0.9698873483535528,0.9166872988363457,1.0418896904817314
2015-09-08,600444.SH,30.079,31.574,28.962,31.574,1742808.0000000002,4.973,30.154,1.995,1.66,2.347,1,交易,13.452918619514275,18.119879518072292,60175.67847524343,0.9550262874517007,0.9172737062139734,0.9550262874517007
2015-09-09,600444.SH,31.973,33.15,31.574,33.15,1772453.0,4.991,32.969,1.995,1.688,2.387,1,交易,13.887725178047758,18.941350710900473,56136.473047444095,0.9945399698340875,0.9524585218702867,0.9945399698340875
2015-09-10,600444.SH,32.831,34.367,32.532,33.828,1645700.0,2.046,33.495,1.995,1.567,2.216,1,交易,15.265342960288809,20.951499680918957,50587.114225992875,0.9746268222422673,0.9466057555212849,0.9901560837176302
2015-09-11,600444.SH,32.911,34.327,32.911,34.207,660833.0,1.12,33.915,1.995,0.629,0.89,1,交易,38.43483146067416,52.32273449920509,20079.395946643977,0.9879977859993592,0.958749672269642,0.9914637354927354
2015-09-14,600444.SH,35.005,35.045,32.492,32.492,1442002.0,-5.015,33.356,1.995,1.373,1.942,1,交易,16.731204943357362,25.4952658412236,44380.21666871846,0.951804822371237,0.9271508061064344,1.026591160901145
2015-09-15,600444.SH,30.896,31.674,30.876,30.876,1123200.0,-4.972,30.94,1.995,1.07,1.512,1,交易,20.42063492063492,28.874766355140185,36377.76914108045,0.9768264191450402,0.9748058344383407,1.0020728073584662
2015-09-16,600444.SH,30.238,32.412,30.218,32.372,1151894.0,4.845,31.359,1.995,1.097,1.551,1,交易,20.87169568020632,27.56426618049225,38119.465219405654,0.9675120325805258,0.9323090213501173,0.9687075250216237
2015-09-17,600444.SH,32.033,32.831,31.614,32.013,1405427.0,-1.109,32.259,1.995,1.339,1.892,1,交易,16.92019027484144,23.923076923076923,44455.84234832669,0.9825774420517194,0.9629313758338155,1.0076843782213476
2015-09-18,600444.SH,32.113,32.312,31.455,32.113,526618.0,0.312,32.033,1.995,0.502,0.709,1,交易,45.29337094499295,63.97011952191235,16741.94881576856,0.9913654369893539,0.9734773458776925,0.9975087970603805
2015-09-21,600444.SH,32.073,33.25,31.654,33.23,910725.0,3.478,32.636,1.995,0.867,1.226,1,交易,27.104404567699834,36.99307958477509,28771.24534024136,0.9815338345864663,0.952,0.9821245862172737
2015-09-22,600444.SH,33.409,33.609,32.911,33.31,1032858.0,0.24,33.193,1.995,0.984,1.391,1,交易,23.946800862688715,33.952235772357724,31383.36726322506,0.9876223630575143,0.9792317533993871,0.996487541278895
2015-09-23,600444.SH,32.671,33.15,32.372,32.452,578393.0,-2.575,32.692,1.995,0.551,0.718,1,交易,45.19777158774373,59.29401088929219,17867.076485851972,0.9861840120663651,0.9765309200603318,1.0073955380253914
2015-09-24,600444.SH,32.452,33.509,32.452,33.13,1159501.0,2.09,33.096,1.995,1.104,1.44,1,交易,23.006944444444446,29.39492753623188,35729.72389991372,0.987674952997702,0.9684562356381867,0.9989737398128583
2015-09-25,600444.SH,33.29,34.447,32.771,33.15,1121600.0,0.06,33.461,1.995,1.068,1.393,1,交易,23.7975592246949,31.170411985018724,34225.38219767477,0.9713763172409787,0.9513455453305076,1.0093815987933634
2015-09-28,600444.SH,33.549,34.806,33.37,34.646,1237501.0,4.513,34.389,1.995,1.179,1.537,1,交易,22.54131424853611,28.455470737913483,37084.23733892718,0.9880193070160319,0.9587427455036488,0.9925821162616175
2015-09-29,600444.SH,34.307,35.245,34.307,34.526,748699.0,-0.345,34.707,1.995,0.713,0.93,1,交易,37.1247311827957,48.11640953716691,21823.505407059783,0.9847354234643213,0.9733862959285007,1.0052424259977988
2015-09-30,600444.SH,34.866,35.284,33.709,34.925,894701.0,1.155,34.373,1.995,0.852,1.111,1,交易,31.435643564356432,40.92253521126761,26541.902755940548,0.9741809318671352,0.9553622038317652,0.9841947029348604
2015-10-08,600444.SH,35.623,36.401,34.905,36.242,1144349.0,3.769,35.698,1.995,1.09,1.421,1,交易,25.5045742434905,32.68165137614678,32784.6726829967,0.9806873437542923,0.9589022279607703,0.9849897908503946
2015-10-09,600444.SH,36.162,36.481,36.002,36.342,412800.0,0.275,36.234,1.995,0.393,0.513,1,交易,70.84210526315789,92.01526717557252,11466.02966501861,0.9932293522655629,0.9868698774704641,0.9970282317979199
2015-10-12,600444.SH,38.157,38.157,37.319,38.157,1851138.0,4.995,37.996,1.995,1.763,2.299,1,交易,16.597216180948237,21.64322178105502,49603.09761783542,0.9957805907172997,0.9780381057210998,0.9957805907172997
2015-10-13,600444.SH,38.216,38.496,37.399,38.197,1316801.0,0.105,37.803,1.995,1.254,1.635,1,交易,23.362079510703367,30.475279106858054,35209.52431883205,0.9819981296758103,0.9715035328345801,0.9896850538000365
2015-10-14,600444.SH,38.097,38.236,37.518,37.738,835264.0,-1.201,37.814,1.995,0.795,1.037,1,交易,36.39151398264224,47.92075471698113,22263.02041686657,0.9889632806778953,0.9812218851344284,1.0020138852085432
2015-10-15,600444.SH,37.678,38.496,37.239,38.396,838233.0,1.744,38.181,1.995,0.798,1.041,1,交易,36.8837656099904,47.21553884711779,22509.546443244988,0.9918173316708229,0.9673472568578553,0.9944004583810813
2015-10-16,600444.SH,38.117,38.516,37.897,38.236,1518983.0,-0.416,38.214,1.995,1.447,1.887,1,交易,20.262851086380497,26.34208707671043,40081.87983217669,0.9921591027105618,0.9839287568802576,0.9994246260069045
2015-10-19,600444.SH,38.436,38.675,36.9,37.498,1837359.9999999998,-1.93,37.601,1.995,1.75,2.282,1,交易,16.432077125328657,21.963428571428572,49792.95392953929,0.9722301228183582,0.9541047188106012,1.0027468131633688
2015-10-20,600444.SH,37.498,38.476,35.903,38.057,1804180.0,1.489,37.31,1.995,1.718,2.241,1,交易,16.982150825524318,21.826542491268917,50251.51101579255,0.9696953945316562,0.9331271441937832,0.980371547941246
2015-10-21,600444.SH,37.638,37.897,36.162,36.162,2132953.0,-4.979,36.904,1.995,2.031,2.649,1,交易,13.651189127972819,18.531757754800587,58983.269730656495,0.9737973982109404,0.9542180119798401,1.0205187766163377
2015-10-22,600444.SH,35.464,36.681,34.846,36.401,1443908.0,0.662,35.571,1.995,1.375,1.793,1,交易,20.301728945900727,25.791999999999998,41436.83636572347,0.969739101987405,0.9499741010332324,0.9771984286145984
2015-10-23,600444.SH,36.002,36.88,36.002,36.88,1407907.0,1.315,36.405,1.995,1.341,1.749,1,交易,21.0863350485992,26.847129008202835,39106.35520248875,0.9871203904555315,0.9761930585683297,0.9871203904555315
2015-10-26,600444.SH,36.88,37.798,36.74,37.439,1701391.0,1.514,37.217,1.995,1.62,2.113,1,交易,17.71840984382395,22.765432098765434,46308.95481763745,0.9846288163394887,0.9720091010106355,0.9940703544432277
2015-10-27,600444.SH,37.399,39.054,36.701,38.994,2105423.0,4.156,38.447,1.995,2.005,2.615,1,交易,14.911663479923517,18.65286783042394,57366.910983351954,0.9844574179341425,0.9397500896195011,0.9859722008514131
2015-10-28,600444.SH,39.613,40.949,38.915,40.929,5906905.0,4.962,40.619,1.995,5.626,7.336,1,交易,5.5791984732824424,7.041059367223604,151789.92676345882,0.9919411951451806,0.9503284573493859,0.9924259082801925
2015-10-29,600444.SH,41.448,41.627,39.972,40.889,1629944.0,-0.097,40.711,1.995,1.552,2.024,1,交易,20.20207509881423,26.70618556701031,40777.14400080056,0.9779950512888269,0.960242150527302,0.9956467509599157
2015-10-30,600444.SH,40.65,41.667,39.872,40.57,1610590.0,-0.78,40.735,1.995,1.534,2.0,1,交易,20.285,26.499348109517598,40394.010834670946,0.9776321789425684,0.9569203446372428,1.004067044614247
2015-11-02,600444.SH,40.271,41.089,39.613,40.77,1422123.0,0.492,40.377,1.995,1.354,1.766,1,交易,23.08607021517554,29.742245199409158,35900.41148107944,0.9826717612986445,0.9640779770741561,0.9903605592347314
2015-11-03,600444.SH,41.009,41.009,39.952,40.45,815500.0,-0.783,40.422,1.995,0.777,1.013,1,交易,39.93089832181639,52.778635778635774,20411.99439327193,0.9856860689117022,0.9742251700846155,0.9993077873918417
2015-11-04,600444.SH,40.49,41.906,40.49,41.587,1378038.0,2.811,41.311,1.995,1.312,1.711,1,交易,24.305669199298656,30.86128048780488,34034.03309459126,0.9858015558631222,0.9662100892473632,0.9933633106499626
2015-11-05,600444.SH,41.847,43.642,41.328,42.984,2186650.0,3.357,42.625,1.995,2.083,2.716,1,交易,15.82621502209131,20.089774363898222,52909.6496322106,0.976696760001833,0.9469776820494019,0.9916480550902661
2015-11-06,600444.SH,43.003,43.582,42.465,43.183,1763181.0000000002,0.464,43.03,1.995,1.679,2.19,1,交易,19.71826484018265,25.61226920786182,41520.80536912752,0.9873342205497683,0.9743701528153825,0.9964569390732464
2015-11-09,600444.SH,42.545,44.819,41.029,41.587,5096707.0,-3.695,42.146,1.995,4.854,6.33,1,交易,6.569826224328595,8.764936135146272,124222.06244363742,0.940360115129744,0.915437649211272,1.013441700531416
2015-11-10,600444.SH,41.248,42.206,41.089,41.966,3499176.9999999995,0.911,41.698,1.995,3.333,4.346,1,交易,9.656235618959963,12.375637563756374,85160.91898074909,0.9879637966165947,0.9735345685447566,0.9936138779011581
2015-11-11,600444.SH,41.906,44.061,41.906,44.061,3502800.0,4.99,43.699,1.995,3.336,4.35,1,交易,10.12896551724138,12.561750599520384,83587.07583639574,0.9917841174735026,0.9510905335784481,0.9917841174735026
2015-11-12,600444.SH,44.101,46.215,43.642,44.16,3052197.0,0.226,44.837,1.995,2.907,3.791,1,交易,11.648641519388024,15.170622635018919,69937.14770175518,0.9701828410689171,0.944325435464676,1.0153306159420292
2015-11-13,600444.SH,44.14,44.26,41.946,42.764,2590436.0,-3.162,42.697,1.995,2.467,3.217,1,交易,13.293130245570408,17.892176732873935,61756.448767462934,0.9646859466787168,0.9477180298237686,0.998433261621925
2015-11-16,600444.SH,42.006,42.684,40.789,42.465,2806321.0,-0.7,41.753,1.995,2.673,3.485,1,交易,12.185078909612628,15.714927048260382,68800.92672043933,0.9781885484022117,0.9556039733858122,0.9832332509125161
2015-11-17,600444.SH,42.644,42.804,41.089,41.547,4247800.0,-2.161,41.926,1.995,4.046,5.276,1,交易,7.874715693707354,10.539792387543251,103380.46679159872,0.9794878983272591,0.9599336510606484,1.0091221989554
2015-11-18,600444.SH,41.488,42.186,41.208,41.607,1515995.0,0.144,41.538,1.995,1.444,1.883,1,交易,22.09612320764737,28.731301939058174,36788.85167928557,0.9846394538472478,0.9768169534916796,0.9983416252072967
2015-11-19,600444.SH,41.587,42.485,41.448,42.265,1943480.0,1.582,41.977,1.995,1.851,2.414,1,交易,17.5082850041425,22.467314964883847,46889.5966029724,0.9880428386489348,0.9755913851947746,0.9931858511770968
2015-11-20,600444.SH,42.265,42.625,41.488,41.767,3249585.0,-1.18,41.811,1.995,3.095,4.036,1,交易,10.348612487611499,13.655896607431341,78325.901465484,0.9809032258064516,0.973325513196481,1.0010534632604686
2015-11-23,600444.SH,41.687,41.926,40.889,41.268,1827718.0,-1.194,41.538,1.995,1.741,2.27,1,交易,18.179735682819384,23.944284893739226,44699.50353395779,0.9907455993894002,0.975265944759815,1.0065425995929047
2015-11-24,600444.SH,41.129,41.348,40.69,41.288,1813709.9999999998,0.048,41.011,1.995,1.727,2.253,1,交易,18.325787838437638,23.815286624203818,44573.851069058735,0.9918496662474606,0.984086291960917,0.9932910288703741
2015-11-25,600444.SH,40.929,41.966,40.929,41.867,2300001.0,1.401,41.462,1.995,2.19,2.857,1,交易,14.654182709135455,18.689041095890413,56194.8984827384,0.987990277843969,0.9752895200876901,0.9903265101392507
2015-11-26,600444.SH,41.986,42.964,41.867,42.385,2089075.9999999998,1.239,42.497,1.995,1.99,2.595,1,交易,16.333333333333332,21.098492462311558,49897.9148255189,0.9891304347826088,0.9744669956242435,1.0026424442609414
2015-11-27,600444.SH,42.644,42.864,40.271,40.271,3289281.0,-4.988,41.536,1.995,3.133,4.085,1,交易,9.85826193390453,13.611235237791254,81678.652131807,0.9690182904068684,0.9395063456513625,1.0314121824638076
2015-11-30,600444.SH,40.291,40.61,38.256,39.074,2598517.0,-2.972,39.244,1.995,2.475,3.227,1,交易,12.108459869848156,16.279191919191916,67924.43015474697,0.9663629647869982,0.9420339817778872,1.0043507191482828
2015-12-01,600444.SH,39.214,40.032,39.074,39.393,1047857.0,0.817,39.509,1.995,0.998,1.301,1,交易,30.279016141429672,39.29258517034068,26817.24420330655,0.9869354516386891,0.9760691446842527,1.0029446856040414
2015-12-02,600444.SH,39.792,40.849,38.635,39.692,1319197.0,0.759,39.774,1.995,1.256,1.638,1,交易,24.231990231990235,31.681528662420384,34145.127475087356,0.9736835663051728,0.9458003867903744,1.002065907487655
2015-12-03,600444.SH,39.533,41.687,39.533,41.687,1711687.0,5.025,41.159,1.995,1.63,2.126,1,交易,19.608184383819378,24.253374233128838,43297.67535982597,0.9873341809197113,0.9483292153429127,0.9873341809197113
2015-12-04,600444.SH,41.488,43.303,41.488,42.585,2257488.0,2.153,42.598,1.995,2.15,2.804,1,交易,15.187232524964339,19.296744186046514,54413.03509448515,0.9837193727917235,0.9580860448467774,1.0003052718093224
2015-12-07,600444.SH,42.884,44.719,42.405,44.719,2902290.0,5.012,43.385,1.995,2.764,3.605,1,交易,12.404715672676838,15.515195369030392,68442.164839052,0.9701692792772646,0.9482546568572643,0.9701692792772646
2015-12-08,600444.SH,45.078,45.856,43.482,44.021,2641801.0,-1.561,44.552,1.995,2.516,3.281,1,交易,13.416946053032612,17.916534181240063,60756.19796697484,0.9715631542219121,0.9482292393579902,1.012062424751823
2015-12-09,600444.SH,43.283,44.061,42.964,43.263,1561715.0,-1.722,43.407,1.995,1.487,1.94,1,交易,22.300515463917524,29.107599193006052,36349.385532073364,0.9851569415129025,0.9751026985315812,1.0033284793010193
2015-12-10,600444.SH,42.884,44.26,42.445,43.263,1623831.0,0.0,43.364,1.995,1.547,2.017,1,交易,21.44918195339613,27.720749838396898,38257.297679349744,0.979755987347492,0.9589923181201989,1.0023345583986316
2015-12-11,600444.SH,43.323,43.642,42.525,43.183,943276.0,-0.184,43.23,1.995,0.898,1.172,1,交易,36.84556313993174,48.24387527839644,22181.681363903586,0.9905595527244396,0.9744053893038814,1.0010883912650812
2015-12-14,600444.SH,42.525,43.861,42.525,43.622,1231460.0,1.016,43.139,1.995,1.173,1.529,1,交易,28.5297580117724,36.25319693094629,28958.49500293945,0.9835389070016645,0.9695401381637446,0.9889276053367567
2015-12-15,600444.SH,43.482,45.796,43.482,45.796,1364380.0,4.984,45.011,1.995,1.299,1.695,1,交易,27.01828908554572,33.47344110854504,31378.041488431994,0.9828587649576382,0.9494715695693947,0.9828587649576382
2015-12-16,600444.SH,46.853,47.591,45.836,45.955,2346863.0,0.348,46.661,1.995,2.235,2.915,1,交易,15.76500857632933,20.96331096196868,51201.30465136574,0.9804584900506398,0.9631232796116912,1.0153628549668154
2015-12-17,600444.SH,46.295,47.033,45.876,46.474,1695325.9999999998,1.128,46.238,1.995,1.615,2.106,1,交易,22.067426400759732,28.6656346749226,36954.52960153457,0.9830969744647375,0.9754002508876746,0.9949218918104747
2015-12-18,600444.SH,46.474,48.808,46.334,48.808,2945041.0,5.021,48.263,1.995,2.805,3.658,1,交易,13.342810278840897,16.56827094474153,63561.12142271334,0.9888337977380757,0.949311588264219,0.9888337977380757
2015-12-21,600444.SH,48.828,50.463,47.97,48.628,2570816.0,-0.368,49.336,1.995,2.448,3.193,1,交易,15.229564672721578,19.946078431372552,53592.161767771526,0.9776668053821611,0.9505974674514,1.014559513037756
2015-12-22,600444.SH,48.469,49.187,47.671,48.608,3105276.0,-0.041,48.072,1.995,2.957,3.857,1,交易,12.602540834845733,16.3912749408184,65139.728556145245,0.9773314087055524,0.969178848069612,0.9889730085582621
2015-12-23,600444.SH,48.628,49.606,47.292,48.209,1555977.0,-0.821,48.726,1.995,1.482,1.932,1,交易,24.95289855072464,32.81241565452092,32901.484394823645,0.9822602104584123,0.953352417046325,1.0107241386463108
2015-12-24,600444.SH,47.95,48.469,46.315,47.611,1512612.0,-1.241,47.3,1.995,1.441,1.879,1,交易,25.338477913783926,33.27550312283137,32659.224873151248,0.9758814912624564,0.9555592234211557,0.9934678960744365
2015-12-25,600444.SH,47.671,49.167,46.873,48.947,1656650.9999999998,2.807,48.368,1.995,1.578,2.058,1,交易,23.783770651117592,30.20975918884664,35343.39598489535,0.9837492627168629,0.9533426892021071,0.9881708787055387
2015-12-28,600444.SH,48.808,49.007,46.494,46.494,3191800.0,-5.012,47.059,1.995,3.04,3.964,1,交易,11.729061553985872,16.055263157894736,68649.71824321419,0.9602505764482625,0.9487216111984003,1.0121521056480405
2015-12-29,600444.SH,46.494,46.773,44.18,46.095,2539469.0,-0.858,45.344,1.995,2.419,3.154,1,交易,14.614774889029803,19.220338983050848,57480.05885015844,0.9694481859192269,0.9445620336518931,0.9837075604729364
2015-12-30,600444.SH,46.414,47.591,45.916,47.272,1727343.0,2.553,46.999,1.995,1.645,2.145,1,交易,22.038228438228437,28.21519756838906,37619.63150100183,0.9875606732365364,0.964804269714862,0.9942249111524794
2015-12-31,600444.SH,47.172,48.03,45.876,46.215,1794649.0000000002,-2.236,46.784,1.995,1.709,2.229,1,交易,20.73351278600269,27.602106495026327,39119.561426453925,0.9740578804913596,0.955153029356652,1.0123120199069566
2016-01-04,600444.SH,46.434,46.434,43.901,43.901,2301238.0,-5.006,45.39,1.995,2.192,2.858,1,交易,15.36074177746676,21.183394160583937,52418.805949750575,0.9775164749967696,0.9454494551406298,1.0339172228423041
2016-01-05,600444.SH,41.707,43.442,41.707,42.186,2546798.0,-3.907,42.309,1.995,2.426,3.163,1,交易,13.337337970281379,17.1916735366859,61064.042007336895,0.9739192486533769,0.9600616914506699,1.002915659223439
2016-01-06,600444.SH,42.186,43.163,42.186,42.804,1065701.0,1.466,42.71,1.995,1.015,1.324,1,交易,32.329305135951664,41.56256157635468,25261.958943725407,0.9895049000301185,0.977364872691889,0.9978039435566769
2016-01-07,600444.SH,41.986,42.844,40.67,40.67,526300.0,-4.986,41.047,1.995,0.501,0.654,1,交易,62.186544342507645,83.80439121756487,12940.742562085074,0.9580571375221734,0.9492577723835309,1.009269731989181
2016-01-08,600444.SH,39.892,41.308,38.635,39.832,3011519.0,-2.06,39.182,1.995,2.868,3.74,1,交易,10.650267379679144,13.909344490934451,77947.9487511324,0.948532971821439,0.9352909847971337,0.9836814621409922
2016-01-11,600444.SH,39.473,39.513,37.837,37.837,2551233.0,-5.008,38.627,1.995,2.43,3.169,1,交易,11.939728621016094,16.2440329218107,67426.9365964532,0.9775769999746919,0.9575835800875663,1.020879033750033
2016-01-12,600444.SH,36.521,37.498,35.943,36.042,1403801.0,-4.744,36.487,1.995,1.337,1.743,1,交易,20.67814113597246,27.315632011967093,39056.31138191025,0.9730385620566432,0.9585311216598219,1.0123467066200544
2016-01-13,600444.SH,36.601,36.9,34.407,34.487,828102.0,-4.317,35.841,1.995,0.789,1.028,1,交易,33.547665369649806,46.38910012674271,24067.835033568754,0.9713008130081301,0.9324390243902438,1.0392611708759822
2016-01-14,600444.SH,33.808,35.304,32.771,35.245,2116048.0,2.198,33.436,1.995,2.015,2.628,1,交易,13.411339421613393,16.77816377171216,64570.74852766165,0.9470881486517108,0.9282517561749376,0.9486735707192511
2016-01-15,600444.SH,35.245,35.803,33.928,34.088,1112117.0,-3.282,34.971,1.995,1.059,1.381,1,交易,24.68356263577118,33.28139754485363,32778.73732610234,0.9767617238778873,0.9476300868642292,1.0259035437690682
2016-01-18,600444.SH,32.512,35.005,32.512,34.327,847500.0,0.702,34.074,1.995,0.807,1.053,1,交易,32.599240265906936,40.287484510532835,26067.298228346455,0.9734037994572202,0.9287816026281959,0.9926297083928103
2016-01-19,600444.SH,34.327,35.903,34.187,35.783,908917.0,4.242,35.112,1.995,0.866,1.129,1,交易,31.694419840566873,39.63856812933025,26586.626495451488,0.9779684148956913,0.9522045511517143,0.9812480786965878
2016-01-20,600444.SH,35.524,36.302,34.666,35.683,1032152.0,-0.279,35.692,1.995,0.983,1.282,1,交易,27.833853354134163,36.1383519837233,29774.187965153178,0.9831965180981764,0.9549336124731419,1.0002522209455482
2016-01-21,600444.SH,35.125,36.182,34.088,34.108,986944.0,-4.416,35.176,1.995,0.94,1.226,1,交易,27.820554649265905,37.36702127659575,28952.827974653836,0.9721961196174893,0.9421259189652313,1.0313123020992143
2016-01-22,600444.SH,34.526,34.885,33.21,34.846,648642.0,2.164,34.206,1.995,0.618,0.806,1,交易,43.233250620347384,55.86731391585761,19531.526648599818,0.9805360470116097,0.9519850938798912,0.981633472995466
2016-01-25,600444.SH,35.205,36.581,34.925,36.581,1349325.0,4.98,36.262,1.995,1.285,1.676,1,交易,21.8263723150358,27.396887159533076,38634.93199713672,0.9912796260353735,0.9547305978513434,0.9912796260353735
2016-01-26,600444.SH,36.262,36.76,34.746,34.746,1409494.0,-5.016,35.993,1.995,1.342,1.751,1,交易,19.843517989720162,27.020864381520116,40565.64784435618,0.9791349292709468,0.9452121871599566,1.0358890231969147
2016-01-27,600444.SH,34.447,34.507,33.011,33.868,1077335.0,-2.526,33.515,1.995,1.026,1.338,1,交易,25.312406576980568,33.574074074074076,32635.636605979824,0.9712522096965833,0.9566464775262992,0.9895771820007085
2016-01-28,600444.SH,33.469,35.564,33.469,33.948,1099094.0,0.236,35.046,1.995,1.047,1.365,1,交易,24.87032967032967,31.966571155682907,32839.16460007768,0.9854347092565515,0.9410921156225397,1.0323435843054083
2016-01-29,600444.SH,33.709,35.484,33.11,34.965,980500.0,2.996,34.42,1.995,0.934,1.218,1,交易,28.706896551724142,36.09100642398287,29613.409845967984,0.9700146544921655,0.9330966069214293,0.9844129844129844
2016-02-01,600444.SH,35.025,35.125,33.37,33.888,790731.0,-3.08,34.32,1.995,0.753,0.982,1,交易,34.5091649694501,46.513944223107565,23695.864548996105,0.9770818505338078,0.950035587188612,1.0127478753541077
2016-02-02,600444.SH,34.068,35.544,33.769,35.384,774996.0,4.414,34.923,1.995,0.738,0.963,1,交易,36.743509865005194,46.162601626016254,22949.924486955493,0.9825286968264687,0.9500618951159127,0.9869715125480444
2016-02-03,600444.SH,35.005,35.803,34.507,35.484,698896.0,0.282,35.1,1.995,0.666,0.868,1,交易,40.88018433179724,52.56006006006006,20253.74561683137,0.9803647739016285,0.9638019160405553,0.9891782211701048
2016-02-04,600444.SH,35.863,37.239,35.863,36.621,1469490.0,3.204,36.627,1.995,1.4,1.825,1,交易,20.066301369863016,25.61642857142857,40975.09968491203,0.9835656166921777,0.963049491124896,1.0001638404194315
2016-02-05,600444.SH,36.8,37.498,36.561,36.701,1452160.0,0.218,37.097,1.995,1.383,1.804,1,交易,20.344235033259423,26.608821402747648,39718.82607149695,0.9893060963251374,0.9750120006400342,1.010789896733059
2016-02-15,600444.SH,35.803,36.461,34.945,36.102,985861.0,-1.63,35.661,1.995,0.939,1.224,1,交易,29.495098039215684,38.128860489882854,28211.789955644585,0.9780587477030253,0.9584213268972327,0.9877846102708993
2016-02-16,600444.SH,36.681,37.658,35.983,37.379,1038150.0,3.536,37.233,1.995,0.989,1.289,1,交易,28.99844840961986,37.088978766430735,28851.124141955926,0.9887142174305591,0.9555207392851451,0.9960940635115973
2016-02-17,600444.SH,36.94,38.655,36.94,38.177,1233555.0,2.134,37.973,1.995,1.175,1.532,1,交易,24.91971279373368,31.43829787234042,33393.47590687602,0.9823567455697839,0.9556331651791488,0.9946564685543652
2016-02-18,600444.SH,38.256,38.655,37.498,37.658,901500.0,-1.358,37.921,1.995,0.859,1.12,1,交易,33.62321428571428,44.53550640279395,24041.282201717426,0.9810115120941663,0.9700685551675073,1.006983907801795
2016-02-19,600444.SH,37.498,38.177,37.299,37.877,761800.0,0.583,37.691,1.995,0.726,0.946,1,交易,40.03911205073996,51.650137741046834,20424.140057374192,0.987269822144223,0.9770018597584933,0.99508936821818
2016-02-22,600444.SH,38.436,38.436,37.718,37.997,1313700.0,0.316,38.047,1.995,1.251,1.632,1,交易,23.28247549019608,30.724220623501203,34829.524365024656,0.9898792798418149,0.9813195962118848,1.001315893360002
2016-02-23,600444.SH,37.897,38.137,37.179,37.698,1257100.0,-0.787,37.522,1.995,1.197,1.561,1,交易,24.149903907751444,31.659983291562234,33812.09822749401,0.9838739282062039,0.9748800377586072,0.9953313173112631
2016-02-24,600444.SH,37.498,37.877,36.84,37.758,1564400.0,0.159,37.435,1.995,1.49,1.943,1,交易,19.432835820895523,25.166442953020134,42464.712269272524,0.9883306492066426,0.972621907754046,0.9914455214788919
2016-02-25,600444.SH,37.718,37.718,35.863,35.863,1129000.0,-5.018,36.486,1.995,1.075,1.402,1,交易,25.57988587731812,35.08651162790698,31480.91347628475,0.9673365501882388,0.950819237499337,1.0173716643894821
2016-02-26,600444.SH,34.885,35.344,34.068,34.088,1918650.0,-4.95,34.265,1.995,1.827,2.383,1,交易,14.304657994125053,19.094143404488232,56318.24586121874,0.9694714803078316,0.9638976912630148,1.0051924430884769
2016-02-29,600444.SH,33.888,34.108,32.392,32.392,338800.0,-4.974,32.689,1.995,0.323,0.421,1,交易,76.94061757719716,104.91640866873064,10459.372684613483,0.9583968570423362,0.949689222469802,1.0091689306001481
2016-03-01,600444.SH,31.176,31.614,30.777,30.916,2657950.0,-4.557,30.98,1.995,2.531,3.301,1,交易,9.365646773704938,12.317661003555905,86361.56870390226,0.9799455937242993,0.9735243879293983,1.0020701255013584
2016-03-02,600444.SH,31.076,32.472,30.936,32.472,1765313.0,5.032,31.836,1.995,1.681,2.192,1,交易,14.813868613138686,18.48661511005354,57063.38893198862,0.9804138950480413,0.9526977087952697,0.9804138950480413
2016-03-03,600444.SH,32.532,33.868,32.492,33.17,1592912.0,2.15,33.209,1.995,1.517,1.978,1,交易,16.769464105156725,21.444957152274224,49024.74455250524,0.9805421046415496,0.9593716782803825,1.0011757612300272
2016-03-04,600444.SH,33.09,33.23,31.515,31.973,1110767.0,-3.608,32.538,1.995,1.058,1.38,1,交易,23.168840579710146,31.27599243856333,35245.66079644614,0.9791754438760156,0.9483900090279869,1.0176711600412847
2016-03-07,600444.SH,31.355,33.569,31.355,33.569,924901.0,4.991,32.975,1.995,0.881,1.149,1,交易,29.215839860748478,35.59023836549376,29497.719661935895,0.9823051029223391,0.9340462927105364,0.9823051029223391
2016-03-08,600444.SH,33.31,33.449,31.953,33.31,1264152.0,-0.772,32.528,1.995,1.204,1.57,1,交易,21.216560509554142,27.666112956810633,39562.85794761055,0.9724655445603755,0.9552751950730964,0.9765235664965475
2016-03-09,600444.SH,33.09,33.769,32.173,33.33,837601.0,0.06,33.196,1.995,0.798,1.04,1,交易,32.04807692307692,41.46616541353384,26034.28340533988,0.9830317747046107,0.952737718025408,0.995979597959796
2016-03-10,600444.SH,33.669,33.669,32.253,32.352,857250.0,-2.932,33.066,1.995,0.816,1.065,1,交易,30.377464788732393,41.2610294117647,26578.92289089387,0.9820903501737505,0.9579435088657222,1.0220697329376855
2016-03-11,600444.SH,31.933,32.572,31.933,32.512,436201.0,0.493,32.262,1.995,0.415,0.542,1,交易,59.98523985239852,76.94698795180723,13659.88162715686,0.9904826231118752,0.9803819231241556,0.992310531496063
2016-03-14,600444.SH,33.25,34.147,32.711,33.928,1236168.0,4.356,33.747,1.995,1.177,1.535,1,交易,22.102931596091203,28.24978759558199,37790.590321298645,0.9882859401997247,0.9579465253170117,0.9946651733081822
2016-03-15,600444.SH,33.848,34.447,33.429,34.247,946567.0,0.941,33.954,1.995,0.901,1.176,1,交易,29.121598639455783,37.56714761376249,28315.74381525023,0.9856881586204894,0.9704473539060005,0.9914445060881245
2016-03-16,600444.SH,35.703,35.743,34.307,34.347,2088352.0,0.291,34.989,1.995,1.989,2.594,1,交易,13.24094063222822,17.95022624434389,60872.475005101,0.9789049604118287,0.9598243012617855,1.0186915887850465
2016-03-17,600444.SH,34.347,35.643,34.227,35.384,1343952.0,3.02,35.068,1.995,1.28,1.669,1,交易,21.200718993409225,26.833593750000002,39265.842755719175,0.9838678001290575,0.9602727043178183,0.9910694099027808
2016-03-18,600444.SH,35.225,37.159,35.105,37.159,2429919.0,5.017,36.71,1.995,2.314,3.018,1,交易,12.31245858184228,15.222558340535869,69218.60133884063,0.9879167900104955,0.9447240237896606,0.9879167900104955
2016-03-21,600444.SH,37.518,37.618,36.94,37.219,1741933.0000000002,0.161,37.191,1.995,1.659,2.163,1,交易,17.207119741100325,22.61482820976492,47155.73903627505,0.98864905098623,0.9819767132755595,0.999247696069212
2016-03-22,600444.SH,37.0,38.496,36.601,37.738,1255000.0,1.393,37.681,1.995,1.195,1.559,1,交易,24.20654265554843,30.962343096234306,34288.680637141064,0.9788289692435577,0.950774106400665,0.9984895860935926
2016-03-23,600444.SH,37.818,38.097,37.299,38.077,827956.0,0.899,37.732,1.995,0.789,1.028,1,交易,37.03988326848249,47.93155893536121,22197.80691171345,0.9904191931123185,0.979053468777069,0.9909394122436117
2016-03-24,600444.SH,37.658,38.895,37.558,38.296,1196600.0,0.576,38.495,1.995,1.14,1.486,1,交易,25.77119784656797,33.03333333333334,31860.05644603014,0.989715901786862,0.9656254017225864,1.0051963651556297
2016-03-25,600444.SH,38.655,38.795,38.296,38.775,757116.0,1.25,38.591,1.995,0.721,0.94,1,交易,41.25,53.61303744798891,19770.106538541884,0.9947415904111354,0.9871375177213558,0.9952546744036106
2016-03-28,600444.SH,39.393,39.832,38.855,39.034,887950.0,0.669,39.374,1.995,0.846,1.103,1,交易,35.38893925657298,46.56382978723404,22852.91468279501,0.9885017071701145,0.9754719823257681,1.008710355075063
2016-03-29,600444.SH,38.715,39.373,37.08,37.199,1936722.0,-4.701,37.824,1.995,1.844,2.405,1,交易,15.467359667359668,20.995119305856832,52230.90614886732,0.9606583191527189,0.9417621212506032,1.0168015269227668
2016-03-30,600444.SH,37.498,39.054,37.498,38.915,1108502.0,4.611,38.142,1.995,1.056,1.377,1,交易,28.26071169208424,35.509469696969695,29561.629953597527,0.9766477185435551,0.9601577303221179,0.980136194269562
2016-03-31,600444.SH,39.054,40.53,38.954,40.45,1919450.9999999998,3.947,40.16,1.995,1.828,2.384,1,交易,16.967281879194633,21.36433260393873,49274.811315911065,0.9908709597828768,0.9611152232913891,0.9928306551297897
2016-04-01,600444.SH,40.091,41.647,40.091,41.627,1601560.0,2.909,40.795,1.995,1.525,1.989,1,交易,20.928607340372047,26.289180327868856,39948.118031478385,0.9795423439863616,0.9626383653084256,0.9800129723496769
2016-04-05,600444.SH,41.847,42.246,41.248,42.126,1429388.0,1.198,41.846,1.995,1.361,1.775,1,交易,23.732957746478874,30.747244673034533,34653.51047323507,0.9905316479666713,0.976376461676845,0.9933532735127949
2016-04-06,600444.SH,41.667,43.582,41.488,43.303,992300.0,2.794,42.935,1.995,0.945,1.232,1,交易,35.14853896103896,44.092063492063495,23917.759352101813,0.9851544215501813,0.9519526409985773,0.9915017435281621
2016-04-07,600444.SH,43.303,43.761,42.325,42.904,839833.0,-0.921,42.939,1.995,0.8,1.043,1,交易,41.13518696069032,54.12875,19842.480803307735,0.981216151367656,0.9671853933868056,1.0008157747529367
2016-04-08,600444.SH,42.585,42.585,41.468,41.807,1082048.0,-2.557,41.971,1.995,1.031,1.344,1,交易,31.10639880952381,41.30455868089234,26093.566123275777,0.985581777621228,0.9737701068451333,1.003922788049848
2016-04-11,600444.SH,42.166,43.482,40.091,43.283,1063248.0,3.531,43.086,1.995,1.013,1.321,1,交易,32.76532929598789,41.6248766041461,26520.86503205208,0.990892783220643,0.9220137068212134,0.9954485594806274
2016-04-12,600444.SH,43.083,43.442,42.485,43.143,841000.0,-0.323,42.908,1.995,0.801,1.044,1,交易,41.32471264367816,53.78651685393258,19795.22184300341,0.9877077482620505,0.9779706275033377,0.9945529981688802
2016-04-13,600444.SH,43.462,44.38,43.143,43.582,939350.0,1.017,43.841,1.995,0.895,1.167,1,交易,37.34532990574122,48.560893854748606,21772.94114920149,0.9878548895899053,0.9721270842721946,1.005942820430453
2016-04-14,600444.SH,44.021,44.779,43.462,44.28,1087860.0,1.602,44.123,1.995,1.036,1.351,1,交易,32.775721687638786,42.49131274131274,25030.141272836037,0.9853502757989234,0.9705888921146073,0.9964543812104787
2016-04-15,600444.SH,44.38,45.477,43.901,44.12,945312.9999999999,-0.36,44.57,1.995,0.9,1.174,1,交易,37.5809199318569,49.31111111111111,21532.835242932957,0.98005585240891,0.9653451195109617,1.010199456029012
2016-04-18,600444.SH,43.941,44.041,42.744,43.382,1193992.0,-1.673,43.385,1.995,1.137,1.483,1,交易,29.25286581254214,38.64643799472296,27933.557926258658,0.9851047887196022,0.970550169160555,1.0000691531049744
2016-04-19,600444.SH,43.303,44.779,42.644,44.719,1466257.0,3.08,43.753,1.995,1.396,1.821,1,交易,24.55738605161999,31.019340974212035,34383.66475940344,0.9770874740391701,0.9523214006565577,0.978398443614571
2016-04-20,600444.SH,44.639,45.078,42.485,42.744,1952398.0,-4.416,43.2,1.995,1.859,2.425,1,交易,17.62639175257732,24.012372243141474,45954.99588089914,0.9583388792759218,0.942477483473091,1.0106681639528357
2016-04-21,600444.SH,42.305,42.684,40.69,40.929,1569850.0,-4.246,41.521,1.995,1.495,1.95,1,交易,20.989230769230772,28.29765886287625,38580.73236667486,0.9727532564895512,0.9532846031299784,1.0144640719294387
2016-04-25,600444.SH,41.847,42.465,38.336,39.772,2049762.0,-2.827,40.017,1.995,1.952,2.546,1,交易,15.621366849960722,21.43801229508197,53468.33263772955,0.9423525256093254,0.9027669845755327,1.0061601126420598
2016-04-26,600444.SH,39.353,40.969,38.954,40.77,1805972.0,2.508,40.14,1.995,1.72,2.243,0,交易,18.176549264378068,22.879651162790697,46361.65733942599,0.9797651883131148,0.9508164709902609,0.9845474613686533
2016-04-27,600444.SH,40.889,42.345,40.371,40.63,1311731.0,-0.342,41.143,1.995,1.249,1.629,0,交易,24.94168201350522,32.73738991192954,32491.91251145624,0.9716141220923368,0.9533829259652853,1.0126261383214372
2016-04-28,600444.SH,40.63,41.607,39.194,40.251,1431311.0,-0.933,40.165,1.995,1.363,1.778,0,交易,22.638357705286836,29.80924431401321,36518.62529979078,0.9653423702742326,0.9420049510899609,0.9978634071203201
2016-04-29,600444.SH,39.712,40.61,39.573,40.191,809273.0,-0.149,40.159,1.995,0.771,1.005,0,交易,39.99104477611941,51.50713359273671,20450.13013923635,0.9888943609948289,0.9744644176311253,0.9992038018461844
2016-05-03,600444.SH,40.191,41.607,39.912,41.089,2437317.0,2.233,40.725,1.995,2.321,3.027,0,交易,13.574165840766435,17.31624299870745,61067.27300060132,0.9788016439541424,0.9592616627009878,0.991141181338071
2016-05-04,600444.SH,41.029,42.186,40.49,41.348,2574726.0,0.631,41.585,1.995,2.452,3.198,0,交易,12.929330831769857,16.732871125611748,63589.182514201035,0.9857535675342531,0.9597970890816859,1.0057318370900648
2016-05-05,600444.SH,41.488,41.667,40.849,41.208,1150444.0,-0.338,41.249,1.995,1.096,1.429,0,交易,28.8369489153254,37.85401459854014,28163.33325173199,0.989968080255358,0.9803681570547434,1.0009949524364201
2016-05-06,600444.SH,41.328,41.827,38.197,38.376,2641942.0,-6.873,39.72,1.995,2.516,3.281,0,交易,11.696434014020115,16.426073131955487,69166.2172421918,0.9496258397685705,0.9132139527099722,1.0350218886804252
2016-05-09,600444.SH,36.9,37.698,34.546,34.566,2961845.0,-9.927,35.422,1.995,2.821,3.679,0,交易,9.395487904321827,13.080467919177595,85736.26469055752,0.9396254443206535,0.9163881373017136,1.0247642191749116
2016-05-10,600444.SH,34.546,35.205,34.028,34.546,1498753.0,-0.058,34.589,1.995,1.427,1.861,0,交易,18.563138097796884,24.20882971268395,44044.698483601744,0.9825024854424088,0.9665672489703168,1.001244717188676
2016-05-11,600444.SH,34.846,35.623,33.868,33.988,1181582.0,-1.617,34.278,1.995,1.125,1.467,0,交易,23.16837082481254,30.97422222222222,34887.85874571867,0.9622434943716138,0.9507340762990204,1.0085324232081911
2016-05-12,600444.SH,33.27,34.247,32.073,33.709,1394785.0,-0.822,33.14,1.995,1.328,1.732,0,交易,19.462471131639724,25.052710843373497,43487.824650017144,0.9676760008175899,0.9365199871521593,0.9831202349520899
2016-05-13,600444.SH,33.828,34.347,33.569,34.068,1239950.0,1.065,33.994,1.995,1.181,1.54,0,交易,22.12207792207792,28.64352243861135,36937.352914891715,0.9897225376306519,0.9773488223134481,0.9978278736644359
2016-05-16,600444.SH,34.108,36.202,33.609,36.162,1906815.0000000002,6.148,35.109,1.995,1.816,2.368,0,交易,15.271114864864865,18.781938325991188,56735.24948674463,0.969808297884095,0.9283741229766312,0.9708810353409657
2016-05-17,600444.SH,35.803,36.342,34.846,35.564,1329606.0,-1.655,35.663,1.995,1.266,1.651,0,交易,21.540884312537855,28.28041074249605,38156.63203811055,0.9813163832480325,0.9588355071267404,1.0027837138679563
2016-05-18,600444.SH,35.524,35.524,33.908,34.227,1110540.0,-3.758,34.311,1.995,1.058,1.379,0,交易,24.820159535895574,33.576559546313796,32751.56305296685,0.9658540704875577,0.9545096272942236,1.0024542028223333
2016-05-19,600444.SH,34.227,34.826,34.108,34.407,875632.0,0.524,34.471,1.995,0.834,1.088,0,交易,31.624080882352935,41.03956834532374,25672.33493608538,0.9898064664331245,0.9793832194337563,1.0018600866102827
2016-05-20,600444.SH,34.128,34.706,33.908,34.686,785788.0,0.812,34.345,1.995,0.748,0.976,0,交易,35.53893442622951,45.62566844919786,23174.11820219417,0.9895983403446089,0.9770068576038725,0.9901689442426339
2016-05-23,600444.SH,34.905,35.564,34.885,35.544,1323468.0,2.473,35.097,1.995,1.26,1.644,0,交易,21.62043795620438,27.702380952380953,37938.02493908557,0.9868687436733776,0.9809076594308851,0.9874240378122892
2016-05-24,600444.SH,35.324,35.564,34.706,35.225,1038317.0,-0.898,35.13,1.995,0.989,1.29,0,交易,27.3062015503876,35.71688574317492,29917.507059298103,0.9877966482960298,0.9758744798110449,0.9973030518097942
2016-05-25,600444.SH,35.364,35.564,34.526,34.686,1181561.0,-1.529,35.034,1.995,1.125,1.467,0,交易,23.644171779141104,31.434666666666665,34222.354167873484,0.985097289393769,0.9708131818693061,1.0100328662861096
2016-05-26,600444.SH,34.706,35.304,34.187,35.245,1260094.0,1.61,34.82,1.995,1.2,1.565,0,交易,22.52076677316294,28.92166666666667,36858.86448065054,0.9862905053251756,0.9683605257194651,0.9879415519931906
2016-05-27,600444.SH,35.245,36.062,35.105,35.783,1315544.0,1.528,35.59,1.995,1.253,1.634,0,交易,21.89902080783354,28.12849162011173,37474.547785215786,0.9869114303144586,0.973462370362154,0.9946063773300171
2016-05-30,600444.SH,36.002,36.062,35.304,35.444,1039224.0,-0.948,35.683,1.995,0.99,1.291,0,交易,27.45468628969791,36.36565656565657,29436.437797416722,0.9894903222228385,0.978980644445677,1.00674303126058
2016-05-31,600444.SH,35.304,36.84,35.304,36.82,1776002.0,3.883,36.496,1.995,1.691,2.206,0,交易,16.690843155031732,20.8775872264932,50305.97099478812,0.9906623235613463,0.9583061889250813,0.9912004345464422
2016-06-01,600444.SH,36.94,37.798,36.74,36.98,1308553.0,0.433,37.178,1.995,1.246,1.625,0,交易,22.756923076923076,29.646869983948633,35616.57593903103,0.983597015715117,0.9720091010106355,1.0053542455381288
2016-06-02,600444.SH,36.98,37.239,36.521,37.0,984341.0,0.054,36.953,1.995,0.937,1.223,0,交易,30.25347506132461,39.46638207043756,26952.739519728373,0.9923198796960178,0.9807191385375548,0.9987297297297298
2016-06-03,600444.SH,37.099,40.71,36.86,40.71,4043639.0,10.027,39.401,1.995,3.851,5.022,0,交易,8.106332138590203,9.633601661905997,109702.63157894737,0.9678457381478752,0.9054286416113977,0.9678457381478752
2016-06-06,600444.SH,41.009,41.188,39.553,40.171,4155911.0,-1.323,40.082,1.995,3.958,5.162,0,交易,7.782061216582719,10.361040929762506,105071.95408692135,0.9731475186947655,0.9603039720306884,0.9977844713848298
2016-06-07,600444.SH,39.932,39.972,38.835,39.872,2899504.0,-0.745,39.43,1.995,2.761,3.601,0,交易,11.072479866703693,14.462875769648678,74662.13467233165,0.9864405083558491,0.9715550885619934,0.9889145264847512
2016-06-08,600444.SH,39.692,39.852,38.974,39.174,1547157.0,-1.751,39.321,1.995,1.473,1.922,0,交易,20.381893860561917,26.946367956551253,39697.157079078366,0.9866757000903342,0.9779684833885376,1.0037524888956961
2016-06-13,600444.SH,38.715,38.715,36.122,36.501,2088011.0,-6.823,37.719,1.995,1.989,2.593,0,交易,14.076745082915542,19.46455505279035,57804.41282321023,0.974273537388609,0.9330233759524731,1.0333689487959234
2016-06-14,600444.SH,36.142,36.84,35.943,36.501,1609199.0,0.0,36.353,1.995,1.533,1.999,0,交易,18.259629814907452,23.575994781474236,44770.85941629803,0.9867806731813246,0.9756514657980454,0.9959453165666695
2016-06-15,600444.SH,36.122,38.416,36.122,38.117,1426711.0,4.426,37.636,1.995,1.359,1.772,0,交易,21.510722347629795,26.579838116261957,39497.01013232933,0.9796959600166599,0.9402852977925865,0.9873809586273843
2016-06-16,600444.SH,38.256,38.376,37.119,37.279,1281300.0,-2.198,37.736,1.995,1.22,1.591,0,交易,23.431175361407924,31.35737704918033,34518.71009456074,0.9833229101521784,0.967245153220763,1.0122589125244774
2016-06-17,600444.SH,37.478,38.396,37.339,37.818,1268031.0,1.445,37.884,1.995,1.208,1.575,0,交易,24.01142857142857,31.024834437086096,33959.96143442513,0.9866652776330868,0.9724710907386186,1.0017452006980803
2016-06-20,600444.SH,37.319,38.855,36.601,38.635,1913734.0,2.162,37.775,1.995,1.823,2.377,0,交易,16.25368111064367,20.471201316511248,52286.38561787929,0.9722043495045684,0.9419894479474972,0.9777403908373237
2016-06-21,600444.SH,38.635,39.274,37.718,38.037,1177077.0,-1.549,38.544,1.995,1.121,1.462,0,交易,26.017099863201093,34.464763603925064,31207.301553634865,0.9814126394052044,0.9603809135815043,1.0133291269027525
2016-06-22,600444.SH,38.296,39.014,38.057,38.855,1741430.0,2.15,38.689,1.995,1.659,2.163,0,交易,17.96347665279704,23.083785412899335,45758.46756181517,0.9916696570461885,0.9754703439790844,0.9957277055719985
2016-06-23,600444.SH,38.974,39.892,38.177,39.553,3623944.9999999995,1.797,39.244,1.995,3.451,4.501,0,交易,8.787602754943345,11.29353810489713,94924.82384681875,0.9837561415822721,0.9570089240950566,0.9921876975197836
2016-06-24,600444.SH,39.553,39.752,36.721,38.416,2312213.0,-2.874,38.569,1.995,2.202,2.872,0,交易,13.376044568245124,17.96230699364214,62967.048827646315,0.9702404910444757,0.9237522640370295,1.003982715535194
2016-06-27,600444.SH,37.718,38.954,37.698,38.875,1621405.0,1.194,38.557,1.995,1.544,2.014,0,交易,19.302383316782525,24.42875647668394,43010.37190301873,0.9898084920675669,0.96775684140268,0.9918199356913184
2016-06-28,600444.SH,38.755,39.274,38.416,39.214,1499873.0,0.872,38.819,1.995,1.428,1.863,0,交易,21.04884594739667,27.13935574229692,39042.924822990426,0.9884147273005042,0.9781534857666648,0.9899270668638752
2016-06-29,600444.SH,39.333,39.333,38.775,38.875,1801263.0,-0.865,38.981,1.995,1.715,2.237,0,交易,17.378185069289227,22.93469387755102,46454.23597678917,0.9910507716167087,0.9858134390969415,1.002726688102894
2016-06-30,600444.SH,39.054,39.154,38.635,38.915,1043057.0,0.103,38.856,1.995,0.993,1.295,0,交易,30.05019305019305,39.329305135951664,26997.722272550796,0.9923890279409511,0.9867446493334013,0.9984838751124245
2016-07-01,600444.SH,38.994,39.353,38.655,39.094,1359536.0,0.461,39.009,1.995,1.295,1.689,0,交易,23.14624037892244,30.111196911196913,35171.025740525154,0.9912586079841434,0.982263105735268,0.9978257533125288
2016-07-04,600444.SH,39.134,40.77,38.755,40.67,4163342.0,4.031,40.129,1.995,3.965,5.171,0,交易,7.865016437826339,9.869861286254729,107427.22229389756,0.9842776551385821,0.9505764042187883,0.9866978116547823
2016-07-05,600444.SH,40.49,41.827,40.051,41.627,4821578.0,2.354,40.985,1.995,4.592,5.988,0,交易,6.951736806947228,8.817508710801395,120385.95790367281,0.9798694623090348,0.9575393884333088,0.9845773176063611
2016-07-06,600444.SH,41.607,41.986,41.109,41.827,3405863.0,0.479,41.54,1.995,3.244,4.23,0,交易,9.888179669030732,12.825832305795313,82849.57065362815,0.9893774115181251,0.979112084980708,0.9931384034236259
2016-07-07,600444.SH,41.827,42.644,41.308,41.667,2842564.0,-0.381,41.881,1.995,2.707,3.53,0,交易,11.803682719546744,15.451422238640562,68813.88593008618,0.9821076822061721,0.9686708563924585,1.0051359589123288
2016-07-08,600444.SH,41.468,41.587,40.75,41.468,2165642.0,-0.479,41.144,1.995,2.063,2.69,0,交易,15.41561338289963,20.100824042656324,53144.58895705522,0.989347632673672,0.9798735181667347,0.9921867464068678
2016-07-11,600444.SH,41.368,41.827,40.829,41.069,3313062.0,-0.962,41.342,1.995,3.155,4.115,0,交易,9.980315917375457,13.111885895404122,81144.82353229322,0.988404619025988,0.9761398139957445,1.00664734958241
2016-07-12,600444.SH,40.849,41.488,40.111,41.328,1523294.0,0.631,40.957,1.995,1.451,1.892,0,交易,21.84355179704017,28.15230875258442,37976.963925107826,0.9872011183956807,0.966809679907443,0.9910230352303523
2016-07-13,600444.SH,41.049,41.508,41.049,41.328,2061364.0,0.0,41.231,1.995,1.963,2.56,0,交易,16.14375,20.91136016301579,50217.15510731078,0.993326587645755,0.9889418907198612,0.997652922957801
2016-07-14,600444.SH,41.468,41.847,40.69,41.448,4681756.0,0.29,41.425,1.995,4.459,5.815,0,交易,7.127773000859845,9.29984301412873,115059.13000737282,0.9899156450880587,0.9723516620068343,0.9994450878208839
2016-07-15,600444.SH,41.408,41.428,40.291,40.789,5027868.0,-1.588,40.934,1.995,4.788,6.244,0,交易,6.532511210762332,8.64828738512949,124788.86103596337,0.9880756975958289,0.9725547938592256,1.0035548799921548
2016-07-18,600444.SH,40.231,40.311,39.513,39.752,3062089.0,-2.543,39.856,1.995,2.916,3.803,0,交易,10.452800420720484,13.796639231824418,77495.73558069496,0.988712758304185,0.9802039145642628,1.0026162205675186
2016-07-19,600444.SH,39.812,39.952,39.294,39.892,1663525.0,0.351,39.659,1.995,1.584,2.066,0,交易,19.30880929332043,25.13383838383838,42335.34381839467,0.9926661994393272,0.9835302362835402,0.994159229920786
2016-07-20,600444.SH,39.952,40.191,39.513,39.992,1867659.0,0.25,39.907,1.995,1.779,2.32,0,交易,17.23793103448276,22.457560427206296,47266.95011768279,0.992933741384887,0.9831305516160334,0.997874574914983
2016-07-21,600444.SH,39.892,40.271,39.573,39.812,1474194.0,-0.449,40.026,1.995,1.404,1.831,0,交易,21.743309666848717,28.413105413105416,37252.52065802441,0.9939162176255867,0.9826674281741203,1.005375263739576
2016-07-22,600444.SH,40.251,40.251,39.294,39.633,1716207.0,-0.451,39.622,1.995,1.634,2.131,0,交易,18.59831065227593,24.633414932680537,43676.05741334555,0.9843730590544335,0.9762241931877469,0.999722453510963
2016-07-25,600444.SH,39.313,40.071,39.313,39.553,1782250.0,-0.201,39.739,1.995,1.697,2.213,0,交易,17.873023045639403,23.166175604007073,45334.876503955435,0.9917147063961468,0.9810835766514437,1.004702551007509
2016-07-26,600444.SH,39.573,40.091,39.573,39.992,1603431.0,1.109,39.875,1.995,1.527,1.991,0,交易,20.086388749372173,25.915520628683694,40518.30793722993,0.9946122571150632,0.9870793943777905,0.9970744148829767
2016-07-27,600444.SH,40.211,40.351,37.239,37.578,2752650.0,-6.035,38.566,1.995,2.622,3.419,0,交易,10.990933021351273,15.336003051106026,73918.47256908081,0.9557631781120667,0.9228767564620455,1.0262919793496195
2016-07-28,600444.SH,37.498,37.658,36.521,37.459,1740344.0,-0.318,37.205,1.995,1.657,2.161,0,交易,17.334104581212404,22.630054315027156,47653.24060129788,0.9879706835201019,0.9698072122789314,0.9932192530500012
2016-07-29,600444.SH,37.598,37.598,36.701,36.721,1106724.0,-1.97,37.088,1.995,1.054,1.375,0,交易,26.706181818181815,35.67172675521822,30155.14563635868,0.9864354486940795,0.976142347997234,1.0099942812014924
2016-08-01,600444.SH,36.721,37.02,35.743,36.282,1284200.0,-1.195,36.366,1.995,1.223,1.595,0,交易,22.74733542319749,30.025347506132455,35928.713314495144,0.9823338735818475,0.965505132360886,1.002315197618654
2016-08-02,600444.SH,36.182,37.0,36.182,36.86,886000.0,1.594,36.67,1.995,0.844,1.1,0,交易,33.50909090909091,42.8696682464455,24487.314134099826,0.9910810810810812,0.977891891891892,0.9948453608247423
2016-08-03,600444.SH,36.86,37.857,36.581,37.578,1725300.0,1.948,37.484,1.995,1.643,2.143,0,交易,17.53523098460103,22.434570906877664,47163.82821683387,0.9901471326306892,0.9662942124309905,0.9974985363776677
2016-08-04,600444.SH,37.498,37.857,37.319,37.698,957438.0,0.318,37.631,1.995,0.912,1.189,0,交易,31.705634987384354,41.11622807017543,25655.510597818804,0.9940301661515704,0.9857886256174553,0.9982227173855377
2016-08-05,600444.SH,37.399,37.877,37.399,37.518,1108817.0,-0.476,37.606,1.995,1.056,1.377,0,交易,27.246187363834423,35.415719696969695,29648.306104441293,0.9928452622963804,0.9873802043456451,1.0023455408070794
2016-08-08,600444.SH,37.518,37.957,37.279,37.897,1495886.0,1.01,37.619,1.995,1.425,1.858,0,交易,20.396663078579117,26.32842105263158,40126.7737868505,0.9910951866585873,0.9821376821139711,0.9926643269915825
2016-08-09,600444.SH,37.877,38.456,37.518,38.216,782500.0,0.842,38.242,1.995,0.745,0.972,0,交易,39.31687242798354,50.841610738255035,20856.655472040085,0.9944351986686081,0.9756084876222175,1.0006803433117017
2016-08-10,600444.SH,38.476,38.476,38.077,38.197,1360741.0,-0.052,38.236,1.995,1.296,1.69,0,交易,22.601775147928997,29.68827160493827,35736.560128161356,0.9937623453581453,0.9896298991579165,1.0010210225933973
2016-08-11,600444.SH,38.017,38.276,37.538,37.638,771263.0,-1.462,37.91,1.995,0.735,0.958,0,交易,39.28810020876827,51.72380952380953,20546.19319089989,0.9904378722959555,0.9807189884000417,1.007226738934056
2016-08-12,600444.SH,37.738,38.097,37.379,38.077,823476.0,1.166,37.782,1.995,0.784,1.023,0,交易,37.220918866080154,48.13520408163265,22030.444902217823,0.9917316324120008,0.9811533716565608,0.9922525409039578
2016-08-15,600444.SH,37.917,39.254,37.917,39.154,1653446.0,2.829,38.677,1.995,1.575,2.054,0,交易,19.06231742940604,24.074285714285715,43606.98367486879,0.9853008610587457,0.9659397768380293,0.9878173366705827
2016-08-16,600444.SH,39.254,39.633,38.954,39.313,879057.0,0.408,39.297,1.995,0.837,1.092,0,交易,36.00091575091575,46.898446833930706,22566.540021563895,0.9915222163348724,0.9828678121767214,0.9995930099458193
2016-08-17,600444.SH,39.553,39.553,38.855,39.353,1313008.0,0.101,39.215,1.995,1.25,1.631,0,交易,24.128142244022072,31.6424,33792.51061639429,0.9914545040831291,0.9823527924556924,0.9964932787843367
2016-08-18,600444.SH,39.353,39.493,39.094,39.333,1311520.0,-0.051,39.335,1.995,1.249,1.629,0,交易,24.14548802946593,31.50760608486789,33547.85900649716,0.9959992910135973,0.9898969437621857,1.0000508478885415
2016-08-19,600444.SH,39.353,39.353,38.536,38.775,1901659.0,-1.42,38.912,1.995,1.811,2.362,0,交易,16.416172734970363,21.729983434566538,49347.59705210712,0.9887937387238583,0.9792391939623408,1.0035332043842682
2016-08-22,600444.SH,38.775,39.174,38.556,38.935,2312410.0,0.412,38.885,1.995,2.202,2.872,0,交易,13.556754874651812,17.608991825613078,59975.360514576205,0.9926226578853321,0.9842242303568693,0.998715808398613
2016-08-23,600444.SH,39.034,39.194,38.635,38.935,998000.0,0.0,38.981,1.995,0.95,1.239,0,交易,31.424535916061338,41.08842105263158,25831.499935291835,0.9945654947185794,0.9857376128999336,1.001181456273276
2016-08-24,600444.SH,38.815,39.094,38.775,38.954,1222623.0,0.051,38.926,1.995,1.164,1.518,0,交易,25.661396574440055,33.34621993127148,31531.21856866538,0.9957026653706451,0.9918401800787844,0.9992812034707604
2016-08-25,600444.SH,38.974,38.974,38.177,38.456,1070312.0,-1.28,38.379,1.995,1.019,1.329,0,交易,28.936042136945076,38.24730127576055,28035.518767844515,0.9847334120182686,0.9795504695437985,0.9979977116704805
2016-08-26,600444.SH,38.675,38.795,38.296,38.675,1137163.0,0.571,38.623,1.995,1.083,1.412,0,交易,27.390226628895185,35.71098799630656,29694.041153123042,0.9955664389740945,0.9871375177213558,0.998655462184874
2016-08-29,600444.SH,38.855,39.832,38.296,39.513,2280801.0,2.166,39.249,1.995,2.172,2.833,0,交易,13.94740557712672,17.8890423572744,59557.16001671193,0.985363526812613,0.9614380397670215,0.9933186546199986
2016-08-30,600444.SH,39.633,39.752,39.274,39.633,1228951.0,0.303,39.535,1.995,1.17,1.526,0,交易,25.971821756225427,33.87435897435898,31291.719712787086,0.9945411551620043,0.9879754477762125,0.997527313097671
2016-08-31,600444.SH,39.732,40.051,39.573,39.912,2294646.0,0.705,39.891,1.995,2.185,2.85,0,交易,14.004210526315788,18.183981693363844,57985.14138427716,0.99600509350578,0.9880652168485181,0.9994738424533974
2016-09-01,600444.SH,39.932,40.051,39.473,39.872,1907071.0,-0.1,39.848,1.995,1.816,2.369,0,交易,16.830730265934992,21.98898678414097,48313.30276391457,0.9949314623854585,0.9855684002896307,0.9993980738362761
2016-09-02,600444.SH,39.912,39.912,39.254,39.333,1618796.0,-1.351,39.448,1.995,1.542,2.01,0,交易,19.568656716417912,25.883268482490273,41239.00748968258,0.9883744237322108,0.9835137302064542,1.0029237535911322
2016-09-05,600444.SH,39.234,39.852,39.094,39.752,1475663.0,1.065,39.518,1.995,1.405,1.833,0,交易,21.686852154937263,27.92455516014235,37746.53399498644,0.9916189902639768,0.980979624611061,0.994113503723083
2016-09-06,600444.SH,39.673,40.291,39.154,40.151,1617163.0,1.004,39.782,1.995,1.54,2.008,0,交易,19.995517928286855,25.761688311688314,41302.62552995862,0.9873669057605917,0.971780298329652,0.9908096934073869
2016-09-07,600444.SH,40.45,41.029,40.231,40.331,3040392.0,0.447,40.64,1.995,2.896,3.776,0,交易,10.680879237288137,13.96754143646409,75573.36382391688,0.9905189012649589,0.9805503424407126,1.007661600257866
2016-09-08,600444.SH,40.61,40.849,40.231,40.829,2090012.0,1.236,40.589,1.995,1.99,2.596,0,交易,15.727657935285054,20.407035175879397,51950.28709204344,0.9936350951063674,0.984871110675904,0.9941218251732836
2016-09-09,600444.SH,40.969,41.109,40.111,40.61,1863924.0,-0.537,40.71,1.995,1.775,2.315,0,交易,17.542116630669547,23.081126760563382,46469.1481139837,0.9902940961833175,0.975723077671556,1.002462447672987
2016-09-12,600444.SH,40.091,40.091,38.755,38.875,2407944.0,-4.273,39.602,1.995,2.293,2.991,0,交易,12.997325309261116,17.484081988661142,62132.47322926074,0.9878027487466013,0.9666758125265023,1.018700964630225
2016-09-13,600444.SH,38.895,39.732,38.895,39.633,1226813.0,1.95,39.451,1.995,1.168,1.524,0,交易,26.005905511811026,33.30051369863014,31541.663452885972,0.9929276150206383,0.9789338568408337,0.9954078671813892
2016-09-14,600444.SH,39.673,39.673,38.456,39.353,1165654.0,-0.705,39.369,1.995,1.11,1.448,0,交易,27.177486187845307,35.74144144144144,30311.368837112543,0.9923373579008393,0.9693242255438208,1.0004065763728305
2016-09-19,600444.SH,39.593,40.61,39.353,40.351,2290432.0,2.534,40.188,1.995,2.181,2.845,0,交易,14.183128295254832,18.153599266391566,58202.22092343659,0.9896084708199951,0.9690470327505541,0.9959604470769002
2016-09-20,600444.SH,40.191,41.049,40.191,40.75,1463178.0,0.989,40.78,1.995,1.394,1.817,0,交易,22.42707760044029,28.831420373027264,36405.6131969844,0.9934468561962533,0.97909815099028,1.0007361963190184
2016-09-21,600444.SH,40.57,41.348,40.291,40.73,1681487.0,-0.049,41.034,1.995,1.601,2.088,0,交易,19.50670498084291,25.34041224234853,41733.56332679755,0.9924059204798298,0.9744364902776433,1.0074637859071938
2016-09-22,600444.SH,40.889,41.288,40.71,40.889,1426947.0,0.392,40.864,1.995,1.359,1.772,0,交易,23.07505643340858,30.087564385577632,35051.5106853353,0.9897306723503198,0.9860007750435963,0.9993885886179655
2016-09-23,600444.SH,41.168,42.166,40.789,41.767,2259714.0,2.146,41.344,1.995,2.152,2.806,0,交易,14.88488952245189,19.130111524163567,55400.08335580671,0.9805056206422237,0.9673433572072286,0.9898723872914023
2016-09-26,600444.SH,41.687,41.787,40.211,40.291,2545742.0,-3.534,41.032,1.995,2.425,3.162,0,交易,12.74225173940544,17.190515463917524,63309.59190271319,0.9819321798645512,0.9622849211477253,1.0183912039909657
2016-09-27,600444.SH,40.211,40.69,39.692,40.51,1260438.0,0.545,40.079,1.995,1.2,1.565,0,交易,25.884984025559106,33.509166666666665,31755.46709664416,0.9849840255591055,0.9754730892111084,0.9893606516909406
2016-09-28,600444.SH,40.49,40.969,39.992,40.53,1233812.0,0.049,40.507,1.995,1.175,1.532,0,交易,26.4556135770235,34.45957446808511,30851.470294058814,0.9887231809416875,0.9761527008225731,0.9994325191216382
2016-09-29,600444.SH,40.789,41.208,40.45,41.188,982742.0,1.624,40.912,1.995,0.936,1.221,0,交易,33.73300573300573,43.577991452991455,24295.22867737948,0.9928169287516987,0.9816055134925258,0.9932990191317859
2016-09-30,600444.SH,41.069,41.328,40.809,41.069,1104765.0,-0.291,41.035,1.995,1.052,1.372,0,交易,29.933673469387756,39.03897338403042,27071.60185253253,0.9929103755323266,0.9874419279907084,0.9991721249604323
2016-10-10,600444.SH,41.109,41.747,41.089,41.687,1753403.0,1.506,41.528,1.995,1.67,2.178,0,交易,19.14003673094582,24.616167664670662,42673.29455572051,0.9947541140680767,0.9842383883871895,0.9961858612996858
2016-10-11,600444.SH,41.847,43.422,41.687,43.323,3449650.0,3.923,42.794,1.995,3.285,4.284,0,交易,10.112745098039216,12.738812785388127,82751.21740590592,0.9855372852471097,0.9600432960250564,0.9877893959328762
2016-10-12,600444.SH,42.884,43.183,42.305,42.585,2467885.0,-1.703,42.624,1.995,2.35,3.065,0,交易,13.893964110929854,18.248510638297873,58335.539534334006,0.987055091123822,0.9796679248778455,1.0009158154279676
2016-10-13,600444.SH,42.565,43.143,42.485,42.904,1819709.0,0.749,42.873,1.995,1.733,2.26,0,交易,18.98407079646018,24.561454125793418,42831.79945863246,0.9937417425770113,0.9847483948728646,0.9992774566473988
2016-10-14,600444.SH,42.684,43.043,42.285,42.964,1368930.0,0.139,42.597,1.995,1.304,1.7,0,交易,25.27294117647059,32.733128834355824,32373.891450869105,0.9896382687080362,0.9823897033199358,0.9914579648077461
2016-10-17,600444.SH,42.884,43.263,42.086,42.226,1902591.0,-1.718,42.607,1.995,1.812,2.363,0,交易,17.869657215404146,23.666666666666668,45207.218552487764,0.9848369276286897,0.9727943046020849,1.0090228769004879
2016-10-18,600444.SH,42.605,42.804,42.006,42.704,1772037.0,1.134,42.406,1.995,1.688,2.201,0,交易,19.402089959109496,25.239928909952607,42185.330667047565,0.9907018035697598,0.9813568825343425,0.9930217309853877
2016-10-19,600444.SH,42.864,43.263,42.485,42.644,1300845.0,-0.14,42.779,1.995,1.239,1.616,0,交易,26.388613861386137,34.5956416464891,30618.924326232787,0.9888126112382406,0.9820169659986594,1.0031657443016604
2016-10-20,600444.SH,42.684,42.884,42.505,42.585,997772.0,-0.14,42.65,1.995,0.95,1.239,0,交易,34.370460048426146,44.93052631578947,23474.22656158099,0.9945434194571402,0.9911622050181886,1.0015263590466126
2016-10-21,600444.SH,42.784,42.784,41.567,42.345,2098409.0,-0.562,42.116,1.995,1.998,2.606,0,交易,16.249040675364544,21.413413413413412,50482.57030817716,0.9843866866118175,0.9715547868362004,0.9945920415633487
2016-10-24,600444.SH,42.246,42.684,41.906,42.365,1461795.0,0.047,42.285,1.995,1.392,1.816,0,交易,23.328744493392072,30.349137931034488,34882.713692549994,0.9906522350295193,0.9817730297066817,0.9981116487666705
2016-10-25,600444.SH,42.525,42.605,42.265,42.485,949559.0,0.282,42.461,1.995,0.904,1.179,0,交易,36.03477523324852,47.04092920353982,22466.792854607833,0.9966201150099754,0.9920197159957752,0.9994350947393197
2016-10-26,600444.SH,42.924,44.28,42.644,42.704,4418979.0,0.516,43.287,1.995,4.209,5.488,0,交易,7.78134110787172,10.198146828225232,103624.87102523216,0.9775745257452574,0.9630532971996386,1.0136521168977144
2016-10-27,600444.SH,43.083,44.878,42.884,44.101,3687826.0,3.27,43.925,1.995,3.512,4.58,0,交易,9.629039301310044,12.267369020501139,85995.3828933868,0.9787646508311422,0.9555684299656847,0.9960091607900047
2016-10-28,600444.SH,44.061,44.061,42.405,42.485,3008980.0,-3.664,43.233,1.995,2.866,3.737,0,交易,11.36874498260637,15.373691556175855,70958.14172856974,0.9812078709062435,0.9624157418124872,1.0176062139578674
2016-10-31,600444.SH,42.585,43.702,42.285,43.143,2003854.0,1.549,43.234,1.995,1.908,2.489,0,交易,17.333467255926077,22.319182389937108,47389.23968310276,0.9892911079584459,0.9675758546519609,1.0021092645388592
2016-11-01,600444.SH,43.283,43.542,42.744,43.522,2036626.0,0.878,43.157,1.995,1.94,2.529,0,交易,17.209173586397785,22.310824742268043,47647.06157589369,0.9911579624270818,0.9816728675761334,0.9916134368824961
2016-11-02,600444.SH,43.343,45.437,43.043,44.46,4643329.0,2.154,44.442,1.995,4.422,5.767,0,交易,7.709380960638113,9.801673450927185,107876.5188300072,0.9781015471972182,0.9473116623016484,0.9995951417004049
2016-11-03,600444.SH,44.32,44.998,43.901,44.519,2825379.0,0.135,44.418,1.995,2.691,3.509,0,交易,12.687090339127957,16.46971386101821,64357.96451105897,0.9871105382461444,0.9756211387172764,0.9977313057346302
2016-11-04,600444.SH,44.519,44.739,44.081,44.12,1924889.0,-0.896,44.327,1.995,1.833,2.391,0,交易,18.452530322040985,24.28750681942171,43667.09012953426,0.9907910324325533,0.9852924741277187,1.0046917497733454
2016-11-07,600444.SH,44.101,45.457,43.901,44.44,2215710.0,0.723,44.728,1.995,2.11,2.752,0,交易,16.14825581395349,20.90094786729858,50470.604314252516,0.9839628660052357,0.9657698484281849,1.0064806480648065
2016-11-08,600444.SH,44.44,45.018,44.26,44.639,2244245.0,0.449,44.583,1.995,2.137,2.787,0,交易,16.016864011481882,20.79550772110435,50705.94215996385,0.9903371984539517,0.9831622906392998,0.998745491610475
2016-11-09,600444.SH,44.679,45.596,43.821,44.918,3777064.0,0.626,44.798,1.995,3.597,4.691,0,交易,9.575357066723514,12.42118432026689,86193.01248259968,0.9824984647776122,0.9610711465918064,0.9973284652032594
2016-11-10,600444.SH,45.437,46.733,45.118,46.035,3034580.0,2.487,45.902,1.995,2.89,3.769,0,交易,12.214115149907135,15.722145328719721,67258.7437386409,0.982218132796953,0.9654419789014188,0.9971108938850876
2016-11-11,600444.SH,46.115,47.81,46.095,47.511,3972231.0,3.206,46.909,1.995,3.783,4.933,0,交易,9.63125886884249,12.190060798308222,86174.877969411,0.9811545701736037,0.9641288433382137,0.9873292500684051
2016-11-14,600444.SH,47.352,48.389,46.873,48.209,6342492.0,1.469,47.747,1.995,6.04,7.877,0,交易,6.120223435318015,7.839735099337748,135312.26932349114,0.9867325218541403,0.9686705656244187,0.9904167271671264
2016-11-15,600444.SH,47.95,48.349,47.312,47.431,2550138.0,-1.614,47.666,1.995,2.429,3.167,0,交易,14.976634038522262,19.74063400576369,53900.44808927968,0.9858735444373203,0.9785517797679373,1.0049545655794734
2016-11-16,600444.SH,47.671,47.81,47.152,47.252,1930627.0,-0.378,47.321,1.995,1.839,2.398,0,交易,19.704753961634694,25.922240348015226,40944.75313878521,0.9897720142229658,0.9862371888726208,1.0014602556505543
2016-11-17,600444.SH,47.312,47.412,46.315,46.773,1936585.0,-1.013,46.735,1.995,1.844,2.405,0,交易,19.448232848232852,25.657266811279825,41813.34340926266,0.9857209145364043,0.9768623977052223,0.9991875654758086
2016-11-18,600444.SH,46.853,47.292,46.494,46.893,1598773.0,0.256,46.864,1.995,1.523,1.986,0,交易,23.61178247734139,30.76362442547604,34386.65204112358,0.9909498435253319,0.9831261101243339,0.9993815708101421
2016-11-21,600444.SH,46.993,47.292,46.674,46.873,2785781.0,-0.043,47.009,1.995,2.653,3.46,0,交易,13.547109826589594,17.71315491895967,59685.92792561169,0.9940159012095069,0.9869322506977924,1.0029014571288375
2016-11-22,600444.SH,46.634,47.112,46.634,47.092,1825607.0,0.468,46.853,1.995,1.739,2.267,0,交易,20.77282752536392,26.816561242093155,39147.55328730111,0.994502462217694,0.9898539650195279,0.9949248279962627
2016-11-23,600444.SH,47.112,47.412,45.636,45.676,3288475.0,-3.007,46.427,1.995,3.132,4.084,0,交易,11.18413320274241,15.042145593869732,72058.79130510999,0.9792246688602042,0.9625411288281448,1.0164418950871354
2016-11-24,600444.SH,45.856,46.514,45.098,45.297,2338108.0,-0.83,45.976,1.995,2.227,2.904,0,交易,15.598140495867767,20.590929501571622,51845.0485609118,0.9884335898869157,0.9695575525648191,1.0149899551846702
2016-11-25,600444.SH,45.297,46.215,44.699,46.095,3095017.0,1.761,45.422,1.995,2.948,3.844,0,交易,11.991415192507805,15.365332428765264,69241.30293742589,0.9828410689170182,0.9671967975765443,0.9853997179737498
2016-11-28,600444.SH,46.195,46.354,44.878,45.357,2761089.0,-1.601,45.417,1.995,2.63,3.429,0,交易,13.227471566054243,17.564638783269963,61524.33263514417,0.9797859947361609,0.9681580877594167,1.0013228388120907
2016-11-29,600444.SH,45.217,45.636,43.881,43.961,1748473.0,-3.078,45.001,1.995,1.665,2.172,0,交易,20.239871086556168,27.157357357357355,39845.787470659285,0.9860855464983783,0.9615435182750459,1.0236573326357452
2016-11-30,600444.SH,43.682,44.12,43.482,43.841,2355472.0,-0.272,43.699,1.995,2.243,2.925,0,交易,14.98837606837607,19.474810521622828,54171.197277034174,0.9904578422484134,0.9855394378966456,0.9967610227868889
2016-12-01,600444.SH,43.981,44.858,43.722,44.32,1661615.0,1.092,44.262,1.995,1.582,2.064,0,交易,21.472868217054263,27.800884955752213,38004.094048762636,0.9867136296758662,0.974675643140577,0.9986913357400722
2016-12-02,600444.SH,44.021,45.656,44.021,44.46,4111843.0,0.315,45.046,1.995,3.916,5.107,0,交易,8.705698061484236,11.241317671092952,93406.3969469117,0.9866392149991239,0.9641887156124058,1.0131803868645974
2016-12-05,600444.SH,44.081,44.18,43.043,43.143,2360117.0,-2.961,43.597,1.995,2.248,2.931,0,交易,14.71954964176049,19.608985765124554,54831.6102502149,0.9868039837030331,0.9742643730194658,1.0105231439630995
2016-12-06,600444.SH,43.043,43.702,43.023,43.602,1395484.0,1.063,43.49,1.995,1.329,1.733,0,交易,25.159838430467396,32.387509405568096,32435.766915370845,0.9951489634341678,0.9844629536405658,0.9974313104903446
2016-12-07,600444.SH,43.602,44.32,43.083,44.22,1716719.0,1.418,43.626,1.995,1.635,2.132,0,交易,20.74108818011257,26.66788990825688,39846.78411438387,0.9843411552346569,0.9720893501805054,0.9865671641791045
2016-12-08,600444.SH,44.26,44.4,43.841,44.041,1478758.0,-0.406,44.128,1.995,1.408,1.837,0,交易,23.974414806750136,31.43465909090909,33730.02440637759,0.9938738738738739,0.98740990990991,1.0019754319838334
2016-12-09,600444.SH,44.041,44.081,43.283,43.363,1647831.0,-1.54,43.711,1.995,1.569,2.047,0,交易,21.183683439179283,28.069471000637346,38071.09026638634,0.9916063610172182,0.9818969624101086,1.0080252750040357
2016-12-12,600444.SH,43.363,43.801,40.131,42.086,3686487.0,-2.944,42.03,1.995,3.511,4.578,0,交易,9.193097422455219,12.350612361150668,91861.32914704343,0.9595671331704756,0.9162119586310814,0.9986693912464953
2016-12-13,600444.SH,41.388,42.285,40.291,41.847,1820214.0,-0.569,41.603,1.995,1.734,2.261,0,交易,18.508182220256522,23.86851211072664,45176.68958328163,0.9838713491781957,0.952843798037129,0.9941692355485459
2016-12-14,600444.SH,41.827,43.003,41.488,42.984,2429736.0,2.717,42.454,1.995,2.314,3.018,0,交易,14.242544731610339,18.07562662057044,58564.78981874277,0.9872334488291514,0.9647698997744343,0.9876698306346547
2016-12-15,600444.SH,42.784,43.881,42.565,43.662,2370833.0,1.578,43.274,1.995,2.258,2.944,0,交易,14.830842391304348,18.947741364038972,55699.11899447904,0.986167133839247,0.970009799229735,0.9911135541202877
2016-12-16,600444.SH,43.303,45.078,43.303,45.038,2516201.0,3.152,44.348,1.995,2.396,3.125,0,交易,14.412159999999998,18.07303839732888,58106.85171928042,0.9838058476418651,0.9606238076223433,0.9846796038900485
2016-12-19,600444.SH,44.739,45.417,44.619,45.118,1871675.0,0.177,44.97,1.995,1.783,2.325,0,交易,19.405591397849463,25.09197980931015,41947.93697752079,0.9901578704009512,0.9824294867560605,0.9967197127532248
2016-12-20,600444.SH,45.078,45.437,44.479,44.938,1899892.0,-0.398,44.978,1.995,1.809,2.36,0,交易,19.041525423728814,24.918739635157547,42714.35958542233,0.9898981006668575,0.9789158615225477,1.0008901152699274
2016-12-21,600444.SH,44.878,45.237,44.858,45.217,1014679.0,0.621,45.059,1.995,0.966,1.26,0,交易,35.88650793650793,46.457556935817806,22619.800258593787,0.9960651678935384,0.9916219024250059,0.996505738991972
2016-12-22,600444.SH,45.537,45.557,44.22,44.36,1070468.0,-1.897,44.685,1.995,1.019,1.329,0,交易,33.378480060195635,44.687929342492644,24207.779285391225,0.9808591434905722,0.9706521500537787,1.007326420198377
2016-12-23,600444.SH,44.36,44.719,43.502,44.599,1827625.0,0.54,43.872,1.995,1.741,2.27,0,交易,19.64713656387665,25.479609419873633,42012.43620982943,0.9810595049084282,0.9727856168518975,0.9836991860804054
2016-12-26,600444.SH,44.44,44.599,43.622,44.32,1294592.0,-0.626,44.085,1.995,1.233,1.608,0,交易,27.562189054726367,36.04217356042173,29677.502177800194,0.9884750779165453,0.9780936792304761,0.9946976534296029
2016-12-27,600444.SH,44.539,46.235,44.28,45.995,4913715.0,3.78,45.53,1.995,4.68,6.103,0,交易,7.536457479927904,9.516880341880343,110969.17344173441,0.9847518113982914,0.957716016005191,0.989890205457115
2016-12-28,600444.SH,46.135,48.09,45.417,45.736,6110646.0,-0.564,46.551,1.995,5.82,7.589,0,交易,6.026617472657794,7.9269759450171815,134545.3464561728,0.9679975046787274,0.9444167186525265,1.017819660661186
2016-12-29,600444.SH,45.377,46.115,45.118,45.198,3530285.0,-1.177,45.569,1.995,3.362,4.385,0,交易,10.307411630558724,13.497025580011899,78245.60042555077,0.988160034695869,0.9783801366149842,1.0082083278021152
2016-12-30,600444.SH,45.337,46.075,44.539,44.858,2555791.0,-0.75,45.319,1.995,2.434,3.174,0,交易,14.132955261499685,18.626540673788003,57383.214710702974,0.9835919696147586,0.9666630493760173,1.0102768736903118
2017-01-03,600444.SH,44.978,46.235,44.918,46.095,3415174.0,2.757,45.772,1.995,3.253,4.215,0,交易,10.935943060498222,13.826621580079927,76031.30148270182,0.9899859413863956,0.9715150859738293,0.9929927324004773
2017-01-04,600444.SH,45.975,47.172,45.616,46.394,3435676.0,0.649,46.567,1.995,3.272,4.241,0,交易,10.939401084649846,14.051039119804402,75317.3447913013,0.9871745950987875,0.9670143305350632,1.0037289304651464
2017-01-05,600444.SH,46.594,47.033,46.354,46.773,2546095.0,0.817,46.7,1.995,2.425,3.143,0,交易,14.881641743557113,19.214020618556702,54927.19074944989,0.9929198647757957,0.985563327876172,0.9984392705193167
2017-01-06,600444.SH,46.873,47.412,46.235,46.275,2705327.0,-1.066,46.789,1.995,2.577,3.339,0,交易,13.858939802336028,18.18897943344975,58512.53379474424,0.9868598667004135,0.9751750611659495,1.0111075094543491
2017-01-09,600444.SH,45.896,46.315,44.858,46.255,2310394.0,-0.043,45.681,1.995,2.2,2.852,0,交易,16.218443197755963,20.86181818181818,51504.6145615052,0.9863111303033575,0.9685415092302709,0.987590530753432
2017-01-10,600444.SH,46.255,46.753,45.676,46.155,1945655.0,-0.216,46.261,1.995,1.853,2.402,0,交易,19.215237302248127,24.962223421478686,42596.878010333654,0.9894766111265588,0.9769640450880158,1.0022966092514354
2017-01-11,600444.SH,45.756,46.853,44.699,44.858,2358644.0,-2.809,45.963,1.995,2.246,2.911,0,交易,15.409824802473375,20.372217275155833,52767.26548692365,0.9810044180735492,0.9540264230678931,1.024633287262027
2017-01-12,600444.SH,44.978,45.257,43.881,44.081,2243876.0,-1.734,44.512,1.995,2.137,2.77,0,交易,15.913718411552347,21.047262517547964,51135.48004831248,0.9835384581390725,0.969595863623307,1.0097774551394023
2017-01-13,600444.SH,43.921,44.44,42.904,43.203,1639770.0,-1.991,43.82,1.995,1.562,2.024,0,交易,21.345355731225297,28.11843790012804,38219.513332090246,0.9860486048604861,0.9654365436543656,1.0142814156424322
2017-01-16,600444.SH,42.884,43.243,38.895,39.732,3320229.0,-8.033,41.081,1.995,3.162,4.098,0,交易,9.695461200585651,13.562302340290955,85363.90281527188,0.9500034687695118,0.8994519344171311,1.0339524816269003
2017-01-17,600444.SH,39.493,40.77,39.413,40.45,2733234.0,1.807,40.023,1.995,2.603,3.374,0,交易,11.988737403675163,15.172109104878986,69348.53982188618,0.9816777041942605,0.9667157223448613,0.9894437577255871
2017-01-18,600444.SH,40.111,40.55,39.852,39.972,2256570.0,-1.183,40.131,1.995,2.149,2.785,0,交易,14.352603231597845,18.6649604467194,56623.757904245715,0.9896670776818743,0.9827866831072749,1.0039777844491145
2017-01-19,600444.SH,40.012,40.012,39.134,39.613,1362453.0,-0.898,39.66,1.995,1.298,1.682,0,交易,23.55112960760999,30.82588597842835,34815.07129350437,0.9912026392082375,0.9780565830250925,1.0011864791861258
2017-01-20,600444.SH,39.692,41.049,39.553,40.75,1840740.0,2.87,40.554,1.995,1.753,2.272,0,交易,17.93573943661972,22.642327438676556,46538.56850302126,0.9879412409559308,0.9635557504445905,0.9951901840490798
2017-01-23,600444.SH,40.989,42.365,40.75,41.627,2167777.0,2.154,41.584,1.995,2.065,2.676,0,交易,15.555680119581465,19.849394673123484,53196.981595092024,0.9815649710846218,0.9618789094771627,0.998967016599803
2017-01-24,600444.SH,41.627,41.807,41.308,41.607,1141254.0,-0.048,41.653,1.995,1.087,1.409,0,交易,29.529453513129877,38.2953081876725,27627.917110487073,0.9963164063434352,0.9880641997751572,1.0011055831951354
2017-01-25,600444.SH,41.607,42.206,41.348,41.966,1129502.0,0.863,41.818,1.995,1.076,1.394,0,交易,30.104734576757537,38.6682156133829,27316.968172583922,0.990806994266218,0.9796711368051935,0.9964733355573558
2017-01-26,600444.SH,41.547,42.445,41.547,42.305,819532.0,0.808,42.252,1.995,0.781,1.012,0,交易,41.80335968379447,53.197183098591545,19725.41940452981,0.9954529390976559,0.9788432088585227,0.9987471930031911
2017-02-03,600444.SH,42.126,42.664,41.647,41.727,986792.0,-1.367,42.222,1.995,0.94,1.218,0,交易,34.25862068965517,44.814893617021276,23694.191658462794,0.9896399774985937,0.9761625726607912,1.0118628226328277
2017-02-06,600444.SH,41.727,42.724,41.527,42.664,1046439.0,2.247,42.37,1.995,0.997,1.292,0,交易,33.021671826625386,41.85255767301906,25199.00305825126,0.9917142589645165,0.9719829603969666,0.9931089443090192
2017-02-07,600444.SH,42.704,43.482,42.505,43.083,1147706.0,0.982,43.035,1.995,1.093,1.417,0,交易,30.404375441072688,39.0704483074108,27001.67039171862,0.9897198840899682,0.9775309323398188,0.9988858714574194
2017-02-08,600444.SH,43.043,43.382,42.684,43.003,1127317.0,-0.185,43.015,1.995,1.074,1.391,0,交易,30.915168943206325,40.07728119180633,26410.762815106365,0.9915402701581302,0.9839103775759531,1.0002790502988164
2017-02-09,600444.SH,43.183,43.522,42.984,43.163,1076749.0,0.371,43.265,1.995,1.025,1.329,0,交易,32.4778028592927,42.12975609756098,25049.995347105898,0.9940949404898672,0.9876384357336521,1.0023631350925561
2017-02-10,600444.SH,43.402,43.602,42.724,42.804,1365349.0,-0.832,43.239,1.995,1.3,1.685,0,交易,25.402967359050447,33.386153846153846,31957.424398464565,0.9916746938213844,0.9798633090225219,1.0101626016260161
2017-02-13,600444.SH,42.744,43.622,42.345,43.263,1280436.0,1.072,43.142,1.995,1.219,1.58,0,交易,27.38164556962025,35.06480721903199,30238.186326602907,0.9889963779744166,0.9707257805694374,0.9972031528095603
2017-02-14,600444.SH,43.622,43.821,42.784,43.003,912089.0,-0.599,43.075,1.995,0.869,1.126,0,交易,38.190941385435174,50.19792865362486,21318.460172026927,0.9829761986262295,0.9763355468839141,1.0016743017928982
2017-02-15,600444.SH,43.123,43.143,42.285,42.385,969269.0,-1.438,42.842,1.995,0.923,1.196,0,交易,35.43896321070234,46.7204767063922,22922.289227858582,0.9930232019099274,0.9801126486336137,1.010782116314734
2017-02-16,600444.SH,42.385,43.003,42.026,42.684,928621.0,0.706,42.582,1.995,0.884,1.146,0,交易,37.24607329842932,47.94683257918552,22096.345119687812,0.9902099853498594,0.9772806548380346,0.99761034579702
2017-02-17,600444.SH,42.485,43.223,41.906,42.046,895566.0,-1.495,42.439,1.995,0.853,1.105,0,交易,38.050678733031674,49.80656506447831,21370.829952751395,0.9818615089188627,0.9695301112833445,1.0093469057698712
2017-02-20,600444.SH,42.046,42.086,41.208,41.687,1307111.0,-0.854,41.505,1.995,1.245,1.613,0,交易,25.8443893366398,33.7718875502008,31719.835954183654,0.9861949341823886,0.9791379556146937,0.9956341305442945
2017-02-21,600444.SH,41.887,42.226,41.328,42.066,2381797.0,0.909,41.799,1.995,2.268,2.94,0,交易,14.308163265306124,18.468694885361554,57631.55729771583,0.9898877468858049,0.9787334817411074,0.9936528312651547
2017-02-22,600444.SH,41.926,42.385,41.707,42.265,1743934.0,0.474,42.097,1.995,1.661,2.153,0,交易,19.630747793776127,25.241420830824804,41813.94010597741,0.993205143329008,0.9840037749203728,0.9960250798533066
2017-02-23,600444.SH,42.226,42.265,41.627,42.026,1468690.0,-0.566,41.891,1.995,1.399,1.813,0,交易,23.180364037506898,30.18298784846319,35282.14860547241,0.9911510706258133,0.9849047675381521,0.9967877028506161
2017-02-24,600444.SH,42.126,43.023,41.906,42.804,1825367.0,1.851,42.501,1.995,1.738,2.253,0,交易,18.998668442077232,24.23820483314154,43558.60735932802,0.9878669548845965,0.9740371429235524,0.9929212223156714
2017-02-27,600444.SH,42.804,43.083,42.385,42.425,1982168.0,-0.885,42.749,1.995,1.888,2.447,0,交易,17.337556191254595,22.671610169491526,46765.78978412174,0.9922475222245434,0.9837987141099738,1.0076370064820273
2017-02-28,600444.SH,42.385,42.744,42.226,42.644,1073361.0,0.517,42.585,1.995,1.022,1.325,0,交易,32.184150943396226,41.47260273972603,25419.433524368873,0.9962801796743402,0.987881340071121,0.9986164524903856
2017-03-01,600444.SH,42.644,43.063,42.585,43.003,1416929.0,0.842,42.856,1.995,1.349,1.749,0,交易,24.587192681532304,31.611564121571533,33272.95996242808,0.9951930891949005,0.9888999837447461,0.9965816338394996
2017-03-02,600444.SH,43.003,43.901,42.505,42.605,2726860.0,-0.928,43.324,1.995,2.597,3.366,0,交易,12.657456922162803,16.558721601848287,64153.86425126455,0.9868567914170518,0.9682011799275643,1.0168759535265814
2017-03-03,600444.SH,42.884,42.964,42.226,42.664,1503915.0,0.14,42.481,1.995,1.432,1.856,0,交易,22.987068965517242,29.946927374301676,35615.8527921186,0.9887580299785867,0.9828228284144865,0.9957106694168386
2017-03-06,600444.SH,42.664,43.203,42.325,43.083,1548321.0,0.982,42.963,1.995,1.475,1.911,0,交易,22.5447409733124,28.924745762711865,36581.712935617245,0.9944448302201235,0.9796773372219522,0.9972146786435485
2017-03-07,600444.SH,43.043,43.283,42.884,43.183,1349344.0,0.231,43.115,1.995,1.285,1.665,0,交易,25.935735735735737,33.496498054474706,31464.975282156516,0.9961185684910935,0.9907816001663471,0.9984253062547762
2017-03-08,600444.SH,43.023,43.881,43.023,43.602,1927780.0,0.97,43.614,1.995,1.836,2.379,0,交易,18.327868852459016,23.43300653594771,44808.12588615392,0.9939153620017774,0.9804471183427907,1.0002752167331774
2017-03-09,600444.SH,43.582,43.861,41.906,43.083,1385285.0,-1.189,42.897,1.995,1.319,1.71,0,交易,25.194736842105264,33.04169825625474,33056.96081706677,0.9780214769385103,0.9554273728369167,0.9956827518975002
2017-03-10,600444.SH,42.984,43.043,42.405,42.605,1140827.0,-1.111,42.75,1.995,1.087,1.408,0,交易,30.259232954545453,39.54369825206992,26903.1246315293,0.9931928536579699,0.9851776130845898,1.0034033564135665
2017-03-13,600444.SH,42.605,42.984,42.305,42.904,1124470.0,0.702,42.74,1.995,1.071,1.388,0,交易,30.9106628242075,39.780578898225954,26580.07327739038,0.9943234691978411,0.9842034245300576,0.996177512586239
2017-03-14,600444.SH,42.984,43.562,42.864,42.964,1021323.0,0.139,43.227,1.995,0.973,1.261,0,交易,34.07137192704203,44.176772867420354,23827.05767077268,0.9923098113034295,0.9839768605665489,1.006121403966111
2017-03-15,600444.SH,42.884,42.964,42.166,42.684,731064.0,-0.65,42.612,1.995,0.696,0.902,0,交易,47.32150776053215,61.61494252873564,17337.760280794955,0.9918070943115167,0.9814263103994041,0.9983131852684848
2017-03-16,600444.SH,42.664,43.163,42.585,42.984,1172436.0,0.701,42.83,1.995,1.117,1.447,0,交易,29.70559778852799,38.19516562220233,27531.666079605493,0.9922850589625374,0.986608901142182,0.9964172715428996
2017-03-17,600444.SH,43.083,43.502,42.824,43.023,1229690.0,0.093,43.195,1.995,1.171,1.518,0,交易,28.341897233201582,36.79163108454312,28714.97291238558,0.9929428532021516,0.9844145096777158,1.0039978616089067
2017-03-20,600444.SH,43.243,43.442,42.625,43.263,1254152.0,0.556,42.978,1.995,1.194,1.548,0,交易,27.94767441860465,36.21691792294808,29422.92082111437,0.9893190921228304,0.9811933152248976,0.9934123847167327
2017-03-21,600444.SH,43.243,43.363,42.884,43.203,1189160.0,-0.138,43.102,1.995,1.133,1.468,0,交易,29.429836512261584,38.16681376875552,27729.689394646022,0.9939810437469732,0.9889537163019164,0.9976621993843019
2017-03-22,600444.SH,43.203,43.203,42.505,42.605,1182109.0,-1.385,42.752,1.995,1.126,1.459,0,交易,29.20150788211103,38.36856127886324,27811.057522644394,0.9895609101219822,0.9838437145568595,1.0034502992606502
2017-03-23,600444.SH,42.704,42.864,41.687,42.126,1656209.0,-1.124,42.297,1.995,1.577,2.044,0,交易,20.609589041095887,27.079264426125555,39729.62794156452,0.9867721164613662,0.9725410600970511,1.0040592508189716
2017-03-24,600444.SH,42.106,42.345,41.906,42.126,1006157.0,0.0,42.087,1.995,0.958,1.242,0,交易,33.91787439613526,43.95198329853863,24009.855390636185,0.9939071909316332,0.9896327783681662,0.999074205953568
2017-03-27,600444.SH,42.086,42.545,41.767,41.986,1579484.0,-0.331,42.042,1.995,1.504,1.95,0,交易,21.53128205128205,27.982712765957444,37816.55373859745,0.9881772241156422,0.9817134798448701,1.0013337779259754
2017-03-28,600444.SH,41.926,42.265,41.707,41.946,828500.0,-0.095,42.012,1.995,0.789,1.023,0,交易,41.00293255131965,53.138149556400506,19864.77090176709,0.9940139595409914,0.9867975866556252,1.0015734515806036
2017-03-29,600444.SH,41.926,42.146,40.71,41.109,1455373.0,-1.997,41.449,1.995,1.386,1.796,0,交易,22.889198218262806,30.24963924963925,35749.76664210267,0.9834622502728609,0.9659279646941584,1.008270694981634
2017-03-30,600444.SH,41.069,41.069,39.054,39.593,2016135.0,-3.688,39.757,1.995,1.92,2.489,0,交易,15.907191643230215,21.390104166666667,51624.289445383314,0.96805376317904,0.9509362292726874,1.0041421463389992
2017-03-31,600444.SH,39.573,39.912,39.294,39.473,1166697.0,-0.302,39.518,1.995,1.111,1.44,0,交易,27.411805555555556,35.61926192619262,29691.47961520843,0.990128282220886,0.9845159350571256,1.0011400197603426
2017-04-05,600444.SH,39.593,40.45,39.313,40.43,1418058.0,2.425,39.855,1.995,1.351,1.75,0,交易,23.102857142857143,29.306439674315325,36070.96889069773,0.9852904820766377,0.9718912237330037,0.9857778877071481
2017-04-06,600444.SH,40.43,41.388,40.191,41.049,1533128.0,1.529,41.003,1.995,1.46,1.892,0,交易,21.696088794926006,27.69178082191781,38146.052598840535,0.9906977867981058,0.9710785734995652,0.9988793880484299
2017-04-07,600444.SH,41.049,41.288,40.71,40.829,940742.0,-0.534,41.043,1.995,0.896,1.161,0,交易,35.16709732988803,45.81361607142857,23108.37632031442,0.9940660724665763,0.9860007750435963,1.005241372553822
2017-04-10,600444.SH,40.73,40.849,39.353,39.513,1577453.0,-3.224,39.891,1.995,1.502,1.947,0,交易,20.294298921417564,27.117177097203726,40084.69494066526,0.9765477735073075,0.9633773164581754,1.009566471794093
2017-04-11,600444.SH,39.892,40.251,39.533,40.231,1502429.0,1.817,39.933,1.995,1.431,1.854,0,交易,21.699568500539375,27.877009084556256,38004.426681506586,0.9920995751658345,0.9821619338649973,0.9925927767144739
2017-04-12,600444.SH,40.351,40.351,39.633,39.673,1217047.0,-1.388,39.863,1.995,1.159,1.502,0,交易,26.413448735019976,34.81535806729939,30707.92016753715,0.9879061237639711,0.9822061411117445,1.0047891513119753
2017-04-13,600444.SH,39.613,40.012,39.613,39.832,582560.0,0.402,39.872,1.995,0.555,0.719,0,交易,55.39916550764951,71.37477477477476,14706.283290838866,0.9965010496850945,0.9900279916025192,1.0010042177144005
2017-04-14,600444.SH,39.892,39.892,38.057,38.197,1636848.0,-4.106,38.643,1.995,1.559,2.02,0,交易,18.90940594059406,25.588197562540092,43010.43172083979,0.9686904642534844,0.9540008021658478,1.0116763096578265
2017-04-17,600444.SH,37.379,37.957,36.74,37.139,1322186.0,-2.768,37.333,1.995,1.259,1.632,0,交易,22.756740196078436,29.68943606036537,35987.642896026126,0.9835603446004689,0.9679374028505942,1.0052236193758581
2017-04-18,600444.SH,37.498,37.498,36.102,36.342,1333718.0,-2.148,36.863,1.995,1.27,1.646,0,交易,22.078979343863914,29.525984251968502,36943.050246523744,0.9830657635073871,0.9627713478052162,1.014336029937813
2017-04-19,600444.SH,36.042,36.102,34.546,35.185,1382209.0,-3.183,35.045,1.995,1.316,1.706,0,交易,20.624267291910904,27.387537993920972,40010.681410293524,0.970721843665171,0.9568998947426736,0.9960210316896404
2017-04-20,600444.SH,35.105,35.424,33.729,34.287,1341409.0,-2.551,34.59,1.995,1.278,1.656,0,交易,20.704710144927535,27.468701095461658,39770.19775267574,0.9764566395663957,0.9521510840108401,1.0088371686061774
2017-04-21,600444.SH,34.407,34.826,34.167,34.467,828379.0,0.524,34.456,1.995,0.789,1.022,0,交易,33.72504892367906,43.6083650190114,24245.002487780606,0.9893757537472004,0.9810773559983921,0.9996808541503468
2017-04-24,600444.SH,35.464,36.561,34.467,34.606,5059481.0,0.405,35.602,1.995,4.819,6.245,0,交易,5.541393114491593,7.359203154181365,146792.0329590623,0.9737698640627991,0.9427258554197095,1.0287811362191526
2017-04-25,600444.SH,33.509,35.085,33.509,34.227,2772686.0,-1.095,34.215,1.995,2.641,3.422,0,交易,10.002045587375802,12.687996970844377,82744.51639857948,0.9752030782385636,0.9550805187402024,0.9996493995968098
2017-04-26,600444.SH,33.908,34.227,33.429,33.729,2145824.0,-1.457,33.686,1.995,2.044,2.649,0,交易,12.732729331823329,16.589041095890412,64190.49328427413,0.9841937651561633,0.9766850731878343,0.9987251326751461
2017-04-27,600444.SH,33.709,34.447,32.532,34.307,2428607.0,1.715,33.473,1.995,2.313,2.998,0,交易,11.443295530353568,14.573713791612624,74652.86487151113,0.9717246784915957,0.9444073504223879,0.9756900924009676
2017-04-28,600444.SH,34.207,35.225,34.028,35.085,1759224.0,2.267,34.782,1.995,1.675,2.171,0,交易,16.16075541225242,20.422089552238806,51699.30645350888,0.9874237047551454,0.9660184528034066,0.9913638306968788
2017-05-02,600444.SH,34.746,35.304,34.487,34.905,1524205.0,-0.512,34.997,1.995,1.452,1.881,0,交易,18.556618819776716,23.929752066115704,44196.50882941398,0.9913041015182416,0.9768581463856787,1.0026357255407534
2017-05-03,600444.SH,34.905,35.165,34.526,34.866,1155604.0,-0.114,34.738,1.995,1.101,1.426,0,交易,24.45021037868163,31.70299727520436,33470.543937901864,0.9878572444191668,0.9818285226788,0.9963288016979293
2017-05-04,600444.SH,34.866,35.544,34.706,35.065,1439088.0,0.572,35.14,1.995,1.371,1.776,0,交易,19.743806306306304,25.431072210065647,41465.106897942715,0.9886338059869458,0.9764235876659916,1.0021388849279909
2017-05-05,600444.SH,34.905,34.985,33.848,33.888,1473349.0,-3.356,34.371,1.995,1.403,1.819,0,交易,18.63001649257834,24.878831076265147,43528.391633183644,0.982449621266257,0.9675003572959839,1.01425283286119
2017-05-08,600444.SH,33.669,34.088,32.951,33.489,1411518.0,-1.177,33.359,1.995,1.344,1.742,0,交易,19.224454649827784,25.05133928571428,42836.87900215472,0.9786141750762732,0.9666451537197841,0.9961181283406493
2017-05-09,600444.SH,33.31,33.788,32.811,33.788,1119763.0,0.893,33.303,1.995,1.066,1.382,0,交易,24.44862518089725,31.24765478424015,34127.67059827497,0.9856457914052327,0.9710844086657986,0.9856457914052327
2017-05-10,600444.SH,33.928,34.307,33.13,33.15,1193638.0,-1.889,33.879,1.995,1.137,1.473,0,交易,22.5050916496945,29.839929639401934,36028.91638997887,0.9875244119275948,0.9656921328008862,1.0219909502262443
2017-05-11,600444.SH,33.17,33.17,31.016,32.293,2018818.0,-2.587,32.127,1.995,1.923,2.492,0,交易,12.958667736757624,17.249089963598543,65089.56667526438,0.9685559240277359,0.935061802833886,0.9948595670888429
2017-05-12,600444.SH,32.293,32.392,31.674,32.193,679882.0,-0.309,32.09,1.995,0.648,0.839,0,交易,38.37067938021454,49.83487654320987,21464.987055629223,0.9906767102988392,0.9778340330945912,0.9968005467026995
2017-05-15,600444.SH,32.193,32.492,32.033,32.193,606958.0,0.0,32.202,1.995,0.578,0.749,0,交易,42.981308411214954,55.69723183391004,18947.897480723004,0.9910747260864213,0.9858734457712669,1.0002795638803468
2017-05-16,600444.SH,32.352,33.549,31.914,33.39,965131.0,3.717,32.628,1.995,0.919,1.191,0,交易,28.035264483627202,35.20348204570185,30241.618098640094,0.9725476169185371,0.9512653134221587,0.9771787960467205
2017-05-17,600444.SH,33.29,33.808,33.11,33.469,1162320.0,0.239,33.505,1.995,1.107,1.435,0,交易,23.32334494773519,30.07226738934056,35104.80217456962,0.9910376242309513,0.9793539990534784,1.0010756222175745
2017-05-18,600444.SH,33.19,34.706,32.731,34.427,1479392.0,2.861,33.736,1.995,1.409,1.826,0,交易,18.853778751369113,23.555713271823986,45198.49683786013,0.9720509422001957,0.9430934132426669,0.9799285444563859
2017-05-19,600444.SH,34.407,34.606,34.108,34.247,1243322.0,-0.521,34.398,1.995,1.184,1.535,0,交易,22.310749185667753,29.059966216216214,36452.503811422546,0.9939894815927874,0.9856094318904235,1.004409145326598
2017-05-22,600444.SH,33.928,34.487,33.39,33.888,1102671.0,-1.048,33.826,1.995,1.05,1.361,0,交易,24.899338721528288,32.31238095238095,33023.98921832884,0.9808333574970278,0.9681909125177602,0.9981704438149198
2017-05-23,600444.SH,33.569,33.808,33.13,33.27,1199041.0,-1.825,33.382,1.995,1.142,1.48,0,交易,22.479729729729733,29.394921190893175,36192.00120736493,0.9873994320870799,0.9799455750118315,1.00336639615269
2017-05-24,600444.SH,32.632,33.669,32.133,33.05,744213.0,-0.659,32.669,1.995,0.709,0.919,0,交易,35.96300326441784,46.025387870239776,23160.39585472878,0.9702990881820072,0.9543793994475632,0.9884720121028744
2017-05-25,600444.SH,33.27,34.207,32.632,33.828,1098469.0,2.354,33.478,1.995,1.046,1.356,0,交易,24.94690265486726,31.80688336520077,33662.32532483452,0.9786885725143977,0.9539567924693775,0.9896535414449568
2017-05-26,600444.SH,33.908,34.566,33.669,33.988,760397.0,0.472,34.008,1.995,0.724,0.939,0,交易,36.19595314164005,46.83425414364641,22584.484243666284,0.9838569692761674,0.974049644159,1.0005884429798753
2017-05-31,600444.SH,34.646,34.646,33.788,33.928,555668.0,-0.176,34.148,1.995,0.529,0.686,0,交易,49.45772594752186,65.49338374291115,16445.720374097313,0.9856260462968309,0.9752352363909252,1.0064843197359115
2017-06-01,600444.SH,33.828,33.928,32.253,32.731,1021513.0,-3.527,33.128,1.995,0.973,1.261,0,交易,25.956383822363208,34.76670092497431,31671.87548445106,0.9764206555057771,0.9506307474652206,1.0121291741773852
2017-06-02,600444.SH,32.612,34.187,31.933,34.128,1316390.0,4.266,33.309,1.995,1.254,1.625,0,交易,21.001846153846152,26.006379585326954,41223.49920145304,0.9743177231111241,0.9340685055722936,0.9760021097046413
2017-06-05,600444.SH,34.128,34.606,34.008,34.347,787286.0,0.643,34.32,1.995,0.75,0.972,0,交易,35.336419753086425,45.504,23150.023523876735,0.9917355371900826,0.9827197595792637,0.9992139051445541
2017-06-06,600444.SH,34.606,34.606,34.247,34.427,743643.0,0.232,34.388,1.995,0.708,0.918,0,交易,37.50217864923747,48.87853107344633,21714.10634508132,0.9937005143616713,0.9896260764029359,0.9988671682109972
2017-06-07,600444.SH,34.427,35.105,34.267,35.005,1032218.0,1.68,34.809,1.995,0.983,1.274,0,交易,27.476452119309265,35.02238046795524,30122.80036186418,0.9915681526848028,0.9761287565873809,0.9944007998857305
2017-06-08,600444.SH,34.905,35.145,34.626,34.746,644434.0,-0.741,34.894,1.995,0.614,0.795,0,交易,43.70566037735849,56.8485342019544,18611.27476462774,0.992858159055342,0.9852326077678188,1.004259483105969
2017-06-09,600444.SH,34.746,34.766,34.108,34.606,756758.0,-0.402,34.386,1.995,0.721,0.934,0,交易,37.05139186295503,48.191400832177536,22187.111528087255,0.9890697808203418,0.9810734625783811,0.9936427209154483
2017-06-12,600444.SH,34.507,34.606,33.729,33.848,648310.0,-2.19,34.121,1.995,0.617,0.8,0,交易,42.309999999999995,55.92706645056726,19221.14500874618,0.9859850892908745,0.9746575738311275,1.0080654691562279
2017-06-13,600444.SH,33.828,34.945,33.629,34.905,855834.0,3.123,34.468,1.995,0.815,1.056,0,交易,33.05397727272727,41.506748466257676,25449.2848434387,0.9863499785377022,0.9623408212905994,0.987480303681421
2017-06-14,600444.SH,34.806,35.045,34.546,34.786,463100.0,-0.343,34.794,1.995,0.441,0.572,0,交易,60.81468531468532,78.9251700680272,13405.314652926532,0.9928377799971464,0.9857611642174346,1.0002299775771861
2017-06-15,600444.SH,34.826,35.404,34.746,35.105,901500.0,0.917,35.147,1.995,0.859,1.113,0,交易,31.540880503144653,40.542491268917345,25945.432567777585,0.9927409332278837,0.9814145294317026,1.001196410767697
2017-06-16,600444.SH,34.846,35.205,34.507,34.965,852003.0,-0.398,34.798,1.995,0.811,1.052,0,交易,33.23669201520913,42.96670776818742,24690.729417219696,0.9884391421673059,0.98017327084221,0.9952237952237952
2017-06-19,600444.SH,34.965,35.185,34.746,35.045,613100.0,0.228,34.955,1.995,0.584,0.757,0,交易,46.294583883751656,59.87157534246576,17645.19656938928,0.9934631234901236,0.9875230922268012,0.9974318733057497
2017-06-20,600444.SH,34.925,35.424,34.826,35.344,667734.0,0.854,35.118,1.995,0.636,0.824,0,交易,42.89320388349515,54.91352201257861,19173.43364153219,0.9913617886178863,0.9831187895212286,0.9936057039384337
2017-06-21,600444.SH,35.284,36.202,35.065,36.102,1999925.0,2.144,35.9,1.995,1.905,2.469,0,交易,14.622114216281895,18.521784776902887,57034.79252816199,0.991657919451964,0.9685928954201425,0.9944047421195502
2017-06-22,600444.SH,35.863,37.678,35.863,37.638,4262031.0,4.254,37.193,1.995,4.059,5.261,0,交易,7.154153202813153,8.835427445183543,118842.00987089759,0.9871277668666065,0.9518286533255481,0.9881768425527393
2017-06-23,600444.SH,37.618,37.618,35.125,36.74,3066375.0,-2.385,36.408,1.995,2.92,3.785,0,交易,9.706737120211361,12.882876712328768,87298.93238434164,0.9678345472911903,0.9337285342123451,0.9909635274904736
2017-06-26,600444.SH,36.242,37.598,35.883,37.498,1844882.0,2.063,36.751,1.995,1.757,2.277,0,交易,16.468159859464205,20.62720546385885,51413.81712788785,0.9774722059684026,0.9543858715889144,0.9800789375433356
2017-06-27,600444.SH,37.498,37.538,36.262,36.441,2214002.0,-2.819,36.686,1.995,2.109,2.733,0,交易,13.333699231613611,17.779990516832623,61055.7056974243,0.9773029996270447,0.9660077787841654,1.0067231963996597
2017-06-28,600444.SH,36.222,37.02,36.222,36.621,2230165.0,0.493,36.517,1.995,2.124,2.753,0,交易,13.302215764620414,17.05367231638418,61569.350118712384,0.9864127498649379,0.9784440842787682,0.9971600993965212
2017-06-29,600444.SH,36.501,37.658,36.501,37.119,2034117.0,1.362,36.87,1.995,1.937,2.511,0,交易,14.782556750298685,18.84408879710893,55727.70609024411,0.9790748313771309,0.9692761166286047,0.9932918451466903
2017-06-30,600444.SH,36.721,37.798,35.923,37.678,5137619.0,1.505,37.525,1.995,4.893,6.341,0,交易,5.94196498974925,7.50480277948089,143017.53751078696,0.9927773956293983,0.9503942007513625,0.9959392749084347
2017-07-03,600444.SH,37.638,38.197,37.159,37.598,1120648.0,-0.212,37.611,1.995,1.067,1.383,0,交易,27.18582791033984,35.27460168697282,30158.1850964773,0.9846584810325417,0.972825090975731,1.000345763072504
2017-07-04,600444.SH,37.598,37.698,37.339,37.598,904400.0,0.0,37.537,1.995,0.861,1.116,0,交易,33.689964157706086,43.6678281068525,24221.323549104156,0.9957292164040532,0.9904769483792243,0.9983775732751742
2017-07-05,600444.SH,37.598,37.698,36.92,37.259,784939.0,-0.902,37.196,1.995,0.748,0.969,0,交易,38.450980392156865,50.26470588235294,21260.536294691225,0.9866836436946257,0.9793623003872884,0.9983091333637509
2017-07-06,600444.SH,37.0,37.239,36.202,36.521,1216225.0,-1.981,36.619,1.995,1.158,1.501,0,交易,24.3311125916056,31.951640759930918,33595.51958455334,0.9833507881522061,0.9721528505061898,1.0026833876399879
2017-07-07,600444.SH,36.78,36.84,36.302,36.461,598100.0,-0.164,36.446,1.995,0.57,0.738,0,交易,49.40514905149051,64.52631578947368,16475.67627127982,0.9893051031487512,0.9853963083604776,0.9995886015194317
2017-07-10,600444.SH,36.342,36.621,35.663,35.783,919577.0,-1.86,36.039,1.995,0.876,1.135,0,交易,31.526872246696037,41.486301369863014,25785.183523539807,0.9841074793151471,0.9738401463641079,1.0071542352513763
2017-07-11,600444.SH,35.604,35.923,35.125,35.245,696956.0,-1.505,35.451,1.995,0.664,0.86,0,交易,40.98255813953488,53.62048192771084,19842.163701067617,0.9868607855691339,0.9777858196698493,1.0058448006809477
2017-07-12,600444.SH,35.125,35.584,34.467,35.105,648746.0,-0.396,34.985,1.995,0.618,0.801,0,交易,43.82646691635455,56.836569579288025,18822.23576174312,0.9831665917266186,0.9686094874100718,0.9965816835208661
2017-07-13,600444.SH,34.945,35.264,34.806,35.165,637569.0,0.17,35.105,1.995,0.607,0.787,0,交易,44.68233799237611,57.57001647446458,18317.790036200655,0.9954911524500906,0.9870122504537203,0.9982937579980093
2017-07-14,600444.SH,35.304,35.404,34.028,34.407,573027.0,-2.155,34.673,1.995,0.546,0.707,0,交易,48.66619519094766,64.65934065934066,16839.867168214412,0.9793526155236696,0.961134335103378,1.007730984973988
2017-07-17,600444.SH,34.108,34.806,31.415,31.515,1090302.0,-8.406,32.436,1.995,1.038,1.346,0,交易,23.413818722139673,32.85934489402697,34706.41413337578,0.9319082916738494,0.9025742688042292,1.0292241789623988
2017-07-18,600444.SH,31.475,31.674,30.737,31.515,911968.0,0.0,31.267,1.995,0.869,1.126,0,交易,27.98845470692718,36.219792865362486,29670.039366236135,0.9871503441308329,0.9704173770284775,0.9921307313977471
2017-07-19,600444.SH,31.515,32.053,30.996,31.774,540940.0,0.823,31.494,1.995,0.515,0.668,0,交易,47.56586826347305,61.19417475728155,17451.929281197576,0.9825601347767761,0.9670233675474995,0.9911877635802857
2017-07-20,600444.SH,31.734,33.689,31.734,32.572,1149752.0,2.511,32.92,1.995,1.095,1.419,0,交易,22.95419309372798,28.98082191780822,36230.91951849751,0.9771735581347027,0.9419691887559738,1.0106840230873142
2017-07-21,600444.SH,32.153,32.851,32.133,32.312,578902.0,-0.796,32.37,1.995,0.551,0.715,0,交易,45.19160839160839,58.353901996370226,18015.809292627517,0.9853581321725365,0.9781437399165932,1.0017949987620698
2017-07-24,600444.SH,32.472,32.811,32.153,32.592,648073.0,0.864,32.559,1.995,0.617,0.8,0,交易,40.739999999999995,52.62884927066451,20155.910801480422,0.9923196488982353,0.9799457499009478,0.9989874815905744
2017-07-25,600444.SH,32.711,32.731,32.193,32.372,563673.0,-0.673,32.465,1.995,0.537,0.696,0,交易,46.51149425287357,60.914338919925505,17509.179014071382,0.9918731477803917,0.9835629831047018,1.0028728530829112
2017-07-26,600444.SH,32.452,32.671,32.113,32.512,515100.0,0.431,32.405,1.995,0.491,0.636,0,交易,51.119496855345915,66.09368635437882,16040.232927474855,0.9918582228888005,0.9829206329772581,0.9967089074803149
2017-07-27,600444.SH,32.612,33.509,32.033,33.25,792856.0,2.27,32.859,1.995,0.755,0.979,0,交易,33.9632277834525,43.19470198675497,24751.225298910496,0.98060222626757,0.9559521322629742,0.9882406015037595
2017-07-28,600444.SH,33.011,34.008,32.332,32.532,696250.0,-2.16,33.173,1.995,0.663,0.859,0,交易,37.87194412107101,49.79034690799397,21534.393170852407,0.9754469536579629,0.950717478240414,1.0197036763801797
2017-07-31,600444.SH,32.532,32.951,32.372,32.851,488577.0,0.981,32.767,1.995,0.465,0.603,0,交易,54.47927031509121,69.96129032258064,15092.580007413815,0.9944159509574824,0.9824284543716427,0.9974430002130834
2017-08-01,600444.SH,33.11,33.29,32.552,32.911,379825.0,0.182,33.005,1.995,0.362,0.469,0,交易,70.1727078891258,91.46408839779005,11668.25387072991,0.9914388705316913,0.9778311805346951,1.0028561879007019
2017-08-02,600444.SH,33.13,33.13,32.552,32.572,497419.0,-1.03,32.852,1.995,0.474,0.614,0,交易,53.048859934853425,69.89451476793249,15280.750798722045,0.9916088137639599,0.9825535768185933,1.0085963404150802
2017-08-03,600444.SH,32.851,33.09,31.515,33.09,3212950.0,1.592,32.24,1.995,3.06,3.966,0,交易,8.343419062027232,10.73562091503268,101949.86514358241,0.9743124811121184,0.9524025385312782,0.9743124811121184
2017-08-04,600444.SH,32.771,32.791,31.834,31.993,1724597.0,-3.315,32.294,1.995,1.642,2.129,0,交易,15.02724283701268,19.957978075517662,54174.68744110071,0.9848434021530298,0.9708151626970816,1.0094083080673897
2017-08-07,600444.SH,32.273,32.472,31.933,32.193,1090918.0,0.623,32.281,1.995,1.039,1.347,0,交易,23.899777282850778,31.06159769008663,34162.715685967494,0.9941180093619117,0.98340108401084,1.002733513496723
2017-08-08,600444.SH,32.512,32.512,32.033,32.213,438935.0,0.062,32.125,1.995,0.418,0.542,0,交易,59.433579335793354,77.7799043062201,13702.587956170199,0.9880967027559054,0.9852669783464567,0.9972681836525626
2017-08-09,600444.SH,32.113,34.626,31.993,33.37,3023939.0,3.591,33.498,1.995,2.88,3.732,0,交易,8.941586280814576,11.150347222222223,94518.76973087863,0.9674233235141223,0.9239588748339398,1.0038357806412945
2017-08-10,600444.SH,32.971,33.09,32.312,32.392,1512983.0,-2.929,32.609,1.995,1.441,1.867,0,交易,17.349758971612214,22.88063844552394,46824.18296608072,0.9854638863705046,0.9764883650649742,1.0066991849839466
2017-08-11,600444.SH,32.093,32.452,32.013,32.053,787403.0,-1.047,32.157,1.995,0.75,0.972,0,交易,32.97633744855967,42.790666666666674,24596.351482210353,0.990909651177123,0.9864723283618884,1.0032446260880417
2017-08-14,600444.SH,32.013,32.412,31.953,32.372,584770.0,0.996,32.226,1.995,0.557,0.722,0,交易,44.83656509695291,57.47396768402154,18300.942008575093,0.9942613846723436,0.9858385783043317,0.9954899295687631
2017-08-15,600444.SH,32.372,32.632,32.193,32.412,488486.0,0.123,32.396,1.995,0.465,0.603,0,交易,53.75124378109453,69.61720430107526,15173.671295002021,0.9927678352537388,0.9865469477813189,0.9995063556707393
2017-08-16,600444.SH,32.412,33.29,32.213,32.891,1236553.0,1.477,32.867,1.995,1.178,1.526,0,交易,21.553735255570118,27.514431239388795,38386.76931673548,0.9872934815259837,0.9676479423250226,0.9992703171080235
2017-08-17,600444.SH,32.891,33.709,32.891,33.529,1244462.0,1.941,33.458,1.995,1.185,1.536,0,交易,21.828776041666668,27.75611814345991,37835.942963120615,0.992553917351449,0.975733483639384,0.9978824301351068
2017-08-18,600444.SH,33.23,33.848,32.931,33.629,1110531.0,0.297,33.565,1.995,1.058,1.371,0,交易,24.528811086797955,31.40831758034026,33722.96620205885,0.9916390924131411,0.972908295911132,0.9980968806684707
2017-08-21,600444.SH,33.469,34.187,33.25,34.068,1297500.0,1.305,33.699,1.995,1.236,1.602,0,交易,21.265917602996254,27.078478964401295,39022.55639097744,0.985725568198438,0.9725919209056074,0.9891687213807678
2017-08-22,600444.SH,34.088,34.088,33.609,33.749,884632.0,-0.937,33.756,1.995,0.843,1.092,0,交易,30.905677655677657,40.43653618030842,26321.282989675383,0.9902605022295236,0.9859481342407885,1.0002074135529941
2017-08-23,600444.SH,33.569,34.147,33.429,33.808,991940.0,0.177,33.872,1.995,0.945,1.224,0,交易,27.62091503267974,35.522751322751326,29673.03837984983,0.9919465838873108,0.9789732626585059,1.0018930430667297
2017-08-24,600444.SH,33.669,34.108,33.37,33.549,710192.0,-0.767,33.649,1.995,0.676,0.877,0,交易,38.254275940706954,49.806213017751475,21282.349415642795,0.9865427465697199,0.9783628474258239,1.0029807147754033
2017-08-25,600444.SH,33.35,33.788,33.27,33.609,388192.0,0.178,33.573,1.995,0.37,0.479,0,交易,70.16492693110648,90.13513513513514,11667.929065223925,0.9936367941280929,0.984669113294661,0.9989288583415157
2017-08-28,600444.SH,33.35,33.888,33.35,33.808,602500.0,0.593,33.761,1.995,0.574,0.744,0,交易,45.44086021505376,58.10104529616726,18065.96701649175,0.9962523607176583,0.9841241737488198,0.9986097964978704
2017-08-29,600444.SH,33.828,33.988,33.569,33.808,469400.0,0.0,33.768,1.995,0.447,0.579,0,交易,58.39032815198619,75.6778523489933,13983.139205814889,0.9935271272213723,0.9876721195716136,0.998816848083294
2017-08-30,600444.SH,33.729,33.928,33.589,33.769,480093.0,-0.118,33.756,1.995,0.457,0.593,0,交易,56.9460370994941,73.80525164113786,14293.161451665725,0.9949304409337422,0.990008252770573,0.999615031537801
2017-08-31,600444.SH,33.729,34.068,33.649,34.028,502666.0,0.768,33.823,1.995,0.479,0.62,0,交易,54.883870967741935,70.41544885177453,14938.512288626705,0.9928085006457673,0.9877010684513328,0.9939755495474316
2017-09-01,600444.SH,34.028,34.247,33.569,34.207,804399.0,0.528,34.078,1.995,0.766,0.993,0,交易,34.448136958710975,44.42297650130548,23962.55473800232,0.9950652611907613,0.980202645487196,0.9962288420498729
2017-09-04,600444.SH,34.207,34.407,33.848,34.048,694884.0,-0.466,34.087,1.995,0.662,0.858,0,交易,39.68298368298369,51.67220543806646,20529.543843063107,0.9906995669485862,0.9837533060133113,1.0011454417293233
2017-09-05,600444.SH,34.048,35.903,33.908,35.025,3160045.0,2.871,34.869,1.995,3.01,3.9,0,交易,8.98076923076923,11.311627906976746,93194.67382328653,0.9712001782580844,0.9444336127900176,0.9955460385438972
2017-09-06,600444.SH,34.806,35.903,33.928,34.965,2148694.0,-0.171,34.688,1.995,2.046,2.652,0,交易,13.184389140271493,17.011730205278592,63330.99504833766,0.9661588168119657,0.9449906693034008,0.992077792077792
2017-09-07,600444.SH,34.806,35.065,34.347,34.447,1166959.0,-1.483,34.648,1.995,1.111,1.44,0,交易,23.92152777777778,31.328532853285328,33975.572830232624,0.9881077998003709,0.9795237416227008,1.0058350509478329
2017-09-08,600444.SH,34.606,34.606,33.948,34.207,688900.0,-0.695,34.3,1.995,0.656,0.85,0,交易,40.243529411764705,52.7530487804878,20292.800754094496,0.9911576027278506,0.9809859561925677,1.0027187417779986
2017-09-11,600444.SH,34.008,34.427,34.008,34.347,753281.0,0.408,34.267,1.995,0.717,0.93,0,交易,36.93225806451613,47.43096234309624,22150.11173841449,0.9953524849681936,0.987829320010457,0.9976708300579381
2017-09-12,600444.SH,34.347,34.487,33.908,34.207,1234611.0,-0.407,34.162,1.995,1.176,1.524,0,交易,22.445538057742784,29.206632653061227,36410.61106523534,0.9905761591324266,0.9832110650390001,0.9986844797848393
2017-09-13,600444.SH,34.167,34.447,34.167,34.367,714822.0,0.466,34.296,1.995,0.681,0.882,0,交易,38.964852607709744,50.17180616740088,20921.415400825357,0.9956164542630707,0.9918715708189392,0.9979340646550471
2017-09-14,600444.SH,34.028,34.427,33.908,34.167,623400.0,-0.58,34.121,1.995,0.594,0.769,0,交易,44.43042912873862,57.28619528619529,18385.041878022887,0.9911116275016703,0.9849246231155779,0.9986536716714959
2017-09-15,600444.SH,34.387,34.387,33.21,33.469,1238600.0,-2.043,33.716,1.995,1.18,1.529,0,交易,21.889470241988228,29.141525423728815,37295.99518217404,0.9804868118765813,0.9657719487015441,1.0073799635483582
2017-09-18,600444.SH,33.449,33.689,33.23,33.449,571371.0,-0.06,33.345,1.995,0.544,0.705,0,交易,47.44539007092199,61.48713235294117,17194.432741498647,0.989788951883404,0.9863753747514025,0.9968907889623009
2017-09-19,600444.SH,33.429,33.828,33.25,33.33,569650.0,-0.358,33.559,1.995,0.543,0.703,0,交易,47.41109530583215,61.56353591160221,17132.330827067668,0.9920480075676953,0.9829135627291,1.0068706870687067
2017-09-20,600444.SH,33.409,33.749,33.21,33.629,558414.0,0.898,33.543,1.995,0.532,0.689,0,交易,48.808417997097244,62.79887218045112,16814.634146341465,0.9938961154404574,0.9840291564194494,0.9974426833982575
2017-09-21,600444.SH,33.788,34.128,33.609,33.848,1139782.0,0.652,33.885,1.995,1.086,1.407,0,交易,24.05685856432125,31.112338858195205,33912.9994941831,0.992879746835443,0.9847925457102673,1.0010931221933348
2017-09-22,600444.SH,37.239,37.239,36.601,37.239,13330521.0,10.018,37.215,1.995,12.696,16.454,0,交易,2.263218670232162,2.9331285444234405,364211.9341001612,0.9993555143800855,0.9828674239372701,0.9993555143800855
2017-09-25,600444.SH,36.681,37.638,34.985,35.145,10108742.0,-5.624,36.402,1.995,9.627,12.477,0,交易,2.8167828805001203,3.8102212527267056,288945.0335858225,0.9671608480790691,0.9295127264998141,1.0357661118224497
2017-09-26,600444.SH,35.005,35.643,33.848,34.487,6279767.0,-1.873,34.618,1.995,5.981,7.751,0,交易,4.4493613727261,5.852700217354958,185528.4507208698,0.9712426002300593,0.9496394804028842,1.003798532780468
2017-09-27,600444.SH,34.626,37.937,34.586,37.937,6901058.0,10.006,36.748,1.995,6.572,8.518,0,交易,4.45374501056586,5.268715763846622,199533.2793615914,0.9686585655165142,0.9116693465482247,0.9686585655165142
2017-09-28,600444.SH,39.054,40.49,38.256,39.673,14852061.0,4.574,39.323,1.995,14.145,18.332,0,交易,2.1641392101243726,2.760975609756098,388228.27791718947,0.9711780686589281,0.9448258829340578,0.9911778791621505
2017-09-29,600444.SH,39.513,39.772,38.276,38.735,8893570.0,-2.363,38.792,1.995,8.47,10.977,0,交易,3.5287419149129997,4.665053128689491,232353.6942209217,0.9753595494317611,0.9623855979080762,1.0014715373693044
2017-10-09,600444.SH,39.094,40.43,38.117,39.453,8893749.0,1.854,39.294,1.995,8.47,10.978,0,交易,3.5938240116596836,4.615584415584415,233327.62284544954,0.9719020529309917,0.9427900074202324,0.9959698882214278
2017-10-10,600444.SH,38.835,39.134,38.256,38.556,5715881.0,-2.275,38.603,1.995,5.444,7.055,0,交易,5.465060240963855,7.133541513592947,149411.36030949393,0.9864312362651403,0.9775642663668421,1.001219006120967
2017-10-11,600444.SH,38.296,38.456,36.98,37.478,4405790.0,-2.794,37.607,1.995,4.196,5.438,0,交易,6.891872011769033,9.126787416587227,119139.80530016226,0.9779228208862075,0.9616184730601205,1.0034420193179998
2017-10-12,600444.SH,37.478,37.478,36.022,37.159,5084651.0,-0.852,36.623,1.995,4.843,6.276,0,交易,5.92080943275972,7.738591781953335,141154.0447504303,0.9771866161481402,0.9611505416511019,0.9855754998788987
2017-10-13,600444.SH,36.78,37.259,36.381,37.06,3097509.0,-0.268,36.81,1.995,2.95,3.823,0,交易,9.69395762490191,12.467796610169492,85140.84274758803,0.9879492203226067,0.9764352237043399,0.9932541824069078
2017-10-16,600444.SH,36.8,36.8,35.404,35.484,2897781.0,-4.252,36.141,1.995,2.76,3.577,0,交易,9.920044730220855,13.333333333333334,81848.97186758557,0.9820923913043479,0.9620652173913045,1.0185153872167736
2017-10-17,600444.SH,35.484,36.202,35.404,35.643,1480070.0,0.45,35.762,1.995,1.41,1.827,0,交易,19.509031198686372,25.165957446808513,41805.16325838888,0.9878459753604774,0.9779570189492295,1.0033386639732906
2017-10-18,600444.SH,35.643,35.823,34.566,34.606,1990315.0,-2.91,35.232,1.995,1.896,2.457,0,交易,14.084656084656086,18.799050632911392,57580.13655036741,0.9835022192446193,0.964910811489825,1.018089348667861
2017-10-19,600444.SH,34.566,34.866,33.469,33.669,2229452.0,-2.709,34.146,1.995,2.123,2.752,0,交易,12.234375,16.281676872350445,66612.44733932892,0.9793495095508519,0.9599323122813056,1.0141673349371827
2017-10-20,600444.SH,33.449,34.227,33.35,33.988,2900683.0,0.948,33.881,1.995,2.763,3.58,0,交易,9.493854748603352,12.10604415490409,86977.00149925037,0.9898910217080084,0.9743769538668304,0.9968518300576674
2017-10-23,600444.SH,33.848,34.247,33.669,33.988,1822339.0,0.0,34.001,1.995,1.736,2.249,0,交易,15.11249444197421,19.497695852534562,54125.129941489206,0.9928168890705754,0.9831226092796449,1.0003824879369188
2017-10-24,600444.SH,33.988,34.008,33.19,33.29,2652483.0,-2.054,33.445,1.995,2.526,3.274,0,交易,10.167990226023212,13.45526524148852,79918.1379933715,0.9834450717478239,0.975946836038579,1.0046560528687294
2017-10-25,600444.SH,33.35,33.788,33.11,33.729,1599486.0,1.318,33.431,1.995,1.523,1.974,0,交易,17.08662613981763,21.89757058437295,48308.245243128964,0.989434118621996,0.9799337042737067,0.9911648729579886
2017-10-26,600444.SH,33.569,33.848,33.469,33.609,2006878.0,-0.355,33.648,1.995,1.911,2.477,0,交易,13.568429551877273,17.566195709052852,59962.29346559502,0.994091231387379,0.9888028834790831,1.001160403463358
2017-10-27,600444.SH,33.669,34.128,33.589,33.729,3021084.0,0.356,33.828,1.995,2.877,3.729,0,交易,9.045052292839904,11.70281543274244,89942.65979933908,0.9912095639943742,0.9842065166432254,1.0029351596548965
2017-10-30,600444.SH,33.828,35.604,33.828,34.706,6793115.0,2.898,34.842,1.995,6.47,8.385,0,交易,4.139057841383424,5.228438948995364,200813.37944897715,0.978597910347152,0.9501179642736772,1.0039186307843022
2017-10-31,600444.SH,34.387,35.324,33.988,35.205,3676198.0,1.437,34.642,1.995,3.501,4.538,0,交易,7.757822829440281,9.822050842616395,108161.64528657173,0.9806930132487829,0.9621786887102254,0.9840079534157081
2017-11-01,600444.SH,35.245,35.245,34.507,34.706,2640227.0,-1.416,34.723,1.995,2.515,3.259,0,交易,10.649278919914085,14.013916500994034,76512.79450546266,0.985189388565754,0.9790608596964109,1.0004898288480377
2017-11-02,600444.SH,34.706,34.706,33.19,33.529,3158482.0,-3.391,33.7,1.995,3.008,3.899,0,交易,8.599384457553219,11.537898936170214,95163.66375414282,0.9710136575808218,0.9563187921396875,1.005100062632348
2017-11-03,600444.SH,33.529,33.749,32.911,33.23,1630800.0,-0.892,33.145,1.995,1.553,2.013,0,交易,16.507699950322902,21.589826142949136,49551.82157941114,0.9821031734273609,0.9751696346558416,0.9974420704182969
2017-11-06,600444.SH,33.788,35.663,33.409,34.487,2891466.0,3.782,34.447,1.995,2.754,3.569,0,交易,9.6629307929392,12.26870007262164,86547.51713610106,0.9659030367607887,0.9367972408378432,0.9988401426624526
2017-11-07,600444.SH,34.447,34.905,33.908,34.347,1918924.0,-0.405,34.232,1.995,1.828,2.369,0,交易,14.498522583368509,18.844091903719914,56592.07266721717,0.980719094685575,0.9714367569116172,0.996651818208286
2017-11-08,600444.SH,34.307,34.566,33.988,34.287,1925976.0,-0.174,34.3,1.995,1.834,2.377,0,交易,14.424484644509887,18.706106870229007,56666.35283041073,0.9923045767517212,0.983278366024417,1.0003791524484498
2017-11-09,600444.SH,34.088,34.566,34.068,34.407,1423829.0,0.349,34.368,1.995,1.356,1.757,0,交易,19.582811610700055,25.13864306784661,41793.736057297174,0.9942718278076723,0.9855927790314181,0.9988665097218591
2017-11-10,600444.SH,34.227,34.606,34.068,34.207,1587023.0,-0.58,34.209,1.995,1.511,1.959,0,交易,17.461459928534968,22.651886168100596,46583.97910062229,0.9885280009246952,0.9844535629659595,1.0000584675651183
2017-11-13,600444.SH,34.487,34.487,33.908,33.928,1574204.0,-0.816,34.274,1.995,1.499,1.943,0,交易,17.461657231085947,23.00667111407605,46425.740238291844,0.9938237596775596,0.9832110650390001,1.0101980664937515
2017-11-14,600444.SH,33.769,34.108,32.811,32.931,2005901.0,-2.939,33.302,1.995,1.91,2.476,0,交易,13.300080775444265,17.680104712041885,61135.015695955626,0.9763691802509676,0.9619737305031079,1.0112659803832256
2017-11-15,600444.SH,32.931,33.23,32.711,33.031,1011635.0,0.303,32.99,1.995,0.963,1.249,0,交易,26.445956765412326,34.19626168224299,30926.4467610284,0.992777610592838,0.9843815829070118,0.9987587417880174
2017-11-16,600444.SH,33.21,33.35,32.711,32.751,779400.0,-0.845,33.018,1.995,0.742,0.962,0,交易,34.04469854469854,44.757412398921836,23826.847237932194,0.9900449775112443,0.9808395802098949,1.008152422826784
2017-11-17,600444.SH,32.911,32.911,30.477,30.577,2207200.0,-6.638,31.489,1.995,2.102,2.724,0,交易,11.22503671071953,15.6569933396765,72421.82629523904,0.9567925617574671,0.9260429643584212,1.0298263400595218
2017-11-20,600444.SH,30.418,30.418,29.281,30.318,1068934.0,-0.848,29.965,1.995,1.018,1.319,0,交易,22.985595147839273,29.88015717092338,36506.06195143609,0.9851075021368927,0.9626208166217372,0.9883567517646282
2017-11-21,600444.SH,30.298,30.557,29.719,29.799,797135.0,-1.711,30.115,1.995,0.759,0.984,0,交易,30.283536585365855,39.918313570487484,26822.403176419124,0.9855352292437085,0.9725758418692936,1.0106043826974058
2017-11-22,600444.SH,29.66,30.298,29.66,29.939,673739.0,0.469,29.978,1.995,0.642,0.832,0,交易,35.984375,46.1993769470405,22715.407956844236,0.9894382467489604,0.9789425044557397,1.0013026487190622
2017-11-23,600444.SH,30.079,30.079,29.221,29.241,860800.0,-2.332,29.613,1.995,0.82,1.062,0,交易,27.533898305084744,36.681707317073176,29458.266315321172,0.9845074636789787,0.9714751155291067,1.0127218631373756
2017-11-24,600444.SH,29.5,29.52,27.924,28.922,1084865.0,-1.091,28.685,1.995,1.033,1.339,0,交易,21.599701269604182,28.557599225556633,38850.63028219453,0.9717140921409214,0.9459349593495935,0.991805545951179
2017-11-27,600444.SH,28.583,28.902,28.184,28.204,797793.0,-2.483,28.532,1.995,0.76,0.985,0,交易,28.633502538071067,37.609210526315785,28306.592392847004,0.9871981177773164,0.9751574285516573,1.0116295560913346
2017-11-28,600444.SH,28.144,28.702,27.984,28.543,808980.0,1.202,28.298,1.995,0.77,0.999,0,交易,28.57157157157157,36.550649350649344,28908.662092624356,0.9859243258309525,0.9749843216500592,0.9914164593770801
2017-11-29,600444.SH,28.622,28.622,28.104,28.383,563300.0,-0.559,28.284,1.995,0.536,0.695,0,交易,40.83884892086331,53.39925373134328,20043.410190720184,0.9881909021032772,0.9819020334008804,0.9965119966176936
2017-11-30,600444.SH,28.383,28.622,28.124,28.583,707627.0,0.703,28.464,1.995,0.674,0.873,0,交易,32.741122565864835,42.11127596439169,25160.965723225716,0.994479770805674,0.9826007965900356,0.9958366861421124
2017-12-01,600444.SH,28.483,29.041,28.383,28.981,934882.0,1.396,28.807,1.995,0.89,1.154,0,交易,25.11351819757366,32.003370786516854,32938.09674805342,0.9919424262249922,0.9773423780172859,0.9939960663883233
2017-12-04,600444.SH,28.981,28.981,27.645,27.984,1065400.0,-3.441,28.253,1.995,1.015,1.315,0,交易,21.280608365019013,28.552709359605917,38538.614577681314,0.9748800938545943,0.9539008315793105,1.009612635791881
2017-12-05,600444.SH,27.884,28.044,26.448,26.708,1274000.0,-4.562,27.113,1.995,1.213,1.573,0,交易,16.97902097902098,22.987633965375103,48169.993950393226,0.9668021680216802,0.943089430894309,1.0151639958065
2017-12-06,600444.SH,26.628,27.446,26.468,27.386,1005400.0,2.539,27.06,1.995,0.958,1.241,0,交易,22.067687348912166,27.795407098121085,37985.491914765,0.9859360198207388,0.964366392188297,0.9880961075001825
2017-12-07,600444.SH,27.306,27.406,27.067,27.266,567373.0,-0.437,27.238,1.995,0.54,0.7,0,交易,38.95142857142857,50.56666666666666,20961.79850001847,0.9938699554842005,0.9876304458877618,0.9989730800264066
2017-12-08,600444.SH,27.326,27.705,27.067,27.605,632000.0,1.244,27.539,1.995,0.602,0.78,0,交易,35.39102564102564,45.39202657807309,23349.466139579563,0.9940083017505866,0.9769716657643025,0.9976091287810179
2017-12-11,600444.SH,27.685,27.944,27.366,27.904,578700.0,1.084,27.795,1.995,0.551,0.714,0,交易,39.0812324929972,50.245009074410156,21146.67836000877,0.9946679072430576,0.9793157744059547,0.9960937500000001
2017-12-12,600444.SH,27.904,28.064,27.166,27.406,576600.0,-1.787,27.577,1.995,0.549,0.712,0,交易,38.491573033707866,50.826958105646625,21225.060737686814,0.9826468072976056,0.9680017103762828,1.006239509596439
2017-12-13,600444.SH,27.545,27.645,27.166,27.545,360648.0,0.509,27.408,1.995,0.343,0.445,0,交易,61.89887640449439,80.3061224489796,13275.712287418097,0.9914270211611503,0.9826731777898354,0.995026320566346
2017-12-14,600444.SH,27.645,27.645,26.728,27.286,693900.0,-0.941,27.196,1.995,0.661,0.856,0,交易,31.876168224299068,41.82299546142208,25961.53846153846,0.9837583649846265,0.9668294447458854,0.9967016052187935
2017-12-15,600444.SH,27.127,28.064,27.107,28.024,1163700.0,2.705,27.735,1.995,1.108,1.436,0,交易,19.51532033426184,24.482851985559563,42929.87051315159,0.9882767958950969,0.9658993728620296,0.9896874107907507
2017-12-18,600444.SH,27.785,28.383,27.486,28.124,1045200.0,0.356,27.884,1.995,0.995,1.29,0,交易,21.801550387596897,27.92462311557789,38026.6317397948,0.9824190536588804,0.968396575414861,0.9914663632484711
2017-12-19,600444.SH,27.884,28.303,27.845,28.283,770400.0,0.567,28.152,1.995,0.734,0.951,0,交易,29.74027339642482,37.9891008174387,27667.444783623632,0.9946648765148571,0.98381796982652,0.9953682424070996
2017-12-20,600444.SH,28.303,28.303,27.765,28.124,710700.0,-0.564,28.005,1.995,0.677,0.877,0,交易,32.068415051311284,41.80649926144756,25596.974608319826,0.989471080804155,0.9809914143377028,0.9957687384440336
2017-12-21,600444.SH,28.124,28.204,27.605,28.084,542502.0,-0.142,27.934,1.995,0.517,0.67,0,交易,41.916417910447755,54.398452611218566,19652.309364245608,0.9904268898028649,0.9787618777478372,0.9946588805013531
2017-12-22,600444.SH,28.064,28.084,27.825,27.964,490624.0,-0.426,27.913,1.995,0.467,0.606,0,交易,46.14521452145215,60.09421841541756,17632.488769092542,0.9939111237715426,0.9907776669990029,0.9981762265770276
2017-12-25,600444.SH,27.944,28.124,27.605,27.964,942400.0,0.0,27.842,1.995,0.898,1.163,0,交易,24.044711951848665,31.118040089086858,34138.74298134396,0.9899729768169535,0.9815460105248187,0.9956372478901445
2017-12-26,600444.SH,27.984,28.622,27.685,28.583,923049.0,2.211,28.148,1.995,0.879,1.139,0,交易,25.09482001755926,31.83617747440273,33341.123351995666,0.9834393124170219,0.967262944588079,0.9847811636287304
2017-12-27,600444.SH,28.762,30.537,28.483,29.66,2091948.0,3.768,29.797,1.995,1.992,2.582,0,交易,11.487219209914796,14.438755020080322,73445.49380332128,0.9757671022038839,0.9327373350361856,1.0046190155091033
2017-12-28,600444.SH,29.54,30.118,29.121,30.039,1303309.0,1.278,29.763,1.995,1.241,1.609,0,交易,18.669359850839033,23.803384367445606,44754.95347000447,0.9882130287535694,0.9668968723022777,0.9908119444721861
2017-12-29,600444.SH,30.039,31.116,29.54,30.976,1786879.0,3.121,30.222,1.995,1.702,2.206,0,交易,14.041704442429737,17.649236192714454,60490.148950575494,0.9712688006170459,0.9493508163002956,0.9756585743801653
2018-01-02,600444.SH,30.876,30.876,30.178,30.577,835600.0,-1.288,30.553,1.995,0.796,1.031,0,交易,29.657613967022314,38.78894472361809,27689.044999668633,0.9895388003627412,0.9773934447467288,0.9992150963142231
2018-01-03,600444.SH,30.577,30.777,29.58,30.039,995726.0,-1.761,30.065,1.995,0.948,1.229,0,交易,24.44182262001627,32.254219409282705,33662.13657876944,0.9768658413750528,0.9611073204015985,1.000865541462765
2018-01-04,600444.SH,29.799,30.098,29.6,29.899,587444.0,-0.465,29.812,1.995,0.559,0.725,0,交易,41.24,53.3076923076923,19846.08108108108,0.9904977074888698,0.9834540501029969,0.997090203685742
2018-01-05,600444.SH,30.178,30.178,29.321,29.819,484148.0,-0.267,29.827,1.995,0.461,0.598,0,交易,49.864548494983275,65.46203904555314,16511.987994952422,0.9883690105374776,0.9716018291470608,1.0002682853214395
2018-01-08,600444.SH,29.959,29.959,29.6,29.779,498726.0,-0.134,29.796,1.995,0.475,0.616,0,交易,48.342532467532465,63.07157894736842,16848.85135135135,0.9945592309489636,0.9880169565072267,1.0005708720910709
2018-01-09,600444.SH,29.919,30.138,29.799,29.879,319066.0,0.335,29.884,1.995,0.304,0.394,0,交易,75.83502538071066,98.41776315789474,10707.272056109266,0.9915721016656712,0.9887517419868603,1.000167341611165
2018-01-10,600444.SH,29.939,29.959,29.38,29.799,773502.0,-0.267,29.637,1.995,0.737,0.955,0,交易,31.203141361256545,40.62279511533243,26327.501701837988,0.9892519777028606,0.980673587235889,0.9945635759589249
2018-01-11,600444.SH,29.6,30.059,29.321,29.819,485611.0,0.067,29.773,1.995,0.462,0.599,0,交易,49.78130217028381,64.06926406926407,16561.88397394359,0.9904853787551149,0.9754482850394225,0.9984573594017238
2018-01-12,600444.SH,29.719,29.999,29.56,29.959,550594.0,0.468,29.722,1.995,0.524,0.68,0,交易,44.05735294117647,56.715648854961835,18626.319350473615,0.9907663588786294,0.9853661788726291,0.9920891885576956
2018-01-15,600444.SH,29.959,29.959,29.38,29.42,584700.0,-1.798,29.576,1.995,0.557,0.722,0,交易,40.74792243767313,53.78635547576301,19901.29339686862,0.9872158616776261,0.980673587235889,1.0053025152957171
2018-01-16,600444.SH,29.221,30.178,29.221,29.68,629224.0,0.881,29.769,1.995,0.599,0.777,0,交易,38.1981981981982,48.78297161936561,21533.280859655726,0.9864470806547816,0.968288156935516,1.0029986522911052
2018-01-17,600444.SH,29.54,29.719,28.922,29.68,799600.0,0.0,29.307,1.995,0.762,0.987,0,交易,30.070921985815602,38.76640419947506,27646.77408201369,0.9861368148322621,0.9731821393721188,0.987432614555256
2018-01-18,600444.SH,29.68,30.916,29.54,30.797,1851651.0,3.763,30.483,1.995,1.763,2.285,0,交易,13.477899343544857,16.83494044242768,62682.836831415036,0.9859943071548712,0.9554923017207918,0.9898042017079586
2018-01-19,600444.SH,30.976,31.016,29.979,30.039,1043300.0,-2.461,30.253,1.995,0.994,1.288,0,交易,23.3222049689441,31.162977867203217,34801.02738583675,0.9753997936548878,0.9665656435388187,1.0071240720396817
2018-01-22,600444.SH,30.019,30.497,29.221,30.438,1010700.0,1.328,29.899,1.995,0.963,1.248,0,交易,24.389423076923077,31.1723779854621,34588.138667396735,0.9803915139194019,0.95815981899859,0.9822918720021027
2018-01-23,600444.SH,30.398,30.398,29.819,29.899,859043.0,-1.769,30.007,1.995,0.818,1.06,0,交易,28.206603773584906,37.16136919315404,28808.578423153023,0.9871373116652412,0.980952694256201,1.0036121609418376
2018-01-24,600444.SH,30.118,30.338,29.68,30.198,1074202.0,1.001,30.138,1.995,1.023,1.326,0,交易,22.773755656108598,29.440860215053764,36192.7897574124,0.9934076076208056,0.9783110290724504,0.998013113451222
2018-01-25,600444.SH,30.118,30.358,29.799,29.859,482402.0,-1.123,30.106,1.995,0.459,0.595,0,交易,50.18319327731093,65.61655773420479,16188.529816436794,0.9916990579089532,0.9815864022662889,1.0082722127331794
2018-01-26,600444.SH,29.859,30.098,29.56,29.879,566163.0,0.067,29.813,1.995,0.539,0.699,0,交易,42.74535050071531,55.39703153988868,19153.010825439786,0.9905309322878596,0.9821250581433982,0.9977910907326215
2018-01-29,600444.SH,29.839,29.979,29.739,29.779,373002.0,-0.334,29.798,1.995,0.355,0.46,0,交易,64.73695652173913,84.05352112676056,12542.519923332997,0.9939624403749291,0.9919943960772541,1.0006380335135499
2018-01-30,600444.SH,29.959,30.677,29.68,29.739,940100.0,-0.134,30.241,1.995,0.895,1.16,0,交易,25.637068965517244,33.47374301675978,31674.528301886792,0.9857873977246797,0.9675000814942791,1.0168801909949896
2018-01-31,600444.SH,29.46,29.68,28.563,29.081,1155300.0,-2.213,29.172,1.995,1.1,1.426,0,交易,20.393408134642357,26.78181818181818,40447.43199243777,0.9828840970350404,0.9623652291105121,1.0031291908806437
2018-02-01,600444.SH,29.041,29.36,27.625,28.263,783610.0,-2.812,28.515,1.995,0.746,0.967,0,交易,29.227507755946228,38.928954423592494,28365.972850678732,0.9712193460490464,0.9409059945504087,1.0089162509287761
2018-02-02,600444.SH,28.224,28.483,27.446,27.904,466310.0,-1.27,27.983,1.995,0.444,0.576,0,交易,48.44444444444445,63.567567567567565,16990.089630547256,0.9824456693466278,0.9635923182249061,1.002831135321101
2018-02-05,600444.SH,27.884,27.924,27.186,27.685,354952.0,-0.786,27.531,1.995,0.338,0.438,0,交易,63.20776255707762,82.49704142011834,13056.426101669977,0.9859260850880962,0.9735711216158144,0.9944374209860936
2018-02-06,600444.SH,26.927,27.326,25.67,25.79,766510.0,-6.844,26.257,1.995,0.73,0.946,0,交易,27.262156448202962,36.88630136986301,29860.14803272302,0.9608797482251336,0.9393983751738272,1.0181077937184957
2018-02-07,600444.SH,25.95,26.688,25.331,26.149,488079.0,1.392,25.981,1.995,0.465,0.602,0,交易,43.43687707641196,55.806451612903224,19268.0510046978,0.9735086930455636,0.9491531774580336,0.9935752801254351
2018-02-08,600444.SH,26.129,26.408,25.73,26.289,434300.0,0.534,26.18,1.995,0.414,0.536,0,交易,49.04664179104478,63.113526570048315,16879.129420909445,0.9913662526507119,0.9743259618297485,0.9958537791471718
2018-02-09,600444.SH,25.73,26.349,24.354,25.69,815700.0,-2.276,25.103,1.995,0.777,1.007,0,交易,25.511420059582925,33.11454311454312,33493.47129834935,0.9527116778625375,0.9242855516338381,0.9771506422732581
2018-02-12,600444.SH,25.67,26.289,25.391,25.99,342800.0,1.165,25.935,1.995,0.326,0.423,0,交易,61.44208037825059,78.74233128834356,13500.846756724824,0.9865342919091634,0.9658412263684429,0.9978838014621009
2018-02-13,600444.SH,26.209,26.309,25.79,26.01,548300.0,0.077,26.084,1.995,0.522,0.677,0,交易,38.41949778434269,50.2088122605364,21260.178363706866,0.9914477935307309,0.9802729104108859,1.0028450595924643
2018-02-14,600444.SH,26.01,26.289,25.85,26.209,461100.0,0.767,26.194,1.995,0.439,0.569,0,交易,46.061511423550094,59.24829157175399,17837.52417794971,0.9963863212750579,0.9833010004184259,0.9994276775153573
2018-02-22,600444.SH,26.389,26.528,26.209,26.468,160985.0,0.989,26.424,1.995,0.153,0.199,0,交易,133.00502512562812,172.47712418300654,6142.35567934679,0.9960796139927623,0.9879749698431846,0.9983376152334895
2018-02-23,600444.SH,26.448,26.668,26.349,26.448,204910.0,-0.075,26.515,1.995,0.195,0.253,0,交易,104.53754940711462,135.63076923076923,7776.765721659266,0.994262786860657,0.9880380980950952,1.0025332728372656
2018-02-26,600444.SH,26.488,27.206,26.488,27.186,540995.0,2.79,26.885,1.995,0.515,0.668,0,交易,40.697604790419156,51.43300970873786,20424.154334038056,0.9882011321032126,0.9736087627729177,0.9889281247701023
2018-02-27,600444.SH,27.406,27.426,26.927,27.346,378510.0,0.587,27.247,1.995,0.36,0.467,0,交易,58.55674518201285,76.12777777777778,14056.894566791696,0.993473346459564,0.9818055859403486,0.996379726468222
2018-02-28,600444.SH,27.366,27.366,26.927,27.127,365300.0,-0.802,27.071,1.995,0.348,0.451,0,交易,60.14855875831485,78.63793103448276,13566.30890927322,0.9892202002484836,0.9839581963019806,0.9979356360821323
2018-03-01,600444.SH,26.927,27.625,26.927,27.585,534178.0,1.691,27.264,1.995,0.509,0.659,0,交易,41.85887708649469,52.90176817288801,19838.00646191555,0.9869321266968325,0.9747330316742081,0.988363240891789
2018-03-02,600444.SH,27.525,27.924,27.127,27.645,571700.0,0.217,27.524,1.995,0.544,0.706,0,交易,39.157223796033996,50.59742647058823,21074.94378294688,0.9856754046698182,0.9714582438046125,0.9956230783143426
2018-03-05,600444.SH,27.466,27.685,26.987,27.326,345800.0,-1.154,27.372,1.995,0.329,0.427,0,交易,63.995316159250585,83.48328267477204,12813.57690739986,0.9886942387574499,0.9747877912226838,1.0016833784673937
2018-03-06,600444.SH,27.426,27.625,27.166,27.505,357485.0,0.657,27.366,1.995,0.34,0.441,0,交易,62.36961451247165,80.66470588235293,13159.279982330854,0.9906244343891403,0.9833846153846154,0.994946373386657
2018-03-07,600444.SH,27.545,27.545,27.027,27.206,217885.0,-1.088,27.308,1.995,0.208,0.269,0,交易,101.13754646840148,132.42788461538464,8061.753061753061,0.9913958976220729,0.9811944091486658,1.0037491729765493
2018-03-08,600444.SH,27.067,27.406,27.067,27.246,322400.0,0.147,27.269,1.995,0.307,0.398,0,交易,68.4572864321608,88.16612377850163,11911.18335981084,0.9950010946508063,0.9876304458877618,1.000844160610732
2018-03-09,600444.SH,27.246,27.685,27.186,27.645,596859.0,1.464,27.469,1.995,0.568,0.737,0,交易,37.5101763907734,47.96830985915493,21954.64577355992,0.9921979411233521,0.9819757991692253,0.9936335684572256
2018-03-12,600444.SH,27.645,28.503,27.625,28.224,750260.0,2.092,28.113,1.995,0.715,0.926,0,交易,30.47948164146868,38.66433566433567,27158.733031674208,0.9863172297652878,0.9691962249587762,0.9960671768707483
2018-03-13,600444.SH,28.283,28.303,27.825,27.964,774601.0,-0.919,27.971,1.995,0.738,0.956,0,交易,29.251046025104603,38.323848238482384,27838.31087151842,0.9882697947214076,0.9831113309543158,1.0002503218423688
2018-03-14,600444.SH,27.725,28.004,27.326,27.525,648500.0,-1.569,27.687,1.995,0.618,0.8,0,交易,34.40624999999999,44.86245954692557,23731.976871843664,0.9886801885444937,0.9757891729752892,1.0058855585831064
2018-03-15,600444.SH,27.446,28.303,27.246,27.805,825618.0,1.014,27.744,1.995,0.786,1.019,0,交易,27.286555446516196,34.91857506361323,30302.356309183,0.9802494435218881,0.9626541356039995,0.9978061499730264
2018-03-16,600444.SH,27.665,28.243,27.505,27.845,661802.0,0.143,27.976,1.995,0.63,0.817,0,交易,34.08200734394125,43.91269841269841,24061.15251772405,0.9905463300640867,0.9738696314130936,1.0047046148321064
2018-03-19,600444.SH,27.705,28.164,27.705,28.004,646518.0,0.573,27.937,1.995,0.616,0.798,0,交易,35.092731829573935,44.97564935064935,23335.787763941527,0.991940065331629,0.983702599062633,0.9976074846450507
2018-03-20,600444.SH,27.845,30.797,27.545,30.797,2482762.0,9.972,30.375,1.995,2.365,3.064,0,交易,10.051240208877285,11.773784355179702,90134.76129969141,0.9862973666266195,0.8944052992174563,0.9862973666266195
2018-03-21,600444.SH,32.412,33.868,31.654,31.734,6538782.0,3.044,32.816,1.995,6.227,8.071,0,交易,3.9318547887498454,5.205074674803275,206570.48082390853,0.9689382307783159,0.93462855793079,1.0340959223545725
2018-03-22,600444.SH,30.637,31.794,30.318,30.797,3878382.0,-2.954,31.02,1.995,3.694,4.787,0,交易,6.433465636097765,8.293719545208447,127923.41183455373,0.9756557841102095,0.953576146442725,1.0072409650290612
2018-03-23,600444.SH,29.241,29.859,27.725,27.725,3915304.0,-9.974,28.664,1.995,3.729,4.833,0,交易,5.736602524312022,7.841512469831054,141219.26059513073,0.9599785659265213,0.9285307612445158,1.033868349864743
2018-03-26,600444.SH,26.927,27.725,25.69,27.406,1985014.0,-1.151,26.815,1.995,1.89,2.45,0,交易,11.18612244897959,14.247089947089947,77267.96418840015,0.9671776375112714,0.9266005410279531,0.9784353791140628
2018-03-27,600444.SH,27.545,29.241,27.525,28.263,1710752.0,3.13,28.268,1.995,1.629,2.112,0,交易,13.382102272727273,16.90914671577655,62152.66121707539,0.9667248042132622,0.9413152764953319,1.0001769097406503
2018-03-28,600444.SH,27.565,29.301,27.366,28.443,1966300.0,0.635,28.672,1.995,1.873,2.427,0,交易,11.719406674907294,14.717031500266952,71851.93305561646,0.9785331558649876,0.9339612982492066,1.0080511900994973
2018-03-29,600444.SH,28.243,29.021,28.243,28.882,1115100.0,1.543,28.696,1.995,1.062,1.376,0,交易,20.98982558139535,26.594161958568737,39482.349608752615,0.9888012129147858,0.973191826608318,0.9935600027698913
2018-03-30,600444.SH,28.922,30.856,28.722,30.537,2610901.0,5.732,29.64,1.995,2.487,3.223,0,交易,9.47471300031027,11.629272215520707,90902.47893600723,0.960591133004926,0.9308400311122634,0.9706257982120051
2018-04-02,600444.SH,30.298,33.409,30.039,32.053,5983620.0,4.964,32.159,1.995,5.699,7.386,0,交易,4.339696723531004,5.316371293209335,199195.04643962847,0.9625849322038972,0.8991289772217068,1.003307022743581
2018-04-03,600444.SH,33.031,33.07,31.215,31.674,4240973.0,-1.182,32.08,1.995,4.039,5.235,0,交易,6.050429799426934,8.178014359990097,135863.30289924715,0.9700635016631387,0.9439068642273964,1.012818084233125
2018-04-04,600444.SH,30.797,31.415,29.64,29.819,3415503.0,-5.856,30.224,1.995,3.253,4.216,0,交易,7.072817836812144,9.467260989855518,115232.8947368421,0.9620881744389623,0.9434983288238104,1.013581944397867
2018-04-09,600444.SH,29.52,30.079,28.323,29.101,2101900.0,-2.408,29.259,1.995,2.002,2.594,0,交易,11.21858134155744,14.745254745254746,74211.77135190481,0.972738455400778,0.9416203996143488,1.00542936668843
2018-04-10,600444.SH,29.121,29.719,28.642,29.081,1773701.0,-0.069,29.134,1.995,1.689,2.189,0,交易,13.285061671996345,17.241563055062166,61926.576356399695,0.9803156230021198,0.9637605572192872,1.0018224957876276
2018-04-11,600444.SH,29.221,29.6,28.882,29.121,1563905.0,0.137,29.187,1.995,1.489,1.93,0,交易,15.08860103626943,19.624580255204833,54148.08531265148,0.9860472972972973,0.9757432432432432,1.002266405686618
2018-04-12,600444.SH,29.221,29.261,28.563,28.682,1182401.0,-1.507,28.923,1.995,1.126,1.459,0,交易,19.65867032213845,25.951154529307285,41396.24689283339,0.9884487884897987,0.9761457229759748,1.0084024823931386
2018-04-13,600444.SH,28.842,29.121,28.622,29.001,811000.0,1.113,28.892,1.995,0.772,1.001,0,交易,28.972027972027977,37.360103626943,28334.84732024317,0.992136259057038,0.9828645994299646,0.9962415089134857
2018-04-16,600444.SH,29.181,29.181,28.343,28.543,743011.0,-1.582,28.644,1.995,0.708,0.917,0,交易,31.126499454743726,41.21610169491526,26214.973714850228,0.9815976148863986,0.971282683938179,1.0035385208282241
2018-04-17,600444.SH,28.782,28.782,27.246,27.306,1014900.0,-4.333,27.932,1.995,0.967,1.253,0,交易,21.79249800478851,29.76421923474664,37249.50451442414,0.9704676533944826,0.946633312486971,1.022925364388779
2018-04-18,600444.SH,27.525,28.104,26.927,28.064,718809.0,2.776,27.512,1.995,0.685,0.887,0,交易,31.63923337091319,40.18248175182481,26694.730196457087,0.9789353828636493,0.9581198405920865,0.9803306727480046
2018-04-19,600444.SH,27.585,27.585,26.648,27.087,1596900.0,-3.483,27.084,1.995,1.521,1.971,0,交易,13.7427701674277,18.136094674556215,59925.697988592015,0.9818379554105492,0.9660322639115461,0.9998892457636505
2018-04-20,600444.SH,26.827,27.306,25.79,25.93,1428000.0,-4.271,26.395,1.995,1.36,1.763,0,交易,14.707884288145207,19.725735294117648,55370.298565335404,0.9666373690763934,0.9444810664322859,1.0179328962591592
2018-04-23,600444.SH,25.551,26.229,25.351,25.651,534300.0,-1.077,25.727,1.995,0.509,0.659,0,交易,38.92412746585736,50.1984282907662,21076.091672912313,0.9808608791795341,0.9665256014335277,1.002962847452341
2018-04-24,600444.SH,25.87,26.428,25.651,26.369,725800.0,2.799,26.24,1.995,0.691,0.896,0,交易,29.4296875,37.43849493487699,28295.193169856924,0.9928863326774632,0.9705993643105797,0.995107891842694
2018-04-25,600444.SH,26.329,26.628,26.129,26.588,669154.0,0.832,26.447,1.995,0.637,0.826,0,交易,32.18886198547216,41.33281004709576,25609.629147690306,0.9932026438335586,0.9812603274748386,0.9946968557243868
2018-04-26,600444.SH,26.588,26.588,25.411,25.77,725800.0,-3.076,25.855,1.995,0.691,0.896,0,交易,28.76116071428571,38.47756874095514,28562.433591751604,0.9724311719572739,0.9557319091319393,1.0032984090027164
2018-04-27,600444.SH,25.531,26.01,25.252,25.75,565000.0,-0.077,25.542,1.995,0.538,0.697,0,交易,36.94404591104735,47.455390334572485,22374.46538888009,0.982006920415225,0.9708573625528641,0.9919223300970874
2018-05-02,600444.SH,25.73,26.169,25.331,25.471,364000.0,-1.084,25.65,1.995,0.347,0.449,0,交易,56.728285077951,74.14985590778099,14369.744581737792,0.9801673736099965,0.9679773778134434,1.0070276000157041
2018-05-03,600444.SH,25.471,25.89,25.052,25.83,497100.0,1.41,25.49,1.995,0.473,0.614,0,交易,42.068403908794785,53.84989429175476,19842.727127574646,0.9845500193124758,0.9676322904596368,0.9868370112272551
2018-05-04,600444.SH,25.73,26.069,25.571,25.71,484500.0,-0.463,25.787,1.995,0.461,0.598,0,交易,42.9933110367893,55.81344902386117,18947.24492589261,0.9891825539913307,0.9808968506655416,1.0029949436017114
2018-05-07,600444.SH,25.79,26.767,25.571,26.488,603599.0,3.026,26.283,1.995,0.575,0.745,0,交易,35.55436241610738,44.85217391304348,23604.825779203,0.981918033399335,0.9553181155900924,0.9922606463304139
2018-05-08,600444.SH,26.508,26.827,26.369,26.468,449399.0,-0.075,26.584,1.995,0.428,0.555,0,交易,47.69009009009009,61.93457943925234,17042.701657249043,0.9909419614567413,0.9829276475192902,1.004382650748073
2018-05-09,600444.SH,26.728,26.887,26.229,26.708,606701.0,0.904,26.584,1.995,0.578,0.749,0,交易,35.65821094793057,46.24221453287198,23130.923786648367,0.9887306133075464,0.9755272064566519,0.9953571963456642
2018-05-10,600444.SH,26.867,27.286,26.708,27.107,649953.0,1.494,27.055,1.995,0.619,0.802,0,交易,33.799251870324184,43.40387722132472,24335.51744795567,0.9915341200615699,0.9788169757384738,0.9980816763197699
2018-05-11,600444.SH,27.286,27.286,26.389,26.508,591700.0,-2.208,26.576,1.995,0.564,0.73,0,交易,36.31232876712329,48.379432624113484,22422.221380120507,0.9739793300593711,0.967125998680642,1.0025652633167346
2018-05-14,600444.SH,26.289,26.468,26.029,26.129,437200.0,-1.43,26.239,1.995,0.416,0.54,0,交易,48.38703703703704,63.19471153846155,16796.649890506742,0.9913480429197522,0.9834139338068612,1.0042098817405947
2018-05-15,600444.SH,26.029,26.508,25.77,26.468,565300.0,1.298,26.148,1.995,0.538,0.698,0,交易,37.91977077363897,48.381040892193305,21936.360108653473,0.9864191942055229,0.9721593481213219,0.9879099289708327
2018-05-16,600444.SH,26.428,26.608,26.129,26.428,540405.0,-0.151,26.358,1.995,0.515,0.667,0,交易,39.622188905547226,51.31650485436893,20682.192200237285,0.9906043295249549,0.9819978953698136,0.9973512940820342
2018-05-17,600444.SH,26.528,26.528,26.169,26.189,424501.0,-0.906,26.28,1.995,0.404,0.524,0,交易,49.979007633587784,65.66336633663366,16221.521647751155,0.9906513872135103,0.9864671290711702,1.0034747413036007
2018-05-18,600444.SH,26.129,26.408,26.129,26.289,347001.0,0.381,26.296,1.995,0.33,0.428,0,交易,61.42289719626169,79.17878787878787,13280.301580619234,0.9957588609512268,0.9894350196910028,1.000266271063943
2018-05-21,600444.SH,26.389,26.728,26.329,26.708,499954.0,1.593,26.537,1.995,0.476,0.617,0,交易,43.28687196110211,55.439075630252105,18988.71966272931,0.9928539359473211,0.9850718347800059,0.9935974239928111
2018-05-22,600444.SH,26.708,26.967,26.428,26.907,377854.0,0.747,26.752,1.995,0.36,0.466,0,交易,57.74034334763948,74.18888888888888,14297.48751324353,0.9920272926169021,0.9800126080023733,0.9942394172520161
2018-05-23,600444.SH,26.967,27.027,26.209,26.289,651755.0,-2.298,26.542,1.995,0.621,0.804,0,交易,32.69776119402985,43.425120772946855,24867.602731885992,0.9820549820549821,0.9697339697339696,1.0096237970253719
2018-05-24,600444.SH,26.289,26.588,26.129,26.369,532401.0,0.303,26.338,1.995,0.507,0.657,0,交易,40.13546423135464,51.85207100591716,20375.865896130734,0.9905972619226718,0.9827365728900256,0.9988243771094847
2018-05-25,600444.SH,26.448,26.568,26.01,26.089,396501.0,-1.059,26.218,1.995,0.378,0.489,0,交易,53.351738241308794,69.96825396825398,15244.175317185696,0.9868262571514603,0.9789972899728997,1.0049446126720074
2018-05-28,600444.SH,26.089,26.109,25.531,25.571,430604.0,-1.988,25.805,1.995,0.41,0.531,0,交易,48.156308851224104,63.63170731707317,16865.92769574243,0.9883565054195871,0.9778620399096096,1.009150991357397
2018-05-29,600444.SH,25.651,25.77,25.252,25.291,347100.0,-1.092,25.475,1.995,0.331,0.428,0,交易,59.0911214953271,77.49546827794562,13745.44590527483,0.9885525805199845,0.9798991074893286,1.007275315329564
2018-05-30,600444.SH,24.753,25.132,23.835,23.915,722452.0,-5.442,24.527,1.995,0.688,0.892,0,交易,26.81053811659193,35.97819767441861,30310.55170967065,0.9759271048862008,0.9483924876651281,1.0255906334936233
2018-05-31,600444.SH,23.955,24.573,23.955,24.434,366000.0,2.168,24.273,1.995,0.349,0.452,0,交易,54.057522123893804,68.63896848137536,15278.647463994992,0.9877914784519595,0.9748504456110364,0.993410820987149
2018-06-01,600444.SH,24.534,24.633,24.234,24.553,250400.0,0.49,24.484,1.995,0.238,0.309,0,交易,79.45954692556634,103.08403361344538,10332.59057522489,0.9939512036698739,0.9838022165387895,0.9971897527797011
2018-06-04,600444.SH,25.391,27.007,25.391,26.029,3082227.0,6.011,26.25,1.995,2.935,3.804,0,交易,6.842534174553102,8.651107325383304,121390.53207829547,0.9719702299403857,0.9401636612730032,1.0084905297936917
2018-06-05,600444.SH,25.431,25.99,24.653,25.93,1665351.0,-0.383,25.262,1.995,1.586,2.056,0,交易,12.611867704280154,16.03467843631778,67551.65699914818,0.9719892266256254,0.9485571373605233,0.9742383339760895
2018-06-06,600444.SH,25.83,25.83,25.092,25.232,1119500.0,-2.692,25.321,1.995,1.066,1.382,0,交易,18.257597684515197,24.230769230769226,44615.81380519688,0.9802942315137438,0.9714285714285714,1.0035272669625872
2018-06-07,600444.SH,25.232,25.351,24.733,24.773,807600.0,-1.818,24.905,1.995,0.769,0.997,0,交易,24.84754262788365,32.81144343302991,32652.731168883678,0.9824070056408032,0.9756222634215613,1.0053283817058896
2018-06-08,600444.SH,24.693,25.032,24.573,24.653,807060.0,-0.483,24.73,1.995,0.769,0.996,0,交易,24.75200803212851,32.110533159947984,32843.36466853864,0.9879354426334293,0.9816634707574305,1.0031233521275302
2018-06-11,600444.SH,24.653,24.753,23.955,24.135,493942.0,-2.104,24.286,1.995,0.47,0.61,0,交易,39.56557377049181,52.4531914893617,20619.578376121895,0.9811335999676807,0.9677614834565507,1.0062564740004143
2018-06-12,600444.SH,24.075,24.593,24.075,24.494,374954.0,1.488,24.37,1.995,0.357,0.463,0,交易,52.902807775377966,67.43697478991596,15574.41329179647,0.9909323791322735,0.9789370959216037,0.9949375357230342
2018-06-13,600444.SH,24.494,24.713,24.135,24.454,405100.0,-0.163,24.408,1.995,0.386,0.5,0,交易,48.908,63.45595854922279,16784.752434224156,0.9876583174847247,0.9766115000202323,0.9981189171505684
2018-06-14,600444.SH,24.075,24.713,24.075,24.434,322054.0,-0.082,24.345,1.995,0.307,0.398,0,交易,61.391959798994975,78.42019543973942,13377.11318795431,0.9851090519159955,0.9741836280500141,0.9963575345829581
2018-06-15,600444.SH,24.514,24.514,23.716,23.756,476600.0,-2.776,23.92,1.995,0.454,0.588,0,交易,40.40136054421769,53.99559471365639,20096.13762860516,0.9757689483560416,0.967447173043975,1.0069035191109614
2018-06-19,600444.SH,23.177,23.516,21.382,21.382,756100.0,-9.992,22.169,1.995,0.72,0.933,0,交易,22.917470525187568,32.19027777777778,35361.51903470208,0.9427198503146794,0.9092532743663889,1.0368066598073145
2018-06-20,600444.SH,21.402,23.018,20.943,22.599,651470.0,5.69,21.676,1.995,0.62,0.804,0,交易,28.10820895522388,34.51935483870968,31106.813732512055,0.9416978017203926,0.9098531583977757,0.9591574848444621
2018-06-21,600444.SH,22.499,22.499,21.641,21.761,338191.0,-3.707,21.939,1.995,0.322,0.417,0,交易,52.18465227817746,69.87267080745342,15627.327757497344,0.9751100048891063,0.9618649717765234,1.008179771150223
2018-06-22,600444.SH,21.502,22.22,21.262,21.901,205300.0,0.642,21.922,1.995,0.196,0.253,0,交易,86.56521739130434,109.70408163265306,9655.72382654501,0.9865886588658866,0.9568856885688569,1.0009588603260124
2018-06-25,600444.SH,22.04,22.938,21.941,21.98,304400.0,0.364,22.28,1.995,0.29,0.376,0,交易,58.45744680851064,76.0,13873.570028713368,0.9713139768070452,0.9565350074112826,1.013648771610555
2018-06-26,600444.SH,21.98,22.539,21.342,22.519,440542.0,2.45,22.086,1.995,0.42,0.544,0,交易,41.39522058823529,52.333333333333336,20642.02042920064,0.9799015040596298,0.9468920537734592,0.9807717927083796
2018-06-27,600444.SH,22.3,22.519,22.1,22.339,332644.0,-0.797,22.305,1.995,0.317,0.411,0,交易,54.352798053527984,70.34700315457414,15051.764705882351,0.9904969137173054,0.9813934899418271,0.99847799811988
2018-06-28,600444.SH,22.14,24.434,21.941,22.359,1008200.0,0.089,23.348,1.995,0.96,1.244,0,交易,17.97347266881029,23.0625,45950.50362335354,0.9555537365965457,0.8979700417451092,1.0442327474395097
2018-06-29,600444.SH,22.619,23.317,22.04,22.998,672842.0,2.855,22.801,1.995,0.641,0.83,0,交易,27.70843373493976,35.28705148205928,30528.221415607986,0.9778702234421237,0.9452330917356435,0.9914340377424122
2018-07-02,600444.SH,22.938,22.938,22.14,22.339,430100.0,-2.862,22.457,1.995,0.41,0.531,0,交易,42.069679849340865,55.94634146341463,19426.377597109305,0.9790304298543901,0.9652105676170547,1.00528224181924
2018-07-03,600444.SH,22.2,22.878,22.1,22.718,348342.0,1.696,22.467,1.995,0.332,0.43,0,交易,52.83255813953488,66.86746987951807,15762.0814479638,0.9820351429320744,0.9659935309030511,0.9889514922088212
2018-07-04,600444.SH,22.718,22.718,21.941,22.28,367700.0,-1.932,22.269,1.995,0.35,0.454,0,交易,49.074889867841414,64.90857142857143,16758.579827719794,0.9802359362619948,0.9657980456026058,0.9995062836624774
2018-07-05,600444.SH,22.519,22.519,21.641,21.681,193900.0,-2.686,22.036,1.995,0.185,0.239,0,交易,90.71548117154812,121.72432432432431,8959.844739152535,0.9785514454460679,0.9610107020738043,1.0163737834970712
2018-07-06,600444.SH,21.621,21.961,20.963,21.661,523000.0,-0.092,21.503,1.995,0.498,0.646,0,交易,33.530959752321984,43.41566265060241,24948.719171874254,0.9791448476845317,0.9545558034697874,0.9927057845898157
2018-07-09,600444.SH,21.482,22.08,21.422,21.98,331442.0,1.473,21.749,1.995,0.316,0.409,0,交易,53.74083129584353,67.98101265822784,15472.038091681448,0.9850090579710146,0.970199275362319,0.9894904458598726
2018-07-10,600444.SH,22.02,22.14,21.362,21.941,504900.0,-0.181,21.875,1.995,0.481,0.623,0,交易,35.2182985553772,45.77962577962578,23635.427394438724,0.9880307136404697,0.9648599819331526,0.9969919329109886
2018-07-11,600444.SH,21.901,21.901,21.043,21.522,385100.0,-1.909,21.313,1.995,0.367,0.475,0,交易,45.30947368421052,59.67574931880109,18300.622534809678,0.9731519108716497,0.9608237066800602,0.9902890065978999
2018-07-12,600444.SH,21.522,22.599,21.183,22.04,619400.0,2.41,21.95,1.995,0.59,0.765,0,交易,28.810457516339866,36.47796610169492,29240.428645612046,0.971281915128988,0.9373423602814284,0.9959165154264973
2018-07-13,600444.SH,21.941,22.24,21.821,22.0,260702.0,-0.181,21.922,1.995,0.248,0.322,0,交易,68.32298136645963,88.47177419354838,11947.298473947114,0.9857014388489209,0.9811600719424461,0.9964545454545455
2018-07-16,600444.SH,21.801,22.2,21.681,21.741,285800.0,-1.179,21.829,1.995,0.272,0.353,0,交易,61.58923512747876,80.15073529411764,13182.048798487154,0.9832882882882883,0.9766216216216217,1.0040476519019366
2018-07-17,600444.SH,21.901,21.941,21.382,21.861,298500.0,0.55,21.696,1.995,0.284,0.368,0,交易,59.40489130434783,77.11619718309859,13960.340473295295,0.988833690351397,0.9745225832915547,0.9924523123370386
2018-07-18,600444.SH,22.02,22.12,21.881,21.941,380100.0,0.365,22.018,1.995,0.362,0.469,0,交易,46.782515991471215,60.828729281767956,17371.23531831269,0.9953887884267631,0.9891952983725135,1.0035094116038468
2018-07-19,600444.SH,21.941,21.961,21.342,21.921,1435200.0,-0.091,21.593,1.995,1.367,1.771,0,交易,12.377752682100509,16.050475493782002,67247.68062974417,0.9832430217203224,0.9718136696871728,0.9850371789608139
2018-07-20,600444.SH,21.741,22.06,21.582,22.04,423202.0,0.546,21.875,1.995,0.403,0.522,0,交易,42.22222222222222,53.94789081885855,19609.0260402187,0.9916137805983681,0.9783318223028106,0.9925136116152451
2018-07-23,600444.SH,22.04,22.32,21.721,22.1,227900.0,0.271,22.029,1.995,0.217,0.281,0,交易,78.6476868327402,101.5668202764977,10492.150453478202,0.9869623655913978,0.973163082437276,0.996787330316742
2018-07-24,600444.SH,22.06,22.659,22.0,22.619,684100.0,2.347,22.414,1.995,0.652,0.844,0,交易,26.799763033175356,33.83435582822086,31095.454545454544,0.9891875193080013,0.970916633567236,0.9909368230248906
2018-07-25,600444.SH,22.579,22.938,22.3,22.818,1921260.0,0.882,22.556,1.995,1.83,2.371,0,交易,9.623787431463517,12.338251366120218,86155.15695067264,0.983346412067312,0.9721858924056153,0.9885178367955123
2018-07-26,600444.SH,23.297,23.297,22.419,22.539,1149710.0,-1.224,22.616,1.995,1.095,1.419,0,交易,15.883720930232558,21.275799086757992,51282.840447834424,0.970768768510967,0.9623127441301456,1.0034163006344559
2018-07-27,600444.SH,22.539,23.716,22.539,23.377,1455012.0,3.717,23.255,1.995,1.386,1.796,0,交易,13.016146993318484,16.261904761904763,64555.30413949154,0.9805616461460617,0.9503710575139147,0.9947811951918553
2018-07-30,600444.SH,23.177,24.893,22.998,23.417,1154560.0,0.171,23.703,1.995,1.1,1.425,0,交易,16.43298245614035,21.069999999999997,50202.62631533176,0.9521953962961475,0.9238741814968063,1.0122133492761667
2018-07-31,600444.SH,23.397,23.935,23.237,23.556,718200.0,0.596,23.482,1.995,0.684,0.886,0,交易,26.58690744920993,34.206140350877185,30907.60425183974,0.981073741382912,0.9708376853979528,0.9968585498386823
2018-08-01,600444.SH,23.437,23.716,22.798,23.077,610100.0,-2.032,23.297,1.995,0.581,0.753,0,交易,30.64674634794157,40.339070567986234,26761.119396438287,0.9823326024624726,0.9612919547984482,1.0095333015556613
2018-08-02,600444.SH,22.938,23.058,21.98,22.419,825900.0,-2.852,22.485,1.995,0.787,1.019,0,交易,22.000981354268895,29.146124523506987,37575.068243858055,0.9751496226906062,0.9532483302975107,1.0029439314866853
2018-08-03,600444.SH,22.419,22.639,21.781,21.881,485700.0,-2.402,22.137,1.995,0.463,0.6,0,交易,36.468333333333334,48.42116630669546,22299.251641338782,0.9778258757012236,0.9621007995052785,1.0116996480965221
2018-08-06,600444.SH,21.881,21.961,21.203,21.582,342700.0,-1.367,21.51,1.995,0.326,0.423,0,交易,51.02127659574469,67.11963190184049,16162.807149931614,0.9794635945539822,0.9654842675652293,0.9966638865721434
2018-08-07,600444.SH,21.502,22.02,21.422,21.98,348700.0,1.848,21.774,1.995,0.332,0.43,0,交易,51.116279069767444,64.76506024096385,16277.658481934459,0.9888283378746595,0.9728428701180746,0.9906278434940855
2018-08-08,600444.SH,22.02,22.04,21.282,21.422,291660.0,-2.541,21.582,1.995,0.278,0.36,0,交易,59.50555555555556,79.20863309352517,13704.53904708204,0.9792196007259529,0.9656079854809437,1.0074689571468585
2018-08-09,600444.SH,21.442,22.1,21.402,21.881,304460.0,2.142,21.831,1.995,0.29,0.376,0,交易,58.194148936170215,73.93793103448276,14225.77329221568,0.9878280542986424,0.9684162895927602,0.997714912481148
2018-08-10,600444.SH,22.3,22.479,21.801,22.06,303832.0,0.82,21.964,1.995,0.289,0.375,0,交易,58.82666666666666,77.16262975778548,13936.608412458145,0.9770897281907558,0.9698385159482183,0.9956482320942883
2018-08-13,600444.SH,21.641,21.941,21.342,21.861,250120.0,-0.904,21.629,1.995,0.238,0.309,0,交易,70.74757281553399,90.92857142857143,11719.613906850343,0.9857800464883096,0.9726995123285174,0.9893874937102604
2018-08-14,600444.SH,21.901,21.941,21.402,21.821,190900.0,-0.182,21.784,1.995,0.182,0.236,0,交易,92.46186440677967,120.33516483516483,8919.727128305765,0.9928444464700789,0.9754341187730733,0.9983043856835158
2018-08-15,600444.SH,22.0,22.02,21.482,21.542,276400.0,-1.28,21.653,1.995,0.263,0.341,0,交易,63.17302052785924,83.65019011406844,12866.585978959129,0.9833333333333333,0.9755676657584015,1.005152724909479
2018-08-16,600444.SH,21.262,23.536,21.143,22.659,894400.0,5.185,22.015,1.995,0.852,1.104,0,交易,20.52445652173913,24.955399061032864,42302.41687556165,0.9353755948334466,0.8983259687287559,0.9715786221810319
2018-08-17,600444.SH,23.815,24.414,22.28,22.599,1856320.0,-0.264,23.522,1.995,1.768,2.291,0,交易,9.8642514185945,13.47002262443439,83317.77378815081,0.9634635864667812,0.9125911362333088,1.0408425151555378
2018-08-20,600444.SH,21.542,21.881,20.365,20.903,1448054.0,-7.502,20.828,1.995,1.379,1.787,0,交易,11.697257974258534,15.621464829586658,71105.0331451019,0.9518760568529774,0.9307161464284082,0.9964119982777592
2018-08-21,600444.SH,20.684,20.983,20.485,20.844,554400.0,-0.286,20.772,1.995,0.528,0.684,0,交易,30.473684210526315,39.17424242424242,27063.705150109836,0.9899442405757041,0.9762665014535576,0.9965457685664938
2018-08-22,600444.SH,20.844,20.883,20.604,20.624,279406.0,-1.053,20.737,1.995,0.266,0.345,0,交易,59.779710144927535,78.3609022556391,13560.764900019414,0.9930086673370684,0.9866398505961788,1.005479053529868
2018-08-23,600444.SH,20.564,20.784,20.425,20.584,287100.0,-0.193,20.58,1.995,0.273,0.354,0,交易,58.14689265536723,75.32600732600731,14056.303549571603,0.9901847575057736,0.9827270977675135,0.9998056743101438
2018-08-24,600444.SH,21.143,21.143,20.704,20.844,393049.0,1.26,20.96,1.995,0.374,0.485,0,交易,42.97731958762887,56.532085561497325,18984.205950540956,0.9913446530766684,0.9792366267795488,1.0055651506428709
2018-08-27,600444.SH,21.023,21.183,20.764,21.123,329150.0,1.34,21.048,1.995,0.313,0.406,0,交易,52.02709359605911,67.16613418530352,15851.95530726257,0.9936269650191191,0.9802199877260067,0.9964493679875016
2018-08-28,600444.SH,21.123,21.342,21.043,21.282,329800.0,0.755,21.22,1.995,0.314,0.407,0,交易,52.28992628992629,67.27070063694268,15672.670246637837,0.9942835722987536,0.98599006653547,0.9970867399680481
2018-08-29,600444.SH,21.382,21.382,21.063,21.242,266900.0,-0.187,21.258,1.995,0.254,0.329,0,交易,64.56534954407294,84.18110236220473,12671.509281678775,0.9942007295856327,0.9850809091759423,1.0007532247434328
2018-08-30,600444.SH,21.382,21.382,20.844,20.943,333300.0,-1.408,21.102,1.995,0.317,0.411,0,交易,50.95620437956205,67.45110410094638,15990.213010938398,0.9869048732578805,0.9748386493312131,1.0075920355249963
2018-08-31,600444.SH,21.043,21.123,20.564,20.963,270600.0,0.095,20.771,1.995,0.258,0.334,0,交易,62.76347305389221,81.56201550387597,13158.918498346626,0.9833357004213417,0.9735359560668465,0.9908410055812622
2018-09-03,600444.SH,20.624,20.804,20.245,20.724,317957.0,-1.142,20.551,1.995,0.303,0.392,0,交易,52.86734693877551,68.06600660066006,15705.458137811805,0.9878388771390118,0.973130167275524,0.9916521906967766
2018-09-04,600444.SH,20.923,20.983,20.485,20.963,516157.0,1.155,20.722,1.995,0.492,0.637,0,交易,32.90894819466248,42.52642276422764,25196.826946546254,0.9875613591955393,0.9762665014535576,0.9885035538806469
2018-09-05,600444.SH,20.744,20.883,20.564,20.684,243300.0,-1.332,20.727,1.995,0.232,0.3,0,交易,68.94666666666667,89.41379310344827,11831.355767360435,0.9925298089354978,0.9847244169898961,1.0020789015664282
2018-09-06,600444.SH,20.504,20.784,20.465,20.644,172300.0,-0.193,20.653,1.995,0.164,0.213,0,交易,96.92018779342722,125.02439024390245,8419.252382115808,0.9936970746728252,0.9846516551193226,1.0004359620228638
2018-09-07,600444.SH,20.644,21.003,20.584,20.804,250600.0,0.773,20.756,1.995,0.239,0.309,0,交易,67.32686084142395,86.3765690376569,12174.504469490867,0.9882397752701995,0.9800504689806218,0.9976927513939627
2018-09-10,600444.SH,20.764,20.784,20.165,20.744,276900.0,-0.288,20.518,1.995,0.264,0.342,0,交易,60.654970760233915,78.65151515151514,13731.713364740888,0.9872016936104697,0.9702174749807544,0.989105283455457
2018-09-11,600444.SH,20.524,20.744,20.145,20.744,268501.0,0.0,20.473,1.995,0.256,0.331,0,交易,62.670694864048336,80.171875,13328.418962521719,0.9869359814886232,0.9711241804859236,0.9869359814886232
2018-09-12,600444.SH,20.684,20.824,20.345,20.764,179100.0,0.096,20.728,1.995,0.171,0.221,0,交易,93.95475113122171,120.95906432748538,8803.145736053084,0.9953899346907414,0.9769976949673452,0.998266230013485
2018-09-13,600444.SH,20.744,21.063,20.584,20.863,187400.0,0.48,20.766,1.995,0.178,0.231,0,交易,90.31601731601731,116.53932584269663,9104.158569762923,0.9858994445235721,0.9772587000902057,0.9953506207161003
2018-09-14,600444.SH,20.604,20.903,20.485,20.524,213800.0,-1.625,20.705,1.995,0.204,0.264,0,交易,77.74242424242424,101.0,10436.905052477423,0.9905276754532842,0.9800028704013778,1.0088189436756967
2018-09-17,600444.SH,20.365,20.804,20.345,20.445,162900.0,-0.389,20.448,1.995,0.155,0.201,0,交易,101.71641791044776,131.38709677419354,8006.8812976161225,0.9828879061718901,0.9779369352047683,1.0001467351430668
2018-09-18,600444.SH,20.265,20.724,20.265,20.684,239400.0,1.171,20.555,1.995,0.228,0.295,0,交易,70.11525423728814,88.88157894736842,11813.471502590673,0.9918452036286431,0.9778517660683266,0.9937632953007155
2018-09-19,600444.SH,20.624,21.143,20.365,20.923,463800.0,1.157,20.919,1.995,0.442,0.572,0,交易,36.57867132867133,46.660633484162894,22774.36778787135,0.9894054769900203,0.9632029513314098,0.9998088228265546
2018-09-20,600444.SH,20.943,21.143,20.704,20.863,357000.0,-0.286,20.897,1.995,0.34,0.441,0,交易,47.30839002267574,61.59705882352941,17243.04482225657,0.9883649434801115,0.9792366267795488,1.0016296793366246
2018-09-21,600444.SH,20.863,21.123,20.704,21.123,431900.0,1.243,20.919,1.995,0.411,0.533,0,交易,39.630393996247655,50.76155717761557,20860.703245749613,0.9903422809260048,0.9801638024901765,0.9903422809260048
2018-09-25,600444.SH,21.103,21.103,20.724,20.903,262100.0,-1.039,20.886,1.995,0.179,0.324,0,交易,64.51543209876543,117.89385474860336,12647.172360548157,0.9897171018338624,0.9820404681798796,0.9991867196096255
2018-09-26,600444.SH,20.844,21.123,20.804,20.963,377800.0,0.286,20.994,1.995,0.258,0.466,0,交易,44.98497854077253,80.79069767441861,18159.969236685254,0.993892912938503,0.9848979785068408,1.0014787959738587
2018-09-27,600444.SH,20.883,21.003,20.405,20.544,359600.0,-1.998,20.718,1.995,0.246,0.444,0,交易,46.270270270270274,84.89024390243902,17623.131585395735,0.9864305099271533,0.9715278769699567,1.0084696261682242
2018-09-28,600444.SH,20.624,20.923,20.345,20.863,341500.0,1.553,20.716,1.995,0.233,0.422,0,交易,49.43838862559242,88.51502145922746,16785.450970754486,0.990106581274196,0.9723748984371267,0.9929540334563582
2018-10-08,600444.SH,20.664,20.883,20.106,20.684,429700.0,-0.86,20.492,1.995,0.293,0.53,0,交易,39.026415094339626,70.52559726962458,21371.729831890974,0.9812766364985874,0.9627927021979602,0.990717462773158
2018-10-09,600444.SH,20.524,20.644,20.245,20.644,330100.0,-0.193,20.504,1.995,0.225,0.407,0,交易,50.72235872235872,91.21777777777778,16305.260558162508,0.9932183685332301,0.9806723503197056,0.9932183685332301
2018-10-10,600444.SH,20.784,20.883,20.445,20.664,187700.0,0.097,20.66,1.995,0.128,0.232,0,交易,89.06896551724138,162.375,9180.728784543899,0.9893214576449745,0.9790260020112054,0.9998064266356949
2018-10-11,600444.SH,20.066,20.185,18.59,18.909,499087.0,-8.494,19.277,1.995,0.341,0.616,0,交易,30.69642857142857,58.84457478005864,26847.068316299086,0.9550161010651474,0.9209809264305178,1.019461632027077
2018-10-12,600444.SH,18.769,18.769,17.213,18.61,303261.0,-1.582,18.261,1.995,0.207,0.374,0,交易,49.75935828877005,90.67149758454106,17618.137454249692,0.9729340934519687,0.9170973413607546,0.9812466415905428
2018-10-15,600444.SH,18.829,18.909,18.35,18.709,190100.0,0.536,18.697,1.995,0.13,0.235,0,交易,79.61276595744681,144.83846153846153,10359.67302452316,0.9887884076365752,0.970437357871913,0.9993585974664599
2018-10-16,600444.SH,18.729,18.729,18.151,18.33,224400.0,-2.026,18.437,1.995,0.153,0.277,0,交易,66.17328519855594,122.41176470588235,12362.95520907939,0.9844092049762402,0.9691387687543382,1.0058374249863613
2018-10-17,600444.SH,18.709,18.829,17.971,18.231,235300.0,-0.544,18.345,1.995,0.161,0.29,0,交易,62.86551724137932,116.20496894409938,13093.317010739525,0.9742949705241913,0.9544319932019757,1.0062530854039822
2018-10-18,600444.SH,18.35,18.35,17.253,17.532,241634.0,-3.829,17.806,1.995,0.165,0.298,0,交易,58.83221476510067,111.21212121212122,14005.332405958385,0.9703542234332425,0.9402179836512261,1.015628564909879
2018-10-19,600444.SH,16.974,17.931,16.934,17.931,212145.0,2.275,17.522,1.995,0.145,0.262,0,交易,68.43893129770993,117.06206896551726,12527.754812802645,0.9771903407506551,0.9443979699960962,0.9771903407506551
2018-10-22,600444.SH,18.33,19.128,18.211,18.949,342560.0,5.673,18.783,1.995,0.234,0.423,0,交易,44.79669030732861,78.33333333333333,18810.60897259898,0.9819636135508156,0.9520598076118778,0.9912396432529421
2018-10-23,600444.SH,19.048,19.168,18.37,18.649,301300.0,-1.579,18.828,1.995,0.206,0.372,0,交易,50.13172043010753,92.46601941747572,16401.741970604246,0.9822621035058431,0.9583681135225377,1.0095983698857847
2018-10-24,600444.SH,18.51,19.068,18.51,19.008,405400.0,1.925,18.926,1.995,0.277,0.5,0,交易,38.016,66.82310469314079,21901.67477039438,0.9925529683238933,0.9707363121460038,0.9956860269360269
2018-10-25,600444.SH,18.649,19.866,18.151,18.949,403560.0,-0.315,18.811,1.995,0.276,0.498,0,交易,38.05020080321285,67.56884057971014,22233.48575836042,0.9468941910802376,0.9136715997181114,0.9927172937885903
2018-10-26,600444.SH,19.048,19.328,18.61,18.649,410000.0,-1.579,18.839,1.995,0.28,0.506,0,交易,36.855731225296445,68.02857142857141,22031.166039763568,0.974699917218543,0.9628518211920529,1.0101882138452463
2018-10-29,600444.SH,18.35,18.689,18.151,18.53,360802.0,-0.642,18.41,1.995,0.246,0.445,0,交易,41.640449438202246,74.59349593495935,19877.802875874608,0.9850714323933865,0.9712130130023008,0.9935240151106314
2018-10-30,600444.SH,18.45,18.829,18.211,18.669,295100.0,0.753,18.539,1.995,0.202,0.364,0,交易,51.28846153846154,91.33663366336633,16204.491790675966,0.9845982261405279,0.9671782888098145,0.9930365847126252
2018-10-31,600444.SH,18.59,19.148,18.59,18.989,272000.0,1.709,18.961,1.995,0.186,0.336,0,交易,56.51488095238095,99.94623655913979,14631.522323830017,0.9902339669939418,0.9708585753081261,0.9985254621096423
2018-11-01,600444.SH,19.288,19.328,19.008,19.088,422000.0,0.525,19.143,1.995,0.288,0.521,0,交易,36.63723608445297,66.97222222222223,22201.178451178454,0.9904283940397351,0.9834437086092715,1.0028813914501258
2018-11-02,600444.SH,19.168,19.826,19.068,19.527,495250.0,2.299,19.367,1.995,0.338,0.611,0,交易,31.95908346972177,56.71005917159763,25972.834067547723,0.9768485826692223,0.9617673761727026,0.9918062170328263
2018-11-05,600444.SH,19.647,20.345,19.368,20.046,875849.0,2.656,19.953,1.995,0.598,1.081,0,交易,18.543940795559667,32.85451505016722,45221.447748864106,0.9807323666748587,0.9519783730646351,0.9953606704579467
2018-11-06,600444.SH,20.265,20.265,19.547,20.026,429460.0,-0.1,19.896,1.995,0.293,0.53,0,交易,37.784905660377355,69.16382252559728,21970.63488003274,0.9817912657290896,0.9645694547248952,0.993508439029262
2018-11-07,600444.SH,19.866,20.345,19.866,20.086,375300.0,0.299,20.11,1.995,0.256,0.463,0,交易,43.382289416846646,77.6015625,18891.573542736332,0.9884492504300811,0.9764561317276973,1.0011948620930002
2018-11-08,600444.SH,20.046,20.485,19.866,20.026,324200.0,-0.298,20.143,1.995,0.221,0.4,0,交易,50.065,90.70588235294117,16319.339575153528,0.9833048572125946,0.9697827678789358,1.0058424048736643
2018-11-09,600444.SH,19.826,20.245,19.487,20.245,424787.0,1.096,19.892,1.995,0.29,0.524,0,交易,38.63549618320611,68.36551724137932,21798.48103864115,0.9825635959496171,0.9625586564583847,0.9825635959496171
2018-11-12,600444.SH,20.205,20.704,20.066,20.704,422602.0,2.266,20.485,1.995,0.289,0.522,0,交易,39.662835249042146,69.91349480968859,21060.60001993422,0.9894223338485316,0.9691846986089644,0.9894223338485316
2018-11-13,600444.SH,20.544,21.681,20.305,21.442,1303987.0,3.565,21.102,1.995,0.891,1.61,0,交易,13.318012422360248,23.05723905723906,64219.995075104656,0.9732945897329459,0.9365342926986762,0.9841432702173305
2018-11-14,600444.SH,21.442,21.442,20.943,21.143,718701.0,-1.395,21.162,1.995,0.491,0.887,0,交易,23.83652762119504,43.670061099796335,34317.003294656926,0.9869415166495662,0.9767279171719057,1.0008986425767392
2018-11-15,600444.SH,21.322,21.382,20.983,21.242,606010.0,0.472,21.179,1.995,0.414,0.748,0,交易,28.398395721925134,51.5024154589372,28880.998903874566,0.9905060331119632,0.9813394443924797,0.9970341775727332
2018-11-16,600444.SH,21.282,21.901,21.123,21.402,858987.0,0.751,21.415,1.995,0.587,1.06,0,交易,20.19056603773585,36.25553662691652,40665.95654026417,0.977809232455139,0.9644765079220128,1.000607419867302
2018-11-19,600444.SH,21.502,21.821,21.183,21.821,985678.0,1.957,21.568,1.995,0.673,1.217,0,交易,17.93015612161052,31.949479940564633,46531.558325071994,0.9884056642683653,0.9707621098941386,0.9884056642683653
2018-11-20,600444.SH,21.402,21.741,20.724,20.863,627856.0,-4.388,21.251,1.995,0.429,0.775,0,交易,26.919999999999998,49.888111888111894,30296.08183748311,0.9774619382733085,0.9532220229060301,1.018597517135599
2018-11-21,600444.SH,20.863,21.881,20.504,21.821,991846.0,4.589,21.304,1.995,0.677,1.224,0,交易,17.82761437908497,30.816838995568684,48373.293015996875,0.9736300900324482,0.9370686897308167,0.9763072269831812
2018-11-22,600444.SH,21.741,23.297,21.382,23.137,2246257.0,6.033,22.453,1.995,1.534,2.773,0,交易,8.343671114316624,14.172750977835722,105053.64325133289,0.9637721595055156,0.9178005751813538,0.9704369624411116
2018-11-23,600444.SH,23.097,24.035,21.661,22.379,3828202.0,-3.276,22.918,1.995,2.615,4.725,0,交易,4.736296296296297,8.832504780114723,176732.46849175938,0.9535261077595173,0.901227376742251,1.0240850797622771
2018-11-26,600444.SH,21.522,21.562,20.145,20.165,2368159.0,-9.893,20.641,1.995,1.617,2.923,0,交易,6.898734177215189,13.309833024118738,117555.67138247704,0.9572859660513866,0.9342825340877469,1.0236052566327796
2018-11-27,600444.SH,20.046,20.345,19.647,20.145,1403700.0,-0.099,20.062,1.995,0.959,1.733,0,交易,11.624350836699364,20.903023983315954,71446.02229347992,0.986089948390268,0.9656918161710494,0.9958798709357162
2018-11-28,600444.SH,20.026,20.185,19.507,20.046,784111.0,-0.495,19.875,1.995,0.536,0.968,0,交易,20.708677685950413,37.36194029850746,40196.39103911416,0.9846420609363389,0.9664107010156058,0.9914696198742892
2018-11-29,600444.SH,20.145,20.305,19.447,19.547,609900.0,-2.488,19.865,1.995,0.417,0.753,0,交易,25.95883134130146,48.309352517985616,31362.163829896643,0.9783304604777148,0.957744397931544,1.0162684810968434
2018-11-30,600444.SH,19.447,19.906,19.308,19.766,622000.0,1.122,19.554,1.995,0.425,0.768,0,交易,25.736979166666664,45.75764705882353,32214.626061736068,0.9823168893800864,0.9699588063900332,0.9892745117879187
2018-12-03,600444.SH,19.966,20.504,19.966,20.365,828100.0,3.027,20.251,1.995,0.566,1.022,0,交易,19.926614481409,35.275618374558306,41475.50836421917,0.9876609442060086,0.9737612173234491,0.9944021605696048
2018-12-04,600444.SH,20.205,20.485,20.145,20.425,525540.0,0.294,20.34,1.995,0.359,0.649,0,交易,31.471494607087827,56.28133704735376,26087.862993298586,0.992921649987796,0.9834024896265561,0.9958384332925336
2018-12-05,600444.SH,20.106,20.305,19.667,20.145,462287.0,-1.367,20.039,1.995,0.316,0.571,0,交易,35.280210157618214,63.62658227848102,23505.720242029794,0.9868997783797095,0.9685791676926866,0.9947381484239266
2018-12-06,600444.SH,20.125,20.325,19.806,19.826,353600.0,-1.584,20.042,1.995,0.241,0.436,0,交易,45.472477064220186,83.50622406639005,17853.175805311523,0.9860762607626078,0.9744649446494466,1.0108947846262484
2018-12-07,600444.SH,19.747,20.185,19.747,20.185,390240.0,1.811,20.043,1.995,0.267,0.482,0,交易,41.87759336099585,73.95880149812734,19761.98916291082,0.9929650730740649,0.9783007183552144,0.9929650730740649
2018-12-10,600444.SH,19.846,20.086,19.607,19.747,269600.0,-2.174,19.833,1.995,0.184,0.333,0,交易,59.3003003003003,107.85869565217392,13750.191258224104,0.9874041621029572,0.9761525440605398,1.0043550919126956
2018-12-11,600444.SH,19.786,20.106,19.707,20.106,308700.0,1.818,19.882,1.995,0.211,0.381,0,交易,52.77165354330709,93.77251184834124,15664.484700867712,0.9888590470506317,0.9801551775589376,0.9888590470506317
2018-12-12,600444.SH,20.066,20.145,19.926,20.106,204400.0,0.0,20.058,1.995,0.14,0.252,0,交易,79.78571428571429,143.3285714285714,10257.954431396167,0.9956813104988831,0.9891288160833953,0.997612652939421
2018-12-13,600444.SH,20.106,20.385,19.607,20.106,319000.0,0.0,20.063,1.995,0.218,0.394,0,交易,51.03045685279188,92.22935779816514,16269.699597082676,0.98420407162129,0.9618346823644836,0.9978613349248979
2018-12-14,600444.SH,19.946,20.345,19.766,20.125,611900.0,0.099,19.975,1.995,0.418,0.755,0,交易,26.655629139072847,47.7177033492823,30957.199231002734,0.9818137134431065,0.9715409191447529,0.9925465838509318
2018-12-17,600444.SH,20.106,20.145,19.647,20.125,632927.0,0.0,19.936,1.995,0.432,0.781,0,交易,25.768245838668374,46.54166666666667,32214.94375731664,0.9896252171754778,0.9752792256142963,0.9906086956521739
2018-12-18,600444.SH,20.006,20.006,19.108,20.006,324200.0,-0.595,19.821,1.995,0.221,0.4,0,交易,50.015,90.52488687782805,16966.715511827508,0.9907527741677498,0.955113465960212,0.9907527741677498
2018-12-19,600444.SH,20.066,20.165,19.727,20.006,281747.0,0.0,19.912,1.995,0.192,0.348,0,交易,57.48850574712644,104.51041666666666,14282.30344198307,0.9874535085544259,0.9782791966278206,0.9953014095771268
2018-12-20,600444.SH,19.906,20.145,19.806,20.086,232300.0,0.399,19.989,1.995,0.159,0.287,0,交易,69.98606271777004,125.1949685534591,11728.769059880844,0.9922561429635146,0.9831720029784066,0.995170765707458
2018-12-21,600444.SH,19.946,20.046,19.587,19.906,176800.0,-0.894,19.831,1.995,0.121,0.218,0,交易,91.31192660550458,164.84297520661158,9026.395057946598,0.9892746682629951,0.9771026638730919,0.9962322917713252
2018-12-24,600444.SH,19.926,20.744,19.786,20.704,522500.0,4.008,20.323,1.995,0.357,0.645,0,交易,32.09922480620155,55.81512605042017,26407.560901647626,0.9797049749325106,0.9538179714616275,0.9815977588871716
2018-12-25,600444.SH,20.564,20.844,19.846,20.784,858200.0,0.385,20.409,1.995,0.586,1.059,0,交易,19.626062322946176,35.092150170648466,43242.97087574322,0.9791306850892342,0.9521205142966801,0.9819572748267898
2018-12-26,600444.SH,20.784,22.599,20.504,21.422,2255800.0,3.071,21.508,1.995,1.541,2.784,0,交易,7.6946839080459775,13.487345879299156,110017.55754974639,0.9517235275897163,0.9072967830434976,1.0040145644664362
2018-12-27,600444.SH,21.262,21.941,19.587,19.667,1972600.0,-8.194,20.491,1.995,1.347,2.435,0,交易,8.076796714579055,15.784706755753527,100709.65436258743,0.9339136775899002,0.8927122738252586,1.0418975949560176
2018-12-28,600444.SH,19.647,19.846,19.048,19.048,1124600.0,-3.144,19.293,1.995,0.768,1.388,0,交易,13.723342939481268,25.582031249999996,59040.31919361613,0.9721354429104101,0.9597903859719842,1.012862242755145
2019-01-02,600444.SH,19.128,19.607,18.789,19.188,633000.0,0.733,19.196,1.995,0.432,0.781,0,交易,24.568501920614594,44.27777777777778,33689.92495609133,0.9790380986382415,0.9582802060488602,1.0004169272461956
2019-01-03,600444.SH,19.008,19.368,18.829,18.849,556000.0,-1.767,19.089,1.995,0.38,0.686,0,交易,27.47667638483965,50.02105263157895,29528.918158160282,0.9855947955390335,0.9721705906650145,1.0127327709692822
2019-01-04,600444.SH,18.649,19.507,18.55,19.328,600500.0,2.54,19.098,1.995,0.41,0.741,0,交易,26.083670715249664,45.48536585365854,32371.96765498652,0.9790331675808683,0.9509406879581688,0.9881001655629139
2019-01-07,600444.SH,19.487,19.647,19.328,19.607,547700.0,1.445,19.532,1.995,0.374,0.676,0,交易,29.004437869822482,52.10427807486631,28337.12748344371,0.9941466890619434,0.9837634244413906,0.9961748355179273
2019-01-08,600444.SH,19.647,19.727,19.427,19.507,447601.0,-0.509,19.55,1.995,0.306,0.552,0,交易,35.33876811594203,64.20588235294117,23040.150306274772,0.9910275257261622,0.9847924164850205,1.002204336904701
2019-01-09,600444.SH,19.507,19.886,19.387,19.727,476557.0,1.125,19.721,1.995,0.325,0.588,0,交易,33.54931972789116,60.02153846153846,24581.26579666787,0.9917027054208992,0.9749069697274465,0.9996958483297004
2019-01-10,600444.SH,19.667,19.846,19.487,19.687,336700.0,-0.202,19.706,1.995,0.23,0.416,0,交易,47.32451923076923,85.50869565217391,17278.185456971314,0.9929456817494708,0.9819107124861433,1.000965103875654
2019-01-11,600444.SH,19.507,19.866,19.487,19.786,479500.0,0.507,19.66,1.995,0.327,0.592,0,交易,33.4222972972973,59.65443425076453,24606.147688202393,0.9896305245142455,0.9809221785965971,0.9936318609117557
2019-01-14,600444.SH,19.766,20.604,19.607,20.604,1235900.0,4.133,20.17,1.995,0.844,1.525,0,交易,13.510819672131149,23.419431279620852,63033.61044524915,0.9789361289070084,0.9516113376043487,0.9789361289070084
2019-01-15,600444.SH,20.465,20.804,20.265,20.704,1172000.0,0.484,20.524,1.995,0.8,1.447,0,交易,14.30822391154112,25.581249999999997,57833.70342955835,0.9865410497981159,0.974091520861373,0.991306027820711
2019-01-16,600444.SH,20.604,20.704,20.345,20.544,686300.0,-0.771,20.545,1.995,0.469,0.847,0,交易,24.255017709563166,43.9317697228145,33733.103956746134,0.9923203245749614,0.9826603554868624,1.0000486760124612
2019-01-17,600444.SH,20.544,20.684,20.165,20.445,566963.0,-0.485,20.449,1.995,0.387,0.7,0,交易,29.20714285714286,53.08527131782946,28116.191420778578,0.9886385612067299,0.9749081415586927,1.0001956468574225
2019-01-18,600444.SH,20.245,20.504,20.245,20.465,391800.0,0.098,20.429,1.995,0.268,0.484,0,交易,42.28305785123967,75.5410447761194,19352.926648555196,0.9963421771361685,0.9873683183769021,0.9982408990960175
2019-01-21,600444.SH,20.544,20.644,20.125,20.584,480600.0,0.585,20.553,1.995,0.328,0.593,0,交易,34.711635750421586,62.63414634146341,23880.745341614907,0.9955919395465996,0.9748595233481884,0.9984939759036146
2019-01-22,600444.SH,20.644,20.923,20.405,20.445,622500.0,-0.678,20.652,1.995,0.425,0.768,0,交易,26.62109375,48.57411764705882,30507.228620436166,0.9870477464990681,0.975242556038809,1.0101247248716068
2019-01-23,600444.SH,20.544,20.644,20.285,20.544,337300.0,0.488,20.501,1.995,0.23,0.416,0,交易,49.38461538461539,89.32173913043478,16628.050283460685,0.9930730478589422,0.9826099593102113,0.9979069314641745
2019-01-24,600444.SH,20.485,20.724,20.345,20.425,484600.0,-0.583,20.438,1.995,0.331,0.598,0,交易,34.15551839464883,61.88821752265861,23819.120176947654,0.9861995753715498,0.9817120247056552,1.0006364749082006
2019-01-25,600444.SH,20.405,20.465,20.165,20.165,449400.0,-1.27,20.343,1.995,0.307,0.555,0,交易,36.33333333333333,66.46579804560261,22286.139350359535,0.9940386024920597,0.9853408258001466,1.008827175799653
2019-01-28,600444.SH,21.083,21.123,20.086,20.165,499700.0,0.0,20.373,1.995,0.341,0.617,0,交易,32.68233387358185,61.826979472140756,24878.024494672907,0.9644936798750178,0.9509065947071911,1.0103149020580213
2019-01-29,600444.SH,19.966,20.026,19.248,19.348,773000.0,-4.055,19.481,1.995,0.528,0.954,0,交易,20.28092243186583,37.81439393939394,40160.016625103905,0.9727853790072906,0.9611505043443525,1.0068740955137483
2019-01-30,600444.SH,19.148,19.507,19.068,19.248,346000.0,-0.515,19.365,1.995,0.236,0.427,0,交易,45.07728337236534,81.13559322033899,18145.584224879378,0.9927205618495923,0.9774952581124724,1.00607855361596
2019-01-31,600444.SH,19.148,19.826,18.969,19.128,1182542.0,-0.622,19.317,1.995,0.808,1.46,0,交易,13.1013698630137,23.698019801980195,62340.766513785646,0.9743266417835166,0.9567739332190054,1.0098808030112922
2019-02-01,600444.SH,18.789,19.806,18.789,19.786,552677.0,3.441,19.487,1.995,0.377,0.682,0,交易,29.011730205278592,49.838196286472154,29414.92362552557,0.9838937695647783,0.9486519236594971,0.9848883048620235
2019-02-11,600444.SH,19.826,19.966,19.148,19.946,464738.0,0.806,19.781,1.995,0.317,0.574,0,交易,34.74912891986063,62.542586750788644,24270.837685397953,0.9907342482219772,0.9590303515977161,0.9917276646946754
2019-02-12,600444.SH,20.106,20.305,19.926,20.225,609863.0,1.4,20.182,1.995,0.417,0.753,0,交易,26.859229747675965,48.2158273381295,30606.39365652916,0.993942378724452,0.9813346466387589,0.9978739184177996
2019-02-13,600444.SH,20.265,20.644,20.185,20.604,839301.0,1.874,20.426,1.995,0.573,1.036,0,交易,19.888030888030887,35.36649214659686,41580.43101312856,0.9894400310017438,0.977765936833947,0.991360900795962
2019-02-14,600444.SH,20.704,20.863,20.165,20.604,945932.0,0.0,20.46,1.995,0.646,1.168,0,交易,17.64041095890411,32.04953560371517,46909.595834366475,0.9806835066864785,0.9665436418539999,0.9930110658124637
2019-02-15,600444.SH,20.584,20.664,20.285,20.365,696900.0,-1.162,20.42,1.995,0.476,0.86,0,交易,23.680232558139533,43.2436974789916,34355.435050529944,0.9881920247773907,0.9816589237320944,1.0027007120058926
2019-02-18,600444.SH,20.405,21.083,20.405,20.963,1236636.0,2.938,20.741,1.995,0.845,1.526,0,交易,13.73722149410223,24.147928994082843,60604.557706444495,0.9837783996584927,0.9678413887966609,0.9894099127033343
2019-02-19,600444.SH,20.983,21.023,20.684,20.804,805000.0,-0.761,20.845,1.995,0.55,0.994,0,交易,20.929577464788732,38.15090909090909,38918.971185457354,0.9915330828140607,0.9838748037863293,1.0019707748509903
2019-02-20,600444.SH,21.103,21.183,20.624,21.143,1077472.0,1.63,20.956,1.995,0.736,1.33,0,交易,15.896992481203007,28.67255434782609,52243.59968968193,0.989283859698815,0.9736109144125006,0.9911554651657759
2019-02-21,600444.SH,21.143,21.203,20.724,21.003,1066000.0,-0.66,21.041,1.995,0.728,1.316,0,交易,15.959726443768997,29.04258241758242,51437.94634240494,0.9923595717587135,0.9774088572371834,1.0018092653430462
2019-02-22,600444.SH,20.744,21.103,20.744,21.103,1375600.0,0.475,20.98,1.995,0.939,1.698,0,交易,12.428150765606597,22.091586794462195,66313.15079059005,0.9941714448182722,0.982988200729754,0.9941714448182722
2019-02-25,600444.SH,21.143,21.881,21.083,21.741,4182564.0,3.025,21.493,1.995,2.857,5.163,0,交易,4.210923881464264,7.400420021001049,198385.6187449604,0.9822677208537086,0.9635300031991224,0.9885929810036337
2019-02-26,600444.SH,21.741,22.06,21.462,21.821,2542700.0,0.367,21.748,1.995,1.737,3.138,0,交易,6.953792224346718,12.516407599309153,118474.5130929084,0.985856754306437,0.972892112420671,0.9966545987809907
2019-02-27,600444.SH,21.721,21.98,21.442,21.601,1462701.0,-1.005,21.789,1.995,0.999,1.805,0,交易,11.967313019390582,21.74274274274274,68216.6309112956,0.9913102820746134,0.9755232029117379,1.0087033007731125
2019-02-28,600444.SH,21.582,21.98,21.482,21.961,1311772.0,1.662,21.76,1.995,0.896,1.619,0,交易,13.564546016059294,24.087053571428573,61063.77432268876,0.9899909008189264,0.9773430391264786,0.9908474113200675
2019-03-01,600444.SH,21.881,22.0,21.502,21.681,1638700.0,-1.272,21.637,1.995,1.119,2.023,0,交易,10.717251606524963,19.554066130473636,76211.51520788764,0.9835,0.9773636363636363,0.9979705733130391
2019-03-04,600444.SH,21.741,22.18,21.641,21.921,2592491.0,1.104,21.961,1.995,1.771,3.2,0,交易,6.850312499999999,12.276115189158668,119795.34217457604,0.9901262398557258,0.9756988277727682,1.0018247342730715
2019-03-05,600444.SH,22.06,22.499,21.741,22.439,4032648.0,2.366,22.084,1.995,2.754,4.978,0,交易,4.50763358778626,8.010167029774873,185485.85621636538,0.9815547357660341,0.9663096137606116,0.9841793306297072
2019-03-06,600444.SH,22.519,22.898,22.14,22.778,2640848.0,1.511,22.514,1.995,1.804,3.26,0,交易,6.987116564417178,12.482815964523281,119279.49412827461,0.9832299764171544,0.9668966721984453,0.9884098691720081
2019-03-07,600444.SH,22.738,23.157,22.399,22.978,2121941.0,0.876,22.821,1.995,1.449,2.619,0,交易,8.773577701412753,15.692201518288474,94733.73811330863,0.9854903484907372,0.9672669171308892,0.9931673774915136
2019-03-08,600444.SH,22.818,22.878,21.562,21.681,2056111.0,-5.642,22.359,1.995,1.404,2.538,0,交易,8.542553191489363,16.252136752136753,95358.08366570818,0.9773144505638606,0.942477489291022,1.0312716203127161
2019-03-11,600444.SH,21.661,22.499,21.661,22.459,1961811.0,3.588,22.183,1.995,1.34,2.421,0,交易,9.276745146633623,16.164925373134327,90568.81030423341,0.9859549313302813,0.9627539001733412,0.9877109399349927
2019-03-12,600444.SH,22.479,23.117,22.18,22.818,2469990.0,1.599,22.762,1.995,1.687,3.049,0,交易,7.483765168907839,13.324836988737403,111361.13615870153,0.9846433360730198,0.9594670588744214,0.9975457971776667
2019-03-13,600444.SH,22.978,23.377,22.22,22.339,2032871.0,-2.098,22.811,1.995,1.388,2.509,0,交易,8.9035472299721,16.55475504322767,91488.34383438344,0.9757881678572957,0.9505069084998075,1.0211289672769597
2019-03-14,600444.SH,22.08,22.599,21.601,21.841,1474100.0,-2.232,21.956,1.995,1.007,1.819,0,交易,12.007146783947224,21.926514399205562,68242.2110087496,0.9715474136023717,0.9558387539271649,1.0052653266791813
2019-03-15,600444.SH,21.901,22.32,21.861,22.3,1401847.0,2.1,22.136,1.995,0.957,1.73,0,交易,12.890173410404625,22.885057471264368,64125.474589451536,0.9917562724014336,0.9794354838709678,0.9926457399103138
2019-03-18,600444.SH,22.499,23.038,22.14,22.838,2096800.0,2.415,22.762,1.995,1.432,2.588,0,交易,8.824574961360124,15.71159217877095,94706.41373080398,0.9880197933848425,0.9610209219550309,0.9966722129783694
2019-03-19,600444.SH,23.137,23.417,22.679,23.038,1543479.0,0.873,22.987,1.995,1.054,1.905,0,交易,12.093438320209973,21.951612903225804,68057.63040698443,0.9816372720673014,0.9684844343852755,0.9977862661689382
2019-03-20,600444.SH,23.257,23.935,22.898,23.097,2445226.0,0.26,23.348,1.995,1.67,3.018,0,交易,7.653081510934395,13.926347305389223,106787.75438902961,0.9754752454564446,0.956674326300397,1.0108672121920594
2019-03-21,600444.SH,22.918,23.835,22.918,23.337,2731641.0,1.036,23.425,1.995,1.866,3.372,0,交易,6.920818505338079,12.281886387995712,119191.94519591588,0.9827984057058947,0.9615271659324522,1.0037708360114839
2019-03-22,600444.SH,23.337,24.015,23.237,23.975,2628279.0,2.735,23.714,1.995,1.795,3.244,0,交易,7.390567200986436,13.001114206128134,113107.50096828335,0.9874661669789714,0.9676035810951488,0.9891136600625651
2019-03-25,600444.SH,23.716,24.334,23.437,23.576,1983416.0,-1.664,23.881,1.995,1.355,2.448,0,交易,9.630718954248366,17.50258302583026,84627.55472116738,0.9813840716692693,0.9631379962192818,1.0129368849677638
2019-03-26,600444.SH,23.476,24.035,22.858,23.097,2140316.0,-2.03,23.352,1.995,1.462,2.642,0,交易,8.742240726722182,16.057455540355676,93635.31367573715,0.9715831079675473,0.9510297482837529,1.0110403948564748
2019-03-27,600444.SH,23.097,23.297,22.439,22.858,1601016.0,-1.036,22.766,1.995,1.093,1.976,0,交易,11.567813765182187,21.131747483989024,71349.70364098222,0.9772073657552474,0.9631712237627162,0.99597515093184
2019-03-28,600444.SH,22.579,23.277,22.399,22.399,1413100.0,-2.007,22.854,1.995,0.965,1.744,0,交易,12.843463302752294,23.397927461139897,63087.63784097504,0.9818275550973062,0.9622803625896807,1.02031340684852
2019-03-29,600444.SH,22.958,23.835,22.2,23.496,2727823.0,4.898,23.051,1.995,1.863,3.367,0,交易,6.978318978318978,12.32313472893183,122874.90990990991,0.9671071953010278,0.9314033983637507,0.9810606060606061
2019-04-01,600444.SH,23.476,24.613,23.337,24.613,3099841.0,4.754,24.181,1.995,2.117,3.826,0,交易,6.4330893883951905,11.089277279168634,132829.4553712988,0.9824482996790315,0.9481574777556576,0.9824482996790315
2019-04-02,600444.SH,24.593,24.713,24.175,24.234,2208600.0,-1.54,24.373,1.995,1.508,2.726,0,交易,8.889948642699927,16.30835543766578,91358.841778697,0.9862420588354307,0.978230081333711,1.0057357431707519
2019-04-03,600444.SH,24.573,25.291,24.334,24.733,3948887.0,2.058,24.789,1.995,2.697,4.874,0,交易,5.0744768157570785,9.11123470522803,162278.58140872853,0.9801510418726029,0.9621604523348226,1.0022641814579711
2019-04-04,600444.SH,24.553,25.232,24.334,24.534,2673100.0,-0.806,24.618,1.995,1.826,3.299,0,交易,7.436799030009094,13.44633077765608,109850.41505712172,0.9756658211794547,0.9644102726696259,1.003423820004891
2019-04-08,600444.SH,24.633,25.291,24.454,24.893,3175000.0,1.463,24.818,1.995,2.168,3.919,0,交易,6.3518754784383775,11.362084870848708,129835.60971620184,0.9812976948321538,0.9669052232019295,0.9969871048085808
2019-04-09,600444.SH,25.212,25.212,23.955,24.294,3479820.0,-2.404,24.357,1.995,2.377,4.295,0,交易,5.656344586728754,10.606647034076568,145264.87163431436,0.9660875773441219,0.9501427891480247,1.0025932328970115
2019-04-10,600444.SH,24.155,24.913,23.696,24.713,3456248.0,1.724,24.357,1.995,2.36,4.266,0,交易,5.7930145335208625,10.235169491525424,145857.8663065496,0.977682334524144,0.9511500020069844,0.9855946263100391
2019-04-11,600444.SH,24.354,27.146,24.354,25.132,6356908.0,1.695,25.679,1.995,4.341,7.846,0,交易,3.203160846291104,5.61022805805114,261021.10536256878,0.9459588889707506,0.8971487511972297,1.0217650803756166
2019-04-12,600444.SH,25.531,27.645,25.172,27.645,8640797.0,10.0,27.008,1.995,5.901,10.665,0,交易,2.592123769338959,4.326554821216743,343270.1811536628,0.9769578585639356,0.9105444022427203,0.9769578585639356
2019-04-15,600444.SH,27.924,30.418,25.93,28.702,15554370.0,3.824,28.611,1.995,10.623,19.199,0,交易,1.494973696546695,2.6286359785371367,599860.0077130736,0.9405943849036755,0.8524557827602078,0.9968294892341997
2019-04-16,600444.SH,27.206,30.517,27.206,29.4,11257436.0,2.432,28.767,1.995,7.688,13.895,0,交易,2.115869017632242,3.5387617065556713,413785.04741601116,0.9426549136546842,0.8915030966346627,0.9784693877551021
2019-04-17,600444.SH,28.682,29.42,28.243,28.922,8534830.0,-1.628,28.712,1.995,5.829,10.535,0,交易,2.745325106786901,4.920569565963287,302192.75572708284,0.9759347382732834,0.9599932019034669,0.992739091349146
2019-04-18,600444.SH,28.603,28.762,26.608,27.067,8267710.0,-6.414,27.433,1.995,5.646,10.205,0,交易,2.652327290543851,5.066064470421538,310722.71497294045,0.953793199360267,0.9251095195049023,1.0135220009605792
2019-04-19,600444.SH,26.927,26.967,26.249,26.508,4440749.0,-2.063,26.561,1.995,3.033,5.481,0,交易,4.836343732895457,8.87800857237059,169177.83534610842,0.9849445618719176,0.9733748655764453,1.0019993964086313
2019-04-22,600444.SH,26.508,26.787,26.189,26.349,3241750.0,-0.602,26.491,1.995,2.214,4.001,0,交易,6.585603599100224,11.97289972899729,123782.88594448051,0.9889498637398738,0.9776757382312316,1.0053891988310752
2019-04-23,600444.SH,26.249,26.528,25.531,25.87,2808100.0,-1.817,26.016,1.995,1.918,3.466,0,交易,7.463935372186959,13.685610010427528,109987.85789824136,0.9806996381182147,0.9624170687575392,1.0056436026285271
2019-04-24,600444.SH,25.81,26.289,25.75,26.249,2163301.0,1.465,26.041,1.995,1.477,2.67,0,交易,9.831086142322096,17.47461069735951,84011.68932038835,0.9905663965917303,0.9794971280763817,0.9920758886052803
2019-04-25,600444.SH,26.069,26.249,24.314,24.474,3780400.0,-6.763,25.286,1.995,2.582,4.666,0,交易,5.245177882554651,10.096436870642913,155482.4381015053,0.9633128881100234,0.9262829060154673,1.0331780665195718
2019-04-26,600444.SH,24.394,24.414,23.895,24.015,3132791.0,-1.874,24.102,1.995,2.14,3.867,0,交易,6.210240496508922,11.399065420560746,131106.54948734044,0.987220447284345,0.9787417055787662,1.003622735790131
2019-04-29,600444.SH,23.915,25.112,23.596,24.035,3484891.0,0.083,24.363,1.995,2.38,4.301,0,交易,5.588235294117647,10.048319327731093,147689.9050686557,0.9701736221726664,0.9396304555590953,1.0136467651341794
2019-04-30,600444.SH,23.636,24.474,23.536,24.254,2232800.0,0.913,24.066,1.995,1.525,2.756,0,交易,8.800435413642962,15.499016393442623,94867.43711760707,0.9833292473645501,0.9616736128135982,0.9922487012451553
2019-05-06,600444.SH,23.038,23.357,21.821,21.821,2562400.0,-10.033,22.456,1.995,1.75,3.163,0,交易,6.898830224470441,13.16457142857143,117428.16552861921,0.9614248405189023,0.934238129896819,1.029100407863984
2019-05-07,600444.SH,21.641,22.339,21.542,21.98,2086244.0,0.731,21.904,1.995,1.425,2.575,0,交易,8.535922330097087,15.186666666666666,96845.41825271562,0.9805273288867005,0.9643224853395408,0.9965423111919927
2019-05-08,600444.SH,21.422,22.459,21.023,22.24,2064700.0,1.18,22.122,1.995,1.41,2.548,0,交易,8.728414442700156,15.19290780141844,98211.48266184654,0.9849948795583062,0.9360612671980053,0.9946942446043167
2019-05-09,600444.SH,21.781,22.639,21.781,22.12,1153900.0,-0.538,22.263,1.995,0.788,1.424,0,交易,15.533707865168541,27.640862944162436,52977.36559386622,0.9833914925570918,0.9621007995052785,1.0064647377938518
2019-05-10,600444.SH,22.699,22.718,21.961,22.599,1811790.0,2.164,22.398,1.995,1.237,2.236,0,交易,10.106887298747763,18.35004042037187,82500.34151450299,0.9859142530152302,0.9666784047891539,0.9911058011416434
2019-05-13,600444.SH,22.359,23.536,22.18,22.978,2394390.0,1.677,23.008,1.995,1.635,2.955,0,交易,7.7759729272419635,13.675229357798166,107952.6600541028,0.9775662814411964,0.9423861318830726,1.0013055966576725
2019-05-14,600444.SH,22.439,22.978,22.22,22.479,1610900.0,-2.17,22.57,1.995,1.1,1.988,0,交易,11.307344064386317,20.39909090909091,72497.7497749775,0.9822438854556532,0.9670119244494733,1.0040482227857113
2019-05-15,600444.SH,22.738,23.038,22.519,22.878,1401100.0,1.775,22.844,1.995,0.957,1.729,0,交易,13.231925968768074,23.759665621734587,62218.57098450198,0.9915791301328241,0.9774720027780188,0.998513856106303
2019-05-16,600444.SH,22.878,23.377,22.738,23.117,1637500.0,1.046,23.039,1.995,1.118,2.021,0,交易,11.438396833250867,20.463327370304114,72016.00844401443,0.9855413440561237,0.972665440390127,0.9966258597568889
2019-05-17,600444.SH,23.277,23.297,22.0,22.18,2623872.0,-4.055,22.757,1.995,1.792,3.239,0,交易,6.847792528558197,12.989397321428571,119266.90909090909,0.9768210499205907,0.9443275958277889,1.026014427412083
2019-05-20,600444.SH,21.941,22.639,21.781,22.559,1723739.0,1.709,22.258,1.995,1.177,2.128,0,交易,10.601033834586467,18.64146134239592,79139.57118589597,0.9831706347453509,0.9621007995052785,0.9866572099827119
2019-05-21,600444.SH,22.639,23.137,21.98,22.938,1408500.0,1.68,22.876,1.995,0.962,1.739,0,交易,13.190339275445657,23.533264033264032,64080.98271155596,0.9887193672472663,0.9499935168777283,0.9972970616444329
2019-05-22,600444.SH,22.978,23.377,22.659,22.978,1933690.0,0.174,23.084,1.995,1.321,2.387,0,交易,9.626309174696273,17.39439818319455,85338.71750739221,0.9874663130427344,0.9692860503914104,1.004613108190443
2019-05-23,600444.SH,22.898,23.038,22.12,22.3,1438264.0,-2.951,22.529,1.995,0.982,1.775,0,交易,12.563380281690142,23.317718940936864,65020.976491862566,0.9779060682350899,0.960152791040889,1.0102690582959641
2019-05-24,600444.SH,22.499,22.559,22.04,22.439,952714.0,0.626,22.327,1.995,0.651,1.176,0,交易,19.08078231292517,34.56067588325652,43226.58802177859,0.9897158561992997,0.9769936610665365,0.9950086902268372
2019-05-27,600444.SH,22.459,23.137,22.2,23.117,1161100.0,3.022,22.756,1.995,0.793,1.433,0,交易,16.131891137473833,28.321563682219416,52301.801801801805,0.9835328694299175,0.9595020962095344,0.9843837868235498
2019-05-28,600444.SH,22.938,23.337,22.758,22.898,1379572.0,-0.949,23.061,1.995,0.942,1.703,0,交易,13.44568408690546,24.35031847133758,60619.21082696195,0.9881732870548914,0.9751896130608046,1.0071185256354267
2019-05-29,600444.SH,23.018,23.177,22.738,22.898,1326896.0,0.0,22.971,1.995,0.906,1.638,0,交易,13.97924297924298,25.40618101545254,58355.88002462838,0.9911118781550675,0.9810588083013332,1.0031880513581972
2019-05-30,600444.SH,22.818,23.177,22.579,22.938,1202214.0,0.174,22.878,1.995,0.821,1.484,0,交易,15.45687331536388,27.792935444579783,53244.78497719119,0.9870992794580835,0.9741985589161669,0.9973842532042899
2019-05-31,600444.SH,22.758,23.157,22.758,23.117,1323679.0,0.783,23.012,1.995,0.904,1.634,0,交易,14.147490820073441,25.174778761061944,58163.23930046577,0.993738394437967,0.9827697888327503,0.9954578881342735
2019-06-03,600444.SH,22.958,23.456,22.539,22.718,1315790.0,-1.726,22.894,1.995,0.899,1.624,0,交易,13.988916256157635,25.537263626251388,58378.36638715116,0.9760402455661664,0.960905525238745,1.0077471608416233
2019-06-04,600444.SH,22.738,22.818,21.801,21.941,1187333.0,-3.424,22.282,1.995,0.811,1.466,0,交易,14.96657571623465,28.03699136868064,54462.31824228247,0.9765097729862389,0.9554299237444122,1.0155416799598924
2019-06-05,600444.SH,22.32,22.818,22.06,22.599,1297911.0,3.0,22.447,1.995,0.886,1.602,0,交易,14.106741573033707,25.191873589164786,58835.494106980965,0.9837409063020421,0.9667806117977035,0.9932740386742775
2019-06-06,600444.SH,22.619,22.718,21.681,22.14,1218624.0,-2.03,22.005,1.995,0.832,1.504,0,交易,14.720744680851064,27.186298076923077,56207.001522070015,0.9686151949995597,0.9543533761774805,0.9939024390243901
2019-06-10,600444.SH,22.06,22.24,21.562,22.22,1023164.0,0.36,21.995,1.995,0.699,1.263,0,交易,17.593032462391132,31.559370529327612,47452.1843984788,0.9889838129496404,0.9695143884892088,0.98987398739874
2019-06-11,600444.SH,22.399,22.938,22.06,22.938,1037342.0,3.232,22.633,1.995,0.708,1.28,0,交易,17.920312499999998,31.637005649717516,47023.66273798731,0.9867032871218067,0.9617229052227745,0.9867032871218067
2019-06-12,600444.SH,22.918,23.397,22.738,23.117,1545042.0,0.783,23.086,1.995,1.055,1.907,0,交易,12.122181436811747,21.723222748815168,67949.77570586684,0.9867076975680643,0.9718339958114288,0.9986589955444044
2019-06-13,600444.SH,22.998,23.476,22.858,23.317,1377309.0,0.863,23.243,1.995,0.941,1.7,0,交易,13.715882352941177,24.43995749202976,60255.00918715548,0.9900749701823138,0.9736752428011587,0.9968263498734828
2019-06-14,600444.SH,23.317,23.476,22.459,22.519,1406703.0,-3.422,22.954,1.995,0.961,1.736,0,交易,12.971774193548386,24.263267429760667,62634.26688632619,0.9777645254728233,0.9566791616970524,1.019317021182113
2019-06-17,600444.SH,22.898,23.217,22.499,23.217,1073400.0,3.1,22.934,1.995,0.733,1.325,0,交易,17.522264150943396,31.238744884038198,47708.78705720254,0.9878106559848387,0.9690743851488134,0.9878106559848387
2019-06-18,600444.SH,23.417,23.417,22.699,23.157,982415.0,-0.258,22.942,1.995,0.671,1.213,0,交易,19.09068425391591,34.89865871833085,43280.10044495352,0.9797155912371354,0.9693385147542384,0.9907155503735372
2019-06-19,600444.SH,23.417,23.736,23.117,23.237,1494401.0,0.345,23.436,1.995,1.021,1.845,0,交易,12.594579945799458,22.935357492654266,64645.1096595579,0.987360970677452,0.9739214694978092,1.0085639282179284
2019-06-20,600444.SH,23.337,23.596,23.137,23.516,1554997.0,1.202,23.369,1.995,1.062,1.919,0,交易,12.254299114121938,21.97457627118644,67208.23788736656,0.9903797253771826,0.9805475504322767,0.9937489368940297
2019-06-21,600444.SH,23.776,24.414,23.776,24.155,2726003.0,2.714,24.153,1.995,1.862,3.365,0,交易,7.1783060921248145,12.769065520945219,114653.55820995962,0.9893094126320963,0.9738674531006799,0.999917201407576
2019-06-24,600444.SH,24.314,24.354,23.895,24.075,1372196.0,-0.33,24.096,1.995,0.937,1.694,0,交易,14.211924439197167,25.948772678762005,57426.0724000837,0.9894062576989406,0.9811529933481153,1.0008722741433023
2019-06-25,600444.SH,23.995,24.314,23.476,23.835,1239711.0,-0.994,23.843,1.995,0.847,1.53,0,交易,15.57843137254902,28.329397874852422,52807.59073095928,0.9806284445175619,0.9655342600970633,1.0003356408642752
2019-06-26,600444.SH,23.656,24.214,23.656,23.875,983559.0,0.167,23.993,1.995,0.672,1.214,0,交易,19.666392092257002,35.20238095238095,41577.5701724721,0.9908730486495416,0.9769554803006525,1.0049424083769634
2019-06-27,600444.SH,24.155,24.175,23.656,23.736,1113082.0,-0.585,23.909,1.995,0.76,1.374,0,交易,17.275109170305676,31.782894736842106,47052.84071694285,0.9889968976215098,0.9785315408479833,1.007288506909336
2019-06-28,600444.SH,23.716,23.855,23.038,23.397,1427066.0,-1.429,23.412,1.995,0.975,1.761,0,交易,13.286201022146507,24.324102564102567,61944.00555603785,0.9814294697128484,0.9657514147977363,1.0006411078343378
2019-07-01,600444.SH,23.716,24.015,23.656,23.835,1563402.0,1.876,23.787,1.995,1.068,1.93,0,交易,12.349740932642488,22.205992509363295,66089.02603990531,0.9905059337913803,0.9850510097855506,0.9979861548143486
2019-07-02,600444.SH,23.835,23.935,23.756,23.835,1113436.0,0.0,23.847,1.995,0.76,1.374,0,交易,17.3471615720524,31.361842105263158,46869.67502946624,0.9963233758094842,0.9925214121579278,1.0005034612964128
2019-07-03,600444.SH,23.855,23.875,23.417,23.616,1036000.0,-0.921,23.615,1.995,0.708,1.279,0,交易,18.464425332290855,33.69350282485876,44241.36311226886,0.989109947643979,0.9808167539267016,0.9999576558265583
2019-07-04,600444.SH,23.716,23.835,23.536,23.736,1014496.0,0.507,23.723,1.995,0.693,1.252,0,交易,18.958466453674124,34.22222222222223,43104.01087695445,0.9953010279001467,0.9874554226977135,0.9994523087293562
2019-07-05,600444.SH,23.656,23.935,23.556,23.895,1144100.0,0.672,23.746,1.995,0.781,1.412,0,交易,16.922804532577903,30.28937259923175,48569.36661572423,0.99210361395446,0.9841654480885733,0.9937643858547813
2019-07-08,600444.SH,23.895,23.895,22.282,22.786,1766482.0,-4.641,22.78,2.016,1.206,2.18,0,交易,10.452293577981651,19.813432835820898,79278.43102055471,0.9533375183092698,0.9324963381460557,0.9997366804178004
2019-07-09,600444.SH,22.706,22.806,22.403,22.786,685500.0,0.0,22.638,2.016,0.468,0.846,0,交易,26.933806146572106,48.51709401709401,30598.580547248137,0.992633517495396,0.9823292116109794,0.9935047836390767
2019-07-10,600444.SH,22.625,23.028,22.605,22.988,1086953.0,0.885,22.88,2.016,0.742,1.342,0,交易,17.129657228017884,30.49191374663073,48084.62729484627,0.9935730415146778,0.9816310578426264,0.9953018966417261
2019-07-11,600444.SH,23.048,23.411,22.847,23.25,873600.0,1.14,23.192,2.016,0.597,1.078,0,交易,21.567717996289424,38.60636515912898,38236.967654396634,0.990645423091709,0.9759087608389219,0.997505376344086
2019-07-12,600444.SH,23.129,23.593,23.028,23.512,785096.0,1.127,23.387,2.016,0.536,0.969,0,交易,24.26418988648091,43.151119402985074,34093.10404724683,0.9912685966176409,0.9760522188784808,0.9946835658387206
2019-07-15,600444.SH,23.593,24.057,23.27,23.956,1212396.0,1.887,23.786,2.016,0.828,1.496,0,交易,16.013368983957218,28.493961352657006,52101.24623979373,0.9887350875005197,0.9672860290144241,0.9929036567039573
2019-07-16,600444.SH,24.057,24.178,23.673,24.117,1091400.0,0.673,23.953,2.016,0.745,1.347,0,交易,17.90423162583519,32.29127516778523,46103.15549360031,0.9906940193564396,0.9791132434444535,0.9931998175560807
2019-07-17,600444.SH,24.117,24.359,23.815,24.238,1144500.0,0.502,24.199,2.016,0.782,1.413,0,交易,17.153573956121726,30.84015345268542,48057.946672265374,0.9934315858614886,0.9776673919290612,0.9983909563495339
2019-07-18,600444.SH,24.299,24.319,23.653,23.895,1351100.0,-1.414,23.944,2.016,0.923,1.668,0,交易,14.325539568345324,26.326110509209098,57121.718175284324,0.9845799580574859,0.972614005510095,1.0020506382088303
2019-07-19,600444.SH,23.532,24.319,23.512,23.976,1006612.0,0.338,24.033,2.016,0.687,1.242,0,交易,19.304347826086957,34.2532751091703,42812.69139162981,0.9882396480118427,0.9668160697397098,1.0023773773773774
2019-07-22,600444.SH,23.895,23.895,23.028,23.27,865300.0,-2.944,23.479,2.016,0.591,1.068,0,交易,21.788389513108612,40.431472081218274,37575.99444154942,0.9825905001046243,0.9637162586315128,1.0089815212720241
2019-07-23,600444.SH,23.492,24.359,23.23,24.319,1689559.0,4.506,24.047,2.016,1.154,2.085,0,交易,11.66378896882494,20.357019064124785,72731.7692638829,0.9871915924299026,0.9536516277351287,0.9888153295776965
2019-07-24,600444.SH,24.178,24.762,24.077,24.359,1511700.0,0.166,24.313,2.016,1.032,1.866,0,交易,13.054126473740622,23.42829457364341,62786.06138638534,0.9818673774331637,0.9723366448590582,0.9981115809351778
2019-07-25,600444.SH,24.319,24.44,24.157,24.278,914400.0,-0.331,24.261,2.016,0.624,1.129,0,交易,21.503985828166517,38.97275641025641,37852.38233224324,0.9926759410801963,0.9884206219312601,0.9992997775764066
2019-07-26,600444.SH,24.278,24.641,23.875,24.541,1828424.0,1.08,24.398,2.016,1.249,2.257,0,交易,10.873283119184759,19.437950360288227,76583.20418848167,0.9901383872407776,0.9689135992857434,0.9941730165844912
2019-07-29,600444.SH,24.5,25.145,24.48,24.924,2360402.0,1.561,24.831,2.016,1.612,2.913,0,交易,8.556127703398559,15.1985111662531,96421.65032679739,0.9875124279180751,0.9735533903360509,0.996268656716418
2019-07-30,600444.SH,24.904,24.904,24.359,24.44,1735500.0,-1.942,24.617,2.016,1.185,2.142,0,交易,11.409897292250234,21.01603375527426,71246.7671086662,0.988475746867973,0.9781159653067781,1.007242225859247
2019-07-31,600444.SH,24.178,24.44,23.815,23.895,1387400.0,-2.228,24.068,2.016,0.948,1.712,0,交易,13.957359813084112,25.5042194092827,58257.400797816495,0.9847790507364975,0.9744271685761048,1.007240008369952
2019-08-01,600444.SH,23.895,24.117,23.452,23.512,1433202.0,-1.603,23.719,2.016,0.979,1.769,0,交易,13.29112492933861,24.40755873340143,61112.14395360737,0.9834971182153668,0.9724260894804495,1.0088040149710786
2019-08-02,600444.SH,23.069,23.189,22.726,22.927,1556580.0,-2.487,22.963,2.016,1.063,1.921,0,交易,11.93492972410203,21.70178739416745,68493.35562791517,0.9902539997412567,0.9800336366380611,1.0015702010729708
2019-08-05,600444.SH,22.685,23.069,22.484,22.524,960800.0,-1.759,22.755,2.016,0.656,1.186,0,交易,18.991568296795954,34.58079268292683,42732.60985589752,0.9863886601066366,0.9746412935107721,1.010255727224294
2019-08-06,600444.SH,22.201,22.464,20.891,21.576,2154100.0,-4.208,21.592,2.016,1.471,2.659,0,交易,8.11432869499812,15.092454112848403,103111.3876789048,0.9611823361823362,0.9299768518518519,1.00074156470152
2019-08-07,600444.SH,21.556,21.919,21.395,21.717,938700.0,0.654,21.645,2.016,0.641,1.159,0,交易,18.737704918032787,33.62870514820593,43874.737088104695,0.987499429718509,0.9760937998996304,0.9966846249481973
2019-08-08,600444.SH,21.959,22.141,21.617,22.06,581700.0,1.578,21.952,2.016,0.397,0.718,0,交易,30.724233983286908,55.31234256926952,26909.37687930795,0.9914638001896935,0.9763334989386208,0.9951042611060745
2019-08-09,600444.SH,21.778,22.242,21.778,21.939,662900.0,-0.548,22.001,2.016,0.453,0.818,0,交易,26.82029339853301,48.075055187637965,30438.975112498854,0.9891646434673141,0.9791385666756586,1.0028260175942387
2019-08-12,600444.SH,22.363,22.363,21.697,22.181,416100.0,1.103,22.046,2.016,0.284,0.514,0,交易,43.15369649805447,78.74295774647888,19177.766511499285,0.9858247998926799,0.9702186647587533,0.9939137099319236
2019-08-13,600444.SH,21.838,22.262,21.838,22.242,423200.0,0.273,22.163,2.016,0.289,0.522,0,交易,42.60919540229885,75.56401384083046,19379.06401685136,0.9955529602012397,0.9809540921750067,0.9964481611365884
2019-08-14,600444.SH,22.282,22.484,22.141,22.242,373700.0,0.0,22.346,2.016,0.255,0.461,0,交易,48.2472885032538,87.38039215686274,16878.189783659276,0.9938623020814801,0.9847447073474469,1.0046758385037315
2019-08-15,600444.SH,21.959,22.343,21.455,22.302,683401.0,0.272,21.982,2.016,0.467,0.844,0,交易,26.424170616113745,47.02141327623126,31852.761594034026,0.9838428143042564,0.9602560085932954,0.9856515110752399
2019-08-16,600444.SH,22.343,22.343,21.697,22.08,771900.0,-0.995,22.101,2.016,0.527,0.953,0,交易,23.16894018887723,42.3965844402277,35576.346960409275,0.9891688672067314,0.9710871413865639,1.0009510869565217
2019-08-19,600444.SH,22.282,22.625,22.0,22.564,957400.0,2.192,22.364,2.016,0.654,1.182,0,交易,19.089678510998308,34.07033639143731,43518.181818181816,0.9884640883977901,0.9723756906077348,0.9911363233469244
2019-08-20,600444.SH,22.585,22.726,22.262,22.564,825600.0,0.0,22.57,2.016,0.564,1.019,0,交易,22.143277723258098,40.044326241134755,37085.616746024614,0.9931356155944734,0.9795828566399719,1.0002659102995923
2019-08-21,600444.SH,22.564,22.706,22.443,22.524,421601.0,-0.179,22.57,2.016,0.288,0.52,0,交易,43.315384615384616,78.34722222222223,18785.411932451098,0.99401039372853,0.988417158460319,1.0020422660273485
2019-08-22,600444.SH,22.544,22.726,22.443,22.605,521500.0,0.358,22.54,2.016,0.356,0.644,0,交易,35.100931677018636,63.325842696629216,23236.643942431936,0.9918155416703336,0.9875473026489484,0.9971245299712452
2019-08-23,600444.SH,22.464,22.706,22.343,22.484,637000.0,-0.535,22.517,2.016,0.435,0.786,0,交易,28.605597964376592,51.641379310344824,28510.047889719375,0.9916762089315599,0.984013036201885,1.00146771037182
2019-08-26,600444.SH,21.818,22.201,21.778,22.08,836700.0,-1.794,21.962,2.016,0.571,1.033,0,交易,21.37463697967086,38.210157618213664,38419.50592340895,0.9892347191567947,0.9809468041980091,0.9946557971014494
2019-08-27,600444.SH,22.282,22.685,22.02,22.423,700300.0,1.553,22.417,2.016,0.478,0.864,0,交易,25.952546296296294,46.61506276150628,31802.906448683018,0.9881860260083757,0.9706854749834692,0.9997324176069217
2019-08-28,600444.SH,22.403,22.585,22.343,22.443,408201.0,0.09,22.432,2.016,0.279,0.504,0,交易,44.529761904761905,80.29749103942652,18269.748914648884,0.9932255922072171,0.9892849236218729,0.9995098694470435
2019-08-29,600444.SH,22.524,22.524,22.302,22.443,603501.0,0.0,22.387,2.016,0.412,0.745,0,交易,30.124832214765103,54.66990291262137,27060.398170567663,0.9939175990055052,0.9901438465636654,0.997504789912222
2019-08-30,600444.SH,22.363,22.564,21.98,22.101,661157.0,-1.527,22.301,2.016,0.452,0.816,0,交易,27.084558823529413,49.475663716814154,30079.936305732484,0.9883442652012054,0.9741180641730189,1.0090493642821592
2019-09-02,600444.SH,22.06,22.625,22.06,22.524,465660.0,1.916,22.462,2.016,0.318,0.575,0,交易,39.17217391304348,69.37106918238993,21108.794197642794,0.9927955801104972,0.9750276243093922,0.9972473805718345
2019-09-03,600444.SH,22.786,22.786,22.363,22.605,548560.0,0.358,22.509,2.016,0.375,0.677,0,交易,33.38995568685377,60.76266666666667,24529.80369360104,0.9878434126217852,0.9814359694549284,0.9957531519575316
2019-09-04,600444.SH,22.403,22.968,22.403,22.847,535701.0,1.07,22.758,2.016,0.366,0.661,0,交易,34.5642965204236,61.2103825136612,23912.020711511854,0.9908568443051201,0.975400557297109,0.9961045213813629
2019-09-05,600444.SH,22.847,23.189,22.786,22.847,696400.0,0.0,22.985,2.016,0.476,0.86,0,交易,26.566279069767443,47.99789915966387,30562.62617396647,0.9912027254301609,0.9826210703350727,1.0060401803300214
2019-09-06,600444.SH,22.847,23.089,22.706,22.867,392500.0,0.088,22.833,2.016,0.268,0.484,0,交易,47.24586776859505,85.25,17286.179864353035,0.9889124691411495,0.9834120143791416,0.9985131412078541
2019-09-09,600444.SH,23.129,23.31,22.948,23.25,842101.0,1.675,23.178,2.016,0.575,1.039,0,交易,22.37728585178056,40.22434782608696,36696.051943524486,0.9943371943371945,0.9844701844701845,0.9969032258064516
2019-09-10,600444.SH,23.411,23.431,23.048,23.25,587424.0,0.0,23.234,2.016,0.401,0.725,0,交易,32.06896551724138,58.38154613466334,25486.983686220065,0.9915923349408903,0.9836541334129998,0.9993118279569894
2019-09-11,600444.SH,23.371,23.512,23.089,23.129,402700.0,-0.52,23.283,2.016,0.275,0.497,0,交易,46.53722334004024,84.98545454545453,17441.2057689809,0.9902602926165363,0.9820091867982306,1.0066583077521727
2019-09-12,600444.SH,23.149,23.452,23.028,23.371,553001.0,1.046,23.256,2.016,0.378,0.683,0,交易,34.21815519765739,61.24074074074074,24014.286955011292,0.9916425038376258,0.9819205185058842,0.9950793718711224
2019-09-16,600444.SH,23.391,23.694,23.089,23.593,672800.0,0.949,23.435,2.016,0.459,0.83,0,交易,28.425301204819277,50.96078431372548,29139.417038416563,0.9890689626065671,0.9744661095636026,0.9933030983766371
2019-09-17,600444.SH,23.573,23.573,22.585,22.665,811436.0,-3.932,22.907,2.016,0.554,1.002,0,交易,22.619760479041915,42.55054151624548,35928.09386761124,0.9717473380562508,0.9580876426420057,1.0106772556805648
2019-09-18,600444.SH,22.605,22.948,22.605,22.726,398300.0,0.267,22.757,2.016,0.272,0.492,0,交易,46.1910569105691,83.10661764705883,17619.995576199955,0.9916768345825344,0.9850531636743943,1.0013640763882778
2019-09-19,600444.SH,22.564,23.169,22.564,23.149,435500.0,1.863,22.925,2.016,0.297,0.538,0,交易,43.02788104089219,75.97306397306397,19300.65591207233,0.9894686866071043,0.9738875221200742,0.9903235560931357
2019-09-20,600444.SH,23.189,23.593,23.048,23.29,619300.0,0.61,23.394,2.016,0.423,0.764,0,交易,30.484293193717274,54.82033096926714,26870.010413051026,0.9915652947908277,0.9768999279447294,1.00446543580936
2019-09-23,600444.SH,23.069,23.29,22.544,22.927,511700.0,-1.558,22.818,2.016,0.349,0.632,0,交易,36.276898734177216,66.10028653295129,22697.835344215757,0.9797337913267498,0.9679690854443967,0.9952457800846165
2019-09-24,600444.SH,22.968,23.27,22.887,22.988,466800.0,0.264,23.059,2.016,0.319,0.576,0,交易,39.90972222222222,72.0,20395.857910604274,0.9909325311559949,0.983541039965621,1.0030885679484949
2019-09-25,600444.SH,22.948,22.988,22.403,22.443,656200.0,-2.368,22.605,2.016,0.448,0.81,0,交易,27.70740740740741,51.223214285714285,29290.7199928581,0.9833391334609362,0.9745519401426831,1.0072182863253576
2019-09-26,600444.SH,22.464,22.665,21.516,21.798,769256.0,-2.875,21.881,2.016,0.525,0.949,0,交易,22.969441517386723,42.78857142857142,35752.74214538019,0.9654092212662696,0.9493050959629384,1.0038076887787872
2019-09-27,600444.SH,21.536,22.262,21.415,22.02,457700.0,1.018,21.98,2.016,0.313,0.565,0,交易,38.97345132743363,68.80511182108627,21372.86948400654,0.9873326745126224,0.9619531039439403,0.9981834695731154
2019-09-30,600444.SH,22.04,22.423,21.576,21.859,424971.0,-0.733,22.103,2.016,0.29,0.525,0,交易,41.63619047619048,76.0,19696.468298109008,0.9857289390358116,0.9622262855104136,1.0111624502493253
2019-10-08,600444.SH,22.201,22.443,21.879,22.262,403700.0,1.845,22.177,2.016,0.276,0.498,0,交易,44.70281124497992,80.43840579710144,18451.48315736551,0.9881477520830547,0.9748696698302366,0.9961818345162159
2019-10-09,600444.SH,21.859,22.262,21.395,22.262,556016.0,0.0,21.982,2.016,0.38,0.686,0,交易,32.451895043731774,57.52368421052632,25988.128067305446,0.9874225137004761,0.9610547120654029,0.9874225137004761
2019-10-10,600444.SH,22.343,22.504,22.141,22.504,698800.0,1.087,22.378,2.016,0.477,0.863,0,交易,26.076477404403246,46.84067085953878,31561.356758953978,0.9944009953785993,0.9838695343050123,0.9944009953785993
2019-10-11,600444.SH,22.585,22.665,22.302,22.484,395500.0,-0.09,22.494,2.016,0.27,0.488,0,交易,46.07377049180328,83.64814814814815,17733.8355304457,0.9924553275976175,0.9839841164791528,1.0004447607187332
2019-10-14,600444.SH,22.665,22.887,22.363,22.685,1021411.0,0.897,22.695,2.016,0.698,1.261,0,交易,17.989690721649485,32.47134670487106,45674.14926440996,0.9916109581858698,0.9771049067156027,1.0004408199250607
2019-10-15,600444.SH,22.766,22.766,22.282,22.504,512000.0,-0.8,22.455,2.016,0.35,0.632,0,交易,35.607594936708864,65.04571428571428,22978.188672471053,0.9863392778705087,0.978740226653782,0.9978226093138997
2019-10-16,600444.SH,22.464,22.665,22.222,22.363,576100.0,-0.627,22.503,2.016,0.393,0.711,0,交易,31.452883263009845,57.160305343511446,25924.759247592476,0.9928524156187956,0.9804544451797927,1.0062603407414032
2019-10-17,600444.SH,22.201,22.464,22.04,22.161,347527.0,-0.902,22.197,2.016,0.237,0.429,0,交易,51.65734265734266,93.67510548523208,15768.012704174229,0.9881143162393162,0.9811253561253561,1.001624475429809
2019-10-18,600444.SH,22.141,22.322,21.455,21.677,652316.0,-2.184,21.761,2.016,0.446,0.805,0,交易,26.927950310559005,49.64349775784753,30403.915171288747,0.9748678433832094,0.9611593943195054,1.0038750749642478
2019-10-21,600444.SH,22.161,22.161,21.415,21.798,417307.0,0.558,21.795,2.016,0.285,0.515,0,交易,42.326213592233,77.75789473684212,19486.66822320803,0.9834844997969406,0.9663372591489553,0.9998623726947428
2019-10-22,600444.SH,21.798,22.464,21.677,22.201,717299.0,1.85,21.997,2.016,0.49,0.885,0,交易,25.08587570621469,44.48571428571428,33090.32615214282,0.9792111823361824,0.9649661680911681,0.9908112247196071
2019-10-23,600444.SH,22.403,22.403,21.818,22.08,803200.0,-0.545,22.088,2.016,0.549,0.991,0,交易,22.28052472250252,40.80692167577413,36813.640113667614,0.9859393831183325,0.9738874257911888,1.00036231884058
2019-10-24,600444.SH,22.161,22.181,21.959,22.121,488600.0,0.183,22.062,2.016,0.334,0.603,0,交易,36.6849087893864,66.3502994011976,22250.55785782595,0.9946350480140661,0.9899914341102745,0.9973328511369288
2019-10-25,600444.SH,21.98,22.363,21.899,22.242,394535.0,0.547,22.102,2.016,0.269,0.487,0,交易,45.67145790554415,81.71003717472118,18016.119457509474,0.9883289361892412,0.9792514421142066,0.9937056020142073
2019-10-28,600444.SH,22.443,22.766,21.98,22.363,841500.0,0.544,22.294,2.016,0.575,1.039,0,交易,21.523580365736287,39.031304347826094,38284.804367606914,0.9792673284722834,0.9654748308881667,0.9969145463488799
2019-10-29,600444.SH,22.343,22.443,22.121,22.201,1142900.0,-0.721,22.219,2.016,0.781,1.411,0,交易,15.734231041814317,28.60819462227913,51665.837891596224,0.9900191596488883,0.9856525419952769,1.0008107742894465
2019-10-30,600444.SH,22.403,22.403,21.98,22.242,944200.0,0.182,22.172,2.016,0.645,1.165,0,交易,19.091845493562232,34.73333333333333,42957.23384895359,0.9896888809534439,0.981118600187475,0.9968528010071037
2019-10-31,600444.SH,22.343,23.189,21.919,22.887,3984680.0000000005,2.901,22.677,2.016,2.721,4.918,0,交易,4.653721024806832,8.211319367879456,181791.1401067567,0.9779205657855017,0.9452326534132564,0.9908244855157949
2019-11-01,600444.SH,22.726,23.875,21.294,23.31,6590306.0,1.85,23.282,2.016,4.501,8.134,0,交易,2.8657487091222027,5.049100199955565,309491.2181835259,0.9751623036649215,0.8918952879581152,0.9987987987987988
2019-11-04,600444.SH,22.141,22.524,21.475,21.899,3860039.0,-6.055,22.106,2.016,2.636,4.764,0,交易,4.596767422334173,8.399468892261,179745.7043073341,0.9814420174036583,0.9534274551589416,1.0094524864149048
2019-11-05,600444.SH,21.697,21.98,21.415,21.697,1761479.0,-0.921,21.679,2.016,1.203,2.174,0,交易,9.980220791168353,18.035743973399832,82254.44781695073,0.9863057324840764,0.9742948134667879,0.9991703922201226
2019-11-06,600444.SH,21.697,21.697,20.971,21.052,1309600.0,-2.974,21.308,2.016,0.894,1.616,0,交易,13.027227722772276,24.269574944071586,62448.14267321539,0.9820712540904273,0.9665391528782782,1.0121603648109443
2019-11-07,600444.SH,21.052,21.234,20.931,21.113,750508.0,0.287,21.072,2.016,0.513,0.926,0,交易,22.80021598272138,41.03703703703704,35856.2897138216,0.9923707261938399,0.9857304323255156,0.9980580684886089
2019-11-08,600444.SH,21.113,21.314,20.971,21.072,585200.0,-0.191,21.142,2.016,0.4,0.722,0,交易,29.185595567867036,52.7825,27905.202422392827,0.9919301867317256,0.9839072909824529,1.0033219438116932
2019-11-11,600444.SH,21.072,21.113,20.205,20.266,849760.0,-3.828,20.488,2.016,0.58,1.049,0,交易,19.319351763584365,36.331034482758625,42056.9166048008,0.9703973854970871,0.956993321650168,1.0109543077074905
2019-11-12,600444.SH,20.266,20.366,20.024,20.245,685900.0,-0.1,20.164,2.016,0.468,0.847,0,交易,23.902007083825268,43.3034188034188,34253.895325609265,0.9900815083963469,0.9832073062948051,0.9959990121017536
2019-11-13,600444.SH,20.165,20.306,20.003,20.245,431300.0,0.0,20.197,2.016,0.295,0.532,0,交易,38.05451127819549,68.35593220338983,21561.76573513973,0.9946321284349452,0.9850783019797104,0.9976290442084464
2019-11-14,600444.SH,20.245,20.407,20.064,20.245,406300.0,0.0,20.25,2.016,0.277,0.501,0,交易,40.40918163672655,73.08664259927798,20250.19936204147,0.992306561474004,0.983192041946391,1.00024697456162
2019-11-15,600444.SH,20.145,20.366,19.943,19.983,459400.0,-1.295,20.131,2.016,0.314,0.567,0,交易,35.24338624338625,64.15605095541402,23035.651607080177,0.9884611607581263,0.9792300893646274,1.0074062953510483
2019-11-18,600444.SH,19.983,20.165,19.802,20.024,611080.0,0.202,20.0,2.016,0.417,0.754,0,交易,26.557029177718835,47.92086330935252,30859.50914049086,0.9918175055789735,0.9819985122737417,0.9988014382740711
2019-11-19,600444.SH,20.124,20.266,19.802,20.266,820382.0,1.208,20.143,2.016,0.56,1.013,0,交易,20.005923000987167,35.93571428571428,41429.24957075043,0.9939307214053095,0.9771045100167769,0.9939307214053095
2019-11-20,600444.SH,20.165,20.326,19.923,20.064,570480.0,-0.995,20.074,2.016,0.39,0.704,0,交易,28.5,51.705128205128204,28634.241831049545,0.987602085998229,0.9801731772114533,1.0004984051036683
2019-11-21,600444.SH,19.963,20.084,19.882,20.003,326400.0,-0.302,20.015,2.016,0.223,0.403,0,交易,49.635235732009924,89.52017937219732,16416.85947087818,0.9965644293965346,0.9899422425811593,1.000599910013498
2019-11-22,600444.SH,20.003,20.266,19.802,19.882,538902.0,-0.605,20.022,2.016,0.368,0.665,0,交易,29.897744360902255,54.35597826086957,27214.523785476216,0.987960130267443,0.9771045100167769,1.0070415451161854
2019-11-25,600444.SH,19.882,19.923,19.459,19.822,431100.0,-0.304,19.754,2.016,0.294,0.532,0,交易,37.2593984962406,67.62585034013607,22154.273087003443,0.9915173417657985,0.9767103347889374,0.9965694682675816
2019-11-26,600444.SH,19.58,19.983,19.58,19.983,357900.0,0.814,19.875,2.016,0.244,0.442,0,交易,45.210407239819006,80.24590163934425,18278.855975485192,0.9945954060951808,0.9798328579292397,0.9945954060951808
2019-11-27,600444.SH,19.983,20.044,19.761,19.963,430308.0,-0.101,19.948,2.016,0.294,0.531,0,交易,37.59510357815442,67.96938775510205,21775.618642781235,0.9952105368189982,0.9858810616643384,0.9992486099283675
2019-11-28,600444.SH,19.943,20.124,19.903,20.044,457500.0,0.404,20.041,2.016,0.312,0.565,0,交易,35.47610619469027,63.9198717948718,22986.48444958047,0.9958755714569669,0.9890180878552971,0.9998503292755937
2019-11-29,600444.SH,19.963,20.104,19.862,20.024,240700.0,-0.101,19.968,2.016,0.164,0.297,0,交易,67.42087542087543,121.72560975609755,12118.618467425234,0.9932351770791883,0.9879625945085555,0.9972033559728326
2019-12-02,600444.SH,20.145,20.266,19.923,19.963,434600.0,-0.302,20.025,2.016,0.297,0.536,0,交易,37.24440298507463,67.82828282828282,21813.98383777544,0.9881081614526794,0.9830751011546432,1.0031057456294143
2019-12-03,600444.SH,20.024,20.084,19.721,20.084,559208.0,0.606,19.893,2.016,0.382,0.69,0,交易,29.107246376811595,52.41884816753927,28355.96572181938,0.9904899422425812,0.9819259111730732,0.9904899422425812
2019-12-04,600444.SH,19.963,20.205,19.862,20.205,485000.0,0.602,20.076,2.016,0.331,0.599,0,交易,33.73121869782972,60.31117824773414,24418.487564192932,0.9936154417223461,0.983024003959416,0.9936154417223461
2019-12-05,600444.SH,20.266,20.427,20.124,20.387,555100.0,0.898,20.286,2.016,0.379,0.685,0,交易,29.762043795620436,53.47229551451187,27583.979328165377,0.9930973711264504,0.985166691144074,0.9950458625594742
2019-12-06,600444.SH,20.427,20.649,20.266,20.588,446800.0,0.989,20.445,2.016,0.305,0.551,0,交易,37.364791288566245,66.97377049180328,22046.777854534692,0.9901205869533634,0.9814518862898929,0.9930542063337866
2019-12-09,600444.SH,20.669,20.729,20.427,20.629,695820.0,0.196,20.592,2.016,0.475,0.859,0,交易,24.0151338766007,43.51368421052632,34063.73916874725,0.99339090163539,0.9854310386415167,0.9982064084541179
2019-12-10,600444.SH,20.629,20.729,20.124,20.689,626180.0,0.293,20.432,2.016,0.428,0.773,0,交易,26.764553686934022,48.19859813084113,31116.080302126815,0.985672246611028,0.9708138356891312,0.987577939968099
2019-12-11,600444.SH,20.528,20.951,20.528,20.629,415800.0,-0.292,20.697,2.016,0.284,0.513,0,交易,40.212475633528264,72.28169014084507,20255.261106780985,0.9878764736766741,0.9798100329339887,1.003296330408648
2019-12-12,600444.SH,20.931,20.951,20.447,20.467,303600.0,-0.782,20.546,2.016,0.207,0.375,0,交易,54.57866666666666,101.11594202898551,14848.14398200225,0.9806691804687127,0.9759438690277313,1.0038598719890557
2019-12-13,600444.SH,20.608,20.81,20.508,20.548,544200.0,0.394,20.658,2.016,0.372,0.672,0,交易,30.57738095238095,55.39784946236559,26535.985956699824,0.9926958193176358,0.9854877462758289,1.0053533190578159
2019-12-16,600444.SH,21.092,21.092,20.588,20.77,418700.0,1.079,20.728,2.016,0.286,0.517,0,交易,40.174081237911025,73.74825174825175,20337.089566737905,0.9827422719514509,0.9761046842404705,0.9979778526721234
2019-12-17,600444.SH,20.729,21.052,20.709,20.951,763401.0,0.874,20.861,2.016,0.521,0.942,0,交易,22.240976645435246,39.78694817658349,36863.24786324787,0.9909272278168345,0.9837070112103363,0.9957042623263807
2019-12-18,600444.SH,20.971,21.052,20.871,20.992,661570.0,0.192,20.961,2.016,0.452,0.817,0,交易,25.69400244798042,46.39601769911504,31698.049925734274,0.9956773703211096,0.991402242067262,0.9985232469512194
2019-12-19,600444.SH,20.79,21.496,20.669,21.375,1149000.0,1.825,21.218,2.016,0.785,1.418,0,交易,15.074047954866009,26.484076433121018,55590.49784701727,0.9870673613695572,0.9615277260885747,0.9926549707602339
2019-12-20,600444.SH,21.375,21.717,21.113,21.455,913379.9999999999,0.377,21.455,2.016,0.624,1.127,0,交易,19.03726708074534,34.25480769230769,43261.49765547293,0.9879357185614955,0.9721876870654327,1.0
2019-12-23,600444.SH,21.455,21.576,20.891,20.931,945008.0,-2.444,21.214,2.016,0.645,1.166,0,交易,17.951114922813037,33.263565891472865,45235.173041022455,0.9832220986281052,0.968251761216166,1.0135206153552145
2019-12-24,600444.SH,20.75,21.496,20.75,21.475,854500.0,2.601,21.187,2.016,0.584,1.055,0,交易,20.355450236966828,35.53082191780822,41180.72289156626,0.9856252326014143,0.9652958689988835,0.9865890570430733
2019-12-25,600444.SH,21.395,21.496,21.153,21.213,462501.0,-1.221,21.326,2.016,0.316,0.571,0,交易,37.150612959719794,67.70569620253164,21864.558218692386,0.9920915519166358,0.9840435429847414,1.0053269221703671
2019-12-26,600444.SH,21.496,21.496,21.193,21.334,510500.0,0.57,21.301,2.016,0.349,0.63,0,交易,33.86349206349206,61.59312320916906,24088.14231114047,0.9909285448455526,0.9859043542984742,0.9984531733383332
2019-12-27,600444.SH,21.334,21.435,21.173,21.254,744100.0,-0.378,21.309,2.016,0.508,0.918,0,交易,23.152505446623096,41.996062992125985,35143.81523638596,0.9941217634709588,0.9877770002332633,1.0025877481885763
2019-12-30,600444.SH,21.294,21.355,20.709,21.294,763743.0,0.19,21.064,2.016,0.522,0.943,0,交易,22.58112407211029,40.793103448275865,36879.7624221353,0.9863732147038164,0.96974947319129,0.9891988353526815
2019-12-31,600444.SH,21.314,21.375,21.072,21.274,351925.0,-0.095,21.229,2.016,0.24,0.434,0,交易,49.0184331797235,88.80833333333334,16701.072513287774,0.9931695906432748,0.9858245614035087,0.9978847419385164
2020-01-02,600444.SH,21.274,21.637,21.254,21.556,1694196.0,1.327,21.454,2.016,1.157,2.091,0,交易,10.308943089430894,18.387208297320658,79711.8660016938,0.9915422655636179,0.9822988399500855,0.9952681388012619
2020-01-03,600444.SH,21.617,21.657,21.375,21.596,851000.0,0.187,21.525,2.016,0.581,1.05,0,交易,20.567619047619047,37.20654044750431,39812.865497076025,0.9939049729879484,0.986978805928799,0.9967123541396554
2020-01-06,600444.SH,21.576,21.798,21.395,21.596,1251224.0,0.0,21.582,2.016,0.855,1.544,0,交易,13.987046632124352,25.235087719298246,58482.075251226925,0.99009083402147,0.9815120653270943,0.9993517318021856
2020-01-07,600444.SH,21.596,21.838,21.556,21.758,971700.0,0.747,21.697,2.016,0.664,1.199,0,交易,18.146788990825687,32.524096385542165,45077.93653739098,0.9935433647769941,0.9870867295539885,0.9971964334957257
2020-01-08,600444.SH,21.657,22.181,21.435,21.637,1129900.0,-0.556,21.766,2.016,0.772,1.395,0,交易,15.510394265232975,28.053108808290155,52712.852810823424,0.9812902934944321,0.9663676119201117,1.0059620095207282
2020-01-09,600444.SH,21.617,21.899,21.516,21.778,785466.0,0.652,21.751,2.016,0.536,0.97,0,交易,22.451546391752576,40.33022388059702,36506.134969325154,0.993241700534271,0.982510616923147,0.9987602167324824
2020-01-10,600444.SH,21.879,21.879,21.596,21.677,741484.0,-0.463,21.706,2.016,0.506,0.915,0,交易,23.69071038251366,43.23913043478261,34334.32117058714,0.9920928744458155,0.9870652223593399,1.0013378234995618
2020-01-13,600444.SH,21.536,21.879,21.455,21.738,585100.0,0.279,21.642,2.016,0.4,0.722,0,交易,30.10803324099723,53.84,27271.032393381498,0.9891676950500479,0.9806206865030394,0.9955837703560585
2020-01-14,600444.SH,21.859,21.98,21.677,21.738,637400.0,0.0,21.762,2.016,0.435,0.787,0,交易,27.621346886912324,50.25057471264368,29404.43788347096,0.9900818926296633,0.9862147406733394,1.0011040574109855
2020-01-15,600444.SH,21.637,21.778,21.375,21.556,581100.0,-0.835,21.53,2.016,0.397,0.717,0,交易,30.064156206415625,54.50125944584383,27185.964912280702,0.9886123610983563,0.9814950867848288,0.9987938393022824
2020-01-16,600444.SH,21.496,21.596,21.193,21.193,629700.0,-1.684,21.407,2.016,0.43,0.777,0,交易,27.275418275418275,49.990697674418605,29712.640966356816,0.9912483793295055,0.9813391368771995,1.0100976737602039
2020-01-17,600444.SH,21.475,21.475,20.992,21.012,521866.0,-0.856,21.19,2.016,0.356,0.644,0,交易,32.62732919254658,60.32303370786518,24860.232469512193,0.9867287543655413,0.9775087310826542,1.0084713497049305
2020-01-20,600444.SH,21.012,21.375,20.81,21.193,806450.0,0.864,21.068,2.016,0.551,0.995,0,交易,21.299497487437186,38.13430127041742,38753.00336376742,0.9856374269005849,0.9735672514619882,0.9941018260746473
2020-01-21,600444.SH,21.375,21.375,20.85,20.931,646925.0,-1.237,20.956,2.016,0.442,0.799,0,交易,26.196495619524406,48.35972850678733,31027.57793764988,0.9803976608187134,0.9754385964912281,1.001194400649754
2020-01-22,600444.SH,21.213,21.213,20.709,21.052,1112634.0,0.578,20.919,2.016,0.76,1.373,0,交易,15.332847778587036,27.91184210526316,53727.075184702306,0.9861405741762127,0.9762409843020788,0.9936823104693141
2020-01-23,600444.SH,21.052,21.052,19.983,20.225,782701.0,-3.927,20.399,2.016,0.535,0.966,0,交易,20.936853002070396,39.34953271028037,39168.34309162788,0.9689815694470835,0.9492209766292989,1.0086032138442522
2020-02-03,600444.SH,18.209,18.209,18.209,18.209,459200.0,-9.97,18.209,2.016,0.314,0.567,0,交易,32.114638447971785,57.99044585987261,25218.298643527927,1.0,1.0,1.0
2020-02-04,600444.SH,17.362,18.209,17.362,17.624,1753673.0,-3.212,17.59,2.016,1.198,2.165,0,交易,8.14041570438799,14.492487479131885,101006.39327266446,0.9660058212971607,0.9534845406117853,0.9980708125283705
2020-02-05,600444.SH,17.745,18.31,17.483,18.068,1657668.9999999998,2.517,17.989,2.016,1.132,2.046,0,交易,8.830889540566961,15.675795053003537,94816.04987702338,0.9824685963954125,0.9548334243582742,0.9956276289572725
2020-02-06,600444.SH,18.108,18.471,17.826,18.31,1645945.0,1.339,18.117,2.016,1.124,2.032,0,交易,9.010826771653543,16.110320284697508,92333.95040951419,0.9808348221536463,0.9650803962968979,0.9894593118514474
2020-02-07,600444.SH,18.31,18.491,18.088,18.491,1875600.0,0.991,18.306,2.016,1.281,2.315,0,交易,7.9874730021598275,14.29352068696331,103693.05616983635,0.9899951327672922,0.9782056135417231,0.9899951327672922
2020-02-10,600444.SH,18.35,18.935,18.189,18.673,1083225.0,0.981,18.597,2.016,0.74,1.337,0,交易,13.966342557965593,24.7972972972973,59553.85122876464,0.9821494586744126,0.9606020596778453,0.9959299523376
2020-02-11,600444.SH,18.673,19.015,18.652,18.773,920900.0,0.54,18.802,2.016,0.629,1.137,0,交易,16.510993843447668,29.68680445151033,49372.72142397598,0.9887983171180647,0.9809098080462793,1.0015447717466575
2020-02-12,600444.SH,18.773,19.116,18.693,19.036,943500.0,1.396,18.92,2.016,0.644,1.165,0,交易,16.33991416309013,29.15062111801242,50473.43925533622,0.9897468089558487,0.9778719397363466,0.9939062828325279
2020-02-13,600444.SH,18.874,19.015,18.552,18.572,862224.0,-2.436,18.769,2.016,0.589,1.064,0,交易,17.454887218045112,32.04414261460102,46476.06727037516,0.9870628451222718,0.9756508019984222,1.0106073659272021
2020-02-14,600444.SH,18.511,18.834,18.37,18.552,1132434.0,-0.109,18.585,2.016,0.773,1.398,0,交易,13.270386266094421,23.946959896507114,61645.835601524224,0.9867792290538389,0.9753637039396836,1.001778783958603
2020-02-17,600444.SH,18.552,19.237,18.552,19.197,1040687.0000000001,3.478,18.985,2.016,0.711,1.285,0,交易,14.939299610894942,26.09282700421941,56095.67701595516,0.9869002443208401,0.964391537141966,0.9889566078033026
2020-02-18,600444.SH,19.298,19.479,19.157,19.479,897694.0,1.471,19.313,2.016,0.613,1.108,0,交易,17.58032490974729,31.481239804241433,46859.842355274835,0.9914780019508188,0.9834693772780944,0.9914780019508188
2020-02-19,600444.SH,19.499,19.802,19.217,19.499,775634.0,0.104,19.501,2.016,0.53,0.957,0,交易,20.375130616509928,36.79056603773584,40361.86709684134,0.9847995152004849,0.9704575295424704,1.0001025693625316
2020-02-20,600444.SH,19.721,19.761,19.358,19.761,1353600.0,1.344,19.587,2.016,0.924,1.671,0,交易,11.82585278276481,21.34307359307359,69924.57898543238,0.9911947775922272,0.9796062952279744,0.9911947775922272
2020-02-21,600444.SH,19.741,19.903,19.358,19.6,2170734.0,-0.816,19.665,2.016,1.483,2.679,0,交易,7.316162747293768,13.31153068105192,112136.27440851327,0.9880420037180325,0.9726171933879315,1.0033163265306122
2020-02-24,600444.SH,19.52,19.741,19.419,19.58,1365292.0,-0.103,19.575,2.016,0.932,1.685,0,交易,11.620178041543026,20.944206008583688,70307.01889901643,0.9915911048072539,0.9836887695658781,0.9997446373850869
2020-02-25,600444.SH,19.237,19.479,18.794,19.338,1581944.0,-1.236,19.18,2.016,1.08,1.953,0,交易,9.90168970814132,17.812037037037033,84172.8211131212,0.9846501360439448,0.9648339237127164,0.9918295583824593
2020-02-26,600444.SH,19.237,19.741,19.056,19.378,1597959.0,0.209,19.534,2.016,1.091,1.972,0,交易,9.82657200811359,17.63244729605866,83855.95088161208,0.9895142090066359,0.9653006433311383,1.0080503663948808
2020-02-27,600444.SH,19.378,19.64,19.338,19.499,945883.0,0.624,19.518,2.016,0.646,1.168,0,交易,16.694349315068493,29.9969040247678,48913.17612989968,0.9937881873727088,0.984623217922607,1.0009744089440484
2020-02-28,600444.SH,19.157,19.358,18.431,18.431,2046500.0,-5.481,18.78,2.016,1.398,2.526,0,交易,7.296516231195567,13.703147353361947,111035.75497802615,0.9701415435478872,0.9521128215724766,1.0189354891215887
2020-03-02,600444.SH,18.652,19.257,18.552,19.056,1503346.0,3.392,18.964,2.016,1.027,1.856,0,交易,10.267241379310345,18.16163583252191,81034.17421302285,0.9847847535960947,0.9633899361271225,0.9951721242653231
2020-03-03,600444.SH,19.237,19.52,18.975,19.177,994101.0,0.635,19.277,2.016,0.679,1.227,0,交易,15.629176854115729,28.331369661266564,52390.039525691696,0.9875512295081968,0.9720799180327869,1.0052145799655838
2020-03-04,600444.SH,19.157,19.721,19.015,19.661,1599700.0,2.524,19.563,2.016,1.093,1.975,0,交易,9.95493670886076,17.526989935956085,84128.3197475677,0.9919882358906749,0.9642005983469398,0.9950155129444076
2020-03-05,600444.SH,19.681,20.185,19.58,20.104,1880846.0,2.256,19.964,2.016,1.285,2.322,0,交易,8.658053402239448,15.315953307392999,96059.55056179776,0.989051275699777,0.9700272479564033,0.9930362116991643
2020-03-06,600444.SH,19.963,20.387,19.761,20.346,1507388.0,1.204,20.088,2.016,1.029,1.861,0,交易,10.93283181085438,19.400388726919342,76280.95744142504,0.9853337911414136,0.9692941580418893,0.9873193748156887
2020-03-09,600444.SH,20.104,20.165,19.499,19.56,1336466.0,-3.865,19.82,2.016,0.913,1.65,0,交易,11.854545454545454,22.0197152245345,68540.23283245295,0.9828911480287628,0.9669724770642202,1.0132924335378324
2020-03-10,600444.SH,19.358,19.983,19.237,19.903,1077352.0,1.753,19.634,2.016,0.736,1.33,0,交易,14.964661654135337,26.30163043478261,56004.15865259656,0.9825351548816494,0.9626682680278236,0.9864844495804653
2020-03-11,600444.SH,19.963,20.871,19.903,20.003,2021716.9999999998,0.507,20.344,2.016,1.381,2.495,0,交易,8.017234468937875,14.455467052860246,101578.50575290156,0.9747496526280486,0.9536198553016146,1.0170474428835674
2020-03-12,600444.SH,20.084,20.084,19.499,19.721,1423071.0,-1.411,19.726,2.016,0.972,1.757,0,交易,11.224245873648265,20.662551440329217,72981.74265346941,0.9821748655646285,0.9708723361880103,1.0002535368389027
2020-03-13,600444.SH,18.693,19.741,18.693,19.499,1220323.0,-1.125,19.209,2.016,0.833,1.506,0,交易,12.94754316069057,22.440576230492198,65282.351682447974,0.973051010587103,0.9469125170963985,0.9851274424329454
2020-03-16,600444.SH,20.064,20.064,18.915,18.955,1597449.0,-2.792,19.56,2.016,1.091,1.972,0,交易,9.61206896551724,18.390467461044913,84454.08406026963,0.9748803827751196,0.9427332535885167,1.031917699815352
2020-03-17,600444.SH,18.753,19.298,18.289,18.814,1358345.0,-0.745,18.682,2.016,0.928,1.677,0,交易,11.218843172331544,20.207974137931032,74271.14659084695,0.968079593740284,0.947714789097316,0.9929839481237376
2020-03-18,600444.SH,18.713,19.257,18.37,18.41,1151971.0,-2.144,18.822,2.016,0.787,1.422,0,交易,12.946554149085795,23.777636594663278,62709.36309199782,0.9774108116529053,0.9539388274393726,1.0223791417707766
2020-03-19,600444.SH,18.37,18.753,18.128,18.612,1140341.0,1.095,18.48,2.016,0.779,1.408,0,交易,13.21875,23.581514762516047,62904.95366284201,0.9854423292273237,0.9666719991468031,0.9929078014184398
2020-03-20,600444.SH,18.693,19.036,18.552,18.955,1050212.0,1.842,18.789,2.016,0.717,1.296,0,交易,14.62577160493827,26.071129707112974,56609.09874946097,0.9870245849968481,0.9745744904391678,0.991242416249011
2020-03-23,600444.SH,18.572,18.955,18.451,18.491,766400.0,-2.447,18.601,2.016,0.523,0.946,0,交易,19.546511627906977,35.510516252390055,41537.04406265243,0.9813241888683725,0.9734107095753101,1.0059488399762047
2020-03-24,600444.SH,18.713,18.935,18.451,18.773,750326.0,1.527,18.653,2.016,0.512,0.926,0,交易,20.273218142548593,36.548828125,40665.871768467834,0.9851069448111962,0.9744388698177978,0.993607841048314
2020-03-25,600444.SH,18.995,19.157,18.794,19.076,748552.0,1.611,18.976,2.016,0.511,0.924,0,交易,20.645021645021643,37.172211350293544,39829.307225710334,0.99055175653808,0.9810513128360391,0.9947578108618158
2020-03-26,600444.SH,19.217,19.52,19.036,19.136,1466352.0,0.317,19.286,2.016,1.001,1.81,0,交易,10.572375690607734,19.197802197802197,77030.46858583736,0.9880122950819673,0.975204918032787,1.0078386287625418
2020-03-27,600444.SH,19.217,19.681,19.096,19.338,1215103.0,1.054,19.388,2.016,0.83,1.5,0,交易,12.892000000000001,23.15301204819277,63631.2840385421,0.9851125450942534,0.9702759006148061,1.002585582790361
2020-03-30,600444.SH,19.358,19.358,18.753,19.015,1007628.0000000001,-1.668,18.973,2.016,0.688,1.244,0,交易,15.285369774919614,28.13662790697675,53731.56294992802,0.9801115817749767,0.9687467713606778,0.9977912174599
2020-03-31,600444.SH,19.056,19.298,18.854,18.935,1464076.0,-0.424,19.06,2.016,1.0,1.807,0,交易,10.4786939679026,19.056,77653.33616208762,0.9876671157632916,0.9769924344491657,1.0066015315553207
2020-04-01,600444.SH,18.794,19.076,18.531,18.612,1285004.0,-1.704,18.798,2.016,0.878,1.586,0,交易,11.735182849936947,21.405466970387245,69343.47849549404,0.985426714195848,0.9714300691968966,1.009993552546744
2020-04-02,600444.SH,18.471,19.157,18.35,19.116,1073707.0,2.709,18.816,2.016,0.733,1.325,0,交易,14.427169811320756,25.19918144611187,58512.64305177111,0.9821997181187033,0.9578744062222687,0.9843063402385436
2020-04-03,600444.SH,19.157,19.278,18.652,19.076,1075000.0,-0.211,19.064,2.016,0.734,1.327,0,交易,14.37528259231349,26.099455040871934,57634.570019300874,0.9888992634090674,0.9675277518414774,0.9993709373034179
2020-04-07,600444.SH,19.237,19.661,19.197,19.62,1498528.0,2.854,19.448,2.016,1.023,1.85,0,交易,10.605405405405405,18.804496578690127,78060.53029119133,0.9891663699710086,0.9763999796551548,0.9912334352701325
2020-04-08,600444.SH,19.64,19.943,19.399,19.802,2077183.0000000002,0.925,19.746,2.016,1.419,2.564,0,交易,7.723088923556942,13.840732910500352,107076.80808289087,0.9901218472647043,0.9727222584365441,0.9971720028279971
2020-04-09,600444.SH,19.802,20.266,19.761,19.923,1386734.0,0.611,20.006,2.016,0.947,1.712,0,交易,11.637266355140186,20.91024287222809,70175.29477253176,0.9871706306128492,0.97508141715188,1.004166039251117
2020-04-10,600444.SH,19.923,19.923,19.197,19.338,1297202.0,-2.935,19.505,2.016,0.886,1.601,0,交易,12.078700811992505,22.486455981941308,67573.16247330312,0.979019224012448,0.9635597048637253,1.0086358465198055
2020-04-13,600444.SH,19.338,19.338,18.995,19.096,887500.0,-1.251,19.121,2.016,0.606,1.095,0,交易,17.439269406392693,31.91089108910891,46722.82179520926,0.9887785706898333,0.9822629020581239,1.0013091746962715
2020-04-14,600444.SH,19.197,19.862,19.157,19.741,1093351.0,3.379,19.515,2.016,0.747,1.35,0,交易,14.622962962962962,25.69879518072289,57073.18473664979,0.9825294532272683,0.9645050850871011,0.9885517450990325
2020-04-15,600444.SH,19.963,19.963,19.358,19.419,911785.0,-1.634,19.556,2.016,0.623,1.125,0,交易,17.261333333333333,32.04333868378812,47101.19847091642,0.9796122827230376,0.9696939337774884,1.0070549461867244
2020-04-16,600444.SH,19.419,19.62,19.177,19.479,642677.0,0.312,19.383,2.016,0.439,0.793,0,交易,24.56368221941992,44.23462414578588,33512.90608541482,0.987920489296636,0.977420998980632,0.9950716155860158
2020-04-17,600444.SH,19.197,19.761,19.197,19.399,999095.0000000001,-0.414,19.536,2.016,0.682,1.233,0,交易,15.73317112733171,28.148093841642225,52044.32984320467,0.9886139365416731,0.9714589342644603,1.0070622197020465
2020-04-20,600444.SH,19.358,19.54,19.096,19.52,1167928.0,0.624,19.295,2.016,0.798,1.442,0,交易,13.536754507628293,24.25814536340852,61160.871386677834,0.9874616171954965,0.9772773797338793,0.9884733606557378
2020-04-21,600444.SH,19.399,19.6,19.217,19.399,1204824.0,-0.62,19.413,2.016,0.823,1.487,0,交易,13.045729657027572,23.571081409477525,62695.73814851434,0.9904591836734693,0.9804591836734693,1.0007216866848807
2020-04-22,600444.SH,19.278,19.842,19.056,19.741,1312908.0,1.767,19.599,2.016,0.897,1.621,0,交易,12.178285009253546,21.49163879598662,68897.35516372796,0.987753250680375,0.9603870577562746,0.9928068486905426
2020-04-23,600444.SH,19.983,20.024,19.56,20.024,1109836.0,1.43,19.801,2.016,0.758,1.37,0,交易,14.616058394160584,26.36279683377309,56740.081799591004,0.988863363963244,0.9768278066320415,0.988863363963244
2020-04-24,600444.SH,19.943,20.326,19.257,19.459,1883675.9999999998,-2.82,19.83,2.016,1.286,2.325,0,交易,8.369462365591398,15.507776049766719,97817.72861816481,0.9755977565679425,0.947407261635344,1.0190657279407986
2020-04-27,600444.SH,19.177,19.64,19.076,19.237,1112800.0,-1.14,19.333,2.016,0.76,1.374,0,交易,14.000727802037844,25.232894736842105,58335.080729712725,0.9843686354378818,0.9712830957230143,1.0049903831158704
2020-04-28,600444.SH,18.894,19.217,18.189,18.451,1802173.0,-4.088,18.584,2.016,1.231,2.224,0,交易,8.296312949640287,15.3484971567831,99080.37825059102,0.9670604152573243,0.9465056980798252,1.0072082813939622
2020-04-29,600444.SH,18.451,18.834,18.168,18.168,1641556.0000000002,-1.53,18.391,2.016,1.121,2.026,0,交易,8.967423494570584,16.459411239964318,90354.24922941437,0.9764787087182754,0.9646384198789423,1.012274328489652
2020-04-30,600444.SH,18.249,18.451,18.108,18.39,1186179.0,1.221,18.3,2.016,0.81,1.464,0,交易,12.561475409836067,22.52962962962963,65505.79854208085,0.9918161617256518,0.9814102216682022,0.9951060358890702
2020-05-06,600444.SH,18.128,18.713,18.128,18.673,1052321.0,1.535,18.467,2.016,0.719,1.299,0,交易,14.37490377213241,25.212795549374132,58049.48146513681,0.9868540586757868,0.9687383102655908,0.9889680287045467
2020-05-07,600444.SH,18.673,19.217,18.552,19.076,1335500.0,2.16,18.92,2.016,0.912,1.648,0,交易,11.575242718446603,20.474780701754383,71986.84777921518,0.9845449341728679,0.9653952229796535,0.9918221849444329
2020-05-08,600444.SH,19.056,19.52,18.955,19.358,1844454.0,1.48,19.359,2.016,1.26,2.277,0,交易,8.501537110232762,15.123809523809525,97306.99024004221,0.991752049180328,0.9710553278688524,1.0000516582291559
2020-05-11,600444.SH,19.278,19.479,18.874,19.096,1324378.0,-1.354,19.227,2.016,0.904,1.635,0,交易,11.679510703363915,21.325221238938052,70169.43944050017,0.9870629909132913,0.9689409107243698,1.0068600754084625
2020-05-12,600444.SH,19.096,19.136,18.773,19.015,752600.0,-0.422,18.977,2.016,0.514,0.929,0,交易,20.468245425188375,37.15175097276264,40089.49022532361,0.9916910535117057,0.9810305183946488,0.9980015777018143
2020-05-13,600444.SH,19.076,19.096,18.713,19.096,1097078.0,0.424,18.986,2.016,0.749,1.354,0,交易,14.103397341211226,25.468624833110816,58626.51632554908,0.9942396313364056,0.9799434436531211,0.9942396313364056
2020-05-14,600444.SH,19.036,19.157,18.773,18.894,527832.0,-1.056,18.965,2.016,0.36,0.652,0,交易,28.97852760736196,52.87777777777778,28116.55036488574,0.9899775538967479,0.9799551077934958,1.0037578067111252
2020-05-15,600444.SH,19.036,19.056,18.713,18.794,739300.0,-0.534,18.892,2.016,0.505,0.913,0,交易,20.58488499452355,37.6950495049505,39507.29439427136,0.991393786733837,0.9820004198152813,1.0052144301372778
2020-05-18,600444.SH,18.975,19.338,18.794,18.955,843700.0,0.858,18.991,2.016,0.576,1.041,0,交易,18.208453410182518,32.942708333333336,44891.986804299246,0.9820560554348949,0.9718688592408729,1.001899235030335
2020-05-19,600444.SH,18.955,19.157,18.955,19.076,1179513.0,0.638,19.023,2.016,0.806,1.456,0,交易,13.101648351648352,23.517369727047143,62227.011342653655,0.993005167823772,0.9894555514955368,0.9972216397567624
2020-05-20,600444.SH,19.076,19.136,18.874,19.015,817200.0,-0.317,18.974,2.016,0.558,1.009,0,交易,18.845391476709615,34.18637992831541,43297.658154074394,0.9915342809364549,0.9863085284280936,0.9978438075203786
2020-05-21,600444.SH,19.076,19.197,18.894,19.136,719513.0,0.636,19.053,2.016,0.491,0.888,0,交易,21.54954954954955,38.85132382892057,38081.56028368795,0.9924988279418661,0.9842162837943428,0.9956626254180603
2020-05-22,600444.SH,19.278,19.278,18.753,18.935,892409.0,-1.054,18.933,2.016,0.609,1.102,0,交易,17.18239564428312,31.655172413793103,47587.53266144083,0.9821039526921881,0.9727668845315904,0.999894375495115
2020-05-25,600444.SH,18.894,19.119,18.545,18.955,546556.0,0.108,18.866,2.049,0.373,0.675,0,交易,28.08148148148148,50.65415549597855,29471.8792127258,0.9867670903289921,0.9699775092839584,0.995304668952783
2020-05-26,600444.SH,19.037,19.324,18.832,19.324,936109.0,1.946,19.146,2.049,0.639,1.155,0,交易,16.730735930735932,29.79186228482003,49708.42183517417,0.9907886565928379,0.9745394328296418,0.9907886565928379
2020-05-27,600444.SH,19.365,19.57,19.263,19.509,1176060.0,0.954,19.445,2.049,0.803,1.452,0,交易,13.435950413223141,24.115815691158154,61052.79551471733,0.9936126724578437,0.984312723556464,0.9967194628120355
2020-05-28,600444.SH,19.509,19.59,19.119,19.406,930400.0,-0.525,19.385,2.049,0.635,1.148,0,交易,16.90418118466899,30.72283464566929,48663.63303520059,0.9895354772843288,0.9759571209800919,0.9989178604555293
2020-05-29,600444.SH,18.709,19.672,18.709,19.529,1102124.0,0.634,19.481,2.049,0.753,1.36,0,交易,14.35955882352941,24.845949535192563,58908.760489603934,0.9902907686051241,0.9510471736478243,0.9975421168518614
2020-06-01,600444.SH,19.488,19.939,19.263,19.939,1259911.0,2.099,19.786,2.049,0.86,1.555,0,交易,12.822508038585209,22.66046511627907,65405.75195971551,0.9923265961181604,0.9660965946135714,0.9923265961181604
2020-06-02,600444.SH,19.98,20.246,19.816,20.021,989500.0,0.411,20.005,2.049,0.676,1.221,0,交易,16.397215397215398,29.556213017751478,49934.3964473153,0.9880964141064902,0.9787612367875136,0.999200839118925
2020-06-03,600444.SH,20.041,20.226,19.939,20.021,1141300.0,0.0,20.055,2.049,0.779,1.409,0,交易,14.209368346344926,25.72657252888318,57239.58072119966,0.9915455354494216,0.9858103431227134,1.001698216872284
2020-06-04,600444.SH,20.082,20.246,19.898,20.144,1041879.0000000001,0.614,20.096,2.049,0.712,1.286,0,交易,15.664074650077758,28.205056179775283,52360.99105437733,0.9925911291119234,0.9828114195396622,0.9976171564733917
2020-06-05,600444.SH,20.287,20.595,20.062,20.533,1797113.0,1.933,20.408,2.049,1.227,2.218,0,交易,9.257439134355275,16.533822330888345,89577.95832917954,0.9909201262442342,0.9741199320223356,0.993912238835046
2020-06-08,600444.SH,20.636,20.8,20.205,20.369,1712645.0,-0.798,20.502,2.049,1.17,2.114,0,交易,9.635288552507095,17.63760683760684,84763.42489482801,0.9856730769230768,0.9713942307692307,1.0065295301683932
2020-06-09,600444.SH,20.431,20.513,20.267,20.39,722000.0,0.101,20.409,2.049,0.493,0.891,0,交易,22.884399551066217,41.4421906693712,35624.41407213697,0.9949300443621117,0.9880076049334567,1.000931829328102
2020-06-10,600444.SH,20.39,20.595,20.205,20.472,649236.0,0.402,20.354,2.049,0.443,0.801,0,交易,25.55805243445693,46.027088036117384,32132.442464736454,0.9882981306142268,0.9810633648943918,0.9942360296991011
2020-06-11,600444.SH,19.775,20.861,19.775,20.369,1395700.0,-0.501,20.367,2.049,0.953,1.723,0,交易,11.821822402785838,20.750262329485835,70579.01390644754,0.976319447773357,0.9479411341738171,0.9999018115764152
2020-06-12,600444.SH,19.775,20.513,19.775,20.39,1189155.0,0.101,20.306,2.049,0.812,1.468,0,交易,13.889645776566757,24.353448275862064,60134.26042983565,0.9899088382976649,0.9640228148003703,0.9958803334968122
2020-06-15,600444.SH,20.533,20.677,20.226,20.451,1169516.0,0.302,20.48,2.049,0.799,1.444,0,交易,14.16274238227147,25.69837296620776,57822.40680312469,0.9904725056826426,0.9781883251922425,1.0014180235685297
2020-06-16,600444.SH,20.431,20.984,20.431,20.861,1762814.0,2.004,20.812,2.049,1.204,2.176,0,交易,9.586856617647058,16.969269102990033,86281.33718369144,0.9918032786885246,0.9736465878764773,0.9976511193135517
2020-06-17,600444.SH,20.82,20.963,20.574,20.636,1130200.0,-1.081,20.751,2.049,0.772,1.395,0,交易,14.792831541218638,26.968911917098445,54933.4111013901,0.9898869436626437,0.9814434956828698,1.0055727854235317
2020-06-18,600444.SH,20.513,20.8,20.226,20.246,1146741.0,-1.887,20.427,2.049,0.783,1.415,0,交易,14.308127208480563,26.197956577266922,56696.380895876595,0.9820673076923077,0.9724038461538461,1.0089400375382793
2020-06-19,600444.SH,20.226,20.41,20.123,20.349,726129.0,0.506,20.267,2.049,0.496,0.896,0,交易,22.7109375,40.77822580645161,36084.5301396412,0.9929936305732484,0.9859382655561,0.9959703179517421
2020-06-22,600444.SH,20.246,20.451,20.144,20.369,783536.0,0.101,20.275,2.049,0.535,0.967,0,交易,21.0641158221303,37.8429906542056,38896.743447180306,0.9913940638599579,0.9849885091193583,0.9953851440915116
2020-06-23,600444.SH,20.349,20.41,20.041,20.144,945800.0,-1.107,20.221,2.049,0.646,1.167,0,交易,17.261353898886032,31.5,47193.25382964922,0.9907398334149926,0.9819206271435571,1.0038224781572678
2020-06-24,600444.SH,20.082,20.205,19.672,19.816,1296167.0,-1.628,19.851,2.049,0.885,1.6,0,交易,12.384999999999998,22.691525423728812,65888.92842618951,0.9824795842613215,0.9736203909923288,1.0017662494953572
2020-06-29,600444.SH,19.672,19.939,19.488,19.693,985800.0,-0.62,19.661,2.049,0.673,1.217,0,交易,16.181594083812655,29.230312035661218,50584.97536945813,0.986057475299664,0.9773810120868649,0.9983750571268979
2020-06-30,600444.SH,19.529,20.205,19.529,19.816,2384800.0,0.624,19.921,2.049,1.629,2.944,0,交易,6.730978260869565,11.988336402701044,122115.82774335603,0.9859440732491958,0.9665429349170997,1.0052987484860718
2020-07-01,600444.SH,20.082,20.082,19.59,19.98,800901.0,0.827,19.876,2.049,0.547,0.989,0,交易,20.202224469160768,36.712979890310784,40883.15467075038,0.9897420575639877,0.9755004481625336,0.9947947947947948
2020-07-02,600444.SH,20.123,20.144,19.877,20.082,855800.0,0.513,20.049,2.049,0.584,1.056,0,交易,19.017045454545453,34.45719178082192,43054.78693967903,0.9952839555202542,0.9867454328832407,0.9983567373767552
2020-07-03,600444.SH,20.103,20.472,20.103,20.41,1024751.0,1.633,20.305,2.049,0.7,1.265,0,交易,16.134387351778656,28.718571428571433,50975.02860269611,0.9918425166080499,0.9819753810082064,0.9948554630083293
2020-07-06,600444.SH,20.492,21.168,20.492,20.963,2815213.0,2.711,20.838,2.049,1.923,3.475,0,交易,6.032517985611511,10.656266250650026,137381.0755416748,0.9844104308390024,0.9680650037792896,0.9940371130086343
2020-07-07,600444.SH,21.168,21.353,20.779,21.107,2542700.0,0.684,21.063,2.049,1.737,3.138,0,交易,6.726258763543658,12.186528497409325,122368.73766783772,0.9864187701962253,0.973118531353908,0.9979153835220542
2020-07-08,600444.SH,21.004,21.414,20.881,21.394,2280574.0,1.359,21.172,2.049,1.558,2.815,0,交易,7.6,13.481386392811297,109217.66198936832,0.9886989819744092,0.9751097412907443,0.9896232588576237
2020-07-09,600444.SH,21.373,21.845,21.209,21.619,2057000.9999999998,1.054,21.517,2.049,1.405,2.539,0,交易,8.514769594328476,15.212099644128115,96987.17525578763,0.9849851224536508,0.9708857862211032,0.9952819279337619
2020-07-10,600444.SH,21.701,21.763,21.353,21.414,1502501.0,-0.948,21.569,2.049,1.026,1.855,0,交易,11.543935309973048,21.151072124756336,70364.86676345243,0.99108578780499,0.9811606855672471,1.0072382553469692
2020-07-13,600444.SH,21.701,22.295,21.701,22.193,2820899.0,3.636,22.024,2.049,1.927,3.482,0,交易,6.37363584147042,11.261546445251687,129989.3553292475,0.9878448082529715,0.973357254989908,0.9923849862569278
2020-07-14,600444.SH,22.193,22.459,21.476,21.968,2398090.0,-1.016,21.965,2.049,1.638,2.96,0,交易,7.421621621621622,13.54884004884005,111663.71763829392,0.9780043635068347,0.9562313549133977,0.9998634377276038
2020-07-15,600444.SH,22.091,22.193,21.332,21.599,2169520.0,-1.679,21.765,2.049,1.482,2.678,0,交易,8.065347274085138,14.90620782726046,101702.6064129008,0.9807146397512729,0.9612039832379579,1.0076855409972685
2020-07-16,600444.SH,21.804,21.865,20.8,20.902,2533283.0,-3.226,21.288,2.049,1.73,3.127,0,交易,6.68436200831468,12.603468208092485,121792.45192307692,0.9736107935056026,0.9512920192087813,1.0184671323318342
2020-07-17,600444.SH,20.984,21.209,20.615,20.943,1739600.0,0.196,20.956,2.049,1.188,2.147,0,交易,9.754541220307408,17.663299663299664,84385.15643948581,0.9880711018907068,0.971993021830355,1.0006207324643077
2020-07-20,600444.SH,21.189,21.927,20.861,21.804,2346585.0,4.11,21.612,2.049,1.603,2.896,0,交易,7.529005524861878,13.218340611353712,112486.6976655002,0.9856341496784785,0.9513841382770101,0.9911942762795817
2020-07-21,600444.SH,22.111,22.172,21.763,21.906,1610499.0,0.47,21.923,2.049,1.1,1.988,0,交易,11.019114688128772,20.10090909090909,74001.70013325367,0.9887696193397076,0.9815533104816887,1.0007760430932164
2020-07-22,600444.SH,21.906,22.234,21.763,21.927,1573848.0,0.094,21.98,2.049,1.075,1.943,0,交易,11.285126093669582,20.377674418604652,72317.60327160778,0.9885760546910137,0.9788162273994783,1.0024171113239386
2020-07-23,600444.SH,21.927,22.111,21.045,21.722,1895000.0,-0.935,21.462,2.049,1.294,2.339,0,交易,9.286874732791793,16.945131375579596,90045.14136374435,0.9706480937090136,0.9517887024557913,0.988030568087653
2020-07-24,600444.SH,21.722,21.927,20.881,20.922,1485900.0,-3.679,21.326,2.049,1.015,1.834,0,交易,11.407851690294438,21.40098522167488,71160.38503903069,0.9725908697040179,0.9522962557577416,1.019309817417073
2020-07-27,600444.SH,20.943,21.25,20.595,21.004,1806141.9999999998,0.392,20.926,2.049,1.234,2.229,0,交易,9.423059668012561,16.97163695299838,87698.08205875212,0.9847529411764705,0.9691764705882352,0.9962864216339743
2020-07-28,600444.SH,21.127,21.763,21.045,21.414,1489851.0,1.951,21.331,2.049,1.018,1.839,0,交易,11.644371941272432,20.753438113948917,70793.5851746258,0.980149795524514,0.9670082249689841,0.9961240310077518
2020-07-29,600444.SH,21.312,21.804,21.045,21.804,1409544.0,1.818,21.552,2.049,0.963,1.74,0,交易,12.53103448275862,22.13084112149533,66977.6193870278,0.9884424876169511,0.9651898734177217,0.9884424876169511
2020-07-30,600444.SH,21.804,22.091,21.722,22.029,1851000.0,1.034,21.944,2.049,1.264,2.285,0,交易,9.64070021881838,17.25,85213.14796059295,0.9933457063962698,0.9832963650355349,0.9961414499069408
2020-07-31,600444.SH,22.05,22.336,21.845,22.152,1404100.0,0.558,22.104,2.049,0.959,1.733,0,交易,12.782458165031736,22.99270072992701,64275.57793545434,0.9896131805157593,0.9780175501432665,0.9978331527627301
2020-08-03,600444.SH,22.357,22.664,22.132,22.562,1616710.0,1.85,22.469,2.049,1.104,1.996,0,交易,11.303607214428858,20.250905797101446,73048.52701969998,0.9913960465937169,0.9765266501941405,0.9958780249977839
2020-08-04,600444.SH,22.705,22.705,22.132,22.295,1791322.0,-1.181,22.339,2.049,1.223,2.211,0,交易,10.083672546359114,18.56500408830744,80938.09868064341,0.9838802025985466,0.9747632680026427,1.001973536667414
2020-08-05,600444.SH,22.295,23.177,22.234,22.808,2481850.0,2.298,22.796,2.049,1.695,3.063,0,交易,7.446294482533464,13.15339233038348,111624.08923270665,0.9835612892091298,0.9593131121370325,0.9994738688179586
2020-08-06,600444.SH,22.685,23.402,22.603,23.238,2447159.0,1.887,23.003,2.049,1.671,3.021,0,交易,7.692154915590864,13.57570317175344,108266.99995575807,0.982950175198701,0.9658576190069225,0.9898872536362854
2020-08-07,600444.SH,23.095,23.73,23.013,23.3,3125679.0,0.265,23.363,2.049,2.135,3.858,0,交易,6.039398652151374,10.817330210772834,135822.3178203624,0.9845343447113358,0.9697850821744628,1.0027038626609441
2020-08-10,600444.SH,22.89,23.3,22.767,22.787,2004459.0,-2.199,22.989,2.049,1.369,2.474,0,交易,9.210590137429262,16.720233747260774,88042.29806298591,0.9866523605150215,0.9771244635193133,1.008864703559047
2020-08-11,600444.SH,22.951,22.992,22.07,22.152,2025459.0,-2.788,22.574,2.049,1.383,2.5,0,交易,8.860800000000001,16.595083152566882,91774.30901676483,0.9818197633959639,0.9598990953375087,1.0190501986276634
2020-08-12,600444.SH,22.295,22.459,21.496,22.009,1997000.0,-0.648,21.865,2.049,1.364,2.465,0,交易,8.928600405679514,16.34530791788856,92901.00483810942,0.9735518055122667,0.9571218665123112,0.9934572220455268
2020-08-13,600444.SH,22.029,22.603,21.906,22.132,1708200.0,0.559,22.204,2.049,1.167,2.108,0,交易,10.499051233396585,18.876606683804628,77978.6359901397,0.9823474759987612,0.9691633853913196,1.0032532080245797
2020-08-14,600444.SH,22.418,22.951,22.234,22.951,2975591.0,3.704,22.688,2.049,2.032,3.673,0,交易,6.248570650694256,11.03248031496063,133830.6647476837,0.9885408043222517,0.9687595311751123,0.9885408043222517
2020-08-17,600444.SH,22.91,23.218,22.705,22.992,2062300.0,0.179,22.91,2.049,1.408,2.546,0,交易,9.030636292223097,16.27130681818182,90830.21360933715,0.9867344301834784,0.9779050736497544,0.9964335421016005
2020-08-18,600444.SH,22.91,23.443,22.787,23.382,2475662.0,1.693,23.141,2.049,1.691,3.056,0,交易,7.651178010471204,13.548196333530456,108643.61258612367,0.98711768971548,0.9720172332892547,0.9896929261825335
2020-08-19,600444.SH,23.382,23.382,22.849,22.951,1938000.0,-1.84,23.039,2.049,1.324,2.392,0,交易,9.59489966555184,17.66012084592145,84817.71631143594,0.9853305961850997,0.9772046873663501,1.0038342555879918
2020-08-20,600444.SH,22.705,22.992,22.603,22.767,1349140.0,-0.804,22.785,2.049,0.921,1.665,0,交易,13.673873873873873,24.652551574375675,59688.536919877886,0.9909968684759917,0.9830810716771051,1.0007906179997366
2020-08-21,600444.SH,22.767,23.361,22.664,22.787,1282271.0,0.09,22.944,2.049,0.876,1.583,0,交易,14.394819962097284,25.98972602739726,56577.43558065654,0.9821497367407217,0.9701639484611104,1.0068898933602493
2020-08-24,600444.SH,22.972,22.992,22.562,22.89,1262182.0,0.45,22.795,2.049,0.862,1.558,0,交易,14.69191270860077,26.649651972157773,55942.82421771119,0.9914318023660404,0.9812978427279053,0.9958497160332023
2020-08-25,600444.SH,23.074,23.115,22.705,22.787,1510101.0,-0.448,22.852,2.049,1.031,1.864,0,交易,12.22478540772532,22.380213385063048,66509.62343096235,0.9886221068570193,0.9822626000432619,1.0028525036204854
2020-08-26,600444.SH,22.685,22.89,22.234,22.357,989500.0,-1.888,22.516,2.049,0.676,1.221,0,交易,18.310401310401307,33.55769230769231,44503.91292614914,0.9836609873307119,0.9713411970292705,1.0071118665294985
2020-08-27,600444.SH,22.295,23.115,22.152,22.787,2049771.0,1.925,22.674,2.049,1.4,2.53,0,交易,9.006719367588934,15.925000000000002,92532.09642470206,0.9809214795587281,0.9583387410772227,0.995041032167464
2020-08-28,600444.SH,22.623,22.931,22.5,22.828,1221500.0,0.18,22.738,2.049,0.834,1.508,0,交易,15.137931034482758,27.125899280575542,54288.88888888889,0.9915834459901443,0.9812044830142601,0.99605747327843
2020-08-31,600444.SH,22.828,23.095,22.603,22.787,1380200.0,-0.18,22.913,2.049,0.943,1.704,0,交易,13.372652582159624,24.207847295864262,61062.69079325753,0.9921195063866638,0.9786966875947176,1.0055294685566332
2020-09-01,600444.SH,22.91,23.013,22.623,22.972,996500.0,0.809,22.847,2.049,0.681,1.23,0,交易,18.676422764227645,33.64170337738619,44048.09264907395,0.9927866857862947,0.9830530569678008,0.9945585930698241
2020-09-02,600444.SH,22.992,23.238,22.746,23.013,1378636.0,0.178,23.003,2.049,0.942,1.702,0,交易,13.52115158636898,24.407643312101914,60610.04132594742,0.9898872536362854,0.978827782081074,0.9995654629991743
2020-09-03,600444.SH,23.218,23.218,22.541,22.746,1555610.0,-1.158,22.746,2.049,1.062,1.92,0,交易,11.846874999999999,21.86252354048964,69012.46617275187,0.9796709449564992,0.9708415884227755,1.0
2020-09-04,600444.SH,22.398,23.054,22.295,22.951,1325300.0,0.901,22.808,2.049,0.905,1.636,0,交易,14.02872860635697,24.749171270718232,59443.8214846378,0.9893294005378677,0.9670772967814697,0.9937693346695132
2020-09-07,600444.SH,22.951,23.545,22.746,23.074,2076509.9999999998,0.536,23.209,2.049,1.418,2.563,0,交易,9.002731174404994,16.18547249647391,91291.21603798469,0.9857294542365682,0.9660649819494583,1.0058507410938717
2020-09-08,600444.SH,23.238,23.484,22.808,23.402,1705303.0,1.421,23.23,2.049,1.165,2.105,0,交易,11.117339667458433,19.946781115879826,74767.7569273939,0.9891841253619486,0.9712144438766819,0.9926502008375352
2020-09-09,600444.SH,23.32,23.423,22.234,22.398,2900300.0,-4.291,22.805,2.049,1.981,3.58,0,交易,6.256424581005587,11.771832407874811,130444.36448682197,0.9736156768987748,0.9492379285317851,1.0181712652915438
2020-09-10,600444.SH,22.685,22.685,21.312,21.476,2009400.9999999998,-4.117,21.941,2.049,1.372,2.48,0,交易,8.65967741935484,16.53425655976676,94284.95683183182,0.9672029975754904,0.939475424289178,1.0216520767368225
2020-09-11,600444.SH,21.476,22.275,21.168,22.029,1848600.0,2.576,21.925,2.049,1.263,2.282,0,交易,9.653374233128835,17.003958828186857,87329.93197278911,0.984287317620651,0.9503030303030303,0.9952789504743748
2020-09-14,600444.SH,22.213,22.746,22.009,22.623,1937384.9999999998,2.698,22.394,2.049,1.323,2.391,0,交易,9.461731493099123,16.78987150415722,88026.94352310417,0.9845247516046778,0.9675986986722941,0.9898775582371921
2020-09-15,600444.SH,22.521,22.746,22.295,22.377,1261500.0,-1.087,22.45,2.049,0.862,1.557,0,交易,14.371868978805395,26.12645011600928,56582.19331688719,0.9869867229402972,0.9801723379934935,1.0032622782321134
2020-09-16,600444.SH,22.562,22.562,22.152,22.295,639571.0,-0.366,22.32,2.049,0.437,0.789,0,交易,28.25728770595691,51.62929061784897,28871.9302997472,0.9892740005318678,0.9818278521407676,1.0011213276519397
2020-09-17,600444.SH,22.439,22.746,22.091,22.541,1097419.0,1.103,22.482,2.049,0.749,1.355,0,交易,16.635424354243543,29.958611481975968,49677.19885926395,0.9883935637035083,0.9712037281280226,0.9973825473581474
2020-09-18,600444.SH,22.377,22.972,22.336,22.869,1551700.0,1.455,22.71,2.049,1.06,1.915,0,交易,11.942036553524805,21.110377358490563,69470.8094555874,0.9885948110743513,0.9723141215392651,0.9930473566837204
2020-09-21,600444.SH,22.89,23.095,22.213,22.316,1741000.0,-2.419,22.483,2.049,1.189,2.149,0,交易,10.384364820846905,19.251471825063078,78377.52667356953,0.9735007577397706,0.9618099155661399,1.0074834199677363
2020-09-22,600444.SH,22.111,22.275,21.517,21.681,1680400.0,-2.847,21.814,2.049,1.148,2.074,0,交易,10.453712632594023,19.260452961672478,78096.38890179858,0.979304152637486,0.9659708193041526,1.0061344033946773
2020-09-23,600444.SH,21.681,21.988,21.66,21.865,818000.0,0.851,21.819,2.049,0.559,1.01,0,交易,21.648514851485146,38.78533094812165,37765.46629732225,0.9923139894487902,0.9850827724213207,0.9978961811113652
2020-09-24,600444.SH,21.701,21.701,21.086,21.209,1205101.0,-2.999,21.335,2.049,0.823,1.487,0,交易,14.26294552790854,26.3681652490887,57151.71203642227,0.9831344177687664,0.9716602921524353,1.0059408741571976
2020-09-25,600444.SH,21.209,21.476,21.127,21.414,781585.0,0.966,21.31,2.049,0.534,0.965,0,交易,22.190673575129537,39.71722846441947,36994.60406115397,0.9922704414229838,0.9837493015459117,0.9951433641542915
2020-09-28,600444.SH,21.312,21.394,20.697,20.779,795500.0,-2.967,20.984,2.049,0.543,0.982,0,交易,21.159877800407333,39.248618784530386,38435.52205633667,0.9808357483406565,0.9674207721791157,1.0098657298233795
2020-09-29,600444.SH,20.861,21.66,20.677,20.82,675300.0,0.197,20.929,2.049,0.461,0.834,0,交易,24.96402877697842,45.251626898047725,32659.476713256277,0.9662511542012926,0.9546168051708218,1.0052353506243996
2020-09-30,600444.SH,20.84,21.107,20.472,20.779,1039700.0,-0.197,20.836,2.049,0.71,1.283,0,交易,16.195635229929852,29.35211267605634,50786.4400156311,0.9871606576017434,0.9699151940114655,1.0027431541460128
2020-10-09,600444.SH,20.963,21.599,20.922,21.004,1576587.0,1.085,21.171,2.049,1.077,1.946,0,交易,10.793422404933198,19.464252553389045,75355.46314883853,0.9801842677901754,0.9686559562942729,1.0079508665016186
2020-10-12,600444.SH,21.209,21.578,21.004,21.558,1169600.0,2.634,21.37,2.049,0.799,1.444,0,交易,14.929362880886426,26.544430538172715,55684.63149876214,0.9903605524144963,0.9733988321438503,0.9912793394563504
2020-10-13,600444.SH,21.414,21.578,21.291,21.537,1095400.0,-0.095,21.454,2.049,0.748,1.352,0,交易,15.92973372781065,28.628342245989305,51448.96904795453,0.9942534062471036,0.9866994160719251,0.9961461670613364
2020-10-14,600444.SH,21.578,21.578,21.291,21.435,1313900.0,-0.476,21.392,2.049,0.897,1.622,0,交易,13.215166461159061,24.055741360089186,61711.52130007985,0.9913801093706553,0.9866994160719251,0.9979939351527876
2020-10-15,600444.SH,21.435,21.947,21.373,21.517,1889400.0,0.382,21.648,2.049,1.29,2.332,0,交易,9.226843910806176,16.61627906976744,88401.25391849529,0.9863762701052536,0.9738460837472093,1.006088209322861
2020-10-16,600444.SH,21.394,21.537,21.332,21.476,829824.0,-0.19,21.419,2.049,0.567,1.024,0,交易,20.97265625,37.73192239858906,38900.431276954805,0.9945210567859962,0.9904814969587222,0.9973458744645186
2020-10-19,600444.SH,21.476,21.845,21.291,21.353,1192711.0,-0.573,21.591,2.049,0.815,1.472,0,交易,14.506114130434783,26.350920245398772,56019.49180404866,0.9883726253147175,0.9746395056076906,1.011145974804477
2020-10-20,600444.SH,21.373,21.804,21.189,21.722,1294319.0,1.727,21.509,2.049,0.884,1.598,0,交易,13.593241551939926,24.17760180995475,61084.477795082355,0.9864703724087325,0.9717941662080353,0.9901942730871927
2020-10-21,600444.SH,21.722,21.742,21.127,21.25,1289700.0,-2.17,21.333,2.049,0.881,1.592,0,交易,13.347989949748744,24.65607264472191,61045.10815544091,0.981188483120228,0.97171373378714,1.0039058823529412
2020-10-22,600444.SH,21.168,21.373,21.025,21.291,553500.0,0.193,21.171,2.049,0.378,0.683,0,交易,31.172767203513907,56.0,26325.802615933415,0.9905488232817105,0.9837177747625507,0.9943638156967732
2020-10-23,600444.SH,21.25,21.619,21.025,21.066,855800.0,-1.059,21.256,2.049,0.584,1.056,0,交易,19.948863636363633,36.386986301369866,40703.923900118905,0.9832092141172117,0.9725241685554373,1.0090192727617964
2020-10-26,600444.SH,21.066,21.25,20.943,21.209,751700.0,0.681,21.098,2.049,0.513,0.928,0,交易,22.854525862068964,41.06432748538011,35892.661032325836,0.9928470588235294,0.9855529411764706,0.9947663727662784
2020-10-27,600444.SH,21.107,21.599,20.984,21.107,1111000.0,-0.483,21.254,2.049,0.759,1.371,0,交易,15.395331874544128,27.808959156785242,52945.1010293557,0.9840270382888098,0.971526459558313,1.0069645141422279
2020-10-28,600444.SH,21.23,21.394,20.984,21.271,1000400.0,0.777,21.215,2.049,0.683,1.235,0,交易,17.223481781376517,31.083455344070277,47674.41860465116,0.9916331681779939,0.9808357483406565,0.9973673076018993
2020-10-29,600444.SH,21.148,21.435,20.963,21.189,1002600.0,-0.385,21.155,2.049,0.685,1.238,0,交易,17.11550888529887,30.872992700729924,47827.123980346325,0.9869372521576861,0.9779799393515279,0.9983953938364246
2020-10-30,600444.SH,21.394,22.07,20.984,21.025,2804900.0,-0.774,21.591,2.049,1.916,3.462,0,交易,6.073079145002888,11.165970772442588,133668.50934044985,0.9782963298595378,0.9507929315813322,1.0269203329369798
2020-11-02,600444.SH,20.984,21.066,20.472,20.697,2646000.0,-1.559,20.708,2.049,1.807,3.266,0,交易,6.337109614206981,11.61261759822911,129249.70691676435,0.9830057913225102,0.9718029051552265,1.0005314779919794
2020-11-03,600444.SH,20.656,21.23,20.656,21.148,1140801.0,2.178,21.024,2.049,0.779,1.408,0,交易,15.019886363636365,26.51604621309371,55228.55344694036,0.9902967498822421,0.9729627885068299,0.9941365613769624
2020-11-04,600444.SH,21.066,21.394,20.902,20.943,996056.0,-0.969,21.059,2.049,0.68,1.229,0,交易,17.040683482506104,30.97941176470588,47653.621662998754,0.9843414041319998,0.9770028980087876,1.0055388435276704
2020-11-05,600444.SH,21.107,21.332,20.963,21.25,1035901.0,1.468,21.145,2.049,0.707,1.279,0,交易,16.614542611415168,29.854314002828854,49415.684777942086,0.9912338271141946,0.9827020438777424,0.9950588235294118
2020-11-06,600444.SH,21.25,21.599,21.168,21.291,1185885.0,0.193,21.344,2.049,0.81,1.464,0,交易,14.543032786885247,26.234567901234566,56022.534013605444,0.9881938978656419,0.9800453724709477,1.002489314733925
2020-11-09,600444.SH,21.312,21.968,21.209,21.783,1783700.9999999998,2.31,21.782,2.049,1.218,2.202,0,交易,9.892370572207085,17.497536945812808,84101.13631005705,0.9915331391114348,0.9654497450837581,0.9999540926410503
2020-11-10,600444.SH,22.05,22.05,21.476,21.558,832100.0,-1.035,21.647,2.049,0.568,1.027,0,交易,20.99123661148978,38.82042253521127,38745.57645744087,0.9817233560090702,0.9739682539682539,1.0041283978105575
2020-11-11,600444.SH,21.578,21.681,21.25,21.373,617200.0,-0.856,21.433,2.049,0.422,0.762,0,交易,28.048556430446194,51.132701421800945,29044.70588235294,0.9885614132189474,0.9801208431345417,1.0028072802133532
2020-11-12,600444.SH,21.332,21.783,21.332,21.64,1357303.0,1.246,21.607,2.049,0.927,1.675,0,交易,12.919402985074626,23.011866235167204,63627.55484717795,0.9919203048248634,0.9792957811137125,0.9984750462107208
2020-11-13,600444.SH,21.66,21.681,21.148,21.517,1420900.0,-0.568,21.377,2.049,0.97,1.754,0,交易,12.26738882554162,22.329896907216497,67188.38660866275,0.9859785065264517,0.975416263087496,0.9934935167541943
2020-11-16,600444.SH,21.517,22.152,21.455,22.091,1536113.0,2.667,21.889,2.049,1.049,1.896,0,交易,11.651371308016879,20.511916110581506,71596.97040316943,0.9881274828457927,0.9685355724088117,0.9908560047077994
2020-11-17,600444.SH,22.091,22.213,21.906,22.05,1294600.0,-0.186,22.041,2.049,0.884,1.598,0,交易,13.798498122653317,24.98981900452489,59097.96402812015,0.992256786566425,0.9861792643947237,0.9995918367346939
2020-11-18,600444.SH,22.05,22.275,21.804,22.009,915801.0,-0.186,22.046,2.049,0.625,1.13,0,交易,19.47699115044248,35.28,42001.51348376445,0.9897194163860831,0.9788552188552189,1.0016811304466353
2020-11-19,600444.SH,22.009,22.418,21.886,22.213,1813100.9999999998,0.931,22.108,2.049,1.238,2.238,0,交易,9.92537980339589,17.777867528271408,82842.95896920405,0.9861718262110805,0.9762690694977251,0.995273038310899
2020-11-20,600444.SH,22.132,22.254,21.947,22.111,797800.0,-0.461,22.06,2.049,0.545,0.985,0,交易,22.44771573604061,40.60917431192661,36351.20973253748,0.9912824660735148,0.9862047272400466,0.9976934557460087
2020-11-23,600444.SH,22.111,22.111,21.64,21.927,1961600.0,-0.834,21.897,2.049,1.34,2.421,0,交易,9.057001239157373,16.500746268656716,90646.95009242144,0.990321559404821,0.9786983854190222,0.9986318237789027
2020-11-24,600444.SH,21.988,22.111,21.763,21.804,761526.0,-0.561,21.909,2.049,0.52,0.94,0,交易,23.195744680851064,42.284615384615385,34991.77503101594,0.9908642756998778,0.984261227443354,1.0048156301596038
2020-11-25,600444.SH,21.968,21.968,21.435,21.537,1266300.0,-1.222,21.661,2.049,0.865,1.563,0,交易,13.779270633397312,25.396531791907513,59076.27711686494,0.986025127458121,0.9757374362709395,1.0057575335469193
2020-11-26,600444.SH,21.537,21.722,21.373,21.537,741919.0,0.0,21.488,2.049,0.507,0.916,0,交易,23.51200873362445,42.4792899408284,34712.90881018107,0.9892275112788876,0.9839333394715035,0.9977248456145239
2020-11-27,600444.SH,21.496,22.009,21.435,21.865,1671345.0,1.522,21.75,2.049,1.141,2.063,0,交易,10.598642753271932,18.839614373356703,77972.70818754374,0.9882320868735517,0.9739197600981416,0.994740452778413
2020-11-30,600444.SH,21.865,22.111,21.64,21.701,1825200.0,-0.75,21.884,2.049,1.247,2.253,0,交易,9.632046160674657,17.534081796311145,84343.80776340111,0.989733616751843,0.9786983854190222,1.0084327911156168
2020-12-01,600444.SH,21.701,22.439,21.435,22.357,2071121.0,3.022,22.092,2.049,1.414,2.556,0,交易,8.746870109546165,15.347241867043849,96623.3263354327,0.9845358527563617,0.9552564731048621,0.9881468891175024
2020-12-02,600444.SH,22.336,22.336,22.029,22.091,892501.0,-1.192,22.16,2.049,0.61,1.102,0,交易,20.04627949183303,36.61639344262295,40514.821371828046,0.9921203438395416,0.9862553724928368,1.0031234439364447
2020-12-03,600444.SH,21.927,22.357,21.927,22.193,1041610.0,0.464,22.161,2.049,0.711,1.286,0,交易,17.257387247278384,30.839662447257385,47503.53445523784,0.991233170818983,0.9807666502661359,0.9985581039066372
2020-12-04,600444.SH,22.316,22.541,22.091,22.48,1506700.0,1.293,22.346,2.049,1.029,1.86,0,交易,12.086021505376344,21.687074829931973,68204.24607306143,0.9913490972006566,0.9800363781553614,0.9940391459074733
2020-12-07,600444.SH,22.48,22.685,21.824,22.05,1606600.0,-1.914,22.169,2.049,1.097,1.983,0,交易,11.119515885022693,20.492251595259802,73616.20234604106,0.9772536918668725,0.9620454044522814,1.0053968253968253
2020-12-08,600444.SH,22.05,22.254,21.763,21.865,944094.0,-0.836,21.965,2.049,0.645,1.165,0,交易,18.76824034334764,34.18604651162791,43380.69200018379,0.9870135705940505,0.9779365507324526,1.0045735193231191
2020-12-09,600444.SH,21.783,21.927,21.107,21.271,1792700.9999999998,-2.718,21.482,2.049,1.224,2.213,0,交易,9.611839132399458,17.79656862745098,84933.9555597669,0.9797053860537237,0.9626031832900077,1.0099196088571294
2020-12-10,600444.SH,21.271,21.619,21.025,21.209,1060800.0,-0.289,21.253,2.049,0.724,1.309,0,交易,16.20244461420932,29.37983425414365,50454.221165279436,0.9830704472917341,0.9725241685554373,1.0020745909755293
2020-12-11,600444.SH,21.23,21.353,20.615,20.779,1402400.0,-2.029,20.872,2.049,0.958,1.731,0,交易,12.004043905257076,22.160751565762006,68028.13485326219,0.9774738912564979,0.9654381117407389,1.004475672554021
2020-12-14,600444.SH,20.779,20.902,20.533,20.84,901300.0,0.296,20.766,2.049,0.616,1.112,0,交易,18.741007194244602,33.732142857142854,43895.19310378415,0.9934934456032914,0.9823461869677543,0.9964491362763914
2020-12-15,600444.SH,20.861,20.984,20.554,20.861,777550.0,0.098,20.739,2.049,0.531,0.96,0,交易,21.730208333333334,39.28625235404896,37829.61953877591,0.9883244376667937,0.9795081967213113,0.9941517664541489
2020-12-16,600444.SH,20.861,20.861,20.431,20.533,735308.0,-1.572,20.568,2.049,0.502,0.908,0,交易,22.61343612334802,41.55577689243028,35989.81939210024,0.9859546522218494,0.9793873735679018,1.001704573126187
2020-12-17,600444.SH,20.533,20.861,20.082,20.861,1060701.0,1.597,20.475,2.049,0.724,1.309,0,交易,15.936592818945762,28.360497237569064,52818.49417388706,0.9814965725516515,0.9626575907195245,0.9814965725516515
2020-12-18,600444.SH,20.82,20.82,20.451,20.697,608800.0,-0.786,20.616,2.049,0.416,0.751,0,交易,27.55925432756325,50.04807692307693,29768.71546623637,0.9902017291066282,0.9822766570605187,0.9960863893317873
2020-12-21,600444.SH,20.595,20.881,20.287,20.677,923334.0,-0.099,20.665,2.049,0.631,1.14,0,交易,18.137719298245614,32.638668779714735,45513.580125203334,0.9896556678320003,0.971553086538001,0.9994196450162015
2020-12-22,600444.SH,20.636,20.677,20.144,20.226,849000.0,-2.18,20.419,2.049,0.58,1.048,0,交易,19.299618320610687,35.57931034482759,42146.54487688642,0.9875223678483339,0.9742225661362867,1.0095421734401266
2020-12-23,600444.SH,20.226,20.369,19.877,20.0,1079411.0,-1.114,20.099,2.049,0.737,1.332,0,交易,15.015015015015015,27.443690637720486,54304.52281531419,0.9867445628160441,0.9758456477981245,1.00495
2020-12-24,600444.SH,19.98,20.041,19.509,19.549,879527.0,-2.254,19.706,2.049,0.601,1.086,0,交易,18.000920810313072,33.24459234608985,45083.14111435747,0.9832842672521331,0.9734544184421935,1.0080311013351066
2020-12-25,600444.SH,19.406,19.877,19.263,19.734,836000.0,0.943,19.712,2.049,0.571,1.032,0,交易,19.122093023255815,33.98598949211909,43399.262835487716,0.991698948533481,0.9691100266639836,0.9988851727982162
2020-12-28,600444.SH,19.816,19.836,19.14,19.16,1103101.0,-2.908,19.361,2.049,0.753,1.362,0,交易,14.067547723935387,26.31606905710491,57633.28108672936,0.9760536398467434,0.9649122807017545,1.010490605427975
2020-12-29,600444.SH,19.16,19.427,18.996,19.242,658400.0,0.428,19.24,2.049,0.45,0.813,0,交易,23.66789667896679,42.577777777777776,34659.92840598021,0.9903742214443815,0.9778143820456066,0.9998960607005507
2020-12-30,600444.SH,19.14,19.406,19.058,19.201,491400.0,-0.213,19.218,2.049,0.336,0.607,0,交易,31.632619439868208,56.964285714285715,25784.44747612551,0.9903122745542616,0.9820674018344843,1.000885370553617
2020-12-31,600444.SH,19.14,19.427,19.058,19.386,1223500.0,0.961,19.355,2.049,0.836,1.51,0,交易,12.83841059602649,22.894736842105264,64198.76167488719,0.9962938178823287,0.9810058166469346,0.99840090787166
2021-01-04,600444.SH,19.509,19.672,19.304,19.468,1185200.0,0.423,19.482,2.049,0.809,1.463,0,交易,13.306903622693095,24.11495673671199,61396.60174057191,0.9903416022773485,0.9812932086213907,1.0007191288267927
2021-01-05,600444.SH,19.468,19.59,19.386,19.57,852804.0000000001,0.526,19.499,2.049,0.582,1.053,0,交易,18.58499525166192,33.450171821305844,43990.714948932226,0.9953547728432873,0.9895865237366003,0.9963719979560551
2021-01-06,600444.SH,19.509,19.529,19.16,19.365,1310679.0,-1.047,19.306,2.049,0.895,1.618,0,交易,11.968479604449936,21.79776536312849,68407.04592901879,0.9885810845409392,0.981105023298684,0.9969532662019108
2021-01-07,600444.SH,19.14,19.283,18.238,18.32,1539902.0,-5.397,18.661,2.049,1.052,1.901,0,交易,9.637033140452393,18.193916349809886,84433.70983660489,0.9677436083596951,0.9458071876782658,1.018613537117904
2021-01-08,600444.SH,18.299,18.771,17.787,18.258,1186900.0,-0.336,18.32,2.049,0.811,1.465,0,交易,12.462798634812286,22.563501849568432,66728.50958565244,0.975973576261254,0.947578711842736,1.0033957717165078
2021-01-11,600444.SH,18.136,18.238,17.398,17.521,1225693.0,-4.04,17.77,2.049,0.837,1.513,0,交易,11.580304031725051,21.667861409796895,70450.22416369698,0.97433929158899,0.9539423182366488,1.0142115176074424
2021-01-12,600444.SH,17.521,18.013,17.521,17.705,757100.0,1.053,17.836,2.049,0.517,0.934,0,交易,18.956102783725907,33.889748549323016,43211.00393813138,0.9901737633931048,0.9726863931604951,1.00739903981926
2021-01-13,600444.SH,18.033,18.033,17.131,17.254,876781.0,-2.546,17.358,2.049,0.599,1.082,0,交易,15.946395563770794,30.105175292153593,51180.95849629327,0.9625686241889868,0.9499805911384683,1.006027587805726
2021-01-14,600444.SH,17.582,18.095,17.152,17.787,1066700.0,3.088,17.561,2.049,0.729,1.317,0,交易,13.505694760820045,24.117969821673526,62190.99813432836,0.9704890853827025,0.9478861563967949,0.9872940911901952
2021-01-15,600444.SH,17.623,18.218,17.623,18.197,1132944.0,2.304,17.986,2.049,0.774,1.398,0,交易,13.016452074391989,22.7687338501292,64287.80570844918,0.9872653419694808,0.967339993413108,0.9884046820904545
2021-01-18,600444.SH,18.074,18.648,18.074,18.607,826302.0,2.252,18.472,2.049,0.564,1.02,0,交易,18.242156862745098,32.04609929078015,45717.71605621334,0.9905619905619907,0.9692192192192193,0.9927446659859194
2021-01-19,600444.SH,18.607,18.873,18.443,18.648,594400.0,0.22,18.707,2.049,0.406,0.734,0,交易,25.40599455040872,45.83004926108374,32229.029984275876,0.9912043660255391,0.9772161288613364,1.0031638781638783
2021-01-20,600444.SH,18.463,18.955,18.463,18.955,1007262.9999999999,1.648,18.726,2.049,0.688,1.243,0,交易,15.249396621078034,26.83575581395349,54555.76016898661,0.9879187549459246,0.9740437879187551,0.9879187549459246
2021-01-21,600444.SH,19.549,19.549,18.894,19.263,1321801.0,1.622,19.157,2.049,0.903,1.632,0,交易,11.803308823529413,21.64894795127353,69958.7699798878,0.9799478234180776,0.9664944498439817,0.9944972226548304
2021-01-22,600444.SH,19.181,19.57,18.709,19.406,1103600.0,0.745,19.182,2.049,0.754,1.362,0,交易,14.248164464023493,25.43899204244032,58987.65300122936,0.9801737353091465,0.956004087889627,0.9884571781923116
2021-01-25,600444.SH,19.078,19.57,18.422,19.058,1160901.0,-1.795,18.847,2.049,0.793,1.433,0,交易,13.29937194696441,24.058007566204285,63017.09912061665,0.9630556974961677,0.941338783852836,0.9889285339489978
2021-01-26,600444.SH,18.873,19.98,18.791,19.775,2829700.0,3.763,19.459,2.049,1.933,3.493,0,交易,5.661322645290581,9.76357992757372,150588.04746953328,0.9739239239239239,0.9404904904904905,0.9840202275600506
2021-01-27,600444.SH,20.472,20.472,19.345,20.328,1654900.0,2.798,19.881,2.049,1.13,2.043,0,交易,9.95007342143906,18.116814159292037,85546.65288188163,0.9711313012895662,0.9449491989058225,0.9780106257378985
2021-01-28,600444.SH,19.918,20.963,19.672,20.902,3729431.0,2.823,20.567,2.049,2.547,4.603,0,交易,4.540951553334782,7.820180604632901,189580.67303782023,0.9811095740113533,0.9384153031531747,0.9839728255669313
2021-01-29,600444.SH,21.886,21.947,18.812,19.468,10153517.0,-6.863,21.046,2.049,6.934,12.533,0,交易,1.5533391845527806,3.156331122007499,539736.1790346587,0.9589465530596437,0.8571558755182942,1.0810560920484897
2021-02-01,600444.SH,17.582,18.299,17.521,17.582,4466892.0,-9.684,17.766,2.049,3.051,5.513,0,交易,3.1891891891891895,5.762700753851196,254945.03738371097,0.9708727252855347,0.9574840155199739,1.0104652485496528
2021-02-02,600444.SH,17.582,17.685,17.172,17.316,1615501.0,-1.515,17.372,2.049,1.103,1.994,0,交易,8.684052156469408,15.940163191296465,94077.62636850687,0.9823013853548206,0.9709923664122139,1.0032340032340032
2021-02-03,600444.SH,17.193,17.316,16.742,16.865,1785300.0,-2.604,16.906,2.049,1.219,2.204,0,交易,7.651996370235933,14.104183757178015,106636.00525624178,0.9763224763224763,0.966851466851467,1.0024310702638601
2021-02-04,600444.SH,16.865,16.886,16.25,16.353,999270.9999999999,-3.038,16.467,2.049,0.682,1.233,0,交易,13.262773722627738,24.728739002932546,61493.59999999999,0.9751865450669193,0.9623356626791425,1.0069711979453309
2021-02-05,600444.SH,16.414,16.681,16.209,16.25,630200.0,-0.627,16.42,2.049,0.43,0.778,0,交易,20.88688946015424,38.17209302325582,38879.63477080634,0.9843534560278161,0.9717043342725256,1.0104615384615385
2021-02-08,600444.SH,16.25,16.373,16.086,16.271,434100.0,0.126,16.269,2.049,0.296,0.536,0,交易,30.35634328358209,54.89864864864865,26986.19917941067,0.9936480791547058,0.9824711415134671,0.9998770819248969
2021-02-09,600444.SH,16.332,16.783,16.189,16.66,515600.0,2.393,16.578,2.049,0.352,0.636,0,交易,26.19496855345912,46.39772727272728,31848.786212860585,0.9877852588929272,0.96460704284097,0.995078031212485
2021-02-10,600444.SH,16.66,17.008,16.66,16.742,445500.0,0.492,16.836,2.049,0.304,0.55,0,交易,30.439999999999998,54.80263157894737,26740.696278511405,0.9898871119473188,0.9795390404515523,1.0056146219089712
2021-02-18,600444.SH,16.886,17.193,16.886,17.111,469300.0,2.203,17.084,2.049,0.321,0.579,0,交易,29.55267702936097,52.60436137071651,27792.253938173635,0.9936602105508054,0.9821438957715348,0.998422067675764
2021-02-19,600444.SH,17.111,18.033,17.049,17.767,1317001.0,3.832,17.622,2.049,0.899,1.626,0,交易,10.926814268142682,19.03337041156841,77247.99108452108,0.9772084511728497,0.9454333721510563,0.9918388022738786
2021-02-22,600444.SH,17.787,18.32,17.787,18.054,1256696.0,1.615,18.081,2.049,0.858,1.551,0,交易,11.640232108317214,20.73076923076923,70652.49901613538,0.9869541484716157,0.9709061135371179,1.0014955134596213
2021-02-23,600444.SH,17.951,17.972,17.664,17.869,752200.0,-1.022,17.829,2.049,0.514,0.928,0,交易,19.25538793103448,34.92412451361868,42583.786231884056,0.9920431782773202,0.9828622301357668,0.9977614863730483
2021-02-24,600444.SH,17.787,17.992,17.664,17.849,487400.0,-0.115,17.869,2.049,0.333,0.602,0,交易,29.64950166112957,53.41441441441441,27592.84420289855,0.9931636282792351,0.9817696754112939,1.0011205109529946
2021-02-25,600444.SH,17.91,17.951,17.705,17.726,508300.0,-0.689,17.798,2.049,0.347,0.627,0,交易,28.27113237639553,51.61383285302594,28709.40412312906,0.9914767979499748,0.9862960280764301,1.0040618300801083
2021-02-26,600444.SH,17.664,17.951,17.521,17.808,362000.0,0.462,17.82,2.049,0.247,0.447,0,交易,39.83892617449664,71.51417004048584,20660.921180297926,0.9927023564146844,0.9760459027352237,1.0006738544474394
2021-03-01,600444.SH,17.972,18.197,17.869,18.197,666070.0,2.186,18.063,2.049,0.455,0.822,0,交易,22.137469586374696,39.4989010989011,37275.16928759304,0.9926361488157388,0.9819750508325549,0.9926361488157388
2021-03-02,600444.SH,18.197,18.34,17.89,18.074,600101.0,-0.676,18.136,2.049,0.41,0.741,0,交易,24.391363022941974,44.38292682926829,33543.93515930687,0.9888767720828789,0.9754634678298801,1.0034303419276307
2021-03-03,600444.SH,17.972,18.218,17.972,18.074,695392.0,0.0,18.087,2.049,0.475,0.858,0,交易,21.065268065268068,37.835789473684216,38693.07812152237,0.9928093094741465,0.9864968712262598,1.0007192652428902
2021-03-04,600444.SH,18.074,18.177,17.89,18.033,568902.0,-0.227,18.091,2.049,0.389,0.702,0,交易,25.68803418803419,46.46272493573265,31800.0,0.9952687462177477,0.9842108158662046,1.0032163256252427
2021-03-05,600444.SH,18.033,18.258,17.951,18.197,881200.0,0.909,18.159,2.049,0.602,1.088,0,交易,16.72518382352941,29.955149501661133,49089.18723190908,0.9945777193558988,0.9831854529521307,0.9979117436940155
2021-03-08,600444.SH,18.484,18.525,18.197,18.238,879600.0,0.225,18.309,2.049,0.601,1.086,0,交易,16.793738489871085,30.755407653910154,48337.63807220971,0.98834008097166,0.9822941970310392,1.0038929707204738
2021-03-09,600444.SH,18.402,18.422,17.623,17.726,958800.0,-2.809,17.982,2.049,0.655,1.183,0,交易,14.98393913778529,28.094656488549617,54406.17375021279,0.9761155140592769,0.9566279448485506,1.0144420625070518
2021-03-10,600444.SH,18.054,18.074,17.48,17.582,537892.0,-0.809,17.633,2.049,0.367,0.664,0,交易,26.478915662650603,49.19346049046321,30771.853546910756,0.9756003098373353,0.9671351112094722,1.0029006938914797
2021-03-11,600444.SH,17.521,17.931,17.275,17.828,590820.0,1.399,17.623,2.049,0.404,0.729,0,交易,24.455418381344305,43.368811881188115,34200.86830680174,0.982823043890469,0.9634153142602196,0.9885012340139108
2021-03-12,600444.SH,17.828,17.89,17.541,17.828,519820.0,0.0,17.737,2.049,0.355,0.642,0,交易,27.76947040498442,50.219718309859154,29634.570434980902,0.9914477361654555,0.9804918949133594,0.9948956697330043
2021-03-15,600444.SH,17.828,18.238,17.664,18.054,553012.0,1.264,18.002,2.049,0.378,0.683,0,交易,26.433382137628108,47.164021164021165,31307.291666666664,0.9870599846474394,0.9685272507950434,0.9971197518555445
2021-03-16,600444.SH,18.218,18.627,18.095,18.504,800000.0,2.497,18.397,2.049,0.546,0.987,0,交易,18.747720364741642,33.366300366300365,44211.10804089528,0.9876523326354216,0.9714393085306275,0.9942174664937309
2021-03-17,600444.SH,18.504,18.545,18.361,18.443,403200.0,-0.332,18.426,2.049,0.275,0.498,0,交易,37.03413654618474,67.28727272727272,21959.588257720166,0.9935831760582365,0.990078188190887,0.9990782410670713
2021-03-18,600444.SH,18.402,18.443,18.177,18.279,529202.0,-0.889,18.275,2.049,0.361,0.653,0,交易,27.992343032159265,50.97506925207757,29113.825163668374,0.9908908528981184,0.9855771837553542,0.9997811696482302
2021-03-19,600444.SH,18.136,18.525,18.136,18.381,550419.0,0.561,18.305,2.049,0.376,0.679,0,交易,27.070692194403534,48.234042553191486,30349.525805028672,0.9881241565452092,0.9790013495276654,0.9958652956857624
2021-03-22,600444.SH,18.238,18.73,18.238,18.668,469793.99999999994,1.561,18.58,2.049,0.321,0.58,0,交易,32.186206896551724,56.81619937694704,25759.074459918847,0.991991457554725,0.9737319807794981,0.9952860509963574
2021-03-23,600444.SH,18.73,18.771,18.238,18.422,551600.0,-1.317,18.521,2.049,0.377,0.681,0,交易,27.051395007342144,49.681697612732094,30244.544357933984,0.9866815832933781,0.971605135581482,1.0053740093366628
2021-03-24,600444.SH,18.443,18.648,18.361,18.463,535709.0,0.222,18.506,2.049,0.366,0.661,0,交易,27.931921331316186,50.39071038251367,29176.460977070965,0.9923852423852424,0.9846096096096096,1.002328982288902
2021-03-25,600444.SH,18.648,18.791,18.34,18.586,900303.0000000001,0.666,18.609,2.049,0.615,1.111,0,交易,16.72907290729073,30.321951219512194,49089.58560523447,0.9903145122665107,0.9759991485285509,1.0012374905843109
2021-03-26,600444.SH,18.443,18.791,18.443,18.648,710619.0,0.331,18.688,2.049,0.485,0.877,0,交易,21.26339794754846,38.026804123711344,38530.55359757089,0.9945186525464317,0.9814804959821192,1.002145002145002
2021-03-29,600444.SH,18.791,18.812,18.177,18.361,1211300.0,-1.538,18.386,2.049,0.827,1.495,0,交易,12.281605351170569,22.72188633615478,66639.15937723497,0.9773548798639166,0.9662449500318945,1.0013615816132018
2021-03-30,600444.SH,18.34,18.34,17.89,17.992,767600.0,-2.009,18.012,2.049,0.524,0.947,0,交易,18.99894403379092,35.0,42906.6517607602,0.9821155943293348,0.9754634678298801,1.001111605157848
2021-03-31,600444.SH,17.992,18.238,17.951,18.095,597202.0,0.569,18.082,2.049,0.408,0.737,0,交易,24.55223880597015,44.09803921568628,33268.45301097432,0.9914464305296634,0.9842636253975217,0.9992815694943356
2021-04-01,600444.SH,18.197,18.463,18.054,18.361,730500.0,1.472,18.301,2.049,0.499,0.902,0,交易,20.355875831485587,36.46693386773547,40461.94749086075,0.9912256946325081,0.9778475870660238,0.9967322041283153
2021-04-02,600444.SH,18.484,18.484,18.136,18.238,527500.0,-0.67,18.299,2.049,0.36,0.651,0,交易,28.015360983102916,51.34444444444445,29085.79620644023,0.9899913438649641,0.9811729062973381,1.0033446649851958
2021-04-06,600444.SH,18.258,18.566,18.177,18.504,735600.0,1.461,18.447,2.049,0.502,0.908,0,交易,20.378854625550662,36.37051792828685,40468.72421191616,0.9935904341268986,0.9790477216417107,0.9969195849546043
2021-04-07,600444.SH,18.668,18.812,18.463,18.73,712104.0,1.218,18.609,2.049,0.486,0.879,0,交易,21.30830489192264,38.41152263374486,38569.246601310726,0.9892090155220072,0.9814480119072932,0.9935397757608116
2021-04-08,600444.SH,18.771,18.812,18.422,18.525,706778.0,-1.094,18.656,2.049,0.483,0.872,0,交易,21.24426605504587,38.86335403726709,38365.97546411899,0.991707420795237,0.9792685519880927,1.0070715249662618
2021-04-09,600444.SH,18.402,18.586,18.279,18.381,808680.0,-0.774,18.381,2.049,0.552,0.998,0,交易,18.417835671342687,33.33695652173913,44240.93221729854,0.9889701926180997,0.9834821908963737,1.0
2021-04-12,600444.SH,18.525,18.75,18.218,18.34,749480.0,-0.223,18.419,2.049,0.512,0.925,0,交易,19.827027027027025,36.181640625,41139.53233066198,0.9823466666666667,0.9716266666666666,1.0043075245365323
2021-04-13,600444.SH,18.34,18.484,18.218,18.422,566903.0,0.447,18.381,2.049,0.387,0.7,0,交易,26.31714285714286,47.39018087855297,31117.74069601493,0.9944276130707638,0.9856091755031378,0.9977744001737053
2021-04-14,600444.SH,18.566,18.668,18.299,18.627,569526.0,1.112,18.542,2.049,0.389,0.703,0,交易,26.496443812233284,47.72750642673522,31123.340073228046,0.9932504821084209,0.9802335547460895,0.9954367316261342
2021-04-15,600444.SH,18.648,18.75,18.504,18.75,564310.0,0.66,18.673,2.049,0.385,0.697,0,交易,26.90100430416069,48.43636363636364,30496.649373108514,0.9958933333333332,0.9868800000000001,0.9958933333333332
2021-04-16,600444.SH,18.709,19.283,18.648,19.181,1120700.0,2.295,18.995,2.049,0.765,1.383,0,交易,13.869125090383225,24.456209150326796,60097.597597597596,0.9850645646424312,0.9670694394025825,0.9903029039153329
2021-04-19,600444.SH,19.201,19.345,18.996,19.181,1199552.0,0.0,19.157,2.049,0.819,1.481,0,交易,12.951384199864956,23.444444444444446,63147.61002316278,0.9902817265443268,0.9819591625743086,0.9987487617955267
2021-04-20,600444.SH,19.16,19.529,19.058,19.119,786488.0,-0.321,19.276,2.049,0.537,0.971,0,交易,19.690010298661175,35.67970204841713,41268.12886976598,0.9870449075733524,0.9758820216088894,1.0082117265547361
2021-04-21,600444.SH,18.996,19.283,18.771,18.894,866242.0,-1.179,18.975,2.049,0.592,1.069,0,交易,17.67446211412535,32.08783783783784,46147.887699110324,0.9840273816314888,0.9734481149198776,1.0042870752619881
2021-04-22,600444.SH,18.894,19.099,18.791,18.812,582418.0,-0.434,18.894,2.049,0.398,0.719,0,交易,26.16411682892907,47.47236180904522,30994.51865254643,0.9892664537410335,0.9838735012304309,1.0043589198384009
2021-04-23,600444.SH,18.832,18.976,18.32,18.34,681300.0,-2.505,18.513,2.049,0.465,0.841,0,交易,21.807372175980976,40.4989247311828,37188.86462882096,0.9756007588532885,0.9654300168634065,1.009432933478735
2021-04-26,600444.SH,18.402,18.484,18.136,18.238,873132.0,-0.559,18.305,2.049,0.596,1.078,0,交易,16.918367346938773,30.8758389261745,48143.58182620203,0.9903159489288031,0.9811729062973381,1.0036736484263626
2021-04-27,600444.SH,18.238,18.32,17.787,17.992,670432.0,-1.348,18.014,2.049,0.458,0.828,0,交易,21.72946859903382,39.82096069868995,37692.2471467926,0.983296943231441,0.9709061135371179,1.0012227656736326
2021-04-28,600444.SH,17.992,18.136,17.828,18.013,763400.0,0.114,18.0,2.049,0.521,0.942,0,交易,19.122080679405524,34.53358925143954,42820.28270136863,0.9925011027790032,0.9830172033524481,0.9992782990062732
2021-04-29,600444.SH,17.992,18.484,17.992,18.299,795410.0,1.593,18.312,2.049,0.543,0.982,0,交易,18.634419551934826,33.134438305709025,44209.0929301912,0.9906946548366155,0.9733823847652023,1.0007104213344993
2021-04-30,600444.SH,18.279,18.422,18.095,18.156,448800.0,-0.784,18.183,2.049,0.307,0.554,0,交易,32.772563176895304,59.54071661237785,24802.43161094225,0.9870263815003799,0.9822494843122352,1.0014871116986122
2021-05-06,600444.SH,18.381,18.955,18.095,18.791,1512288.0,3.499,18.593,2.049,1.033,1.867,0,交易,10.064809855382968,17.793804453049372,83574.9101961868,0.9809021366394092,0.9546293853864416,0.9894630408174125
2021-05-07,600444.SH,18.955,18.955,18.238,18.299,1190519.0,-2.617,18.438,2.049,0.813,1.469,0,交易,12.456773315180394,23.314883148831488,65276.83956574186,0.9727248747032445,0.9621735689791613,1.0075960434996447
2021-05-10,600444.SH,18.299,18.484,18.136,18.381,604300.0,0.448,18.335,2.049,0.413,0.746,0,交易,24.63941018766756,44.30750605326877,33320.46757829731,0.9919389742479983,0.9811729062973381,0.9974974158098037
2021-05-11,600444.SH,18.32,18.422,18.156,18.361,518600.0,-0.111,18.286,2.049,0.354,0.64,0,交易,28.689062500000002,51.75141242937853,28563.5602555629,0.9926175225274129,0.985560742590381,0.9959152551603944
2021-05-12,600444.SH,18.34,18.443,18.279,18.422,547400.0,0.335,18.374,2.049,0.374,0.676,0,交易,27.25147928994083,49.037433155080215,29946.933639695824,0.9962587431545843,0.9911077373529251,0.9973944197155574
2021-05-13,600444.SH,18.34,18.402,18.238,18.32,589540.0,-0.556,18.314,2.049,0.403,0.728,0,交易,25.164835164835164,45.50868486352357,32324.816317578683,0.9952179110966198,0.9910879252255189,0.9996724890829695
2021-05-14,600444.SH,18.34,18.484,18.279,18.402,674840.0,0.447,18.392,2.049,0.461,0.833,0,交易,22.09123649459784,39.783080260303684,36918.86864708135,0.9950227223544686,0.9889093269855008,0.999456580806434
2021-05-17,600444.SH,18.443,18.443,17.828,17.869,1060710.0,-2.895,18.027,2.049,0.724,1.309,0,交易,13.650878533231475,25.47375690607735,59496.85887368185,0.977444016700103,0.9666540150734695,1.0088421288264593
2021-05-18,600444.SH,17.849,18.238,17.562,18.074,682749.0,1.147,17.981,2.049,0.466,0.843,0,交易,21.440094899169633,38.302575107296136,38876.49470447557,0.9859085426033557,0.9629345322952079,0.9948544871085537
2021-05-19,600444.SH,18.218,19.836,18.218,19.119,5327153.0,5.782,19.066,2.049,3.638,6.575,0,交易,2.907832699619772,5.007696536558549,292411.5160829948,0.961181689856826,0.9184311353095382,0.9972278884878916
2021-05-20,600444.SH,19.16,20.164,18.545,19.98,6812502.0,4.502,19.476,2.049,4.653,4.653,0,交易,4.294003868471954,4.117773479475607,367349.79778916144,0.9658797857567941,0.9197083911922238,0.9747747747747747
2021-05-21,600444.SH,19.468,20.041,18.955,19.57,4563366.0,-2.051,19.424,2.049,3.117,3.117,0,交易,6.278472890599936,6.245749117741418,240747.34898443686,0.9692131131181079,0.9458110872710942,0.9925396014307614
2021-05-24,600444.SH,19.365,19.693,19.119,19.488,2565802.0,-0.419,19.39,2.049,1.752,3.167,0,交易,6.153457530786233,11.05308219178082,134201.6841885036,0.9846138221703142,0.9708525872137307,0.9949712643678161
2021-05-25,600444.SH,19.488,19.693,19.078,19.201,2152016.0,-1.472,19.255,2.049,1.47,2.656,0,交易,7.229292168674698,13.257142857142856,112800.92252856694,0.9777585944244146,0.9687706291575686,1.0028123535232538
2021-05-26,600444.SH,19.078,19.406,18.976,19.16,2192110.0,-0.213,19.217,2.049,1.497,2.706,0,交易,7.080561714708057,12.744154976619905,115520.13069139967,0.990260744099763,0.9778419045655983,1.002974947807933
2021-05-27,600444.SH,19.16,19.713,19.078,19.222,2128510.0,0.321,19.312,2.049,1.454,2.627,0,交易,7.317091739626952,13.177441540577718,111568.82272774924,0.9796580936437884,0.9677877542738293,1.0046821350535844
2021-05-28,600444.SH,19.283,19.98,19.14,19.713,3219021.0,2.559,19.608,2.049,2.198,3.973,0,交易,4.961741756858797,8.772975432211101,168182.91536050156,0.9813813813813814,0.957957957957958,0.9946735656673261
2021-05-31,600444.SH,19.754,20.041,19.263,19.631,2511254.0,-0.416,19.6,2.049,1.715,3.1,0,交易,6.33258064516129,11.518367346938776,130366.7133883611,0.9779951100244499,0.9611795818571928,0.9984208649584841
2021-06-01,600444.SH,19.713,20.062,19.365,20.041,3067222.0,2.088,19.871,2.049,2.095,3.786,0,交易,5.293449550977285,9.409546539379475,158389.98192615545,0.9904795135081247,0.9652577011265077,0.9915173893518286
2021-06-02,600444.SH,20.021,20.021,19.427,19.468,2207300.0,-2.863,19.67,2.049,1.507,2.724,0,交易,7.1468428781204105,13.285335102853352,113620.21928244196,0.98246840817142,0.9703311522900954,1.010376001643723
2021-06-03,600444.SH,19.468,19.631,19.263,19.365,2226324.0,-0.526,19.402,2.049,1.52,2.748,0,交易,7.0469432314410465,12.807894736842105,115575.14405855785,0.9883347766288014,0.9812541388620041,1.0019106635682935
2021-06-04,600444.SH,19.201,19.918,19.201,19.611,2222254.0,1.27,19.653,2.049,1.518,2.743,0,交易,7.14947138169887,12.648880105401846,115736.36789750533,0.9866954513505372,0.9640024098805101,1.0021416551935138
2021-06-07,600444.SH,19.57,19.898,19.406,19.734,1692245.0,0.627,19.648,2.049,1.156,2.089,0,交易,9.446625179511729,16.929065743944637,87202.15397299804,0.9874359232083626,0.9752738968740576,0.9956420391202999
2021-06-08,600444.SH,19.672,19.734,19.304,19.529,1660500.9999999998,-1.038,19.441,2.049,1.134,2.05,0,交易,9.526341463414635,17.347442680776016,86018.49357646084,0.9851525286307894,0.9782101956014998,0.9954938808950791
2021-06-09,600444.SH,19.549,19.836,19.468,19.754,1396606.0,1.154,19.704,2.049,0.954,1.724,0,交易,11.458236658932716,20.4916142557652,71738.54530511609,0.9933454325468846,0.9814478725549507,0.9974688670648982
2021-06-10,600444.SH,20.308,21.066,19.877,20.123,3946372.0,1.867,20.236,2.049,2.695,4.871,0,交易,4.1311845616916445,7.53543599257885,198539.61865472657,0.9606000189879428,0.9435583404538118,1.0056154648909208
2021-06-11,600444.SH,19.939,20.144,19.447,19.529,2665500.0,-2.953,19.791,2.049,1.82,3.29,0,交易,5.935866261398176,10.955494505494505,137064.8429063609,0.982476171564734,0.9653991262907069,1.0134159455169236
2021-06-15,600444.SH,19.488,19.529,19.099,19.222,970400.0,-1.574,19.232,2.049,0.663,1.198,0,交易,16.045075125208683,29.39366515837104,50808.942876590394,0.9847918480208919,0.9779814634645911,1.0005202372281758
2021-06-16,600444.SH,19.222,19.304,18.812,18.832,915000.0,-2.026,19.031,2.049,0.625,1.129,0,交易,16.68024800708592,30.755200000000002,48639.1664894748,0.9858578532946539,0.9745130542892666,1.0105671197960917
2021-06-17,600444.SH,18.832,19.16,18.832,19.099,700777.0,1.415,19.036,2.049,0.479,0.865,0,交易,22.07976878612717,39.31524008350731,37212.03271028037,0.9935281837160752,0.9828810020876827,0.9967013979789519
2021-06-18,600444.SH,19.099,19.447,18.853,19.304,1180601.0,1.073,19.169,2.049,0.806,1.457,0,交易,13.249142072752228,23.696029776674937,62621.38651673473,0.9857047359489897,0.9694554429989203,0.9930066307501038
2021-06-21,600444.SH,19.099,19.549,18.853,19.365,1057178.0,0.318,19.357,2.049,0.722,1.305,0,交易,14.839080459770114,26.452908587257618,56074.78915822415,0.9901785257557931,0.9643971558647502,0.9995868835528015
2021-06-22,600444.SH,19.365,19.713,19.201,19.57,1637800.0,1.058,19.458,2.049,1.119,2.022,0,交易,9.678536102868447,17.30563002680965,85297.64074787771,0.9870643737635062,0.9740272916349617,0.9942769545222278
2021-06-23,600444.SH,19.427,20.431,19.386,20.062,2696922.0,2.513,20.015,2.049,1.842,3.329,0,交易,6.026434364674076,10.546688382193267,139116.99164345404,0.9796387842004797,0.9488522343497625,0.9976572624862925
2021-06-24,600444.SH,19.98,20.287,19.672,20.123,2119800.0,0.306,19.935,2.049,1.448,2.616,0,交易,7.6922782874617734,13.798342541436465,107757.21838145587,0.9826489870360329,0.9696850199635235,0.9906574566416537
2021-06-25,600444.SH,20.062,20.267,19.631,19.754,1292901.0,-1.833,19.785,2.049,0.883,1.596,0,交易,12.37719298245614,22.7202718006795,65860.17013906577,0.9762174964227562,0.9686189371885331,1.001569302419763
2021-06-28,600444.SH,19.672,20.062,19.672,19.877,953700.0,0.622,19.882,2.049,0.651,1.177,0,交易,16.887850467289717,30.218125960061442,48480.073200488005,0.9910278137772904,0.9805602631841291,1.000251547014137
2021-06-29,600444.SH,19.877,19.959,19.468,19.611,990778.0000000001,-1.34,19.684,2.049,0.677,1.223,0,交易,16.03515944399019,29.360413589364843,50892.644339428814,0.9862217545969237,0.9753995691166892,1.0037224006934884
2021-06-30,600444.SH,19.652,20.0,19.59,20.0,1123700.0,1.985,19.897,2.049,0.767,1.387,0,交易,14.419610670511895,25.621903520208605,57360.89841755998,0.9948499999999999,0.9795,0.9948499999999999
2021-07-01,600444.SH,20.041,20.328,19.836,19.939,1669200.0,-0.307,20.048,2.049,1.14,2.06,0,交易,9.679126213592232,17.57982456140351,84150.03024803389,0.9862258953168044,0.9757969303423848,1.0054666733537287
2021-07-02,600444.SH,19.816,20.656,19.529,20.164,2292000.0,1.131,20.004,2.049,1.565,2.829,0,交易,7.127606928243195,12.661980830670926,117363.92032362128,0.9684353214562356,0.9454395817195973,0.9920650664550684
2021-07-05,600444.SH,20.144,21.476,20.144,21.312,4332709.0,5.691,21.063,2.049,2.959,5.348,0,交易,3.985041136873598,6.807705305846569,215086.82486100082,0.9807692307692307,0.9379772769603277,0.9883164414414414
2021-07-06,600444.SH,20.902,21.435,20.492,20.8,3397400.0,-2.404,20.833,2.049,2.32,4.193,0,交易,4.960648700214644,9.00948275862069,165791.52840132735,0.9719150921390249,0.9560065313739212,1.0015865384615383
2021-07-07,600444.SH,20.205,22.89,20.205,22.89,8098847.0,10.049,22.373,2.049,5.531,9.996,0,交易,2.2899159663865545,3.653046465376966,400833.8035139817,0.9774137177806903,0.8826998689384009,0.9774137177806903
2021-07-08,600444.SH,24.078,25.185,24.078,25.185,11148854.0,10.027,24.898,2.049,7.614,13.761,0,交易,1.8301722258556792,3.1623325453112687,463030.73344962206,0.9886043279729998,0.9560452650387136,0.9886043279729998
2021-07-09,600444.SH,24.181,27.664,23.73,26.148,23864998.0,3.824,25.429,2.049,16.299,29.457,0,交易,0.8876667685100316,1.4835879501809928,1005688.9169827222,0.9192090803932909,0.8577935222672064,0.9725026770689918
2021-07-12,600444.SH,25.021,26.414,24.816,25.287,18025703.0,-3.292,25.412,2.049,12.311,22.249,0,交易,1.1365454627174256,2.0324100398018032,726374.2343649259,0.9620655712879532,0.9395017793594305,1.004943251473089
2021-07-13,600444.SH,24.386,26.394,23.894,26.127,13556082.999999998,3.323,24.775,2.049,9.258,16.732,0,交易,1.5614989242170692,2.634046230287319,567342.5546162216,0.9386603015836933,0.9052815033719784,0.9482527653385386
2021-07-14,600444.SH,25.144,28.341,25.021,26.722,15200867.000000002,2.275,26.328,2.049,10.382,18.762,0,交易,1.4242618057776357,2.421884030052013,607524.3595379882,0.9289721604742246,0.882855227409054,0.9852555946411196
2021-07-15,600444.SH,26.64,26.722,25.185,26.025,9850986.0,-2.607,25.962,2.049,6.728,12.159,0,交易,2.1403898346903527,3.959571938168847,391144.9672424062,0.9715590150437841,0.942481850160916,0.9975792507204612
2021-07-16,600444.SH,25.718,27.603,25.492,25.984,11334673.0,-0.157,26.355,2.049,7.741,13.99,0,交易,1.8573266619013582,3.322309779098308,444636.4741879805,0.9547875230953157,0.9235228054921566,1.0142780172413792
2021-07-19,600444.SH,25.328,26.107,24.652,25.943,8570704.0,-0.158,25.45,2.049,5.853,10.579,0,交易,2.4523111825314303,4.3273534939347345,347667.6943047217,0.9748343356187995,0.9442678208909489,0.9809968006784103
2021-07-20,600444.SH,25.673,25.922,24.201,25.3,8101900.0,-2.478,24.876,2.074,5.533,10.0,0,交易,2.5300000000000002,4.639978311946503,334775.42250320234,0.9596481752951161,0.9336085178612762,0.9832411067193676
2021-07-21,600444.SH,25.114,27.83,24.906,27.83,5654606.0,10.0,27.039,2.074,3.862,6.979,0,交易,3.9876773176672873,6.502848265147592,227037.9025134506,0.9715774344232844,0.8949335249730507,0.9715774344232844
2021-07-22,600444.SH,29.759,30.609,28.39,29.033,22018340.0,4.322,29.657,2.074,15.038,27.177,0,交易,1.068293041910439,1.9789200691581328,775566.7488552307,0.9688980365252049,0.9275049821947793,1.021492784073296
2021-07-23,600444.SH,27.913,28.784,26.814,26.897,13345149.0,-7.357,27.833,2.074,9.114,16.472,0,交易,1.6328921806702281,3.062650866798332,497693.3318415753,0.9669608115619789,0.9315591995553085,1.0347994200096664
2021-07-26,600444.SH,26.358,27.125,25.508,25.881,8715849.0,-3.778,26.298,2.074,5.953,10.758,0,交易,2.40574456218628,4.427683520913825,341690.8028853693,0.9695115207373272,0.9403870967741935,1.0161122058653065
2021-07-27,600444.SH,25.839,26.524,24.885,24.885,8153200.0,-3.846,25.671,2.074,5.568,10.064,0,交易,2.4726748807631163,4.640625,327635.12155917217,0.9678404463881767,0.9382069069521942,1.031585292344786
2021-07-28,600444.SH,24.657,24.678,22.397,23.911,7610519.0,-3.917,23.636,2.074,5.198,9.394,0,交易,2.5453480945284226,4.7435552135436705,339800.8215385989,0.9577761569008834,0.9075694950968473,0.9884990171887414
2021-07-29,600444.SH,24.035,24.74,23.807,24.222,8658039.0,1.301,24.269,2.074,5.913,10.687,0,交易,2.2664919996257136,4.064772535092169,363676.18767589366,0.9809620048504446,0.9622877930476961,1.0019403847741721
2021-07-30,600444.SH,24.201,25.3,23.6,24.595,6760800.0,1.541,24.645,2.074,4.617,8.345,0,交易,2.94727381665668,5.241715399610136,286474.5762711864,0.9741106719367588,0.932806324110672,1.0020329335230738
2021-08-02,600444.SH,25.715,27.063,25.342,27.063,3831744.9999999995,10.034,26.423,2.074,2.617,4.73,0,交易,5.721564482029597,9.826136797860146,151201.3653223897,0.9763514761851975,0.9364076414292577,0.9763514761851975
2021-08-03,600444.SH,27.996,29.344,26.441,27.187,15654919.0,0.46,27.742,2.074,10.692,19.323,0,交易,1.4069761424209493,2.6184062850729517,592069.8536363981,0.9454062159214831,0.9010700654307524,1.0204141685364327
2021-08-04,600444.SH,26.71,29.821,26.088,28.846,15401519.0,6.102,28.015,2.074,10.519,19.01,0,交易,1.5174118884797474,2.5392147542542065,590367.9469487887,0.9394386506153382,0.8748197578887361,0.9711918463565139
2021-08-05,600444.SH,28.515,28.639,27.436,28.038,9439802.0,-2.804,28.0,2.074,6.447,11.652,0,交易,2.406282183316169,4.422987436016752,344066.2633036886,0.9776877684276686,0.9579943433779112,0.998644696483344
2021-08-06,600444.SH,28.1,28.68,27.415,27.561,7853924.000000001,-1.701,27.883,2.074,5.364,9.694,0,交易,2.8430988240148545,5.238627889634602,286482.72843333945,0.9722105997210599,0.9558926080892608,1.0116831755016145
2021-08-09,600444.SH,27.892,29.199,26.607,29.199,10449924.0,5.944,28.04,2.074,7.137,12.898,0,交易,2.2638393549387503,3.908084629396105,392750.93020633666,0.9603068598239665,0.911229836638241,0.9603068598239665
2021-08-10,600444.SH,29.033,29.033,26.959,27.415,11133100.0,-6.108,27.774,2.074,7.603,13.742,0,交易,1.994978896812691,3.818624227278706,412964.1307170147,0.9566355526469879,0.9285640478076671,1.0130950209739193
2021-08-11,600444.SH,27.83,27.83,26.337,27.042,6242300.0,-1.362,26.927,2.074,4.263,7.705,0,交易,3.509669046073978,6.528266479005395,237016.36480996318,0.9675530003593246,0.9463528566295365,0.9957473559647955
2021-08-12,600444.SH,27.27,27.996,26.213,27.27,7559662.0,0.844,27.015,2.074,5.163,9.331,0,交易,2.9225163433715573,5.281812899477048,288393.6214855224,0.9649592798971283,0.9363123303329047,0.9906490649064907
2021-08-13,600444.SH,26.938,28.826,26.793,27.332,9212600.0,0.228,27.868,2.074,6.292,11.371,0,交易,2.403658429337789,4.281309599491418,343843.5412234539,0.9667661139249288,0.9294733920765975,1.0196107127176934
2021-08-16,600444.SH,26.856,27.332,25.922,26.959,6154762.0,-1.366,26.71,2.074,4.203,7.597,0,交易,3.5486376201132024,6.389721627408994,237433.91713602346,0.9772427923313333,0.9484121176642764,0.990763752364702
2021-08-17,600444.SH,26.71,26.959,24.802,24.844,6233252.0,-7.846,25.753,2.074,4.257,7.694,0,交易,3.2290096178840657,6.274371623208833,251320.5386662366,0.9552654030193999,0.9199896138580808,1.0365883110610208
2021-08-18,600444.SH,24.782,25.964,24.678,25.404,5050109.0,2.254,25.524,2.074,3.449,6.233,0,交易,4.075725974651051,7.1852710930704555,204640.12480752086,0.9830534586350332,0.9504698813742105,1.004723665564478
2021-08-19,600444.SH,25.425,26.337,24.885,25.881,4912000.0,1.878,25.632,2.074,3.355,6.063,0,交易,4.268678871845621,7.578241430700447,197387.98472975686,0.9732315753502677,0.9448684360405514,0.9903790425408602
2021-08-20,600444.SH,25.715,25.839,24.906,25.715,3659200.0,-0.641,25.453,2.074,2.499,4.517,0,交易,5.692937790568961,10.290116046418566,146920.42078214086,0.9850613413831805,0.9638917914779984,0.9898113941279408
2021-08-23,600444.SH,25.715,26.482,25.466,26.15,5071900.0,1.694,25.979,2.074,3.464,6.26,0,交易,4.177316293929712,7.423498845265589,199163.5906699128,0.9810059663167434,0.9616343176497244,0.9934608030592734
2021-08-24,600444.SH,26.296,27.913,26.005,27.395,7905261.0,4.758,27.277,2.074,5.399,9.757,0,交易,2.8077277851798708,4.870531579922208,303990.04037685064,0.9772149177802458,0.9316447533407373,0.9956926446431831
2021-08-25,600444.SH,27.415,27.54,26.482,27.104,4953452.0,-1.06,26.956,2.074,3.383,6.114,0,交易,4.433104350670592,8.103754064439846,187049.7696548599,0.9787944807552651,0.9615831517792303,0.9945395513577332
2021-08-26,600444.SH,27.084,27.25,26.275,26.337,4744800.0,-2.831,26.662,2.074,3.24,5.857,0,交易,4.49667065050367,8.35925925925926,180582.30256898192,0.9784220183486239,0.9642201834862385,1.0123400539165432
2021-08-27,600444.SH,26.026,28.597,25.922,28.307,11394854.0,7.48,27.681,2.074,7.782,14.065,0,交易,2.0125844294347672,3.3443844769982007,439582.36247203144,0.9679686680421024,0.9064587194460957,0.9778853287172785
2021-08-30,600444.SH,28.328,29.24,27.789,28.515,11902535.0,0.733,28.493,2.074,8.129,14.691,0,交易,1.9409842760874003,3.4848074793947594,428318.21943934646,0.974452804377565,0.9503761969904242,0.9992284762405751
2021-08-31,600444.SH,28.058,29.655,28.058,28.805,7945353.0,1.018,28.892,2.074,5.426,9.807,0,交易,2.9371877230549606,5.171028381865094,283176.0282272436,0.9742707806440735,0.9461473613218682,1.0030203089741365
2021-09-01,600444.SH,28.079,28.784,27.125,27.561,6718300.0,-4.32,27.816,2.074,4.588,8.292,0,交易,3.323806078147612,6.120095902353967,247679.26267281105,0.9663702056698166,0.942363813229572,1.0092522042015892
2021-09-02,600444.SH,27.872,28.597,26.648,28.556,5912925.0,3.612,27.803,2.074,4.038,7.298,0,交易,3.9128528363935327,6.902426944031698,221890.01050735515,0.9722348498094205,0.9318459978319403,0.9736307606107298
2021-09-03,600444.SH,28.162,28.369,26.544,26.71,7156441.0,-6.463,27.202,2.074,4.888,8.833,0,交易,3.0238876938752406,5.761456628477905,269606.72845087404,0.9588635482392753,0.9356692163981811,1.0184200673904904
2021-09-06,600444.SH,26.71,29.386,26.71,29.386,7752022.0,10.016,29.046,2.074,5.294,9.568,0,交易,3.0712792642140467,5.045334340763128,290229.20254586294,0.9884298645613557,0.9089362281358471,0.9884298645613557
2021-09-07,600444.SH,30.319,31.936,29.614,30.733,18443635.0,4.587,30.381,2.074,12.596,22.765,0,交易,1.3500109817702615,2.4070339790409654,622801.2088876882,0.951308867735471,0.9272920841683367,0.9885465135196694
2021-09-08,600444.SH,30.277,33.595,29.883,32.766,17082057.0,6.613,31.409,2.074,11.666,21.084,0,交易,1.554069436539556,2.595319732556146,571631.2619214938,0.9349307932728085,0.8895073671677333,0.958585118720625
2021-09-09,600444.SH,31.75,32.123,30.796,31.314,11414049.0,-4.43,31.433,2.074,7.795,14.088,0,交易,2.2227427597955707,4.073123797305965,370634.1407975062,0.9785200635058993,0.9586900351772873,1.003800217155266
2021-09-10,600444.SH,31.107,31.459,30.174,30.568,7209867.999999999,-2.384,30.648,2.074,4.924,8.899,0,交易,3.434992695808518,6.317424857839154,238943.06356465828,0.974220413872024,0.9591531835086938,1.002617115938236
2021-09-13,600444.SH,30.505,31.045,29.925,30.982,6391670.0,1.357,30.566,2.074,4.365,7.889,0,交易,3.927240461401952,6.988545246277204,213589.64076858814,0.9845707843453051,0.963923337091319,0.9865728487508876
2021-09-14,600444.SH,30.402,31.065,29.676,30.153,6151161.0,-2.677,30.339,2.074,4.201,7.592,0,交易,3.9716807165437302,7.236848369435849,207277.2947836636,0.9766296475132785,0.9552873008208594,1.006168540443737
2021-09-15,600444.SH,30.174,31.522,30.153,31.501,7766103.999999999,4.47,30.854,2.074,5.304,9.586,0,交易,3.2861464635927393,5.688914027149321,257556.59470036146,0.9788084512404035,0.9565700145929826,0.9794609694930319
2021-09-16,600444.SH,31.21,31.335,29.365,29.572,6874236.0,-6.122,30.299,2.074,4.695,8.485,0,交易,3.4852091926929876,6.647497337593184,234096.23701685682,0.9669379288335727,0.9371310036700174,1.0245840660083863
2021-09-17,600444.SH,29.489,29.862,27.001,28.369,5844836.0,-4.067,28.403,2.074,3.992,7.214,0,交易,3.9324923759356802,7.387024048096192,216467.3900966631,0.9511419194963499,0.9041926193824928,1.001198491310938
2021-09-22,600444.SH,28.203,28.473,27.229,28.39,2941304.0,0.073,28.008,2.074,2.009,3.63,0,交易,7.820936639118457,14.038327526132404,108021.00701458004,0.9836687388051839,0.9563094861798898,0.9865445579429376
2021-09-23,600444.SH,28.349,28.743,27.291,27.374,3815400.0,-3.579,27.831,2.074,2.606,4.709,0,交易,5.81312380547887,10.878357636224099,139804.33109816423,0.9682705354347145,0.9494833524684272,1.0166946737780376
2021-09-24,600444.SH,27.374,27.478,25.155,25.673,4850400.0,-6.212,26.048,2.074,3.313,5.987,0,交易,4.288124269250042,8.262601871415635,192820.5128205128,0.9479583666933545,0.9154596404396245,1.0146067853386826
2021-09-27,600444.SH,25.653,25.653,23.786,24.388,3946873.0000000005,-5.008,24.629,2.074,2.696,4.872,0,交易,5.005747126436782,9.51520771513353,165932.60741612714,0.9600826414064633,0.9272209877986981,1.0098819091356404
2021-09-28,600444.SH,24.16,24.45,23.641,24.222,2130106.0,-0.68,24.063,2.074,1.455,2.629,0,交易,9.213389121338913,16.60481099656357,90102.19533860666,0.9841717791411043,0.9669120654396728,0.9934357195937576
2021-09-29,600444.SH,23.89,24.222,22.832,22.915,2551673.0,-5.394,23.534,2.074,1.743,3.15,0,交易,7.2746031746031745,13.706253585771657,111758.62824106516,0.9715960696887126,0.9426141524234167,1.027012873663539
2021-09-30,600444.SH,23.185,24.325,23.185,24.18,2616000.0,5.52,23.872,2.074,1.787,3.229,0,交易,7.488386497367606,12.974258533855624,112831.57213715765,0.981377183967112,0.9531346351490236,0.987262200165426
2021-10-08,600444.SH,24.678,24.968,24.097,24.325,2118100.0,0.6,24.458,2.074,1.447,2.614,0,交易,9.30566182096404,17.054595715272978,87898.90857783126,0.9795738545338032,0.9651153476449856,1.0054676258992805
2021-10-11,600444.SH,24.471,24.533,23.89,24.16,1841900.0,-0.682,24.101,2.074,1.258,2.273,0,交易,10.629124505059393,19.452305246422892,77099.20468815404,0.982391065095993,0.9737904047609343,0.9975579470198676
2021-10-12,600444.SH,24.056,24.18,23.081,23.289,2309200.0,-3.605,23.467,2.074,1.577,2.85,0,交易,8.171578947368422,15.25428027901078,100047.65824704303,0.9705128205128205,0.9545492142266335,1.0076430933058524
2021-10-13,600444.SH,23.33,23.62,22.438,22.915,3300200.0,-1.603,22.912,2.074,2.254,4.073,0,交易,5.626074146820525,10.350488021295474,147080.8449950976,0.970025402201524,0.9499576629974597,0.9998690813877373
2021-10-14,600444.SH,22.936,23.434,22.687,23.268,2628821.0,1.538,23.035,2.074,1.795,3.245,0,交易,7.170416024653313,12.777715877437327,115873.45175651253,0.9829734573696338,0.9681232397371341,0.9899862472064638
2021-10-15,600444.SH,23.268,23.496,22.708,22.749,2588100.0,-2.228,22.938,2.074,1.768,3.195,0,交易,7.12018779342723,13.160633484162895,113973.04914567554,0.9762512768130746,0.9664623765747361,1.008308057497033
2021-10-18,600444.SH,22.749,23.641,22.48,23.558,2585500.0,3.555,23.234,2.074,1.766,3.191,0,交易,7.382638671262927,12.881653454133634,115013.34519572953,0.9827841461867097,0.9508904022672476,0.9862467102470499
2021-10-19,600444.SH,23.434,24.118,23.372,23.475,2802500.0,-0.352,23.694,2.074,1.914,3.459,0,交易,6.78664353859497,12.243469174503659,119908.4374465172,0.9824197694667883,0.9690687453354342,1.009329073482428
2021-10-20,600444.SH,23.475,24.243,23.372,23.973,3800500.0,2.12,23.885,2.074,2.596,4.691,0,交易,5.11042421658495,9.04275808936826,162609.10491186034,0.9852328507197955,0.964072103287547,0.9963292036874819
2021-10-21,600444.SH,23.973,23.973,22.936,23.102,3827500.0,-3.633,23.269,2.074,2.614,4.724,0,交易,4.89034716342083,9.171002295332823,166877.3979769794,0.970633629499854,0.9567430025445293,1.0072288113583239
2021-10-22,600444.SH,23.102,23.703,22.853,22.936,2683970.0,-0.718,23.281,2.074,1.833,3.313,0,交易,6.923030485964382,12.603382433169667,117444.97440161028,0.9821963464540353,0.9641395603931993,1.0150418555981862
2021-10-25,600444.SH,23.019,23.496,22.542,23.289,2172700.0,1.537,23.145,2.074,1.484,2.682,0,交易,8.6834451901566,15.511455525606468,96384.52666134326,0.9850612870275792,0.9593973442288051,0.9938168233930181
2021-10-26,600444.SH,23.496,23.952,22.791,22.978,4878800.0,-1.336,23.369,2.074,3.332,6.022,0,交易,3.815675855197609,7.051620648259304,214066.95625466193,0.9756596526386104,0.9515280561122244,1.0170162764383321
2021-10-27,600444.SH,22.853,22.998,21.588,21.733,4293301.0,-5.415,22.142,2.074,2.932,5.299,0,交易,4.101339875448198,7.794338335607095,198874.42097461552,0.9627793721193146,0.9386903208974693,1.0188193070445866
2021-10-28,600444.SH,21.816,21.961,20.945,21.173,2782535.0,-2.576,21.311,2.074,1.9,3.434,0,交易,6.165695981362841,11.482105263157894,132849.60611124375,0.9704020764081782,0.9537361686626293,1.0065177348509895
2021-10-29,600444.SH,21.153,21.671,21.049,21.588,1708900.0,1.959,21.448,2.074,1.167,2.109,0,交易,10.236130867709816,18.125964010282775,81186.75471518838,0.9897097503576209,0.9712980480826912,0.993514915693904
2021-11-01,600444.SH,21.153,21.775,20.51,21.692,3167152.0,0.48,21.24,2.074,2.163,3.909,0,交易,5.549245331286774,9.779472954230236,154419.89273525108,0.9754305396096441,0.9419058553386913,0.9791628250046099
2021-11-02,600444.SH,21.567,21.775,20.468,20.738,3675751.9999999995,-4.398,20.995,2.074,2.51,4.537,0,交易,4.570861802953494,8.592430278884462,179585.30388899744,0.964179104477612,0.9399770378874857,1.0123927090365514
2021-11-03,600444.SH,21.049,21.09,20.468,20.8,2041600.0,0.3,20.697,2.074,1.394,2.52,0,交易,8.253968253968255,15.099713055954089,99745.94488958374,0.9813655761024181,0.9705073494547178,0.9950480769230768
2021-11-04,600444.SH,20.862,21.132,20.779,21.028,2102300.0,1.097,20.937,2.074,1.436,2.595,0,交易,8.103275529865124,14.527855153203342,101174.26247653882,0.9907722884724588,0.9832954760552716,0.9956724367509988
2021-11-05,600444.SH,21.07,21.111,20.779,20.904,1444300.0,-0.592,20.94,2.074,0.986,1.783,0,交易,11.724060572069547,21.36916835699797,69507.6760190577,0.9918999573681967,0.9842736014400075,1.0017221584385765
2021-11-08,600444.SH,20.966,21.464,20.821,21.381,2866380.0,2.282,21.267,2.074,1.958,3.538,0,交易,6.043244771057095,10.707865168539326,137667.7393016666,0.9908218412225122,0.9700428624673874,0.9946681633225761
2021-11-09,600444.SH,21.381,21.547,21.153,21.36,2328066.0,-0.097,21.332,2.074,1.59,2.874,0,交易,7.4321503131524,13.447169811320753,110058.43142816622,0.9900218127813617,0.9817143917946813,0.9986891385767791
2021-11-10,600444.SH,21.277,21.443,20.779,21.381,2534400.0,0.097,21.1,2.074,1.731,3.128,0,交易,6.835358056265984,12.291738879260542,121969.2959237692,0.9840041039033718,0.9690341836496759,0.9868574902951219
2021-11-11,600444.SH,21.318,21.837,21.153,21.63,2658097.0,1.164,21.63,2.074,1.815,3.281,0,交易,6.592502285888448,11.745454545454546,125660.5209662932,0.9905206759170215,0.9686770160736364,1.0
2021-11-12,600444.SH,21.609,21.754,21.256,21.713,2030000.0,0.384,21.521,2.074,1.386,2.506,0,交易,8.66440542697526,15.590909090909093,95502.4463680843,0.9892893261009469,0.9771076583616806,0.9911573711601345
2021-11-15,600444.SH,21.858,22.542,21.733,22.521,3954800.0,3.725,22.186,2.074,2.701,4.881,0,交易,4.6140135218193,8.092558311736394,181972.11613675056,0.9842072575636589,0.9641114364297755,0.9851249944496248
2021-11-16,600444.SH,22.542,23.6,22.189,22.812,5132000.0,1.289,22.871,2.074,3.505,6.334,0,交易,3.6015156299336915,6.431383737517832,231285.7722294831,0.9691101694915253,0.9402118644067796,1.0025863580571628
2021-11-17,600444.SH,22.77,23.973,22.459,23.973,6005501.0,5.091,23.442,2.074,4.102,7.413,0,交易,3.233913395386483,5.550950755728913,267398.4148893539,0.9778500813415092,0.9368456179869019,0.9778500813415092
2021-11-18,600444.SH,23.807,24.823,23.372,24.325,7557064.0,1.471,24.086,2.074,5.161,9.328,0,交易,2.607740137221269,4.612865723696958,323338.3535854869,0.9703097933368247,0.9415461467187689,0.9901747173689619
2021-11-19,600444.SH,23.849,24.471,23.724,23.786,5158165.0,-2.217,23.973,2.074,3.523,6.367,0,交易,3.735825349458144,6.769514618223105,217423.91670881808,0.9796493808998405,0.9694740713497609,1.007861767426217
2021-11-22,600444.SH,23.766,24.367,23.496,23.766,4430833.0,-0.087,23.927,2.074,3.026,5.469,0,交易,4.345584201865057,7.853932584269663,188578.18352059927,0.9819427914802806,0.9642549349530102,1.0067743835731717
2021-11-23,600444.SH,23.931,24.201,23.641,24.118,3737000.0,1.483,23.969,2.074,2.552,4.613,0,交易,5.228267938434858,9.377351097178684,158072.83955839433,0.990413619271931,0.9768604603115573,0.9938220416286592
2021-11-24,600444.SH,24.035,24.139,23.6,23.786,2973635.0,-1.376,23.795,2.074,2.031,3.67,0,交易,6.481198910081744,11.834071885770555,126001.48305084746,0.9857492025353164,0.9776709888562078,1.0003783738333474
2021-11-25,600444.SH,23.911,24.035,23.703,23.869,1966564.0,0.349,23.888,2.074,1.343,2.427,0,交易,9.834775442933662,17.804169769173495,82966.88182930432,0.993883919284377,0.9861868109007697,1.0007960115631154
2021-11-26,600444.SH,23.911,24.802,23.89,24.533,4541364.0,2.78,24.445,2.074,3.102,5.605,0,交易,4.376984834968778,7.708252740167635,190094.76768522395,0.9856059995161681,0.9632287718732361,0.9964129947417764
2021-11-29,600444.SH,23.89,24.18,23.496,23.931,3676060.0,-2.451,23.815,2.074,2.511,4.537,0,交易,5.274630813312762,9.514137793707686,156454.71569628874,0.9849048800661705,0.9717121588089329,0.9951527307676236
2021-11-30,600444.SH,24.139,24.429,23.786,23.973,3294228.0,0.173,24.091,2.074,2.25,4.066,0,交易,5.895966551893753,10.728444444444444,138494.40847557387,0.9861639854271563,0.9736788243481109,1.0049222041463315
2021-12-01,600444.SH,23.931,25.632,23.849,25.445,6192731.0,6.142,24.98,2.074,4.229,7.644,0,交易,3.328754578754579,5.658784582643651,259664.17879156358,0.9745630461922596,0.9304385143570536,0.9817252898408332
2021-12-02,600444.SH,25.259,25.549,24.471,24.72,4235335.0,-2.852,24.836,2.074,2.893,5.228,0,交易,4.728385615914307,8.731075008641549,173075.6814188223,0.9720928412070922,0.9578065677717328,1.0046925566343041
2021-12-03,600444.SH,24.72,25.031,24.18,24.782,2783200.0,0.252,24.638,2.074,1.901,3.435,0,交易,7.214556040756914,13.003682272488163,115103.3912324235,0.9842994686588631,0.9660021573249171,0.9941893309660238
2021-12-06,600444.SH,24.533,25.321,23.952,24.72,4801800.0,-0.251,24.664,2.074,3.279,5.927,0,交易,4.170744052640459,7.481854223848735,200475.9519038076,0.9740531574582363,0.9459342048102366,0.9977346278317153
2021-12-07,600444.SH,24.657,26.254,24.139,25.715,6662952.0,4.027,25.255,2.074,4.551,8.224,0,交易,3.1268239299610894,5.4179301252471985,276024.35892124777,0.96194865544298,0.9194408471090119,0.9821116080108886
2021-12-08,600444.SH,25.404,26.648,25.134,26.275,6697267.0,2.177,26.176,2.074,4.574,8.266,0,交易,3.1786837648197435,5.554000874508089,266462.44131455396,0.9822876013209246,0.9431852296607626,0.996232159847764
2021-12-09,600444.SH,26.275,26.275,24.948,25.134,6764050.999999999,-4.341,25.427,2.074,4.62,8.349,0,交易,3.0104204096298957,5.687229437229437,271125.98204264865,0.9677259752616556,0.9494957183634635,1.0116575157157635
2021-12-10,600444.SH,25.238,26.379,25.134,25.445,5219171.0,1.238,25.767,2.074,3.564,6.442,0,交易,3.949860291834834,7.081369248035914,207653.8155486592,0.9767997270556124,0.9528033663141134,1.0126547455295736
2021-12-13,600444.SH,25.943,27.996,25.59,27.996,4735900.0,10.024,27.617,2.074,3.234,5.846,0,交易,4.788915497776257,8.021954236239951,185068.38608831575,0.9864623517645379,0.9140591513073296,0.9864623517645379
2021-12-14,600444.SH,29.448,29.448,26.959,27.187,14178206.0,-2.889,28.108,2.074,9.683,17.5,0,交易,1.5535428571428571,3.041206237736239,525917.3559850142,0.9544960608530291,0.9154781309426786,1.0338764850847832
2021-12-15,600444.SH,26.959,27.809,26.192,27.809,9703080.0,2.288,27.067,2.074,6.627,11.977,0,交易,2.3218669115805293,4.068054926814547,370459.6823457544,0.9733179905785896,0.9418533568269265,0.9733179905785896
2021-12-16,600444.SH,27.54,28.971,27.415,27.415,7445296.000000001,-1.417,27.871,2.074,5.085,9.19,0,交易,2.983133841131665,5.4159292035398225,271577.4575962065,0.9620309965137551,0.9462911187049118,1.0166332299835856
2021-12-17,600444.SH,27.706,29.987,26.773,29.116,12119080.0,6.203,28.588,2.074,8.277,14.959,0,交易,1.9463867905608665,3.3473480729732996,452660.51619168563,0.953346450128389,0.8928202220962418,0.9818656408847369
2021-12-20,600444.SH,29.074,31.418,28.224,30.692,15428390.0,5.413,30.242,2.074,10.537,19.043,0,交易,1.6117208423042588,2.7592293821770904,546640.802154195,0.9625692278311796,0.8983385320516901,0.9853381988791868
2021-12-21,600444.SH,30.671,31.418,29.655,30.194,8386588.0,-1.622,30.578,2.074,5.728,10.352,0,交易,2.916731066460587,5.354574022346369,282805.193053448,0.9732637341651282,0.9438856706346681,1.0127177584950653
2021-12-22,600444.SH,29.925,32.973,29.531,31.667,9926577.0,4.876,31.191,2.074,6.779,12.252,0,交易,2.584639242572641,4.414367900870335,336140.90278012934,0.9459557820034574,0.8956115609741303,0.9849685792781128
2021-12-23,600444.SH,31.418,31.75,29.78,30.07,8031900.999999999,-5.043,30.618,2.074,5.485,9.914,0,交易,3.033084526931612,5.727985414767548,269707.89120214904,0.9643464566929133,0.9379527559055119,1.018224143664782
2021-12-24,600444.SH,30.651,30.775,27.581,28.66,8407606.0,-4.69,28.833,2.074,5.742,10.378,0,交易,2.761611100404702,5.3380355276907,304833.2547768391,0.9368968318440293,0.8962144597887897,1.006036287508723
2021-12-27,600444.SH,28.867,31.522,28.432,31.522,9332564.0,9.986,30.798,2.074,6.374,11.519,0,交易,2.7365222675579477,4.528867273297773,328241.55880697805,0.977031914218641,0.901973225049172,0.977031914218641
2021-12-28,600444.SH,31.542,34.674,30.526,34.674,16484554.999999998,10.0,32.506,2.074,11.258,20.347,0,交易,1.704133287462525,2.8017409841890215,540016.8708641813,0.9374747649535675,0.8803714598834862,0.9374747649535675
2021-12-29,600444.SH,35.959,38.137,35.607,38.137,8730785.0,9.988,37.25,2.074,5.963,10.776,0,交易,3.539068299925761,6.030353848733859,245198.5564636167,0.9767417468600047,0.9336602249783674,0.9767417468600047
2021-12-30,600444.SH,41.019,41.953,36.665,39.402,32837123.0,3.317,39.972,2.074,22.426,40.531,0,交易,0.9721447780711061,1.829082315169892,895598.6090276832,0.9527804924558434,0.8739541868281171,1.0144662707476777
2021-12-31,600444.SH,39.34,43.342,37.245,43.342,28070778.999999996,10.0,40.23,2.074,19.171,34.648,0,交易,1.2509235742322788,2.0520577956288144,753679.1247147268,0.9281989755894975,0.8593281343731254,0.9281989755894975
2022-01-04,600444.SH,41.476,42.16,39.008,39.008,17291700.0,-10.0,39.652,2.074,11.81,21.343,0,交易,1.8276718361992224,3.5119390347163417,443285.9926168991,0.9405123339658445,0.925237191650854,1.016509433962264
2022-01-05,600444.SH,36.146,36.83,35.109,35.109,9135987.0,-9.995,35.375,2.074,6.239,11.277,0,交易,3.113328012769354,5.7935566597211094,260217.807399812,0.9604941623676351,0.9532717893021994,1.0075764049104219
2022-01-06,600444.SH,32.475,38.614,32.31,36.54,24893325.0,4.076,35.834,2.074,17.001,30.726,0,交易,1.189220855301699,1.9101817540144697,770452.6462395543,0.9280053866473301,0.8367431501527944,0.9806787082649153
2022-01-07,600444.SH,36.291,36.291,32.89,32.89,16265487.0,-9.989,34.276,2.074,11.109,20.077,0,交易,1.6381929571151068,3.2668106940318657,494542.0188507145,0.9444765919925052,0.9062853048965309,1.042140468227425
2022-01-10,600444.SH,32.33,33.948,31.542,32.206,12747006.0,-2.081,32.68,2.074,8.706,15.734,0,交易,2.0469047921698236,3.713530898231105,404128.0197831463,0.9626487569223519,0.9291268999646518,1.0147177544556913
2022-01-11,600444.SH,32.538,33.906,32.227,32.704,10797500.0,1.545,32.933,2.074,7.374,13.327,0,交易,2.4539656336759963,4.4125305126118795,335045.14847798436,0.971303014215773,0.950480740871822,1.0070022015655578
2022-01-12,600444.SH,32.662,33.906,32.662,33.222,9905700.0,1.585,33.413,2.074,6.765,12.227,0,交易,2.7171014966876585,4.828085735402809,303279.0398628376,0.985459800625258,0.9633103285554179,1.0057492023358015
2022-01-13,600444.SH,33.16,33.305,31.75,32.227,7302203.999999999,-2.996,32.438,2.074,4.987,9.013,0,交易,3.575613003439476,6.649288149187888,229990.6771653543,0.9739678726917881,0.9533103137667017,1.006547305054768
2022-01-14,600444.SH,32.164,33.077,31.418,31.646,7927887.0,-1.802,32.064,2.074,5.414,9.785,0,交易,3.2341338783852835,5.940893978574068,252335.82659621874,0.9693744898267679,0.9498443026876682,1.013208620362763
2022-01-17,600444.SH,30.858,31.625,30.091,31.107,6996900.0,-1.704,31.144,2.074,4.779,8.636,0,交易,3.6020148216767023,6.45699937225361,232524.6751520388,0.9847905138339921,0.9514940711462451,1.0011894428906676
2022-01-18,600444.SH,31.19,31.397,29.987,30.028,6478760.0,-3.467,30.495,2.074,4.425,7.997,0,交易,3.75490809053395,7.04858757062147,216052.28932537435,0.9712711405548301,0.9550912507564417,1.0155521513254298
2022-01-19,600444.SH,29.987,30.194,29.199,29.386,5734694.0,-2.141,29.556,2.074,3.917,7.078,0,交易,4.151737779033625,7.655603778401838,196400.35617658138,0.9788699741670531,0.9670464330661722,1.005785067719322
2022-01-20,600444.SH,29.551,29.551,27.726,27.955,5558890.0,-4.869,28.382,2.074,3.796,6.861,0,交易,4.074478938930185,7.78477344573235,200493.76036932843,0.9604412710229773,0.9382423606646138,1.0152745483813272
2022-01-21,600444.SH,27.789,29.095,27.374,28.535,8240260.000000001,2.077,28.379,2.074,5.628,10.171,0,交易,2.8055255137154655,4.937633262260128,301025.0602761745,0.9753909606461593,0.9408489431173741,0.9945330296127564
2022-01-24,600444.SH,28.121,31.397,27.934,31.397,11427460.0,10.029,30.145,2.074,7.804,14.105,0,交易,2.225948245303084,3.603408508457201,409087.8499319825,0.9601235786858617,0.8897028378507501,0.9601235786858617
2022-01-25,600444.SH,30.962,34.425,30.298,32.31,22503190.0,2.906,32.192,2.074,15.369,27.776,0,交易,1.1632344470046083,2.0145747934153166,742728.5629414483,0.935134350036311,0.8801161946259985,0.9963478799133395
2022-01-26,600444.SH,31.916,32.621,30.07,30.485,14104493.0,-5.648,31.045,2.074,9.633,17.409,0,交易,1.7511057498994773,3.3131942281739857,469055.30428999005,0.9516875632261427,0.9217988412372398,1.0183696900114811
2022-01-27,600444.SH,30.796,31.998,28.577,29.137,11412693.0,-4.422,30.063,2.074,7.794,14.087,0,交易,2.0683609001206786,3.9512445470875033,399366.3785561815,0.9395274704669041,0.8930870679417464,1.031780897141092
2022-01-28,600444.SH,29.157,29.945,27.975,28.701,8275664.0,-1.495,28.817,2.074,5.652,10.215,0,交易,2.8096916299559473,5.158704883227176,295823.5567470956,0.9623309400567708,0.9342127233260978,1.0040416710219155
2022-02-07,600444.SH,29.468,30.816,29.199,30.174,8722800.0,5.13,30.062,2.074,5.957,10.767,0,交易,2.802451936472555,4.946785294611382,298736.2580910305,0.9755321910695743,0.9475272585669783,0.9962881951348844
2022-02-08,600444.SH,30.63,30.733,28.473,29.468,7707600.999999999,-2.337,29.196,2.074,5.264,9.514,0,交易,3.0973302501576625,5.818768996960486,270698.5916482281,0.9499886115901475,0.9264634106660592,0.9907696484321977
2022-02-09,600444.SH,29.427,30.651,28.203,30.174,10244901.0,2.393,29.671,2.074,6.997,12.645,0,交易,2.3862396204033214,4.2056595683864515,363255.71747686417,0.9680271443019803,0.9201331114808652,0.9833300192218466
2022-02-10,600444.SH,30.049,31.729,28.95,29.303,9946500.0,-2.887,29.978,2.074,6.793,12.277,0,交易,2.386820884580924,4.423524216104814,343575.12953367876,0.9448138926534086,0.9124145103848215,1.0230351841108418
2022-02-11,600444.SH,29.095,32.227,28.1,32.227,14906169.0,9.979,30.905,2.074,10.18,18.399,0,交易,1.7515625849230934,2.8580550098231825,530468.6476868327,0.9589784962919292,0.8719396779098273,0.9589784962919292
2022-02-14,600444.SH,32.496,35.441,31.957,35.337,27772290.999999996,9.653,34.276,2.074,18.967,34.279,0,交易,1.0308643776072814,1.7132915063004168,869051.8822167286,0.9671284670297113,0.901695776078553,0.969974813934403
2022-02-15,600444.SH,33.595,33.865,31.812,32.994,20558000.0,-6.631,32.592,2.074,14.04,25.375,0,交易,1.3002561576354679,2.392806267806268,646234.1254872375,0.9624095673999704,0.9393769378414292,0.9878159665393708
2022-02-16,600444.SH,32.517,34.57,32.164,32.849,15023200.0,-0.44,33.093,2.074,10.26,18.543,0,交易,1.7715040716173218,3.1692982456140353,467081.208804875,0.9572750940121494,0.9304020827306914,1.0074279277908005
2022-02-17,600444.SH,32.558,35.441,31.625,34.487,19849118.0,4.987,33.889,2.074,13.556,24.5,0,交易,1.4076326530612246,2.4017409265269993,627640.09486166,0.9562089105837872,0.892328094579724,0.9826601328036652
2022-02-18,600444.SH,33.305,33.492,32.455,32.994,12359203.0,-4.33,32.945,2.074,8.441,15.255,0,交易,2.1628318584070794,3.9456225565691265,380810.4452318595,0.9836677415502211,0.9690373820613878,0.9985148814936049
2022-02-21,600444.SH,32.869,34.093,32.372,33.616,11677374.0,1.886,33.153,2.074,7.975,14.413,0,交易,2.332338860750711,4.121504702194358,360724.51501297415,0.9724283577273926,0.9495204294136625,0.9862267967634459
2022-02-22,600444.SH,33.492,35.296,33.077,34.425,16111992.000000002,2.406,34.204,2.074,11.004,19.887,0,交易,1.731030321315432,3.0436205016357687,487105.60207999527,0.969061650045331,0.9371316863100634,0.9935802469135804
2022-02-23,600444.SH,33.969,34.508,32.641,34.155,11676740.0,-0.783,33.739,2.074,7.975,14.413,0,交易,2.3697356553111772,4.2594357366771165,357732.2998682639,0.9777153123913294,0.9458966036861016,0.9878202312984921
2022-02-24,600444.SH,33.595,33.595,30.733,31.045,12719228.0,-9.107,32.219,2.074,8.687,15.699,0,交易,1.9775144913688771,3.867272936571889,413862.2327790974,0.959041524036315,0.9148087513022771,1.037816073441778
2022-02-25,600444.SH,31.812,32.247,30.837,31.107,6889864.999999999,0.2,31.435,2.074,4.705,8.504,0,交易,3.657925682031985,6.761317747077578,223428.511204073,0.9748193630415232,0.9562750023257978,1.0105442504902433
2022-02-28,600444.SH,30.775,31.584,29.614,31.045,7742072.0,-0.2,30.762,2.074,5.288,9.556,0,交易,3.248744244453747,5.819780635400907,261432.8358208955,0.9739741641337386,0.9376266464032422,0.9908842003543243
2022-03-01,600444.SH,31.086,31.397,30.07,30.692,6545260.0,-1.136,30.683,2.074,4.47,8.079,0,交易,3.7989850228988735,6.954362416107383,217667.44263385434,0.9772589737873045,0.9577348154282257,0.9997067639775837
2022-03-02,600444.SH,30.505,31.045,30.319,30.505,4938203.0,-0.608,30.681,2.074,3.373,6.095,0,交易,5.004922067268253,9.04387785354284,162874.8639467001,0.9882750845546787,0.9766145917216942,1.0057695459760696
2022-03-03,600444.SH,30.713,31.003,29.282,29.323,8310427.0,-3.875,30.031,2.074,5.676,10.258,0,交易,2.85854942483915,5.411028893587033,283806.67304145894,0.9686481953359352,0.9444892429764862,1.0241448692152917
2022-03-04,600444.SH,28.95,29.614,28.701,29.22,4757021.0,-0.354,29.191,2.074,3.249,5.872,0,交易,4.976158038147139,8.910433979686056,165744.0855719313,0.9857162153035726,0.9691699871682312,0.9990075290896646
2022-03-07,600444.SH,29.738,30.651,29.178,29.862,6504521.0,2.2,29.888,2.074,4.442,8.029,0,交易,3.7192676547515258,6.69473210265646,222925.5260812941,0.9751068480636848,0.951942840364099,1.0008706717567477
2022-03-08,600444.SH,29.448,29.717,28.224,28.369,5355600.0,-5.0,28.851,2.074,3.658,6.61,0,交易,4.291830559757942,8.050300710770914,189753.40136054423,0.970858431200996,0.9497593969781607,1.0169903768197681
2022-03-09,600444.SH,28.432,28.784,26.296,27.747,5933371.0,-2.193,27.785,2.074,4.052,7.324,0,交易,3.7885035499726927,7.016781836130306,225637.7776087618,0.9652932184546971,0.9135630906058921,1.0013695174253072
2022-03-10,600444.SH,28.369,28.784,27.975,28.162,4133000.0,1.495,28.343,2.074,2.823,5.101,0,交易,5.52087825916487,10.049238398866454,147739.0527256479,0.9846789883268483,0.9718941078376877,1.0064271003479868
2022-03-11,600444.SH,27.706,27.934,26.586,27.685,5436900.0,-1.694,27.3,2.074,3.713,6.711,0,交易,4.125316644315303,7.461890654457312,204502.36966824645,0.9773036443044318,0.9517433951457005,0.986093552465234
2022-03-14,600444.SH,27.581,27.726,26.648,26.731,3790600.0,-3.446,27.22,2.074,2.589,4.679,0,交易,5.712972857448173,10.653147933565084,142247.07295106575,0.9817499819663853,0.9611195267979514,1.0182933672515055
2022-03-15,600444.SH,26.399,27.27,25.59,25.59,4577602.0,-4.267,26.463,2.074,3.126,5.65,0,交易,4.529203539823008,8.444977607165708,178882.45408362642,0.9704070407040705,0.9383938393839384,1.0341148886283704
2022-03-16,600444.SH,26.005,26.69,25.3,26.524,5138900.0,3.647,26.168,2.074,3.51,6.343,0,交易,4.181617531136686,7.408831908831909,203118.57707509882,0.9804421131509928,0.947920569501686,0.9865781933343386
2022-03-17,600444.SH,26.752,27.374,26.648,26.856,3908219.9999999995,1.251,27.003,2.074,2.669,4.824,0,交易,5.567164179104478,10.02322967403522,146660.91263884716,0.9864469934974794,0.9734784832322643,1.00547363717605
2022-03-18,600444.SH,26.69,27.229,26.171,27.042,2874400.0,0.695,26.888,2.074,1.963,3.548,0,交易,7.6217587373167985,13.596535914416709,109831.4928737916,0.9874765874618974,0.9611443681369128,0.9943051549441609
2022-03-21,600444.SH,27.021,27.851,26.814,27.747,4343300.0,2.607,27.547,2.074,2.966,5.361,0,交易,5.1757134862898715,9.110249494268375,161978.81703587677,0.9890847725395857,0.9627661484327313,0.9927920135510145
2022-03-22,600444.SH,27.478,29.199,27.291,28.203,7214700.0,1.644,28.325,2.074,4.927,8.905,0,交易,3.1670971364402023,5.5770245585549025,264361.87754204683,0.9700674680639747,0.9346552964142607,1.0043257809452895
2022-03-23,600444.SH,28.017,30.174,28.017,29.448,10373228.0,4.412,29.067,2.074,7.084,12.804,0,交易,2.2999062792877227,3.954968944099379,370247.6353642431,0.9633127858421158,0.9285146152316563,0.9870619396903015
2022-03-24,600444.SH,29.074,29.074,27.83,28.1,7537800.0,-4.577,28.348,2.074,5.148,9.304,0,交易,3.0202063628546862,5.6476301476301485,270851.5989938915,0.9750292357432757,0.957212629841095,1.0088256227758006
2022-03-25,600444.SH,27.851,28.349,27.706,27.809,3937800.0,-1.033,28.058,2.074,2.689,4.86,0,交易,5.722016460905349,10.357381926366678,142128.05890420848,0.9897350876574129,0.9773184239302973,1.0089539357761874
2022-03-28,600444.SH,27.664,27.955,27.125,27.353,3193821.0,-1.641,27.489,2.074,2.181,3.942,0,交易,6.938863521055302,12.684089867033471,117744.5529953917,0.9833303523519944,0.9703094258629942,1.00497203231821
2022-03-29,600444.SH,27.644,28.058,27.187,27.415,2707421.0,0.227,27.628,2.074,1.849,3.342,0,交易,8.203171753441053,14.950784207679826,99585.13260013977,0.9846746026088816,0.968957160168223,1.0077694692686485
2022-03-30,600444.SH,27.706,27.851,27.125,27.478,2849900.0,0.227,27.505,2.074,1.946,3.518,0,交易,7.810687890847073,14.237410071942445,105065.43778801843,0.987576747693081,0.9739327133675632,1.0009826042652303
2022-03-31,600444.SH,27.478,27.561,26.959,27.208,2995306.0,-0.981,27.249,2.074,2.046,3.697,0,交易,7.359480659994589,13.430107526881722,111105.97574093995,0.9886796560357026,0.9781575414535031,1.0015069097324316
2022-04-01,600444.SH,27.084,27.27,26.441,26.461,3325000.0,-2.744,26.793,2.074,2.271,4.104,0,交易,6.44761208576998,11.926023778071334,125751.67353730949,0.9825082508250825,0.9696002933626696,1.012546766940025
2022-04-06,600444.SH,26.13,27.561,26.13,27.436,3767500.0,3.683,27.208,2.074,2.573,4.65,0,交易,5.90021505376344,10.155460551884959,144182.93149636433,0.987192046732702,0.9480788070099053,0.9916897506925207
2022-04-07,600444.SH,27.208,30.174,27.208,28.701,12880618.0,4.611,29.016,2.074,8.797,15.899,0,交易,1.8052078747091014,3.092872570194384,473412.8932666863,0.9616225889838934,0.9017034533041691,1.010975227343995
2022-04-08,600444.SH,28.328,31.542,27.291,29.862,17861503.0,4.046,29.138,2.074,12.199,22.047,0,交易,1.354469995917812,2.3221575538978603,654483.2728738412,0.9237841608014711,0.8652273159596728,0.9757551403121024
2022-04-11,600444.SH,29.862,30.63,28.266,28.556,12363203.0,-4.375,29.47,2.074,8.444,15.26,0,交易,1.87129750982962,3.5364756039791563,437387.7803721786,0.9621286320600718,0.9228207639569049,1.0320072839333239
2022-04-12,600444.SH,28.245,29.821,27.955,29.427,8713300.0,3.05,29.207,2.074,5.951,10.755,0,交易,2.736122733612273,4.7462611325827595,311690.21641924523,0.9794104825458569,0.9374266456523925,0.9925238726339757
2022-04-13,600444.SH,28.909,29.365,27.685,27.851,8143400.0,-5.356,28.455,2.074,5.562,10.051,0,交易,2.7709680628793154,5.197590794678173,294144.84377821925,0.9690107270560191,0.9427890345649583,1.0216868335068758
2022-04-14,600444.SH,27.872,28.183,26.856,27.084,6230100.0,-2.755,27.196,2.074,4.255,7.69,0,交易,3.521976592977893,6.550411280846063,231981.6800714924,0.964978887982117,0.9529148777631906,1.0041352828238075
2022-04-15,600444.SH,27.167,27.457,26.005,26.586,5583719.0,-1.838,26.69,2.074,3.813,6.892,0,交易,3.857515960533952,7.124836087070548,214717.13132089985,0.9720654113705066,0.9471173107040098,1.0039118332957198
2022-04-18,600444.SH,26.379,27.291,25.985,27.021,3679724.0,1.638,26.743,2.074,2.513,4.542,0,交易,5.949141347424042,10.497015519299643,141609.54396767367,0.9799201201861418,0.9521453959180682,0.9897117057103734
2022-04-19,600444.SH,26.814,27.436,26.544,27.146,3761064.0,0.46,26.954,2.074,2.569,4.642,0,交易,5.847910383455407,10.437524328532502,141691.68173598553,0.9824318413762939,0.9674879720075813,0.9929271347528181
2022-04-20,600444.SH,26.918,28.909,26.835,27.934,7847110.000000001,2.903,28.083,2.074,5.359,9.686,0,交易,2.8839562254800746,5.022952043291658,292420.719209987,0.9714275831056073,0.9282576360303021,1.0053340015751413
2022-04-21,600444.SH,27.851,27.913,25.134,25.217,9150710.0,-9.725,26.205,2.074,6.25,11.295,0,交易,2.232580787959274,4.45616,364076.94756107265,0.9388098735356285,0.9004406548919858,1.0391799183090773
2022-04-22,600444.SH,24.678,25.404,24.243,25.3,6047024.0,0.329,24.722,2.074,4.13,7.464,0,交易,3.3896034297963555,5.975302663438257,249433.81594687127,0.9731538340418833,0.954298535663675,0.9771541501976285
2022-04-25,600444.SH,24.927,24.948,22.77,22.77,4980000.0,-10.0,23.715,2.074,3.401,6.147,0,交易,3.7042459736456808,7.329314907380183,218708.82740447958,0.9505772005772005,0.9126984126984127,1.041501976284585
2022-04-26,600444.SH,22.397,23.123,22.003,22.065,4284850.0,-3.097,22.552,2.074,2.926,5.289,0,交易,4.171866137266024,7.654477101845522,194739.3537244921,0.9753059724084244,0.9515633784543528,1.0220711534103784
2022-04-27,600444.SH,21.754,23.786,21.505,23.558,6624250.0,6.767,22.465,2.074,4.524,8.176,0,交易,2.8813600782778863,4.808576480990275,308033.01557777263,0.9444631295720171,0.9041032540149667,0.9536038712963749
2022-04-28,600444.SH,23.123,23.537,22.231,22.293,5284301.0,-5.37,22.7,2.074,3.609,6.522,0,交易,3.418123275068997,6.407037960653921,237699.65363681345,0.9644389684326805,0.9445128945914943,1.0182568519266137
2022-04-29,600444.SH,22.397,24.533,22.335,24.533,4867500.0,10.047,23.578,2.074,3.324,6.008,0,交易,4.083388814913449,6.737966305655836,217931.49764942913,0.9610728406635959,0.9104063913911874,0.9610728406635959
