trading_date,wind_code,open,high,low,close,volume,pct_chg,vwap,adj_factor,turn,free_turn,is_st,trade_status,close/free_turn,open/turn,volume/low,vwap/high,low/high,vwap/close
2011-01-31,002170.SZ,49.91,51.64,49.29,50.922,4622220.0,2.161,50.689,3.264,2.49,4.974,0,交易,10.237635705669481,20.044176706827304,93776.01947656725,0.9815840433772269,0.9544926413632843,0.9954243745336004
2011-02-01,002170.SZ,50.791,51.901,50.269,51.02,3808356.0,0.192,51.151,3.264,2.051,4.098,0,交易,12.449975597852612,24.764017552413453,75759.53370864748,0.9855494113793568,0.9685555191614804,1.0025676205409644
2011-02-09,002170.SZ,50.563,54.023,49.91,51.803,5283329.0,1.536,52.26,3.264,2.846,5.685,0,交易,9.112225153913808,17.766338721011948,105857.12282107795,0.967365751624308,0.9238657608796252,1.0088218829025346
2011-02-10,002170.SZ,51.575,53.631,51.575,53.305,4316286.0,2.899,52.964,3.264,2.325,4.645,0,交易,11.475780409041981,22.182795698924732,83689.50072709646,0.9875631630959706,0.9616639630064702,0.9936028515148673
2011-02-11,002170.SZ,52.946,54.349,52.554,53.403,3856958.0,0.184,53.39,3.264,2.077,4.15,0,交易,12.868192771084336,25.491574386133845,73390.37941926399,0.9823547811367275,0.9669727133893908,0.9997565679830721
2011-02-14,002170.SZ,53.207,53.827,52.913,53.599,4461882.0,0.367,53.482,3.264,2.403,4.801,0,交易,11.164132472401581,22.141905950894714,84324.87290457921,0.993590577219611,0.9830196741412303,0.9978171234537958
2011-02-15,002170.SZ,53.697,56.308,53.697,54.578,6006760.0,1.827,55.295,3.264,3.235,6.464,0,交易,8.443378712871286,16.598763523956723,111863.9775033987,0.9820096611493927,0.953630034808553,1.0131371614936422
2011-02-16,002170.SZ,54.545,55.851,54.447,55.492,4419612.0,1.675,55.123,3.264,2.38,4.756,0,交易,11.667788057190915,22.91806722689076,81172.73678990577,0.9869653184365543,0.9748616855562121,0.9933503928494197
2011-02-17,002170.SZ,55.361,56.21,54.447,56.145,5357122.0,1.176,55.333,3.264,2.885,5.765,0,交易,9.738941890719863,19.189254766031198,98391.49999081675,0.984397793986835,0.9686354741149262,0.9855374476801139
2011-02-18,002170.SZ,55.884,58.365,55.1,57.32,6761017.0,2.093,56.836,3.264,3.642,7.275,0,交易,7.879037800687285,15.344316309719934,122704.48275862068,0.9738027927696393,0.9440589394328793,0.9915561758548499
2011-02-21,002170.SZ,57.646,63.065,57.418,63.065,13783207.999999998,10.023,61.096,3.264,7.424,14.832,0,交易,4.2519552319309595,7.764816810344827,240050.29781601587,0.9687782446681995,0.9104574645207326,0.9687782446681995
2011-02-22,002170.SZ,62.869,65.219,61.27,62.02,17187355.0,-1.656,62.863,3.264,9.257,18.495,0,交易,3.353338740200054,6.791509128227288,280518.27974538924,0.9638755577362426,0.9394501602293811,1.0135923895517573
2011-02-23,002170.SZ,61.988,61.988,58.691,59.735,9918900.0,-3.684,59.775,3.264,5.343,10.674,0,交易,5.596308787708451,11.601721879094141,169002.06164488592,0.964299541846809,0.9468122862489514,1.0006696241734327
2011-02-24,002170.SZ,59.409,59.997,57.712,59.866,6069602.0,0.219,58.984,3.264,3.269,6.531,0,交易,9.166436992803552,18.173447537473233,105170.53645688937,0.9831158224577896,0.961914762404787,0.9852670965155514
2011-02-25,002170.SZ,59.572,59.735,57.744,58.201,5269531.0,-2.781,58.405,3.264,2.838,5.67,0,交易,10.264726631393298,20.990838618745595,91256.77126627875,0.977734996233364,0.9666694567673894,1.0035050944141852
2011-02-28,002170.SZ,58.593,59.866,58.201,59.801,6463712.0,2.748,59.121,3.264,3.481,6.956,0,交易,8.597038527889591,16.8322321172077,111058.43542207178,0.9875555407075803,0.9721878862793573,0.9886289526930988
2011-03-01,002170.SZ,59.801,60.323,56.961,58.071,9588928.0,-2.893,58.412,3.264,5.165,10.319,0,交易,5.627580191879058,11.57812197483059,168341.98837801302,0.9683205410871475,0.9442666976111931,1.0058721220574813
2011-03-02,002170.SZ,57.451,57.451,55.786,56.504,7553960.000000001,-2.698,56.45,3.264,4.069,8.129,0,交易,6.9509164718907614,14.119193905136397,135409.60097515507,0.9825764564585473,0.9710187812222589,0.9990443154466941
2011-03-03,002170.SZ,56.569,57.581,55.492,55.884,6028627.0,-1.098,56.364,3.264,3.247,6.487,0,交易,8.614767997533528,17.421927933477058,108639.56966769985,0.9788645560167415,0.9637206717493617,1.008589220528237
2011-03-04,002170.SZ,55.916,56.537,55.492,56.439,3991644.9999999995,0.993,56.112,3.264,2.15,4.295,0,交易,13.140628637951107,26.007441860465114,71931.9000937072,0.992482798875073,0.9815165289987088,0.9942061340562377
2011-03-07,002170.SZ,56.667,57.94,56.667,57.287,6573428.0,1.504,57.307,3.264,3.541,6.952,0,交易,8.24036248561565,16.00310646709969,116000.988229481,0.9890749050742148,0.9780289955125993,1.0003491193464487
2011-03-08,002170.SZ,57.287,57.712,56.145,56.439,5440552.0,-1.481,56.555,3.264,2.93,5.754,0,交易,9.808654848800835,19.5518771331058,96901.80781903998,0.9799521763238147,0.9728479345716662,1.0020553163592552
2011-03-09,002170.SZ,56.471,56.634,54.741,55.982,7063553.0,-0.81,55.547,3.264,3.805,7.47,0,交易,7.494243641231593,14.841261498028908,129035.87804387936,0.9808065826182152,0.9665748490306176,0.9922296452431139
2011-03-10,002170.SZ,55.916,56.994,55.492,56.21,5564024.0,0.408,56.365,3.264,2.997,5.884,0,交易,9.553025152957172,18.657323990657325,100267.1376054206,0.9889637505702356,0.9736463487384637,1.0027575164561466
2011-03-11,002170.SZ,56.145,57.287,55.557,56.667,6428491.0,0.813,56.614,3.264,3.463,6.798,0,交易,8.335834068843777,16.212821253248627,115709.82954443184,0.9882521339920052,0.9698011765321976,0.9990647113840506
2011-03-14,002170.SZ,56.667,58.56,56.177,58.528,9278379.0,3.283,57.845,3.264,4.998,9.812,0,交易,5.964940888707705,11.337935174069628,165163.3052672802,0.987790300546448,0.959306693989071,0.9883303717878622
2011-03-16,002170.SZ,57.581,59.246,56.863,58.267,9809863.0,-0.446,58.097,3.264,5.284,10.374,0,交易,5.616637748216696,10.897236941710826,172517.5069904859,0.9806062856564156,0.9597778752995982,0.9970823965537954
2011-03-17,002170.SZ,58.103,59.246,56.145,56.243,8473082.0,-3.473,57.837,3.264,4.564,8.961,0,交易,6.276420042405982,12.730718667835232,150914.2755365571,0.9762178037335854,0.9476589136819363,1.0283413046956955
2011-03-18,002170.SZ,56.406,57.679,55.623,55.982,3944379.0,-0.464,56.163,3.264,2.125,4.171,0,交易,13.421721409733875,26.544,70912.73394099563,0.9737166039633142,0.9643544444251807,1.0032331820942446
2011-03-21,002170.SZ,55.949,56.08,53.37,53.436,6316094.0,-4.548,54.609,3.264,3.402,6.68,0,交易,7.999401197604791,16.44591416813639,118345.40003747425,0.9737696148359487,0.9516761768901569,1.0219514933752527
2011-03-22,002170.SZ,53.436,54.219,52.848,53.893,2900891.0,0.855,53.551,3.264,1.562,3.068,0,交易,17.566166883963493,34.209987195902684,54891.21631849834,0.9876795957136797,0.974713661262657,0.9936540923682111
2011-03-23,002170.SZ,53.925,55.068,53.925,54.676,3390250.0,1.454,54.645,3.264,1.826,3.585,0,交易,15.251324965132497,29.531763417305584,62869.72647195179,0.9923185879276532,0.9792438439747222,0.999433023630112
2011-03-25,002170.SZ,54.806,56.275,53.729,55.753,5019526.0,1.97,55.049,3.264,2.704,5.308,0,交易,10.503579502637528,20.268491124260354,93423.03039326993,0.9782141270546424,0.9547578853842736,0.9873728767958675
2011-03-28,002170.SZ,55.982,56.406,53.762,53.86,4848486.0,-3.396,55.099,3.264,2.611,5.127,0,交易,10.505168714647942,21.4408272692455,90184.25653807522,0.9768287061660107,0.9531255540190761,1.0230040846639434
2011-03-29,002170.SZ,53.501,54.676,52.979,53.436,4556002.0,-0.788,53.682,3.264,2.454,4.818,0,交易,11.090909090909092,21.801548492257535,85996.37592253534,0.9818201770429439,0.9689626161387079,1.0046036379968561
2011-03-30,002170.SZ,53.436,53.762,51.967,52.195,4631870.0,-2.321,52.537,3.264,2.495,4.898,0,交易,10.656390363413639,21.417234468937874,89130.98697250178,0.9772143893456344,0.9666121052044194,1.0065523517578312
2011-03-31,002170.SZ,52.228,53.631,52.228,53.044,3024827.0,1.626,53.018,3.264,1.556,3.199,0,交易,16.58143169740544,33.56555269922879,57915.811442138314,0.9885700434450225,0.9738397568570417,0.999509840886811
2011-04-01,002170.SZ,53.076,53.99,52.717,53.762,1957200.0,1.354,53.442,3.264,1.007,2.07,0,交易,25.971980676328506,52.70705064548164,37126.54361970522,0.9898499722170772,0.9764215595480644,0.9940478404821249
2011-04-06,002170.SZ,53.697,54.186,53.207,53.566,2238216.0,-0.364,53.658,3.264,1.152,2.367,0,交易,22.63033375580904,46.61197916666667,42066.194297742775,0.9902557856272838,0.9819326025172554,1.0017175073740805
2011-04-07,002170.SZ,53.566,56.406,53.533,56.014,5653554.0,4.57,55.566,3.264,2.909,5.979,0,交易,9.368456263589229,18.41388793399794,105608.76468720229,0.985107967237528,0.9490657022302592,0.9920019995001249
2011-04-08,002170.SZ,55.492,56.341,55.1,55.818,4019937.0000000005,-0.35,55.727,3.264,2.068,4.251,0,交易,13.130557515878616,26.83365570599613,72957.11433756807,0.9891020748655508,0.9779734119025222,0.9983697015299724
2011-04-11,002170.SZ,55.733,55.733,53.819,53.819,4777546.0,-3.582,54.433,4.254,1.891,3.559,0,交易,15.121944366395056,29.472765732416708,88770.62004124936,0.9766745016417563,0.9656576893402473,1.0114086103420725
2011-04-12,002170.SZ,53.861,55.095,53.861,54.457,3067078.0,1.186,54.573,4.254,1.214,2.285,0,交易,23.832385120350107,44.3665568369028,56944.31963758564,0.9905254560304928,0.9776023232598239,1.0021301210129092
2011-04-13,002170.SZ,54.117,54.627,53.564,54.244,2566587.0,-0.391,54.06,4.254,1.016,1.912,0,交易,28.37029288702929,53.264763779527556,47916.26838921664,0.9896205173265967,0.9805407582331082,0.9966079197699285
2011-04-14,002170.SZ,54.244,55.903,54.032,55.691,5172500.0,2.667,55.322,4.254,2.047,3.853,0,交易,14.453932001038153,26.49926722032242,95730.30796564999,0.9896069978355366,0.9665313131674507,0.9933741538130039
2011-04-15,002170.SZ,55.648,55.989,53.861,54.882,4759169.0,-1.451,54.721,4.254,1.884,3.545,0,交易,15.481523272214385,29.53715498938429,88360.2049720577,0.9773526942792334,0.9619925342477986,0.9970664334390146
2011-04-18,002170.SZ,54.457,55.435,53.606,54.968,3795581.0,0.155,54.776,4.254,1.502,2.828,0,交易,19.437057991513438,36.25632490013316,70805.1524083125,0.988112203481555,0.9670064038964553,0.9965070586523068
2011-04-19,002170.SZ,54.032,57.35,53.819,56.286,7555959.0,2.399,56.019,4.254,2.99,5.629,0,交易,9.999289394208564,18.070903010033444,140395.75242943942,0.9767916303400174,0.9384306887532694,0.9952563692570088
2011-04-20,002170.SZ,56.116,57.861,55.478,57.393,9886168.0,1.965,57.319,4.254,3.913,7.365,0,交易,7.7926680244399185,14.340914899054434,178199.7909081077,0.9906327232505489,0.9588150913395898,0.9987106441552106
2011-04-21,002170.SZ,57.52,57.861,55.733,57.393,6019365.0,0.0,56.602,4.254,2.382,4.484,0,交易,12.799509366636931,24.147774979009235,108003.60648090001,0.9782409567757211,0.9632222049394238,0.9862178314428588
2011-04-22,002170.SZ,56.839,56.839,54.925,55.223,5760037.0,-3.781,55.754,4.254,2.28,4.291,0,交易,12.869494290375203,24.92938596491228,104870.9512972235,0.9809109942117208,0.9663259381762522,1.0096155587345852
2011-04-25,002170.SZ,54.882,54.882,52.16,52.372,5496570.0,-5.162,52.923,4.254,2.175,4.095,0,交易,12.78925518925519,25.233103448275862,105379.02607361964,0.9643052366896251,0.9504026821179986,1.0105208890246697
2011-04-26,002170.SZ,52.117,52.117,48.331,48.543,7663675.999999999,-7.311,49.598,4.254,3.033,5.709,0,交易,8.502890173410405,17.183316848005276,158566.4687260764,0.9516664428113668,0.9273557572385212,1.0217333086129823
2011-04-27,002170.SZ,48.501,49.522,47.863,48.416,3063511.0,-0.263,48.736,4.254,1.212,2.282,0,交易,21.21647677475898,40.01732673267327,64005.82913732946,0.9841282662251121,0.9664997374904083,1.0066093853271645
2011-04-28,002170.SZ,48.969,48.969,47.224,47.309,2236012.0,-2.285,47.994,4.254,0.885,1.666,0,交易,28.396758703481392,55.33220338983051,47349.05980010165,0.980089444342339,0.9643652106434683,1.0144792745566382
2011-04-29,002170.SZ,47.395,48.373,47.395,48.331,2545321.0,2.158,47.793,4.254,1.007,1.896,0,交易,25.491033755274266,47.065541211519374,53704.42029749973,0.9880098402001116,0.9797821098546711,0.9888684281310132
2011-05-03,002170.SZ,48.713,49.011,48.16,48.926,1512781.0,1.232,48.7,4.254,0.599,1.127,0,交易,43.412599822537715,81.32387312186978,31411.565614617943,0.9936544857276938,0.9826365509783517,0.9953807791358378
2011-05-04,002170.SZ,48.926,48.926,46.288,46.288,3848414.0,-5.391,47.15,4.254,1.523,2.867,0,交易,16.14509940704569,32.12475377544321,83140.64120290357,0.963700282058619,0.946081837877611,1.0186225371586588
2011-05-05,002170.SZ,46.331,46.756,45.948,46.203,2221976.0,-0.184,46.259,4.254,0.879,1.655,0,交易,27.917220543806646,52.70875995449374,48358.492208583615,0.9893703481906065,0.9827187954487124,1.0012120425080622
2011-05-06,002170.SZ,45.82,46.331,44.331,45.948,2389130.0,-0.552,45.279,4.254,0.946,1.78,0,交易,25.813483146067416,48.4355179704017,53892.9868489319,0.9772938205521141,0.9568323584640953,0.9854400626795509
2011-05-09,002170.SZ,46.118,46.799,45.991,46.374,1673652.0,0.926,46.453,4.254,0.662,1.247,0,交易,37.18845228548516,69.66465256797584,36390.85908112457,0.9926066796299067,0.9827346738178167,1.0017035407771597
2011-05-10,002170.SZ,46.756,47.352,46.161,47.352,2258794.0,2.11,46.832,4.254,0.894,1.683,0,交易,28.135472370766486,52.29977628635347,48932.95205909751,0.9890184152728503,0.9748479472883934,0.9890184152728503
2011-05-11,002170.SZ,47.309,47.437,46.374,47.054,1866527.0,-0.629,46.965,4.254,0.739,1.39,0,交易,33.851798561151085,64.01759133964818,40249.428559106396,0.9900499610009066,0.9775913316609399,0.998108556127003
2011-05-12,002170.SZ,46.799,49.352,46.076,47.863,4841261.0,1.718,48.119,4.254,1.916,3.607,0,交易,13.269476018852231,24.425365344467643,105071.20843823248,0.9750162100826715,0.9336197114605285,1.005348599126674
2011-05-13,002170.SZ,47.65,48.671,46.799,47.99,2162328.0,0.267,47.557,4.254,0.856,1.611,0,交易,29.78895096213532,55.66588785046729,46204.57702087652,0.9771116270469068,0.9615376713032401,0.990977286934778
2011-05-16,002170.SZ,47.99,48.416,46.969,47.097,1850534.9999999998,-1.862,47.576,4.254,0.732,1.379,0,交易,34.153009427121106,65.56010928961749,39399.07172816112,0.9826503635161931,0.9701131857237277,1.0101704991825382
2011-05-17,002170.SZ,47.054,47.054,44.799,45.863,2738184.0,-2.62,45.739,4.254,1.084,2.04,0,交易,22.481862745098038,43.40774907749078,61121.5428915824,0.9720533854720108,0.952076337824627,0.9972962954887381
2011-05-18,002170.SZ,45.863,46.246,44.246,45.693,2348867.0,-0.371,45.557,4.254,0.93,1.75,0,交易,26.110285714285713,49.31505376344086,53086.538896171405,0.9851014141763612,0.9567530164771008,0.9970236141203249
2011-05-19,002170.SZ,45.523,46.288,45.395,46.076,2027889.0,0.838,46.012,4.254,0.803,1.511,0,交易,30.493712772998016,56.691158156911584,44672.07842273378,0.994037331489803,0.9807077428275148,0.998610990537373
2011-05-20,002170.SZ,46.076,46.076,45.055,45.395,1452028.0,-1.477,45.493,4.254,0.575,1.082,0,交易,41.9547134935305,80.13217391304349,32227.899234269225,0.9873469919263825,0.9778409584165292,1.0021588280647649
2011-05-23,002170.SZ,45.395,45.395,42.374,42.757,3790269.0,-5.811,43.4,4.254,1.5,2.824,0,交易,15.14058073654391,30.263333333333335,89447.98697314391,0.9560524286815728,0.9334508205749532,1.015038473232453
2011-05-24,002170.SZ,42.757,42.97,41.566,42.672,1803247.0,-0.199,42.133,4.254,0.714,1.343,0,交易,31.773641102010423,59.88375350140056,43382.74070153491,0.980521293925995,0.9673260414242496,0.9873687664041996
2011-05-25,002170.SZ,42.672,42.842,41.694,41.864,1438604.0,-1.894,42.188,4.254,0.569,1.072,0,交易,39.05223880597014,74.99472759226714,34503.86146687772,0.9847346062275338,0.9732038653657626,1.0077393464551883
2011-05-26,002170.SZ,41.906,42.715,40.545,41.183,2164323.0,-1.626,41.558,4.254,0.857,1.612,0,交易,25.54776674937965,48.898483080513415,53380.76211616722,0.9729134964298255,0.9491981739435795,1.0091056989534517
2011-05-27,002170.SZ,40.8,41.694,39.992,39.992,1685743.9999999998,-2.893,40.496,4.254,0.667,1.256,0,交易,31.84076433121019,61.16941529235382,42152.03040608121,0.9712668489470907,0.9591787787211588,1.012602520504101
2011-05-30,002170.SZ,39.992,40.928,37.652,38.333,2099664.0,-4.149,39.478,4.254,0.831,1.564,0,交易,24.50959079283887,48.1251504211793,55765.005842983104,0.9645719311962472,0.9199569976544176,1.0298698249549998
2011-05-31,002170.SZ,38.418,39.439,37.907,39.439,1840637.0,2.886,38.692,4.254,0.728,1.371,0,交易,28.76659372720642,52.77197802197802,48556.65180573509,0.9810593574887801,0.9611552017038971,0.9810593574887801
2011-06-01,002170.SZ,39.439,40.417,38.971,40.247,1897111.0,2.05,39.705,4.254,0.751,1.413,0,交易,28.483368719037507,52.51531291611185,48680.069795488955,0.98238365044412,0.9642229754806144,0.9865331577508882
2011-06-02,002170.SZ,39.864,39.864,38.46,39.013,1798763.0,-3.066,39.08,4.254,0.712,1.34,0,交易,29.114179104477607,55.98876404494382,46769.708788351534,0.9803331326510135,0.9647802528597231,1.0017173762591955
2011-06-03,002170.SZ,38.928,39.907,38.716,39.779,1636514.0,1.963,39.675,4.254,0.648,1.219,0,交易,32.63248564397047,60.07407407407407,42269.70761442298,0.9941864835743103,0.9701556117974292,0.9973855551924381
2011-06-07,002170.SZ,39.779,40.205,39.396,40.205,1450263.0,1.07,39.95,4.254,0.574,1.08,0,交易,37.22685185185185,69.301393728223,36812.4428876028,0.9936575052854124,0.9798781246113668,0.9936575052854124
2011-06-08,002170.SZ,40.205,40.417,39.311,39.992,1979075.9999999998,-0.529,39.726,4.254,0.783,1.474,0,交易,27.13161465400271,51.34738186462324,50344.07672152832,0.9829032337877626,0.9726352772348269,0.9933486697339469
2011-06-09,002170.SZ,39.907,39.907,38.333,38.588,2321537.0,-3.511,39.079,4.254,0.919,1.729,0,交易,22.318102949681897,43.42437431991294,60562.36141183836,0.9792517603427972,0.9605582980429499,1.012724162952213
2011-06-10,002170.SZ,38.588,39.056,37.694,39.013,1912895.0,1.103,38.391,4.254,0.757,1.425,0,交易,27.37754385964912,50.97490092470277,50747.99702870483,0.9829731667349447,0.965126997132323,0.984056596519109
2011-06-13,002170.SZ,38.716,38.928,38.077,38.758,1182969.0,-0.654,38.55,4.254,0.468,0.881,0,交易,43.99318955732123,82.72649572649573,31067.809964020274,0.9902897657213316,0.97813912864776,0.994633366014758
2011-06-14,002170.SZ,38.843,39.651,38.673,39.396,1554567.0,1.647,39.36,4.254,0.615,1.158,0,交易,34.020725388601036,63.15934959349594,40197.734853773945,0.9926609669365211,0.975334796095937,0.999086201644837
2011-06-15,002170.SZ,39.396,39.651,38.971,39.098,1484121.0,-0.756,39.353,4.254,0.587,1.106,0,交易,35.3508137432188,67.11413969335605,38082.70252238845,0.9924844266222793,0.9828503694736574,1.0065220727402937
2011-06-16,002170.SZ,38.673,38.673,37.95,38.12,1574367.0,-2.503,38.319,4.254,0.623,1.173,0,交易,32.49786871270247,62.075441412520064,41485.296442687744,0.9908463268947327,0.9813047862850051,1.0052203567681008
2011-06-17,002170.SZ,38.673,41.949,38.673,41.949,14869482.999999998,10.045,41.678,4.254,5.885,11.077,0,交易,3.787036201137492,6.571452846219202,384492.6175884984,0.9935397744880688,0.9219051705642567,0.9935397744880688
2011-06-20,002170.SZ,41.949,46.161,41.566,46.161,23951620.0,10.041,44.44,4.254,9.48,17.843,0,交易,2.5870649554447125,4.425,576231.0542270124,0.9627174454626198,0.9004570958168151,0.9627174454626198
2011-06-21,002170.SZ,46.161,49.607,46.076,48.16,24027633.0,4.332,47.497,4.254,9.51,17.9,0,盘中停牌,2.690502793296089,4.853943217665615,521478.2750238736,0.9574656802467394,0.9288205293607757,0.986233388704319
2011-06-22,002170.SZ,47.99,48.586,47.139,48.501,19590710.0,0.707,47.854,4.254,7.754,14.594,0,交易,3.323352062491435,6.189063709053392,415594.5183393793,0.9849339315852303,0.9702177582019512,0.9866600688645595
2011-06-23,002170.SZ,47.65,48.416,46.416,47.863,16042370.000000002,-1.316,47.412,4.254,6.349,11.951,0,交易,4.004936825370262,7.505118916364782,345621.55291278876,0.9792630535360212,0.9586913417052214,0.9905772726323047
2011-06-24,002170.SZ,46.969,48.756,46.969,48.671,22952216.0,1.689,48.067,4.254,9.084,17.098,0,交易,2.8465902444730378,5.170519594892118,488667.33377333987,0.9858684059397818,0.9633481007465748,0.9875901460828831
2011-06-27,002170.SZ,48.713,50.543,48.075,50.203,23253153.0,3.147,49.194,4.254,9.203,17.323,0,交易,2.8980546094787276,5.293165272193851,483684.9297971919,0.9733098549749719,0.9511702906436105,0.9799015995060056
2011-06-28,002170.SZ,49.352,49.649,48.075,48.799,15508199.0,-2.797,48.732,4.254,6.138,11.553,0,交易,4.223924521769237,8.04040404040404,322583.4425377015,0.9815303430079155,0.9682974480855607,0.9986270210455133
2011-06-29,002170.SZ,48.799,50.117,48.331,48.501,12735719.0,-0.61,49.16,4.254,5.041,9.488,0,交易,5.111825463743676,9.68042055147788,263510.35567234276,0.9809046830416824,0.9643633896681766,1.0135873487144595
2011-06-30,002170.SZ,48.331,49.862,48.331,49.522,11900717.0,2.105,49.158,4.254,4.71,9.435,0,交易,5.248754636989931,10.26135881104034,246233.6181746705,0.9858810316473466,0.9692952549035337,0.9926497314324947
2011-07-01,002170.SZ,49.479,51.649,48.543,49.181,18804892.0,-0.687,49.927,4.254,7.443,14.908,0,交易,3.298966997585189,6.647722692462717,387386.2760851204,0.9666595674650041,0.9398633080988983,1.0151684593643888
2011-07-04,002170.SZ,48.799,50.117,48.118,49.649,13685967.000000002,0.952,49.216,4.254,5.417,10.85,0,交易,4.57594470046083,9.008491785120915,284425.10079388175,0.9820220683600376,0.9601133347965761,0.9912787770146428
2011-07-05,002170.SZ,49.82,52.245,48.841,51.947,22646238.0,4.627,50.795,4.254,8.963,17.954,0,交易,2.893338531803498,5.558406783443044,463672.69302430336,0.9722461479567424,0.9348454397550006,0.9778235509269062
2011-07-06,002170.SZ,51.053,51.351,50.245,50.756,12410991.0,-2.293,50.785,4.254,4.912,9.839,0,交易,5.15865433479012,10.393526058631922,247009.47357946067,0.9889778193219216,0.9784619578976066,1.000571361021357
2011-07-07,002170.SZ,50.543,51.649,49.82,50.543,9195750.0,-0.419,50.663,4.254,3.639,7.29,0,交易,6.933196159122085,13.889255289914813,184579.4861501405,0.9809096013475574,0.9645878913434917,1.002374216014087
2011-07-08,002170.SZ,50.415,50.543,48.416,48.501,8529717.0,-4.04,49.301,4.254,3.376,6.762,0,交易,7.172582076308784,14.93335308056872,176175.58245208196,0.9754268642541994,0.9579170211503076,1.0164945052679326
2011-07-11,002170.SZ,48.501,49.479,48.288,49.011,5854663.0,1.053,49.032,4.254,2.317,4.642,0,交易,10.558164584230935,20.9326715580492,121244.67776673294,0.9909658643060691,0.9759291820772449,1.0004284752402521
2011-07-13,002170.SZ,48.075,50.841,48.075,50.373,9254865.0,2.778,49.688,4.254,3.663,7.337,0,交易,6.865612648221344,13.124488124488126,192508.8923556942,0.9773214531578844,0.9455950905765033,0.9864014452186688
2011-07-14,002170.SZ,50.288,51.436,49.479,51.139,9242729.0,1.52,50.347,4.254,3.658,7.328,0,交易,6.978575327510917,13.747402952433022,186801.04690878958,0.9788280581693756,0.9619527179407419,0.9845127984512798
2011-07-15,002170.SZ,50.798,52.032,50.458,52.032,13674020.000000002,1.747,51.543,4.254,5.412,10.841,0,交易,4.7995572364173045,9.386178861788618,270998.05779063783,0.9906019372693727,0.96974938499385,0.9906019372693727
2011-07-18,002170.SZ,52.457,52.968,50.798,51.521,8589707.0,-0.981,51.582,4.254,3.4,6.81,0,交易,7.565491923641704,15.428529411764707,169095.37777077837,0.9738332578160398,0.9590318682978402,1.0011839832301392
2011-07-19,002170.SZ,51.053,51.053,49.607,49.862,4973563.0,-3.22,50.11,4.254,1.968,3.943,0,交易,12.645701242708597,25.941565040650406,100259.29808293184,0.981528999275263,0.9716764930562357,1.0049737274878665
2011-07-20,002170.SZ,49.947,50.415,48.075,48.288,7160250.999999999,-3.157,48.826,4.254,2.834,5.677,0,交易,8.505901004051436,17.6242060691602,148939.17836713465,0.9684816026976099,0.953585242487355,1.0111414844267728
2011-07-21,002170.SZ,48.331,49.309,47.437,47.48,4853010.0,-1.674,48.393,4.254,1.921,3.847,0,交易,12.342084741356901,25.15929203539823,102304.31941311635,0.981423269585674,0.9620353282362246,1.019229149115417
2011-07-22,002170.SZ,47.522,48.713,47.522,48.118,4141858.9999999995,1.344,48.224,4.254,1.639,3.284,0,交易,14.652253349573693,28.99450884685784,87156.66428180631,0.9899616118900498,0.9755506743579742,1.0022029178270084
2011-07-25,002170.SZ,47.735,48.586,43.48,44.161,6380945.0,-8.223,45.913,4.254,2.525,5.059,0,交易,8.72919549318047,18.904950495049505,146755.86476540938,0.9449841518132795,0.8949079981887786,1.0396730146509363
2011-07-26,002170.SZ,44.076,44.799,43.651,44.544,3357857.0,0.867,44.19,4.254,1.329,2.662,0,交易,16.73328324567994,33.16478555304741,76925.08762685848,0.9864059465613071,0.9743744280006251,0.9920528017241379
2011-07-27,002170.SZ,44.374,49.011,43.693,49.011,11824169.0,10.029,47.66,4.254,4.68,9.374,0,交易,5.2283976957542135,9.481623931623933,270619.2982857666,0.9724347595437758,0.8914937463018505,0.9724347595437758
2011-07-28,002170.SZ,49.267,50.075,48.075,48.756,13189079.999999998,-0.521,48.997,4.254,5.22,10.456,0,交易,4.662968630451416,9.438122605363986,274343.8377535101,0.9784722915626559,0.9600599101347979,1.004942981376651
2011-07-29,002170.SZ,48.203,48.713,45.948,46.203,7301335.000000001,-5.236,47.081,4.254,2.89,5.788,0,交易,7.982550103662751,16.67923875432526,158904.3048663707,0.9664976494980806,0.9432389711165398,1.0190030950371187
2011-08-01,002170.SZ,45.82,46.884,45.438,46.203,3195514.0,0.0,46.345,4.254,1.265,2.533,0,交易,18.24042637189104,36.22134387351779,70326.90699414586,0.9885035406535279,0.9691579216790377,1.0030733935025864
2011-08-02,002170.SZ,46.246,46.288,44.544,46.288,3891087.0000000005,0.184,45.296,4.254,1.54,3.085,0,交易,15.004213938411668,30.02987012987013,87353.78502155174,0.9785689595575527,0.9623228482544072,0.9785689595575527
2011-08-03,002170.SZ,45.863,46.799,45.14,46.714,3607526.9999999995,0.919,46.398,4.254,1.428,2.86,0,交易,16.333566433566435,32.11694677871149,79918.63092600796,0.9914314408427531,0.9645505245838587,0.9932354326326156
2011-08-05,002170.SZ,43.863,45.438,43.863,44.672,3683601.0,-4.372,44.924,4.254,1.458,2.92,0,交易,15.2986301369863,30.084362139917697,83979.68675193215,0.9886878823891896,0.9653373828073418,1.00564111747851
2011-08-08,002170.SZ,43.906,44.629,40.205,40.8,5422874.0,-8.667,41.803,4.254,2.146,4.299,0,交易,9.490579204466153,20.45945945945946,134880.58699166772,0.9366779448340765,0.900871630554124,1.0245833333333334
2011-08-09,002170.SZ,39.949,43.183,38.12,41.949,5269450.0,2.815,40.673,4.254,2.086,4.178,0,交易,10.040449976065103,19.151006711409398,138233.21091290662,0.9418752749924739,0.8827547877637033,0.969582111611719
2011-08-10,002170.SZ,42.8,43.31,42.247,42.545,4466587.0,1.42,42.872,4.254,1.768,3.541,0,交易,12.014967523298504,24.20814479638009,105725.5426420811,0.9898868621565458,0.9754560147771877,1.0076859795510635
2011-08-11,002170.SZ,41.268,43.268,40.63,43.183,3916812.9999999995,1.5,42.578,4.254,1.55,3.105,0,交易,13.90756843800322,26.62451612903226,96401.99360078758,0.9840528797263567,0.9390311546639549,0.9859898571197
2011-08-12,002170.SZ,43.183,44.927,43.183,43.693,4335397.0,1.182,44.129,4.254,1.716,3.437,0,交易,12.712540005819028,25.164918414918414,100395.91969061899,0.9822378525163041,0.9611814721659581,1.0099787151259927
2011-08-15,002170.SZ,44.246,44.884,43.395,44.714,3927741.0000000005,2.337,44.327,4.254,1.555,3.114,0,交易,14.359023763648041,28.454019292604503,90511.3722779122,0.98759023259959,0.9668255948667678,0.9913449926197612
2011-08-16,002170.SZ,44.842,45.012,43.608,43.778,3231808.0,-2.093,44.253,4.254,1.279,2.562,0,交易,17.08743169398907,35.06020328381548,74110.43845166024,0.9831378299120235,0.9688083177819248,1.0108501987299556
2011-08-17,002170.SZ,43.778,44.416,43.523,43.608,2272884.0,-0.389,43.942,4.254,0.9,1.802,0,交易,24.199778024417313,48.642222222222216,52222.59494979666,0.9893281700288186,0.9798946325648417,1.0076591451109889
2011-08-18,002170.SZ,43.736,43.736,42.459,42.587,2638228.0,-2.341,42.914,4.254,1.044,2.092,0,交易,20.357074569789674,41.892720306513404,62135.89580536517,0.981205414304006,0.9708020852387051,1.007678399511588
2011-08-19,002170.SZ,41.566,42.247,40.885,42.119,2187148.0,-1.099,41.644,4.254,0.866,1.734,0,交易,24.290080738177625,47.99769053117783,53495.12045982634,0.9857267971690297,0.9677610244514403,0.9887224293074384
2011-08-22,002170.SZ,41.779,43.225,41.779,42.587,2460006.0,1.111,42.576,4.254,0.974,1.95,0,交易,21.839487179487183,42.894250513347025,58881.39974628401,0.9849855407750144,0.966547137073453,0.9997417052152064
2011-08-23,002170.SZ,42.715,43.48,42.374,43.48,2242646.0,2.098,42.998,4.254,0.888,1.778,0,交易,24.45444319460067,48.10247747747748,52925.0483787228,0.9889144434222631,0.974563017479301,0.9889144434222631
2011-08-24,002170.SZ,44.034,44.842,43.31,43.395,3467883.0,-0.196,44.056,4.254,1.373,2.749,0,交易,15.785740269188796,32.07137654770575,80071.1844839529,0.9824717898398823,0.9658356005530531,1.015232169604793
2011-08-25,002170.SZ,43.268,44.587,43.225,44.246,3379147.0,1.961,44.069,4.254,1.337,2.679,0,交易,16.515864128406122,32.362004487658936,78175.75477154425,0.9883822638885774,0.9694529795680354,0.9959996383853907
2011-08-26,002170.SZ,44.161,45.267,43.821,44.884,4321344.0,1.442,44.686,4.254,1.71,3.426,0,交易,13.100992410974897,25.82514619883041,98613.54145272815,0.9871650429672829,0.9680561998807077,0.9955886284644863
2011-08-29,002170.SZ,44.246,45.31,44.161,44.502,3412842.0,-0.853,44.76,4.254,1.351,2.706,0,交易,16.445676274944567,32.75055514433753,77281.80974162722,0.9878613992496137,0.974641359523284,1.0057974922475392
2011-08-30,002170.SZ,44.799,45.225,43.268,43.31,3059608.0,-2.677,44.353,4.254,1.211,2.426,0,交易,17.852431986809563,36.993393889347644,70712.95183507442,0.980718629076838,0.9567274737423991,1.0240821981066728
2011-08-31,002170.SZ,43.395,43.991,42.502,42.97,1925698.0,-0.786,43.142,4.254,0.762,1.527,0,交易,28.14014407334643,56.9488188976378,45308.4090160463,0.9807005978495602,0.9661521674888046,1.0040027926460322
2011-09-01,002170.SZ,43.31,43.608,42.757,43.055,1376661.0,0.198,43.175,4.254,0.545,1.091,0,交易,39.46379468377635,79.46788990825688,32197.32441471572,0.9900706292423409,0.9804852320675106,1.0027871327371964
2011-09-02,002170.SZ,43.055,43.055,41.779,42.119,1814988.0,-2.174,42.159,4.254,0.718,1.439,0,交易,29.26963168867269,59.96518105849582,43442.59077526987,0.9791894088955987,0.9703634885611429,1.0009496901635841
2011-09-05,002170.SZ,41.694,41.906,40.928,40.928,1442396.0,-2.828,41.239,4.254,0.571,1.144,0,交易,35.77622377622378,73.01926444833626,35242.27912431587,0.9840834248079033,0.9766620531666109,1.0075987099296326
2011-09-06,002170.SZ,40.417,41.438,39.737,40.119,2135415.0,-1.975,40.453,4.254,0.845,1.693,0,交易,23.69698759598346,47.830769230769235,53738.706998515234,0.9762295477580964,0.9589507215599208,1.0083252324335104
2011-09-07,002170.SZ,40.205,42.587,40.205,42.459,3600125.0,5.832,41.78,4.254,1.425,2.854,0,交易,14.877014716187807,28.214035087719296,89544.21091903992,0.9810505553337873,0.944067438420175,0.9840081019336301
2011-09-08,002170.SZ,43.012,43.012,41.353,41.609,3299444.9999999995,-2.004,42.245,4.254,1.306,2.616,0,交易,15.905581039755353,32.93415007656968,79787.3189369574,0.9821677671347531,0.9614293685483122,1.0152851546540411
2011-09-09,002170.SZ,41.353,42.842,41.311,42.034,1990890.0000000002,1.022,42.067,4.254,0.788,1.578,0,交易,26.637515842839036,52.47842639593909,48192.73317034204,0.9819102749638206,0.9642640399607861,1.0007850787457773
2011-09-13,002170.SZ,41.779,41.906,39.822,41.311,1504554.0,-1.721,41.152,4.254,0.595,1.193,0,交易,34.627829002514666,70.21680672268909,37781.979810155186,0.9820073497828474,0.9502696511239441,0.9961511461838252
2011-09-14,002170.SZ,41.353,41.864,40.332,41.864,1694693.0,1.339,41.124,4.254,0.671,1.344,0,交易,31.14880952380952,61.62891207153502,42018.570861846674,0.9823237148862987,0.9634053124402829,0.9823237148862987
2011-09-15,002170.SZ,41.949,42.459,41.694,41.864,1760732.0,0.0,42.107,4.254,0.697,1.396,0,交易,29.988538681948423,60.18507890961263,42229.865208423274,0.9917096493087448,0.9819826185261076,1.0058045098413912
2011-09-16,002170.SZ,42.332,42.97,41.821,42.97,3059469.0,2.642,42.532,4.254,1.211,2.426,0,交易,17.712283594394062,34.956234516928156,73156.28511991583,0.9898068419827786,0.9732604142424948,0.9898068419827786
2011-09-19,002170.SZ,42.672,44.204,42.459,42.757,4945250.0,-0.495,43.302,4.254,1.957,3.921,0,交易,10.904616169344555,21.804803270311698,116471.18396570809,0.9795946068229119,0.9605239344855669,1.0127464508735413
2011-09-20,002170.SZ,42.502,43.31,41.098,43.31,3440864.0,1.294,42.393,4.254,1.362,2.728,0,交易,15.876099706744867,31.205580029368576,83723.3928658329,0.9788270607250057,0.9489263449549756,0.9788270607250057
2011-09-21,002170.SZ,43.14,44.204,42.842,43.991,4332967.0,1.572,43.757,4.254,1.715,3.435,0,交易,12.80669577874818,25.154518950437318,101138.29886559918,0.989887792959913,0.9691883087503393,0.9946807301493487
2011-09-22,002170.SZ,43.31,44.459,42.417,42.545,3791503.0,-3.288,43.441,4.254,1.501,3.006,0,交易,14.153359946773122,28.854097268487678,89386.40167857226,0.9771024989315998,0.9540700420612249,1.0210600540604067
2011-09-23,002170.SZ,41.651,42.119,41.098,41.651,2360381.0,-2.1,41.547,4.254,0.934,1.871,0,交易,22.261357562800644,44.59421841541756,57432.98943987542,0.9864194306607469,0.975759158574515,0.9975030611509926
2011-09-26,002170.SZ,41.353,41.864,40.63,40.63,1755090.0000000002,-2.451,41.328,4.254,0.695,1.391,0,交易,29.20920201294033,59.500719424460435,43196.8988432193,0.9871966367284541,0.970523600229314,1.0171794240708836
2011-09-27,002170.SZ,41.141,41.481,39.992,40.46,2004834.9999999998,-0.419,40.614,4.254,0.793,1.589,0,交易,25.462555066079297,51.880201765447666,50130.90118023605,0.9790988645403919,0.9641040476362671,1.0038062283737024
2011-09-28,002170.SZ,41.055,41.055,39.822,39.907,1493843.0,-1.367,40.365,4.254,0.591,1.184,0,交易,33.705236486486484,69.46700507614213,37513.00788508864,0.9831932773109244,0.9699671172816954,1.0114766832886462
2011-09-29,002170.SZ,39.779,39.907,36.716,37.397,2657231.0,-6.29,38.398,4.254,1.052,2.107,0,交易,17.74893213099193,37.81273764258555,72372.56237062861,0.9621870849725613,0.9200390908863108,1.0267668529561196
2011-09-30,002170.SZ,37.482,38.12,35.312,35.567,3973844.9999999995,-4.892,36.742,4.254,1.573,3.15,0,交易,11.291111111111112,23.8283534647171,112535.25713638423,0.9638509968520461,0.9263378803777544,1.03303624145978
2011-10-10,002170.SZ,35.61,36.248,35.61,35.95,1100088.0,1.077,35.956,4.254,0.435,0.872,0,交易,41.22706422018349,81.86206896551724,30892.67059814659,0.9919443831383802,0.98239902891194,1.0001668984700973
2011-10-11,002170.SZ,36.801,38.29,35.822,36.376,1852654.0,1.183,36.642,4.254,0.733,1.469,0,交易,24.76242341729067,50.20600272851296,51718.32951817319,0.9569600417863673,0.9355445285975451,1.0073125137453267
2011-10-12,002170.SZ,36.035,38.035,35.737,37.95,1872040.0000000002,4.327,37.332,4.254,0.741,1.484,0,交易,25.572776280323453,48.6302294197031,52383.80390071915,0.9815170237938742,0.9395819639805444,0.9837154150197628
2011-10-13,002170.SZ,37.907,38.716,37.482,38.248,2219130.0,0.785,38.243,4.254,0.878,1.759,0,交易,21.744172825469015,43.17425968109339,59205.218504882345,0.9877828288046286,0.9681268726108069,0.9998692742104164
2011-10-14,002170.SZ,38.248,38.248,37.397,37.907,1722216.0,-0.89,37.792,4.254,0.682,1.365,0,交易,27.770695970695968,56.082111436950136,46052.250180495765,0.9880778079899604,0.9777504706128425,0.9969662595299023
2011-10-17,002170.SZ,37.907,38.545,37.354,37.78,1922446.0,-0.337,37.967,4.254,0.761,1.524,0,交易,24.79002624671916,49.81208935611038,51465.59940033196,0.985004540147879,0.9691010507199377,1.0049497088406563
2011-10-18,002170.SZ,36.971,37.397,35.78,35.78,2516135.0,-5.293,36.427,4.254,0.996,1.995,0,交易,17.93483709273183,37.119477911646584,70322.38680827277,0.9740620905420221,0.9567612375324225,1.018082727780883
2011-10-19,002170.SZ,35.993,36.163,35.44,35.737,925554.9999999999,-0.119,35.83,4.254,0.366,0.734,0,交易,48.688010899182565,98.34153005464482,26116.111738148982,0.9907916931670493,0.9800071896689987,1.002602344908638
2011-10-20,002170.SZ,35.525,35.525,33.44,34.078,1937737.0,-4.643,34.078,4.254,0.767,1.536,0,交易,22.186197916666668,46.31681877444589,57946.680622009575,0.9592681210415201,0.9413089373680507,1.0
2011-10-21,002170.SZ,34.036,34.376,33.27,33.27,975870.9999999999,-2.372,33.66,4.254,0.386,0.774,0,交易,42.98449612403101,88.17616580310882,29331.860535016523,0.9791715150104724,0.9678263905050036,1.0117222723174029
2011-10-24,002170.SZ,33.44,34.248,32.759,33.993,1062261.0,2.174,33.537,4.254,0.42,0.842,0,交易,40.37173396674585,79.61904761904762,32426.539271650538,0.979239663629993,0.9565230086428406,0.9865854734798339
2011-10-25,002170.SZ,34.036,34.972,33.61,34.886,1743153.0,2.628,34.493,4.254,0.69,1.382,0,交易,25.243125904486256,49.32753623188406,51864.11782207676,0.9863033283769873,0.9610545579320598,0.9887347359972481
2011-10-26,002170.SZ,34.674,35.567,34.376,34.929,2191351.0,0.122,35.117,4.254,0.867,1.737,0,交易,20.10880829015544,39.99307958477509,63746.53828252269,0.9873478224196586,0.9665139033373632,1.0053823470468664
2011-10-27,002170.SZ,34.972,35.227,34.589,34.759,1596135.0,-0.487,34.854,4.254,0.632,1.265,0,交易,27.477470355731228,55.335443037974684,46145.7399751366,0.9894115309279814,0.9818888920430352,1.0027331050950832
2011-10-28,002170.SZ,35.142,36.078,35.014,35.737,2461283.0,2.815,35.637,4.254,0.974,1.951,0,交易,18.31727319323424,36.08008213552362,70294.25372708059,0.9877764842840512,0.9705083430345363,0.9972017796681311
2011-10-31,002170.SZ,35.737,36.12,35.567,35.993,1633785.0,0.714,35.834,4.254,0.647,1.295,0,交易,27.793822393822396,55.23493044822256,45935.417662439904,0.9920819490586934,0.9846899224806203,0.9955824743700165
2011-11-01,002170.SZ,35.61,36.035,35.354,35.61,1433718.0,-1.064,35.652,4.254,0.567,1.137,0,交易,31.319261213720317,62.80423280423281,40553.20472930928,0.9893714444290275,0.9811017066740669,1.0011794439764112
2011-11-02,002170.SZ,35.482,36.758,34.886,36.673,3117902.0,2.987,35.862,4.254,1.234,2.472,0,交易,14.835355987055017,28.753646677471636,89374.01823080891,0.9756243538821481,0.9490723107894881,0.9778856379352657
2011-11-03,002170.SZ,36.758,37.78,36.418,37.269,4399719.0,1.624,37.046,4.254,1.741,3.488,0,交易,10.684919724770642,21.11315336013785,120811.65906969081,0.9805717310746426,0.9639491794600317,0.9940164748182135
2011-11-04,002170.SZ,37.226,37.737,36.801,37.609,3460022.0,0.913,37.333,4.254,1.369,2.743,0,交易,13.71090047393365,27.19211102994887,94019.78207113937,0.989294326523041,0.9751967564989268,0.9926613310643728
2011-11-07,002170.SZ,37.567,38.035,37.056,37.184,2221237.0,-1.131,37.438,4.254,0.879,1.761,0,交易,21.115275411697898,42.738339021615474,59942.708333333336,0.984303930590246,0.9742605494938872,1.006830895008606
2011-11-08,002170.SZ,37.056,37.439,36.248,36.29,2034318.9999999998,-2.403,36.935,4.254,0.805,1.613,0,交易,22.49845009299442,46.032298136645956,56122.24122710218,0.9865381019792195,0.9681882528913699,1.017773491319923
2011-11-09,002170.SZ,36.376,36.844,36.035,36.631,1974603.0,0.938,36.443,4.254,0.782,1.565,0,交易,23.406389776357827,46.51662404092071,54796.80865824893,0.9891162740201932,0.9780425578113124,0.99486773497857
2011-11-10,002170.SZ,36.163,36.503,35.525,35.567,1988068.0,-2.904,35.843,4.254,0.787,1.576,0,交易,22.567893401015226,45.950444726810666,55962.50527797326,0.9819192943045778,0.9732076815604197,1.007760002249276
2011-11-11,002170.SZ,35.312,35.95,35.312,35.652,1356468.0,0.239,35.661,4.254,0.537,1.075,0,交易,33.1646511627907,65.75791433891992,38413.79700951518,0.9919610570236439,0.9822531293463141,1.0002524402558062
2011-11-14,002170.SZ,35.822,39.226,35.822,39.226,5431272.0,10.024,38.249,4.254,2.15,4.306,0,交易,9.109614491407338,16.66139534883721,151618.33510133438,0.9750930505277113,0.9132208229235712,0.9750930505277113
2011-11-15,002170.SZ,39.609,40.63,39.524,40.332,11596134.0,2.82,40.048,4.254,4.589,9.193,0,交易,4.387251169367998,8.631292220527348,293394.7474951928,0.9856756091557962,0.9727787349249323,0.9929584449072697
2011-11-16,002170.SZ,40.332,40.502,38.886,39.566,7189582.000000001,-1.899,39.562,4.254,2.845,5.7,0,交易,6.94140350877193,14.176449912126538,184888.70030345113,0.9767912695669348,0.960100735766135,0.99989890309862
2011-11-17,002170.SZ,39.651,40.077,39.141,39.566,4079608.0,0.0,39.644,4.254,1.615,3.234,0,交易,12.234384662956092,24.55170278637771,104228.50719194706,0.9891957980886793,0.9766449584549741,1.0019713895769093
2011-11-18,002170.SZ,39.311,39.311,38.205,38.673,4703124.0,-2.258,38.606,4.254,1.861,3.729,0,交易,10.37087691069992,21.12358946802794,123102.31645072636,0.9820660883722114,0.9718653811910152,0.9982675251467432
2011-11-21,002170.SZ,38.418,39.949,37.907,39.864,3445272.0,3.08,39.061,4.254,1.364,2.731,0,交易,14.596850970340535,28.165689149560116,90887.48779908725,0.977771658865053,0.9488848281558987,0.9798565121412804
2011-11-22,002170.SZ,39.566,40.247,39.141,39.992,3895683.9999999995,0.32,39.744,4.254,1.542,3.088,0,交易,12.950777202072537,25.658884565499353,99529.49592498914,0.9875021740750863,0.9725196909086391,0.9937987597519504
2011-11-23,002170.SZ,39.992,40.205,38.928,39.439,2324269.0,-1.383,39.606,4.254,0.92,1.843,0,交易,21.399348887683125,43.4695652173913,59706.869091656394,0.985101355552792,0.9682377813704763,1.0042343872816248
2011-11-24,002170.SZ,39.056,39.524,38.333,38.588,1854553.0,-2.157,38.828,4.254,0.734,1.47,0,交易,26.250340136054422,53.20980926430517,48380.06417447108,0.9823904463111022,0.96986641028236,1.0062195501192082
2011-11-25,002170.SZ,38.716,39.013,38.418,38.716,1346382.0,0.331,38.658,4.254,0.533,1.067,0,交易,36.28491096532334,72.63789868667918,35045.60362330158,0.9909004690744112,0.9847486735190835,0.9985019113544787
2011-11-28,002170.SZ,38.843,39.992,38.843,39.651,2650859.0,2.418,39.355,4.254,1.049,2.102,0,交易,18.863463368220746,37.02859866539562,68245.47537522847,0.9840718143628726,0.9712692538507703,0.9925348667120626
2011-11-29,002170.SZ,39.864,40.417,39.524,40.417,4018692.0,1.931,40.138,4.254,1.591,3.186,0,交易,12.685812931575644,25.055939660590823,101677.25938670174,0.9930969641487492,0.9779053368632011,0.9930969641487492
2011-11-30,002170.SZ,40.205,40.417,38.035,38.333,4034985.0,-5.158,38.834,4.254,1.597,3.199,0,交易,11.98280712722726,25.175328741390107,106086.10490337848,0.9608333127149468,0.9410644035925476,1.0130696788667728
2011-12-01,002170.SZ,39.481,40.205,38.716,39.566,3256726.0,3.219,39.489,4.254,1.289,2.582,0,交易,15.323780015491868,30.62916989914663,84118.34900299617,0.9821912697425693,0.9629648053724662,0.9980538846484354
2011-12-02,002170.SZ,39.524,39.524,38.077,38.29,2432666.0,-3.226,38.588,4.254,0.963,1.929,0,交易,19.84966303784344,41.042575285565945,63888.0689129921,0.9763181864183788,0.9633893330634551,1.007782710890572
2011-12-05,002170.SZ,38.29,38.418,36.376,36.418,2133568.0,-4.889,37.176,4.254,0.844,1.691,0,交易,21.536369012418685,45.367298578199055,58653.17791950737,0.9676714040293614,0.9468478317455359,1.0208138832445495
2011-12-06,002170.SZ,36.29,36.376,34.716,35.567,1747530.0,-2.336,35.532,4.254,0.692,1.385,0,交易,25.68014440433213,52.44219653179191,50337.88454891116,0.9767978887178359,0.9543655157246537,0.9990159417437511
2011-12-07,002170.SZ,35.652,36.035,35.354,35.482,757106.0,-0.239,35.564,4.254,0.3,0.6,0,交易,59.13666666666667,118.84,21415.00254568083,0.9869293742195089,0.9811017066740669,1.002311030945268
2011-12-08,002170.SZ,35.44,36.12,34.674,36.12,1266658.0,1.799,35.65,4.254,0.501,1.004,0,交易,35.97609561752988,70.7385229540918,36530.483936090444,0.9869878183831673,0.9599667774086379,0.9869878183831673
2011-12-09,002170.SZ,35.737,36.163,35.525,35.61,753310.0,-1.413,35.775,4.254,0.298,0.597,0,交易,59.64824120603015,119.92281879194633,21205.06685432794,0.9892708016480934,0.9823576583801124,1.0046335299073295
2011-12-12,002170.SZ,35.312,35.822,34.801,34.972,676332.0,-1.792,35.317,4.254,0.268,0.536,0,交易,65.24626865671641,131.76119402985074,19434.26913019741,0.9859025180056947,0.9714979621461671,1.0098650348850509
2011-12-13,002170.SZ,34.886,34.929,33.653,33.951,1131944.0,-2.92,34.041,4.254,0.448,0.897,0,交易,37.8494983277592,77.87053571428572,33635.75312750721,0.9745769990552262,0.963468750894672,1.0026508792082707
2011-12-14,002170.SZ,33.653,34.376,32.759,32.929,1303288.0,-3.008,33.639,4.254,0.516,1.033,0,交易,31.877057115198454,65.21899224806201,39784.12039439543,0.9785606236909473,0.9529613683965558,1.0215615414983754
2011-12-15,002170.SZ,32.802,32.929,30.717,32.164,1583009.0,-2.326,32.033,4.254,0.627,1.255,0,交易,25.628685258964147,52.31578947368421,51535.273626981805,0.9727899419964166,0.9328251693036532,0.995927123492103
2011-12-16,002170.SZ,32.164,33.738,32.164,33.738,1377267.0,4.894,33.034,4.254,0.545,1.092,0,交易,30.895604395604394,59.01651376146789,42820.140529784854,0.979133321477266,0.9533463750074102,0.979133321477266
2011-12-19,002170.SZ,33.483,34.419,33.1,34.291,1706561.0,1.639,33.742,4.254,0.675,1.353,0,交易,25.34441980783444,49.60444444444444,51557.73413897281,0.9803306313373428,0.9616781428861967,0.9839899682132338
2011-12-20,002170.SZ,33.61,34.589,33.61,33.951,941962.9999999999,-0.993,34.191,4.254,0.373,0.747,0,交易,45.44979919678715,90.10723860589812,28026.27194287414,0.9884934516753883,0.97169620399549,1.0070690112220553
2011-12-22,002170.SZ,33.185,33.355,31.057,32.759,1995332.0,-3.509,32.246,4.254,0.79,1.582,0,交易,20.70733249051833,42.00632911392405,64247.416041472134,0.966751611452556,0.9311047818917704,0.9843401813242163
2011-12-23,002170.SZ,31.908,33.653,31.908,33.1,948429.9999999999,1.039,33.223,4.254,0.375,0.752,0,交易,44.015957446808514,85.08800000000001,29723.893694371312,0.9872225358809021,0.9481472677027308,1.003716012084592
2011-12-26,002170.SZ,32.759,35.567,32.717,34.121,1913009.9999999998,3.085,34.435,4.254,0.757,1.517,0,交易,22.49241924851681,43.27476882430647,58471.436867683464,0.968172744397897,0.9198695419911715,1.0092025438879282
2011-12-27,002170.SZ,34.121,34.121,32.419,32.419,978093.0,-4.988,33.368,4.254,0.387,0.775,0,交易,41.83096774193548,88.16795865633075,30170.363058700146,0.9779314791477389,0.9501186952316754,1.0292729572164474
2011-12-28,002170.SZ,32.249,32.929,31.525,32.929,946994.0,1.575,32.072,4.254,0.375,0.751,0,交易,43.84687083888149,85.99733333333334,30039.460745440127,0.9739743083604118,0.9573628108961705,0.9739743083604118
2011-12-29,002170.SZ,32.419,33.142,32.121,32.164,719936.0,-2.326,32.748,4.254,0.285,0.571,0,交易,56.32924693520141,113.75087719298246,22413.249898820086,0.9881117615110734,0.969193168788848,1.0181569456535255
2011-12-30,002170.SZ,32.547,32.717,31.993,32.504,1533453.0,1.058,32.303,4.254,0.607,1.216,0,交易,26.730263157894736,53.61943986820428,47930.89113243522,0.9873460280588073,0.977870831677721,0.993816145705144
2012-01-04,002170.SZ,32.632,33.015,31.568,31.611,1206573.0,-2.749,32.318,4.254,0.478,0.957,0,交易,33.03134796238245,68.26778242677824,38221.39508362899,0.9788883840678478,0.9561714372255036,1.0223656322166335
2012-01-05,002170.SZ,31.483,32.334,29.781,30.504,1280629.0,-3.499,31.516,4.254,0.507,1.015,0,交易,30.053201970443354,62.09664694280079,43001.54460897888,0.9747015525453082,0.9210428650955649,1.0331759769210593
2012-01-06,002170.SZ,30.207,31.27,29.781,30.887,632152.0,1.255,30.426,4.254,0.25,0.501,0,交易,61.650698602794414,120.828,21226.688156878547,0.9730092740645986,0.9523824752158618,0.9850746268656716
2012-01-09,002170.SZ,30.887,32.249,30.462,32.164,836995.9999999999,4.132,31.722,4.254,0.331,0.664,0,交易,48.43975903614458,93.31419939577039,27476.725100124742,0.9836584080126515,0.9445874290675679,0.9862579281183932
2012-01-10,002170.SZ,31.993,34.631,31.951,34.419,2306876.0,7.011,33.682,4.254,0.913,1.829,0,交易,18.818480043739747,35.04162102957283,72200.43191136427,0.9725968063295891,0.9226126880540556,0.9785874081176096
2012-01-11,002170.SZ,34.333,34.546,33.44,33.993,1617725.0,-1.236,34.026,4.254,0.64,1.283,0,交易,26.494933749025723,53.645312499999996,48376.94377990431,0.9849476060904303,0.9679847160307995,1.000970788103433
2012-01-12,002170.SZ,33.61,34.419,33.61,33.823,922829.9999999999,-0.501,34.003,4.254,0.365,0.732,0,交易,46.20628415300546,92.08219178082192,27457.006843201427,0.9879136523431826,0.9764955402539296,1.005321822428525
2012-01-13,002170.SZ,33.61,34.248,32.759,33.057,1195545.0,-2.264,33.203,4.254,0.473,0.948,0,交易,34.870253164556964,71.05708245243129,36495.161634970544,0.9694872693295961,0.9565230086428406,1.0044166137278034
2012-01-16,002170.SZ,32.759,33.185,31.483,31.866,493039.99999999994,-3.604,32.587,4.254,0.195,0.391,0,交易,81.49872122762147,167.99487179487178,15660.51519867865,0.9819798101551906,0.9487117673647731,1.0226259963597566
2012-01-17,002170.SZ,31.908,33.695,31.908,33.653,1235020.0,5.607,33.248,4.254,0.489,0.979,0,交易,34.374872318692546,65.25153374233129,38705.65375454431,0.9867339367858732,0.9469654251372608,0.9879654117017799
2012-01-18,002170.SZ,33.738,33.951,32.674,32.887,1097945.0,-2.276,33.388,4.254,0.435,0.87,0,交易,37.801149425287356,77.55862068965517,33603.017689906344,0.9834172778415952,0.9623869694559807,1.0152339830328092
2012-01-19,002170.SZ,32.674,33.525,32.589,33.1,635534.0,0.647,33.031,4.254,0.252,0.504,0,交易,65.67460317460318,129.65873015873015,19501.488232225598,0.9852647278150634,0.9720805369127516,0.9979154078549848
2012-01-20,002170.SZ,33.057,34.121,32.972,33.78,1015585.0,2.057,33.713,4.254,0.402,0.805,0,交易,41.962732919254655,82.23134328358209,30801.4375834041,0.9880425544386154,0.9663257231616893,0.9980165778567199
2012-01-30,002170.SZ,34.121,34.376,33.525,33.568,1468507.0,-0.63,33.909,4.254,0.581,1.164,0,交易,28.83848797250859,58.72805507745267,43803.34079045489,0.9864149406562719,0.9752443565278102,1.010158484270734
2012-01-31,002170.SZ,33.44,33.738,32.887,33.142,805231.0,-1.267,33.168,4.254,0.319,0.638,0,交易,51.94670846394985,104.82758620689654,24484.78122054307,0.9831051040369909,0.974776216728911,1.0007845030474924
2012-02-01,002170.SZ,33.185,33.78,32.972,33.185,850153.0000000001,0.128,33.385,4.254,0.336,0.674,0,交易,49.23590504451039,98.76488095238095,25784.08953051074,0.9883066903493191,0.9760805210183541,1.00602681934609
2012-02-02,002170.SZ,33.653,33.865,32.972,33.78,1383793.0,1.795,33.49,4.254,0.548,1.097,0,交易,30.793072014585235,61.41058394160583,41968.731044522625,0.9889266204045475,0.9736305920566957,0.9914150384843102
2012-02-03,002170.SZ,33.78,34.376,33.397,34.291,2706565.0,1.511,34.107,4.254,1.071,2.146,0,交易,15.979030754892824,31.5406162464986,81042.15947540199,0.9921747730975099,0.9715208284849896,0.9946341605669127
2012-02-06,002170.SZ,34.206,34.461,33.78,34.036,2957211.0,-0.744,34.031,4.254,1.17,2.344,0,交易,14.52047781569966,29.23589743589744,87543.25044404973,0.9875221264617974,0.9802385305127537,0.9998530967211188
2012-02-07,002170.SZ,33.993,33.993,32.929,33.227,1766322.0,-2.375,33.288,4.254,0.699,1.4,0,交易,23.733571428571427,48.630901287553655,53640.31704576513,0.9792604359721118,0.9686994381196129,1.0018358563818581
2012-02-08,002170.SZ,33.355,34.121,32.887,33.951,1850816.0,2.177,33.641,4.254,0.733,1.467,0,交易,23.143149284253578,45.50477489768076,56278.04299571259,0.9859324169866064,0.9638345886697341,0.9908691938381785
2012-02-09,002170.SZ,34.036,34.589,33.865,34.121,2917157.0,0.501,34.309,4.254,1.155,2.313,0,交易,14.751837440553393,29.468398268398268,86140.76480141739,0.9919049408771574,0.9790684899823644,1.0055098033469123
2012-02-10,002170.SZ,33.865,35.652,33.865,35.184,4848765.0,3.117,34.931,4.254,1.919,3.844,0,交易,9.15296566077003,17.647212089630017,143179.24110438506,0.979776730618198,0.9498765847638282,0.9928092314688495
2012-02-13,002170.SZ,34.886,35.44,34.589,35.227,3684835.0,0.121,35.045,4.254,1.458,2.921,0,交易,12.059910989387197,23.92729766803841,106531.98993899795,0.9888544018058691,0.9759875846501129,0.9948335083884522
2012-02-14,002170.SZ,35.227,36.078,34.886,35.567,3515683.9999999995,0.966,35.592,4.254,1.391,2.787,0,交易,12.761750986724076,25.324946081955424,100776.35727799115,0.9865291867620155,0.9669604745274128,1.0007028987544633
2012-02-15,002170.SZ,35.269,35.95,35.099,35.652,3129676.0,0.239,35.559,4.254,1.239,2.481,0,交易,14.37001209189843,28.46569814366424,89167.09877774297,0.9891237830319888,0.9763282336578579,0.9973914506900032
2012-02-16,002170.SZ,35.652,36.333,35.227,35.61,2641480.0,-0.119,35.72,4.254,1.045,2.094,0,交易,17.00573065902579,34.116746411483255,74984.52891248191,0.9831282855806017,0.969559353755539,1.0030890199382196
2012-02-17,002170.SZ,35.61,35.908,35.014,35.482,2173700.0,-0.358,35.295,4.254,0.86,1.723,0,交易,20.593151479976783,41.406976744186046,62080.881932941105,0.9829285952990977,0.9751030411050463,0.9947297221126206
2012-02-20,002170.SZ,35.908,36.631,35.482,36.163,5267450.0,1.918,36.083,4.254,2.085,4.176,0,交易,8.659722222222221,17.222062350119906,148454.14576404938,0.9850399934481723,0.9686331249488138,0.9977877941542461
2012-02-21,002170.SZ,36.163,36.333,35.354,36.248,2023131.0000000002,0.235,35.886,4.254,0.801,1.604,0,交易,22.598503740648376,45.14731585518102,57224.95332918483,0.9876971348360996,0.9730547986678777,0.9900132421099097
2012-02-22,002170.SZ,36.163,36.631,35.78,36.546,3169421.0,0.822,36.341,4.254,1.254,2.513,0,交易,14.542777556705135,28.838118022328548,88580.7993292342,0.9920832082116241,0.9767683109934209,0.9943906309856072
2012-02-23,002170.SZ,36.461,36.673,36.035,36.461,2578831.0,-0.233,36.353,4.254,1.021,2.044,0,交易,17.838062622309195,35.71106758080314,71564.61773275983,0.9912742344504131,0.982603004935511,0.9970379309399084
2012-02-24,002170.SZ,36.461,36.631,36.035,36.631,3703239.0,0.467,36.33,4.254,1.466,2.936,0,交易,12.47649863760218,24.87107776261937,102767.83682530874,0.9917829161093062,0.9837296279107859,0.9917829161093062
2012-02-27,002170.SZ,36.588,37.184,36.333,36.588,4187450.0,-0.116,36.786,4.254,1.657,3.32,0,交易,11.020481927710843,22.08086904043452,115251.97478875953,0.9892964716006886,0.9771138123924269,1.0054116103640538
2012-02-28,002170.SZ,36.29,36.631,35.397,36.035,3140673.0,-1.512,35.814,4.254,1.243,2.49,0,交易,14.471887550200801,29.195494770716007,88727.0955165692,0.9776964865824028,0.9663126859763588,0.9938670736783684
2012-02-29,002170.SZ,35.865,36.035,35.525,35.695,1567844.0,-0.945,35.812,4.254,0.621,1.243,0,交易,28.716814159292035,57.753623188405804,44133.53976073188,0.9938115720826974,0.9858470931039268,1.0032777699957978
2012-03-01,002170.SZ,35.44,35.908,35.269,35.652,1626853.0,-0.119,35.649,4.254,0.644,1.29,0,交易,27.63720930232558,55.03105590062111,46126.995378377615,0.9927871226467639,0.982204522669043,0.9999158532480646
2012-03-02,002170.SZ,35.652,36.461,35.354,36.461,3228975.0,2.267,35.916,4.254,1.278,2.56,0,交易,14.242578125,27.896713615023476,91332.66391356,0.9850525218726859,0.9696387921340611,0.9850525218726859
2012-03-05,002170.SZ,36.461,36.801,35.95,35.993,3404372.0,-1.284,36.167,4.254,1.347,2.699,0,交易,13.33567988143757,27.06829992576095,94697.41307371348,0.9827722072769761,0.9768756283796636,1.0048342733309255
2012-03-06,002170.SZ,35.78,35.95,35.312,35.525,2058361.0,-1.3,35.573,4.254,0.815,1.632,0,交易,21.76776960784314,43.901840490797554,58290.69438151337,0.9895132127955493,0.9822531293463141,1.0013511611541168
2012-03-07,002170.SZ,35.95,38.843,35.44,36.929,11885960.0,3.952,37.195,4.254,4.704,9.423,0,交易,3.919027910431922,7.642431972789117,335382.61851015803,0.9575727930386426,0.9123909069845273,1.0072030111836225
2012-03-08,002170.SZ,36.588,37.609,36.546,37.269,6149215.0,0.922,37.209,4.254,2.434,4.875,0,交易,7.644923076923076,15.032046014790467,168259.59065287584,0.989364247919381,0.9717354888457549,0.9983900829107303
2012-03-09,002170.SZ,37.312,37.865,36.971,37.652,4867402.0,1.027,37.399,4.254,1.926,3.859,0,交易,9.75693184762892,19.372793354101766,131654.59414135406,0.9876931202957876,0.9763898058893435,0.9932805694252629
2012-03-12,002170.SZ,37.609,37.95,37.184,37.439,2848837.0,-0.565,37.456,4.254,1.128,2.259,0,交易,16.57326250553342,33.34131205673759,76614.59229776249,0.9869828722002635,0.9798155467720684,1.0004540719570503
2012-03-13,002170.SZ,37.524,37.992,37.312,37.95,3958099.0,1.364,37.713,4.254,1.567,3.138,0,交易,12.093690248565967,23.94639438417358,106081.12671526587,0.9926563487049906,0.9821014950515898,0.9937549407114624
2012-03-14,002170.SZ,37.907,38.801,35.057,36.163,7386760.000000001,-4.709,37.764,4.254,2.924,5.856,0,交易,6.175375683060109,12.9640902872777,210707.13409590098,0.9732738846936935,0.90350764155563,1.0442717694881511
2012-03-15,002170.SZ,36.163,36.503,34.631,35.312,3027798.0,-2.353,35.413,4.254,1.198,2.4,0,交易,14.713333333333333,30.186143572621035,87430.27922959198,0.9701394405939237,0.9487165438457114,1.0028602174898051
2012-03-16,002170.SZ,35.397,36.333,35.397,36.29,2076563.0,2.771,35.9,4.254,0.822,1.646,0,交易,22.04738760631835,43.06204379562044,58664.94335678165,0.9880824594721053,0.9742382957641813,0.9892532378065583
2012-03-19,002170.SZ,36.248,36.716,35.822,36.673,2397263.0,1.055,36.295,4.254,0.949,1.901,0,交易,19.291425565491846,38.19599578503688,66921.52866953268,0.9885336093256346,0.9756509423684497,0.9896926894445505
2012-03-20,002170.SZ,36.716,36.716,35.312,35.525,2672438.0,-3.132,35.747,4.254,1.058,2.119,0,交易,16.76498348277489,34.70321361058601,75680.73176257363,0.9736082361913062,0.9617605403638739,1.0062491203377903
2012-03-21,002170.SZ,35.737,35.908,35.142,35.44,1697346.0,-0.24,35.455,4.254,0.672,1.346,0,交易,26.3298662704309,53.180059523809526,48299.641454669625,0.9873844268686642,0.9786677063606997,1.000423250564334
2012-03-23,002170.SZ,35.184,35.95,34.801,34.844,1862589.0,-1.681,35.269,4.254,0.737,1.477,0,交易,23.59106296547055,47.73948439620081,53521.13445015947,0.9810570236439498,0.9680389429763561,1.0121972219033406
2012-03-26,002170.SZ,35.652,38.333,35.525,38.333,21162885.0,10.012,38.23,4.254,8.376,16.778,0,交易,2.2847180832041962,4.256446991404012,595718.0858550317,0.9973130201132183,0.9267471891059922,0.9973130201132183
2012-03-27,002170.SZ,38.333,38.886,37.737,38.418,21240636.0,0.222,38.291,4.254,8.407,16.839,0,交易,2.281489399608053,4.559652670393719,562859.6867795532,0.984698863344134,0.9704520907267397,0.9966942578999427
2012-03-28,002170.SZ,37.95,37.992,36.801,37.524,10919034.0,-2.326,37.268,4.254,4.322,8.657,0,交易,4.3345269723922835,8.780657103192967,296704.817803864,0.9809433564961045,0.9686512950094758,0.9931776996055858
2012-03-29,002170.SZ,37.014,37.014,34.248,34.248,9990927.0,-8.73,34.971,4.254,3.954,7.921,0,交易,4.323696502966797,9.361153262518968,291722.93272599863,0.9448046685038092,0.9252715188847461,1.0211107217939734
2012-03-30,002170.SZ,33.865,33.865,32.334,32.589,9238970.0,-4.845,32.957,4.254,3.657,7.325,0,交易,4.449010238907849,9.260322668854252,285735.44875363394,0.9731876568728776,0.9547910822382991,1.0112921537942252
2012-04-05,002170.SZ,32.759,33.908,32.589,33.865,6098955.0,3.916,33.251,4.254,2.414,4.835,0,交易,7.004136504653569,13.570422535211266,187147.65718493972,0.980624041524124,0.9611006252211867,0.9818691864757123
2012-04-06,002170.SZ,33.61,33.908,32.972,33.568,5639759.0,-0.879,33.483,4.254,2.232,4.471,0,交易,7.507940058152538,15.058243727598565,171046.91859759795,0.9874660846997757,0.9723958947740946,0.99746782650143
2012-04-09,002170.SZ,33.355,33.355,32.419,32.674,3483676.0,-2.662,32.877,4.254,1.379,2.762,0,交易,11.829833454018827,24.187817258883246,107457.84879237485,0.9856693149452858,0.9719382401439065,1.0062128909836567
2012-04-10,002170.SZ,32.419,33.1,31.568,33.057,4023049.0,1.172,32.267,4.254,1.592,3.189,0,交易,10.365945437441205,20.36369346733668,127440.73112012164,0.9748338368580061,0.9537160120845921,0.9761018846235291
2012-04-11,002170.SZ,32.461,33.1,32.291,33.1,2999635.0,0.129,32.769,4.254,1.187,2.378,0,交易,13.919259882253995,27.347093513058127,92893.84038896288,0.9899999999999999,0.9755589123867068,0.9899999999999999
2012-04-12,002170.SZ,33.185,34.163,33.142,34.078,5101810.0,2.956,33.709,4.254,2.019,4.045,0,交易,8.424721878862794,16.436354631005447,153937.90356647153,0.9867107689605715,0.9701138658782895,0.9891718997593756
2012-04-13,002170.SZ,34.248,35.908,33.865,34.801,7268371.000000001,2.122,35.072,4.254,2.877,5.762,0,交易,6.03974314474141,11.904066736183525,214627.8163295438,0.9767182800490142,0.9431046006460956,1.0077871325536623
2012-04-17,002170.SZ,34.121,34.121,32.972,33.227,5914407.0,-4.523,33.446,4.254,2.341,4.689,0,交易,7.086159095756024,14.575395130286202,179376.65291762707,0.9802174613874153,0.9663257231616893,1.0065910253709334
2012-04-18,002170.SZ,33.227,34.291,32.802,34.121,4487554.0,2.689,33.688,4.254,1.776,3.558,0,交易,9.589938167509837,18.708896396396394,136807.32882141334,0.9824152109883061,0.9565775276311569,0.9873098678233346
2012-04-19,002170.SZ,34.036,35.014,33.823,34.419,4917705.0,0.873,34.597,4.254,1.946,3.899,0,交易,8.827648114901256,17.490236382322713,145395.29314371877,0.9880904780944765,0.9659850345576054,1.0051715622185422
2012-04-20,002170.SZ,34.716,35.397,34.461,34.759,4198508.0,0.989,34.775,4.254,1.662,3.329,0,交易,10.441273655752477,20.88808664259928,121833.6090072836,0.9824278893691556,0.9735570811085685,1.0004603124370666
2012-04-23,002170.SZ,34.844,34.886,33.951,34.036,3539986.0,-2.081,34.258,4.254,1.401,2.806,0,交易,12.129722024233786,24.870806566738043,104267.50316632794,0.9819985094307172,0.9731984177033767,1.0065225055823246
2012-04-24,002170.SZ,34.036,34.674,32.972,33.78,3378186.0,-0.75,33.762,4.254,1.337,2.678,0,交易,12.613890963405527,25.456993268511596,102456.2052650734,0.9736978716040838,0.9509142296821826,0.9994671403197158
2012-04-25,002170.SZ,33.61,34.376,33.312,34.248,2607282.0,1.385,33.954,4.254,1.032,2.067,0,交易,16.568940493468794,32.56782945736434,78268.55187319886,0.987723993483826,0.969048173144054,0.9914155571128241
2012-04-26,002170.SZ,34.206,35.737,34.036,35.44,9431565.0,3.478,35.11,4.254,3.733,7.477,0,交易,4.739868931389594,9.163139566032681,277105.56469620403,0.9824551585191817,0.9524022721549095,0.9906884875846501
2012-04-27,002170.SZ,35.184,35.397,34.461,34.759,4921478.0,-1.921,34.869,4.254,1.948,3.902,0,交易,8.907995899538697,18.06160164271047,142812.97698847973,0.9850834816509874,0.9735570811085685,1.0031646480048333
2012-05-02,002170.SZ,35.227,35.78,34.716,35.567,4792092.0,2.326,35.276,4.254,1.897,3.799,0,交易,9.362200579099763,18.569847127042696,138036.98582786034,0.9859139183901622,0.9702627166014534,0.9918182584980461
2012-05-03,002170.SZ,35.695,36.29,35.354,36.248,5204419.0,1.914,35.952,4.254,2.06,4.126,0,交易,8.785264178380997,17.32766990291262,147208.7741132545,0.9906861394323505,0.9742077707357398,0.9918340322224675
2012-05-04,002170.SZ,36.078,36.376,35.652,35.95,3223627.0,-0.822,35.966,4.254,1.276,2.556,0,交易,14.06494522691706,28.2742946708464,90419.24716705935,0.9887288321970531,0.9800967670991864,1.0004450625869263
2012-05-07,002170.SZ,35.737,35.993,35.184,35.865,3050337.0,-0.237,35.569,4.254,1.207,2.418,0,交易,14.832506203473946,29.608119304059652,86696.70873124148,0.9882199316533771,0.9775234073292027,0.9917468283842186
2012-05-08,002170.SZ,35.865,35.865,35.354,35.567,2785823.0,-0.83,35.57,4.254,1.103,2.209,0,交易,16.10095065640561,32.51586582048957,78797.95779826894,0.9917747107207584,0.9857521260281611,1.0000843478505357
2012-05-09,002170.SZ,35.227,35.227,34.376,34.376,3239547.0,-3.349,34.72,4.254,1.277,2.568,0,交易,13.386292834890964,27.585747846515268,94238.62578543171,0.9856076305106879,0.9758423936185313,1.0100069816150803
2012-05-10,002170.SZ,34.333,34.801,34.333,34.801,1941729.0,1.238,34.557,4.254,0.752,1.476,0,交易,23.577913279132794,45.65558510638298,56555.762677307546,0.9929887072210569,0.9865521105715352,0.9929887072210569
2012-05-11,002170.SZ,34.929,35.482,34.716,34.801,2006586.0,0.0,35.116,4.254,0.777,1.525,0,交易,22.820327868852463,44.95366795366795,57800.03456619426,0.9896849106589256,0.9784115889746915,1.0090514640383896
2012-05-14,002170.SZ,34.886,35.269,33.865,34.206,2183922.0,-1.711,34.527,4.254,0.846,1.66,0,交易,20.606024096385546,41.23640661938535,64489.05950095969,0.9789616944058522,0.9601916697382972,1.0093843185406068
2012-05-15,002170.SZ,33.951,34.631,33.61,34.589,1960764.0,1.119,34.081,4.254,0.76,1.49,0,交易,23.214093959731542,44.67236842105263,58338.70871764356,0.9841182755334816,0.9705177442176085,0.9853132498771286
2012-05-16,002170.SZ,34.461,34.546,33.908,33.951,1391401.0,-1.845,34.251,4.254,0.539,1.057,0,交易,32.120151371807005,63.93506493506493,41034.59360622862,0.9914606611474556,0.9815318705494124,1.008836264027569
2012-05-17,002170.SZ,33.993,34.461,33.908,34.461,1560511.0,1.504,34.218,4.254,0.605,1.186,0,交易,29.056492411467115,56.186776859504135,46021.91223310133,0.992948550535388,0.9839528742636604,0.992948550535388
2012-05-18,002170.SZ,34.546,35.78,34.461,35.525,7743671.000000001,3.086,35.282,4.254,3.0,5.885,0,交易,6.036533559898046,11.515333333333333,224708.24990569052,0.9860816098378982,0.9631358300726662,0.9931597466572836
2012-05-21,002170.SZ,35.354,36.418,35.184,35.695,5098597.0,0.479,35.804,4.254,1.975,3.875,0,交易,9.211612903225806,17.900759493670886,144912.374943156,0.9831402053929377,0.9661156570926465,1.003053648970444
2012-05-28,002170.SZ,39.269,39.269,39.269,39.269,4253144.0,10.012,39.269,4.254,1.648,3.232,0,交易,12.150061881188117,23.828276699029125,108307.92737273677,1.0,1.0,1.0
2012-05-29,002170.SZ,41.183,41.183,38.12,38.545,20025536.0,-1.842,39.622,4.254,7.758,15.219,0,交易,2.532689401406137,5.308455787574117,525328.8562434418,0.9620960104897652,0.9256246509482067,1.0279413672331041
2012-05-30,002170.SZ,37.865,38.375,37.439,38.248,7892148.0,-0.773,37.842,4.254,3.058,5.998,0,交易,6.376792264088029,12.382275997383912,210800.18162878283,0.9861107491856678,0.9756091205211727,0.989385065885798
2012-05-31,002170.SZ,37.737,41.694,37.524,40.205,15955948.000000002,5.117,40.334,4.254,6.182,12.126,0,交易,3.3156028368794326,6.1043351666127466,425219.80599083257,0.9673813978030412,0.8999856094402072,1.0032085561497328
2012-06-01,002170.SZ,39.907,42.545,39.651,40.205,12443323.0,0.0,41.121,4.254,4.821,9.457,0,交易,4.251348207676853,8.277743206803567,313821.1646616731,0.9665295569397109,0.9319779057468563,1.022783235915931
2012-06-04,002170.SZ,39.141,41.609,38.545,38.801,9955712.0,-3.492,39.938,4.254,3.857,7.566,0,交易,5.128337298440392,10.148042520093336,258288.02698145024,0.9598404191400899,0.9263620851258141,1.029303368469885
2012-06-05,002170.SZ,38.673,39.226,37.439,37.609,7167805.0,-3.07,38.13,4.254,2.777,5.447,0,交易,6.904534606205251,13.92617933021246,191452.89671198482,0.9720593483913732,0.9544434813644012,1.0138530670850063
2012-06-06,002170.SZ,37.95,39.354,37.397,38.29,7457464.0,1.81,38.321,4.254,2.889,5.668,0,交易,6.75546930134086,13.136033229491176,199413.4288846699,0.9737510799410479,0.9502718910403009,1.0008096108644555
2012-06-07,002170.SZ,38.673,38.716,37.312,37.482,4835675.0,-2.111,37.99,4.254,1.873,3.675,0,交易,10.199183673469388,20.647624132407902,129601.06668096056,0.9812480628164066,0.963735923132555,1.0135531721893176
2012-06-08,002170.SZ,37.652,38.418,37.354,37.822,4031292.0,0.908,37.849,4.254,1.562,3.064,0,交易,12.343994778067886,24.104993597951346,107921.2935696311,0.9851892342131292,0.9723046488625123,1.000713870234255
2012-06-11,002170.SZ,38.375,40.97,37.609,39.949,11249763.0,5.624,39.61,4.254,4.358,8.55,0,交易,4.672397660818713,8.80564479118862,299124.22558430163,0.966804979253112,0.9179643641689041,0.9915141805802399
2012-06-13,002170.SZ,39.992,42.034,39.992,40.758,12974338.0,2.023,41.04,4.254,5.027,9.86,0,交易,4.133671399594321,7.955440620648497,324423.3346669334,0.976352476566589,0.951420278821906,1.006918887089651
2012-06-14,002170.SZ,40.205,40.758,39.481,39.651,6038374.0,-2.714,40.067,4.254,2.339,4.589,0,交易,8.6404445412944,17.1889696451475,152943.79574985435,0.9830462731242946,0.9686687276117572,1.0104915386749387
2012-06-15,002170.SZ,39.694,40.332,38.12,39.226,8871251.0,-1.073,39.046,4.254,3.437,6.742,0,交易,5.818154850192821,11.549025312772768,232719.07135362015,0.9681146484181294,0.9451552117425369,0.9954112068525978
2012-06-18,002170.SZ,39.226,40.162,39.141,39.694,6792010.000000001,1.193,39.585,4.254,2.631,5.162,0,交易,7.689655172413794,14.909160015203346,173526.73666998802,0.9856331855983268,0.9745779592649768,0.9972539930468081
2012-06-19,002170.SZ,39.481,39.524,38.63,39.226,4426732.0,-1.179,39.025,4.254,1.715,3.364,0,交易,11.660523186682521,23.020991253644315,114593.11415997929,0.9873747596397126,0.9773808318996053,0.9948758476520675
2012-06-20,002170.SZ,39.396,39.566,38.333,38.46,4053614.0,-1.952,38.774,4.254,1.57,3.081,0,交易,12.482960077896788,25.092993630573247,105747.3717162758,0.9799828135267654,0.9688368801496233,1.0081643265730629
2012-06-21,002170.SZ,38.46,39.013,37.694,38.205,3477682.0,-0.664,38.215,4.254,1.347,2.643,0,交易,14.455164585698071,28.552338530066816,92260.89032737305,0.9795452797785354,0.9661907569271783,1.0002617458447849
2012-06-25,002170.SZ,38.162,38.162,36.418,36.418,3379139.0,-4.677,37.238,4.254,1.309,2.568,0,交易,14.181464174454828,29.15355233002292,92787.60503047943,0.9757874325245008,0.954300089093863,1.0225163380745785
2012-06-26,002170.SZ,36.078,36.801,35.312,36.503,2718353.0,0.234,35.999,4.254,1.053,2.066,0,交易,17.668441432720233,34.26210826210826,76980.99796103308,0.9782071139371212,0.9595391429580716,0.9861929156507685
2012-06-27,002170.SZ,36.418,36.801,35.312,35.312,3298058.0,-3.263,35.916,4.254,1.278,2.507,0,交易,14.085360989230153,28.496087636932707,93397.65518803807,0.9759517404418356,0.9595391429580716,1.0171046669687358
2012-06-28,002170.SZ,35.312,35.78,34.886,34.886,2237199.0,-1.205,35.37,4.254,0.867,1.7,0,交易,20.521176470588237,40.72895040369089,64128.84824858109,0.9885410844046952,0.9750139742873114,1.0138737602476637
2012-06-29,002170.SZ,34.759,35.61,34.291,35.44,2313867.0,1.585,34.967,4.254,0.896,1.759,0,交易,20.14781125639568,38.793526785714285,67477.38473651979,0.9819432743611345,0.962959842740803,0.9866534988713318
2012-07-02,002170.SZ,35.567,36.461,35.482,36.163,2599386.0,2.041,36.076,4.254,1.006,1.973,0,交易,18.32894069944247,35.35487077534791,73259.28639873739,0.9894407723320809,0.9731493925015771,0.9975942261427427
2012-07-03,002170.SZ,36.078,36.886,36.035,36.758,3314825.0,1.647,36.426,4.254,1.283,2.516,0,交易,14.609697933227347,28.120031176929075,91989.03843485501,0.9875291438486147,0.9769289161199369,0.990967952554546
2012-07-04,002170.SZ,36.588,37.354,36.163,37.354,3108930.0,1.62,36.728,4.254,1.206,2.36,0,交易,15.827966101694916,30.338308457711445,85969.91400049775,0.9832414199282541,0.9681158644321892,0.9832414199282541
2012-07-05,002170.SZ,36.801,36.886,36.078,36.205,2185128.0,-3.075,36.467,4.254,0.848,1.664,0,交易,21.7578125,43.39740566037736,60566.77199401297,0.9886406766794988,0.9780946700645231,1.0072365695345946
2012-07-06,002170.SZ,36.503,37.014,35.78,36.801,1881636.0,1.645,36.495,4.254,0.73,1.433,0,交易,25.68108862526169,50.0041095890411,52589.0441587479,0.9859782784892202,0.9666612633057762,0.9916850085595499
2012-07-09,002170.SZ,36.418,36.971,36.163,36.205,2216969.0,-1.618,36.473,4.254,0.86,1.689,0,交易,21.435760805210183,42.34651162790698,61304.89727069104,0.986529982959617,0.9781450325931135,1.0074022925010357
2012-07-10,002170.SZ,35.908,36.205,34.801,35.61,1729947.0,-1.645,35.373,4.254,0.671,1.318,0,交易,27.01820940819423,53.51415797317436,49709.692250222695,0.9770197486535008,0.9612208258527829,0.9933445661331086
2012-07-11,002170.SZ,35.61,37.099,35.312,36.929,3174093.0,3.704,36.635,4.254,1.231,2.418,0,交易,15.272539288668321,28.927701056051987,89887.09220661531,0.9874929243375833,0.9518315857570285,0.992038777112838
2012-07-12,002170.SZ,37.907,38.545,37.609,38.205,7150289.999999999,3.456,38.116,4.254,2.773,5.447,0,交易,7.013952634477694,13.670032455824016,190121.77936132305,0.9888701517706576,0.975716694772344,0.9976704619814161
2012-07-13,002170.SZ,38.077,38.077,37.312,37.609,3470976.0,-1.559,37.721,4.254,1.346,2.644,0,交易,14.22428139183056,28.2890044576523,93025.72898799315,0.9906505239383354,0.979909131496704,1.0029780105825732
2012-07-16,002170.SZ,37.737,39.269,37.312,37.865,6690346.000000001,0.679,38.368,4.254,2.595,5.096,0,交易,7.430337519623234,14.542196531791907,179308.1582332762,0.977055692785658,0.9501642516998141,1.0132840353888815
2012-07-17,002170.SZ,37.78,39.481,37.482,39.481,10531907.0,4.27,38.926,4.254,4.085,8.023,0,交易,4.920977190577092,9.248470012239903,280985.72648204473,0.985942605303817,0.949368050454649,0.985942605303817
2012-07-18,002170.SZ,38.928,39.566,38.333,39.439,9217681.0,-0.108,38.858,4.254,3.575,7.021,0,交易,5.617290984190286,10.888951048951048,240463.33446377795,0.9821058484557447,0.9688368801496233,0.98526838915794
2012-07-19,002170.SZ,39.566,39.779,38.758,38.928,7766988.0,-1.294,39.151,4.254,3.013,5.916,0,交易,6.580121703853955,13.131762363093264,200397.02771040815,0.9842127755851077,0.9743331908796098,1.005728524455405
2012-07-20,002170.SZ,38.545,39.566,38.418,38.673,5223560.0,-0.656,39.041,4.254,2.026,3.979,0,交易,9.719276200050263,19.025172754195463,135966.47404862303,0.9867310316938784,0.9709851893039477,1.009515682776097
2012-07-23,002170.SZ,38.333,38.588,37.482,37.907,4174281.0,-1.98,37.89,4.254,1.619,3.18,0,交易,11.920440251572325,23.676961087090795,111367.61645589884,0.9819114750699699,0.9713382398673163,0.9995515340174639
2012-07-24,002170.SZ,37.524,38.205,37.354,37.439,3955785.0,-1.235,37.682,4.254,1.534,3.013,0,交易,12.425821440424826,24.46153846153846,105899.90362477914,0.9863106923177596,0.9777254286088208,1.0064905579743049
2012-07-25,002170.SZ,37.184,37.78,37.014,37.226,3826498.0000000005,-0.568,37.406,4.254,1.484,2.915,0,交易,12.7704974271012,25.056603773584904,103379.7482033825,0.990100582318687,0.9797247220751721,1.0048353301455972
2012-07-26,002170.SZ,37.184,37.652,36.844,37.056,2747406.0,-0.457,37.263,4.254,1.066,2.093,0,交易,17.704730052556137,34.88180112570356,74568.61361415699,0.9896685435036651,0.9785403165834484,1.005586139896373
2012-07-27,002170.SZ,37.226,37.354,35.822,35.822,4066514.0,-3.33,36.455,4.254,1.577,3.098,0,交易,11.562943834732087,23.60558021559924,113520.01563285131,0.975932965679713,0.958986989345184,1.0176707051532576
2012-07-30,002170.SZ,35.61,35.95,34.546,34.844,3050334.0,-2.732,35.11,4.254,1.183,2.324,0,交易,14.993115318416525,30.101437024513945,88297.74793029584,0.9766342141863699,0.9609457579972183,1.0076340259442085
2012-07-31,002170.SZ,34.844,35.61,34.376,35.099,2144876.0,0.733,35.078,4.254,0.832,1.634,0,交易,21.480416156670746,41.87980769230769,62394.57761228765,0.9850603762987926,0.9653468126930637,0.9994016923559077
2012-08-01,002170.SZ,35.057,36.035,34.844,35.993,2513337.0,2.545,35.557,4.254,0.975,1.915,0,交易,18.795300261096607,35.95589743589744,72131.12731029732,0.9867351186346609,0.9669487997779938,0.9878865334926236
2012-08-02,002170.SZ,35.737,36.078,35.099,35.184,1658909.9999999998,-2.246,35.497,4.254,0.643,1.264,0,交易,27.83544303797468,55.57853810264386,47263.73970768398,0.9838960031043849,0.9728643494650477,1.0088960891314234
2012-08-03,002170.SZ,35.227,36.29,35.227,36.248,2500545.0,3.023,35.904,4.254,0.97,1.905,0,交易,19.02782152230971,36.31649484536082,70983.76245493515,0.9893634610085424,0.9707081840727473,0.9905098212315164
2012-08-06,002170.SZ,35.95,37.397,35.865,37.269,3486244.9999999995,2.817,36.844,4.254,1.352,2.656,0,交易,14.032003012048191,26.590236686390533,97204.65635020213,0.9852127175976684,0.959034147124101,0.9885964206176716
2012-08-07,002170.SZ,37.269,37.439,36.801,37.269,2763431.0,0.0,37.114,4.254,1.072,2.105,0,交易,17.704988123515438,34.76585820895522,75091.19317409853,0.9913192125858061,0.9829589465530597,0.9958410475193861
2012-08-08,002170.SZ,37.269,38.29,37.056,37.652,3477387.9999999995,1.027,37.769,4.254,1.349,2.649,0,交易,14.213665534163836,27.627131208302444,93841.42918825561,0.9863933141812483,0.9677722642987725,1.0031074046531392
2012-08-09,002170.SZ,37.482,37.992,37.099,37.78,2995984.0,0.339,37.622,4.254,1.162,2.282,0,交易,16.555652936021033,32.25645438898451,80756.46243834066,0.9902611076016004,0.9764950515898083,0.9958178930651138
2012-08-10,002170.SZ,37.907,38.248,37.567,37.694,2883495.0,-0.225,37.818,4.254,1.118,2.196,0,交易,17.164845173041893,33.906082289803216,76756.06250166369,0.9887575820957959,0.9821951474586907,1.0032896482198757
2012-08-13,002170.SZ,37.694,37.822,36.588,36.588,2160376.0,-2.935,37.17,4.254,0.838,1.646,0,交易,22.22843256379101,44.98090692124106,59046.02601945993,0.9827613558246523,0.967373486330707,1.0159068547064611
2012-08-14,002170.SZ,36.631,37.524,35.908,37.439,2589193.0,2.326,36.685,4.254,1.004,1.972,0,交易,18.985294117647058,36.485059760956176,72106.29943188147,0.977640976441744,0.9569342287602601,0.9798605731990705
2012-08-15,002170.SZ,37.397,38.928,36.971,37.95,6236927.0,1.364,38.122,4.254,2.419,4.751,0,交易,7.9877920437802565,15.459694088466307,168697.81720808204,0.97929510891903,0.9497277024249897,1.0045322793148879
2012-08-16,002170.SZ,37.822,38.588,37.524,37.737,3608368.0,-0.561,38.091,4.254,1.4,2.749,0,交易,13.727537286285923,27.01571428571429,96161.60324059268,0.9871203482948067,0.9724266611381777,1.0093807138882265
2012-08-17,002170.SZ,37.737,38.375,37.567,38.29,3301293.0,1.466,37.954,4.254,1.281,2.515,0,交易,15.224652087475148,29.459016393442628,87877.47224958075,0.989029315960912,0.9789446254071661,0.9912248628884827
2012-08-20,002170.SZ,38.333,38.333,37.354,37.865,2821950.0,-1.111,37.837,4.254,1.095,2.15,0,交易,17.611627906976747,35.00730593607306,75546.12625153933,0.9870607570500615,0.9744606474838912,0.9992605308332233
2012-08-21,002170.SZ,37.865,38.63,37.822,38.035,3785875.0,0.449,38.21,4.254,1.468,2.884,0,交易,13.188280166435506,25.793596730245234,100097.16567077361,0.9891276210199327,0.9790836137716801,1.0046010253713686
2012-08-22,002170.SZ,38.077,38.162,37.354,37.397,2846414.0,-1.678,37.711,4.254,1.104,2.168,0,交易,17.24953874538745,34.490036231884055,76201.04941907158,0.9881819611131492,0.9788271054976154,1.0083963954327888
2012-08-23,002170.SZ,37.439,37.694,36.248,37.141,3579898.0000000005,-0.683,36.92,4.254,1.389,2.727,0,交易,13.619728639530619,26.95392368610511,98761.2557934231,0.979466228046904,0.9616384570488671,0.9940497024851244
2012-08-24,002170.SZ,36.971,37.95,36.503,36.503,2796555.0,-1.718,37.264,4.254,1.085,2.13,0,交易,17.13755868544601,34.07465437788018,76611.64835766923,0.9819235836627142,0.9618708827404479,1.0208476015669945
2012-08-27,002170.SZ,36.078,36.078,34.844,34.886,3129343.0,-4.429,35.17,4.254,1.214,2.384,0,交易,14.633389261744968,29.718286655683695,89810.0964298014,0.974832307777593,0.9657963301735129,1.0081408014676374
2012-08-28,002170.SZ,34.972,35.482,34.844,35.312,1705083.0000000002,1.22,35.164,4.254,0.661,1.299,0,交易,27.18398768283295,52.907715582450834,48934.766387326374,0.9910377092610339,0.9820190519136464,0.9958087902129589
2012-08-29,002170.SZ,35.312,35.525,34.886,35.057,1194945.0,-0.723,35.131,4.254,0.463,0.91,0,交易,38.52417582417583,76.26781857451402,34252.852146993064,0.9889092188599579,0.9820126671358199,1.0021108480474654
2012-08-30,002170.SZ,35.099,35.482,34.546,34.972,1532796.0,-0.243,35.032,4.254,0.595,1.168,0,交易,29.94178082191781,58.989915966386555,44369.70995194813,0.9873175131052364,0.9736204272588919,1.0017156582408784
2012-08-31,002170.SZ,34.972,35.227,33.78,34.801,3314465.0,-0.487,34.326,4.254,1.286,2.525,0,交易,13.782574257425743,27.194401244167963,98119.15334517465,0.974423027791183,0.9589235529565392,0.9863509669262377
2012-09-03,002170.SZ,34.631,35.227,34.078,35.184,1993543.9999999998,1.1,34.876,4.254,0.773,1.519,0,交易,23.162606978275182,44.80077619663648,58499.442455543154,0.9900360518920147,0.9673829732875353,0.9912460209185994
2012-09-04,002170.SZ,35.014,35.354,34.546,34.844,1704336.0,-0.967,34.905,4.254,0.661,1.298,0,交易,26.84437596302003,52.971255673222394,49335.2631274243,0.9872998812015614,0.9771454432313176,1.00175066008495
2012-09-05,002170.SZ,34.759,35.057,34.248,35.014,1130778.0,0.488,34.74,4.254,0.439,0.861,0,交易,40.66666666666667,79.17767653758543,33017.344078486334,0.9909575833642353,0.9769232963459508,0.9921745587479294
2012-09-06,002170.SZ,35.014,35.269,34.759,35.269,1597843.0,0.729,35.053,4.254,0.62,1.217,0,交易,28.980279375513554,56.4741935483871,45969.18783624385,0.9938756414981995,0.9855397090929712,0.9938756414981995
2012-09-07,002170.SZ,35.269,36.673,35.269,36.376,5805365.0,3.136,36.114,4.254,2.252,4.422,0,交易,8.226142017186794,15.661190053285969,164602.4837676146,0.9847571783055653,0.9617157036511874,0.9927974488673851
2012-09-10,002170.SZ,35.737,36.418,35.397,36.163,3708707.0,-0.585,35.925,4.254,1.439,2.825,0,交易,12.801061946902653,24.834607366226546,104774.61366782496,0.9864627382063814,0.9719644132022626,0.993418687608882
2012-09-11,002170.SZ,36.248,36.971,35.78,36.716,5219495.0,1.529,36.487,4.254,2.025,3.976,0,交易,9.23440643863179,17.900246913580247,145877.4455002795,0.9869086581374592,0.9677855616564336,0.9937629371391219
2012-09-12,002170.SZ,37.014,37.439,36.163,36.971,5628568.0,0.695,36.784,4.254,2.183,4.288,0,交易,8.621968283582088,16.955565735226756,155644.38791029507,0.9825048745960094,0.9659178931061192,0.9949419815531093
2012-09-13,002170.SZ,36.929,36.929,35.78,35.822,3202253.0,-3.107,36.313,4.254,1.242,2.439,0,交易,14.687166871668717,29.733494363929147,89498.4069312465,0.983319342522137,0.9688862411654797,1.0137066607112948
2012-09-14,002170.SZ,36.163,36.418,35.525,36.163,2179703.0,0.95,36.028,4.254,0.845,1.66,0,交易,21.784939759036142,42.796449704142006,61356.87543983111,0.9892910099401395,0.9754791586578065,0.9962669026352903
2012-09-17,002170.SZ,36.163,36.163,34.291,34.333,3456019.0,-5.059,35.008,4.254,1.341,2.633,0,交易,13.039498670717812,26.96718866517524,100785.01647662652,0.9680612781019275,0.9482343832093576,1.0196603850522823
2012-09-18,002170.SZ,34.036,34.674,34.036,34.546,1428452.0,0.62,34.407,4.254,0.554,1.088,0,交易,31.751838235294116,61.43682310469314,41968.856504877185,0.9922997058314587,0.9816000461440849,0.9959763793203265
2012-09-19,002170.SZ,34.589,34.801,34.163,34.419,1613188.0,-0.369,34.447,4.254,0.626,1.229,0,交易,28.00569568755085,55.25399361022364,47220.326083774846,0.9898278785092383,0.9816671934714518,1.000813504169209
2012-09-20,002170.SZ,34.504,34.589,33.185,33.61,2413208.0,-2.349,33.781,4.254,0.936,1.838,0,交易,18.286180631120782,36.86324786324786,72719.843302697,0.9766399722455116,0.9594090606840326,1.0050877714965785
2012-09-21,002170.SZ,33.61,33.908,33.185,33.61,1460730.0,0.0,33.628,4.254,0.567,1.113,0,交易,30.197663971248875,59.276895943562614,44017.77911707096,0.9917423616845582,0.9786775982069128,1.0005355548943766
2012-09-24,002170.SZ,33.397,33.78,32.334,33.61,1622229.0,0.0,32.988,4.254,0.629,1.236,0,交易,27.192556634304207,53.09538950715421,50170.99647429949,0.9765541740674956,0.9571936056838366,0.9814936030943172
2012-09-25,002170.SZ,33.568,33.823,33.1,33.185,1027852.0,-1.266,33.446,4.254,0.399,0.783,0,交易,42.381864623243935,84.13032581453633,31052.930513595165,0.9888537385802559,0.9786240132454247,1.0078649992466475
2012-09-26,002170.SZ,32.972,33.312,32.461,33.142,1468248.0,-0.128,32.851,4.254,0.57,1.118,0,交易,29.644007155635062,57.84561403508773,45231.138905147716,0.9861611431316043,0.9744536503362152,0.9912196005069095
2012-09-27,002170.SZ,33.185,35.099,32.844,34.078,1807233.0000000002,2.824,33.753,4.254,0.701,1.377,0,交易,24.74800290486565,47.339514978602004,55024.75337961272,0.9616513290976952,0.9357531553605517,0.9904630553436233
2012-09-28,002170.SZ,33.865,34.631,33.695,34.291,1556471.0,0.624,34.147,4.254,0.604,1.186,0,交易,28.913153456998312,56.06788079470199,46192.936637483304,0.9860240824694637,0.9729721925442523,0.9958006474001925
2012-10-08,002170.SZ,34.461,34.461,33.695,34.036,1177229.0,-0.744,33.972,4.254,0.457,0.897,0,交易,37.944258639910814,75.4070021881838,34937.79492506306,0.9858100461391138,0.9777719741156671,0.9981196380303209
2012-10-09,002170.SZ,34.036,34.886,34.036,34.631,3274160.0,1.75,34.48,4.254,1.27,2.494,0,交易,13.885725741780272,26.8,96196.96791632389,0.9883620936765463,0.9756349251848879,0.9956397447373739
2012-10-10,002170.SZ,34.461,34.716,34.163,34.546,1776438.0,-0.246,34.499,4.254,0.689,1.353,0,交易,25.532889874353287,50.015965166908565,51998.88768550772,0.993749279870953,0.9840707454775894,0.9986394951658659
2012-10-11,002170.SZ,34.504,34.504,33.695,33.738,1961596.0,-2.34,34.04,4.254,0.761,1.494,0,交易,22.582329317269075,45.34034165571616,58216.23386259089,0.9865522837931835,0.9765534430790633,1.0089513308435591
2012-10-12,002170.SZ,33.865,34.078,33.185,33.525,1611465.0,-0.631,33.547,4.254,0.625,1.228,0,交易,27.300488599348533,54.184000000000005,48560.04218773542,0.9844180996537354,0.9737954105287869,1.0006562266964951
2012-10-15,002170.SZ,33.61,34.078,33.525,33.908,1504405.0,1.142,33.794,4.254,0.584,1.146,0,交易,29.588132635253057,57.551369863013704,44874.12378821775,0.9916661775925816,0.9837725218616115,0.9966379615429986
2012-10-16,002170.SZ,33.78,34.248,33.695,33.738,1119141.0,-0.502,33.943,4.254,0.434,0.852,0,交易,39.598591549295776,77.83410138248848,33213.85962308948,0.9910943704741882,0.9838530717122168,1.006076234513012
2012-10-17,002170.SZ,33.865,34.036,33.44,33.823,1140980.0,0.252,33.846,4.254,0.443,0.869,0,交易,38.92174913693901,76.44469525959369,34120.21531100479,0.9944176754025148,0.9824891291573626,1.0006800106436446
2012-10-18,002170.SZ,33.823,34.376,33.823,34.248,1984350.9999999998,1.258,34.124,4.254,0.77,1.512,0,交易,22.65079365079365,43.92597402597403,58668.68698814415,0.9926693041656971,0.9839131952525019,0.9963793506190144
2012-10-19,002170.SZ,34.291,34.546,34.121,34.206,1576358.0,-0.124,34.281,4.254,0.611,1.201,0,交易,28.481265611990008,56.122749590834694,46199.05629963952,0.9923290684883923,0.9876975626700631,1.0021925977898614
2012-10-22,002170.SZ,34.078,34.546,34.078,34.504,1525132.0,0.871,34.394,4.254,0.592,1.162,0,交易,29.693631669535286,57.5641891891892,44754.15223898116,0.9956000694725873,0.9864528454813872,0.9968119638302806
2012-10-23,002170.SZ,34.631,34.631,33.823,33.908,1537188.0,-1.726,34.229,4.254,0.596,1.171,0,交易,28.956447480785652,58.10570469798658,45448.008751441324,0.9883919032081083,0.9766683029655511,1.0094667924973457
2012-10-24,002170.SZ,33.951,34.248,33.865,33.951,1203203.0,0.125,34.017,4.254,0.467,0.917,0,交易,37.023991275899675,72.70021413276231,35529.396131699395,0.9932550805886476,0.9888168652184071,1.0019439780860653
2012-10-25,002170.SZ,33.908,34.036,33.355,33.355,1250911.0,-1.754,33.624,4.254,0.485,0.953,0,交易,35.0,69.91340206185568,37502.95308049768,0.9878951698201904,0.9799917734163826,1.0080647579073603
2012-10-26,002170.SZ,33.397,33.695,32.759,32.929,1222333.0,-1.276,33.055,4.254,0.474,0.931,0,交易,35.369495166487646,70.457805907173,37312.891113892365,0.9810060839887224,0.9722213978335065,1.003826414406754
2012-10-29,002170.SZ,32.929,33.227,32.249,32.291,974409.0,-1.938,32.676,4.254,0.378,0.742,0,交易,43.5188679245283,87.11375661375662,30215.169462618993,0.983417100550757,0.9705661058777502,1.0119228267938436
2012-10-30,002170.SZ,32.376,32.972,32.334,32.547,995377.0,0.791,32.542,4.254,0.386,0.758,0,交易,42.93799472295514,83.87564766839377,30784.22094389806,0.9869586315661774,0.9806502486958633,0.9998463760100779
2012-10-31,002170.SZ,32.759,32.887,32.547,32.674,574031.0,0.392,32.661,4.254,0.223,0.437,0,交易,74.76887871853546,146.90134529147983,17636.986511813688,0.9931279837017667,0.9896615684008878,0.9996021301340516
2012-11-01,002170.SZ,32.632,33.227,32.632,33.185,1017133.0,1.562,33.077,4.254,0.395,0.775,0,交易,42.81935483870968,82.61265822784809,31169.802647707773,0.9954855990610046,0.9820928762753183,0.9967455175531112
2012-11-02,002170.SZ,33.27,33.27,32.929,33.185,939486.0,0.0,33.101,4.254,0.364,0.716,0,交易,46.347765363128495,91.40109890109892,28530.65686780649,0.9949203486624586,0.9897505259993988,0.997468735874642
2012-11-05,002170.SZ,33.185,33.227,32.547,32.717,1354669.0,-1.41,32.827,4.254,0.525,1.032,0,交易,31.702519379844958,63.20952380952381,41621.9313608013,0.9879615974960123,0.9795347157432209,1.0033621664578047
2012-11-06,002170.SZ,32.547,32.887,32.121,32.206,1411027.0,-1.56,32.349,4.254,0.547,1.075,0,交易,29.959069767441864,59.500914076782436,43928.48915040005,0.9836409523519931,0.9767081217502357,1.0044401664286156
2012-11-07,002170.SZ,32.164,32.504,31.866,32.121,1426338.0,-0.264,32.171,4.254,0.553,1.086,0,交易,29.57734806629834,58.1627486437613,44760.497081528905,0.989755107063746,0.9803716465665765,1.0015566140531116
2012-11-08,002170.SZ,31.993,31.993,30.887,31.057,1405222.0,-3.311,31.42,4.254,0.545,1.07,0,交易,29.02523364485981,58.70275229357797,45495.580665004694,0.982089832150783,0.9654299377988935,1.0116881862382072
2012-11-09,002170.SZ,30.972,31.738,30.972,31.228,1615397.0,0.548,31.467,4.254,0.627,1.231,0,交易,25.36799350121852,49.397129186602875,52156.68991347023,0.9914613397189489,0.975864893818136,1.0076533879851415
2012-11-12,002170.SZ,31.866,33.27,31.696,32.802,2764530.0,5.041,32.494,4.254,1.072,2.106,0,交易,15.575498575498576,29.725746268656714,87220.15396264513,0.9766756837992184,0.9526901112113014,0.9906103286384976
2012-11-13,002170.SZ,32.674,33.61,31.696,31.866,2613161.0,-2.853,32.427,4.254,1.014,1.991,0,交易,16.005022601707683,32.222879684418146,82444.50403836445,0.9648021422195775,0.9430526628979471,1.017604970815289
2012-11-14,002170.SZ,31.738,32.334,30.887,32.206,1545753.0,1.068,31.648,4.254,0.6,1.177,0,交易,27.362786745964318,52.89666666666667,50045.423641014015,0.9787839425991216,0.9552483453949402,0.9826740358939327
2012-11-15,002170.SZ,32.121,32.121,31.057,31.398,934042.0,-2.51,31.525,4.254,0.362,0.711,0,交易,44.16033755274262,88.73204419889504,30075.087741893938,0.9814451604869088,0.9668752529497835,1.0040448436206126
2012-11-16,002170.SZ,31.057,31.568,31.057,31.27,872520.0000000001,-0.407,31.267,4.254,0.338,0.665,0,交易,47.02255639097744,91.88461538461537,28094.14946710887,0.9904650278763304,0.9838127217435376,0.9999040614007035
2012-11-19,002170.SZ,31.399,31.399,30.668,31.055,1311305.0,-0.688,30.921,4.301,0.509,0.999,0,交易,31.086086086086087,61.68762278978389,42758.08660493022,0.9847765852415682,0.9767190037899296,0.9956850748671712
2012-11-20,002170.SZ,31.356,31.399,30.883,30.883,696907.0,-0.554,31.077,4.301,0.27,0.531,0,交易,58.16007532956685,116.13333333333333,22566.039568694752,0.9897448963342782,0.9835663556164208,1.006281773143801
2012-11-21,002170.SZ,30.926,31.227,30.496,31.184,607701.0,0.975,30.936,4.301,0.236,0.463,0,交易,67.35205183585313,131.04237288135593,19927.236358866736,0.9906811413200115,0.9765907708073142,0.9920472036942021
2012-11-22,002170.SZ,31.098,31.184,30.797,30.797,535395.0,-1.241,30.953,4.301,0.208,0.408,0,交易,75.4828431372549,149.5096153846154,17384.64785531058,0.9925923550538738,0.9875897896357106,1.0050654284508231
2012-11-23,002170.SZ,31.098,32.561,31.012,32.044,2355382.0,4.05,31.772,4.301,0.914,1.794,0,交易,17.861761426978816,34.02407002188183,75950.66425899652,0.975768557476736,0.9524277509904487,0.9915116714517539
2012-11-26,002170.SZ,31.829,31.872,31.399,31.485,1122737.0,-1.745,31.577,4.301,0.435,0.855,0,交易,36.824561403508774,73.17011494252874,35757.094174973725,0.9907442269076305,0.9851593875502008,1.0029220263617595
2012-11-27,002170.SZ,31.227,31.356,30.496,30.668,1034581.0,-2.596,30.844,4.301,0.401,0.788,0,交易,38.91878172588832,77.87281795511221,33925.137722980064,0.9836713866564613,0.9725730322745247,1.005738880918221
2012-11-28,002170.SZ,30.367,30.625,28.646,29.034,1754306.0000000002,-5.33,29.484,4.301,0.68,1.336,0,交易,21.73203592814371,44.65735294117647,61240.871325839566,0.9627428571428572,0.9353795918367347,1.0154990700557966
2012-11-29,002170.SZ,29.034,29.636,28.474,28.517,738960.0,-1.778,29.037,4.301,0.287,0.563,0,交易,50.651865008880996,101.1637630662021,25952.09664957505,0.9797880955594547,0.9607909299500608,1.018234737174317
2012-11-30,002170.SZ,28.517,29.034,28.13,28.862,817307.0,1.207,28.704,4.301,0.317,0.623,0,交易,46.32744783306581,89.9589905362776,29054.639175257733,0.9886340152924159,0.9688640903767997,0.994525673896473
2012-12-03,002170.SZ,29.206,29.249,28.044,28.087,882800.0,-2.683,28.445,4.301,0.342,0.672,0,交易,41.79613095238095,85.39766081871345,31479.10426472686,0.9725118807480598,0.9588020103251393,1.012746110300139
2012-12-04,002170.SZ,28.388,28.517,27.184,28.302,879112.0000000001,0.766,27.78,4.301,0.341,0.67,0,交易,42.241791044776114,83.24926686217009,32339.317245438495,0.9741557667356314,0.9532559525896834,0.981556073775705
2012-12-05,002170.SZ,28.302,29.292,28.087,29.077,1500785.0,2.736,28.961,4.301,0.582,1.143,0,交易,25.439195100612423,48.628865979381445,53433.438957524835,0.9886999863443943,0.958862488051345,0.9960105925645698
2012-12-06,002170.SZ,29.12,29.378,28.646,28.862,845785.0,-0.74,28.867,4.301,0.328,0.644,0,交易,44.8167701863354,88.78048780487805,29525.413670320464,0.9826060317244196,0.9750833957383076,1.0001732381678332
2012-12-07,002170.SZ,29.034,30.238,28.388,30.066,2255232.0,4.173,29.599,4.301,0.875,1.718,0,交易,17.50058207217695,33.181714285714285,79443.14499084119,0.9788676499768504,0.938818704940803,0.9844675048227234
2012-12-10,002170.SZ,30.066,30.84,29.851,30.625,3054187.0,1.86,30.427,4.301,1.185,2.326,0,交易,13.166380051590714,25.372151898734174,102314.39482764396,0.9866083009079117,0.9679312581063554,0.993534693877551
2012-12-11,002170.SZ,30.625,31.399,30.066,30.41,2891572.0,-0.702,30.831,4.301,1.122,2.203,0,交易,13.803903767589652,27.29500891265597,96174.15020288699,0.9819102519188508,0.957546418675754,1.0138441302203223
2012-12-12,002170.SZ,30.195,31.012,30.195,30.84,2326107.0,1.414,30.63,4.301,0.902,1.772,0,交易,17.404063205417607,33.47560975609756,77036.1649279682,0.9876821875403069,0.9736553592157874,0.9931906614785992
2012-12-13,002170.SZ,30.539,31.915,30.453,31.012,5588109.0,0.558,31.257,4.301,2.168,4.257,0,交易,7.284942447733146,14.086254612546124,183499.45818145995,0.979382735390882,0.9541908193639355,1.0079001676770283
2012-12-14,002170.SZ,31.012,32.044,30.668,31.915,4599883.0,2.913,31.595,4.301,1.784,3.504,0,交易,9.108162100456621,17.383408071748878,149989.66349289162,0.9859880164773437,0.9570590438147548,0.9899733667554441
2012-12-17,002170.SZ,32.044,32.13,31.528,31.829,3133631.0,-0.27,31.85,4.301,1.215,2.387,0,交易,13.334310850439882,26.373662551440326,99392.00076122812,0.9912854030501089,0.9812636165577341,1.00065977567627
2012-12-18,002170.SZ,31.829,32.346,31.399,31.571,3210449.0,-0.811,31.787,4.301,1.245,2.446,0,交易,12.907195421095667,25.565461847389557,102246.85499538202,0.9827181104309652,0.9707228096209733,1.0068417218333279
2012-12-19,002170.SZ,31.485,31.657,31.055,31.571,1691784.9999999998,0.0,31.399,4.301,0.656,1.289,0,交易,24.49262994569434,47.99542682926829,54477.056834648196,0.9918501437280854,0.980983668698866,0.9945519622438314
2012-12-20,002170.SZ,31.528,32.905,31.399,32.776,4939634.0,3.815,32.158,4.301,1.916,3.763,0,交易,8.710071751262292,16.455114822546975,157318.19484696965,0.9772982829357241,0.954231879653548,0.9811447400536978
2012-12-21,002170.SZ,33.163,33.335,32.044,32.303,4809716.0,-1.444,32.438,4.301,1.866,3.664,0,交易,8.81632096069869,17.772240085744905,150097.24129322183,0.9730913454327285,0.9612719364031798,1.0041791784044827
2012-12-24,002170.SZ,31.872,32.346,31.7,31.829,2450505.0,-1.465,31.952,4.301,0.951,1.867,0,交易,17.04820567755758,33.51419558359622,77302.99684542586,0.9878192048475857,0.9800284424658382,1.0038644003895818
2012-12-25,002170.SZ,31.829,32.475,31.7,32.26,4117942.0,1.351,32.189,4.301,1.597,3.137,0,交易,10.283710551482308,19.93049467752035,129903.53312302839,0.9911932255581216,0.9761354888375673,0.9977991320520769
2012-12-26,002170.SZ,32.475,33.077,32.044,32.776,3576275.0,1.6,32.532,4.301,1.387,2.724,0,交易,12.03230543318649,23.41384282624369,111605.1366870553,0.983523294131874,0.9687698400701393,0.9925555284354404
2012-12-27,002170.SZ,32.561,32.819,31.915,31.958,3578546.0,-2.493,32.267,4.301,1.388,2.726,0,交易,11.72340425531915,23.458933717579253,112127.40090866364,0.9831804747250069,0.9724549803467503,1.009668940484386
2012-12-28,002170.SZ,31.829,32.087,31.614,32.087,2449928.0,0.404,31.851,4.301,0.95,1.866,0,交易,17.19560557341908,33.504210526315795,77495.03384576453,0.9926449964159939,0.9852588275625642,0.9926449964159939
2012-12-31,002170.SZ,32.216,32.346,31.958,32.346,1944502.0,0.804,32.168,4.301,0.754,1.48,0,交易,21.855405405405403,42.726790450928384,60845.54728080606,0.9944970011747976,0.9880046991900081,0.9944970011747976
2013-01-04,002170.SZ,32.475,32.647,31.399,32.26,2164579.0,-0.266,32.209,4.301,0.839,1.647,0,交易,19.587128111718275,38.70679380214541,68937.83241504506,0.9865837596103778,0.9617729040953228,0.9984190948543089
2013-01-07,002170.SZ,32.432,32.518,32.001,32.518,2005807.0,0.8,32.346,4.301,0.778,1.526,0,交易,21.309305373525557,41.68637532133676,62679.51001531203,0.9947106218094592,0.9841011132295958,0.9947106218094592
2013-01-08,002170.SZ,32.518,33.249,32.303,32.862,3880667.0,1.058,32.893,4.301,1.504,2.953,0,交易,11.128344056891299,21.62101063829787,120133.33126954154,0.9892929110649944,0.9715480164816985,1.0009433388107845
2013-01-09,002170.SZ,32.948,34.324,32.69,33.593,6864369.0,2.225,33.638,4.301,2.661,5.223,0,交易,6.431744208309402,12.381811349116873,209983.75650045887,0.9800139843841044,0.9523948257778814,1.0013395647902836
2013-01-10,002170.SZ,33.421,33.937,33.335,33.421,2782578.0,-0.512,33.553,4.301,1.079,2.117,0,交易,15.78696268304204,30.974050046339205,83473.16634168291,0.988684916168194,0.9822612487845126,1.0039496125190748
2013-01-11,002170.SZ,33.421,33.98,32.776,33.077,3776604.0,-1.03,33.429,4.301,1.464,2.874,0,交易,11.509046624913012,22.828551912568305,115224.67659262875,0.9837845791642144,0.964567392583873,1.0106418357166613
2013-01-14,002170.SZ,33.034,34.453,32.948,34.281,6074522.0,3.641,34.024,4.301,2.355,4.622,0,交易,7.416919082648204,14.027176220806794,184366.9418477601,0.9875482541433256,0.9563173018314804,0.9925031358478458
2013-01-15,002170.SZ,34.281,35.098,33.894,34.754,5293390.0,1.38,34.344,4.301,2.052,4.028,0,交易,8.628103277060577,16.70614035087719,156174.83920457898,0.9785172944327313,0.9656960510570403,0.9882027968003684
2013-01-16,002170.SZ,34.625,34.625,33.894,34.367,3309535.0,-1.114,34.326,4.301,1.283,2.518,0,交易,13.648530579825259,26.987529228371006,97643.68324777247,0.9913646209386282,0.9788880866425992,0.998806995082492
2013-01-17,002170.SZ,34.066,34.625,34.023,34.152,2324977.0,-0.626,34.323,4.301,0.901,1.769,0,交易,19.305822498586775,37.80910099889012,68335.4495488346,0.9912779783393502,0.9826137184115524,1.0050070274068867
2013-01-18,002170.SZ,34.41,34.797,34.195,34.711,2601352.0,1.637,34.572,4.301,1.008,1.979,0,交易,17.53966649823143,34.13690476190476,76074.0459131452,0.9935339253383914,0.9826996580164957,0.9959955057474577
2013-01-21,002170.SZ,34.84,35.916,34.453,35.658,4350846.0,2.726,35.376,4.301,1.687,3.311,0,交易,10.76955602536998,20.6520450503853,126283.51667489042,0.9849649181423321,0.9592660652633925,0.9920915362611474
2013-01-22,002170.SZ,35.528,35.787,35.012,35.528,3532949.0,-0.362,35.439,4.301,1.37,2.688,0,交易,13.217261904761903,25.932846715328463,100906.8033816977,0.9902757984743064,0.9783440914298489,0.9974949335735195
2013-01-23,002170.SZ,35.658,35.916,34.754,35.141,2562967.0,-1.09,35.181,4.301,0.994,1.95,0,交易,18.02102564102564,35.87323943661972,73745.95729987916,0.9795355830270631,0.9676467312618332,1.0011382715346746
2013-01-24,002170.SZ,35.442,35.873,33.894,34.109,3374269.0,-2.938,34.872,4.301,1.308,2.568,0,交易,13.282320872274143,27.096330275229356,99553.57880450817,0.9720960053522149,0.9448331614306025,1.0223694626051774
2013-01-25,002170.SZ,33.98,34.539,33.808,34.023,1318429.0,-0.252,34.175,4.301,0.511,1.003,0,交易,33.921236291126625,66.49706457925635,38997.54495977284,0.9894611888010654,0.9788355192680738,1.0044675660582545
2013-01-28,002170.SZ,34.023,34.711,33.937,34.711,1771487.0,2.023,34.444,4.301,0.687,1.348,0,交易,25.749999999999996,49.52401746724891,52199.28102071486,0.9923079139177784,0.9777015931549077,0.9923079139177784
2013-01-29,002170.SZ,35.098,35.614,34.582,35.442,3190964.0,2.107,35.233,4.301,1.237,2.428,0,交易,14.597199341021417,28.373484236054967,92272.39604418483,0.9893019599034087,0.9710226315493908,0.994103041589075
2013-01-30,002170.SZ,35.27,36.26,34.883,35.916,3424333.0,1.335,35.645,4.301,1.328,2.606,0,交易,13.782041442824251,26.558734939759038,98166.24143565632,0.9830391616105904,0.9620242691671265,0.9924546163269854
2013-01-31,002170.SZ,36.045,36.991,35.787,36.217,3334101.0,0.838,36.466,4.301,1.293,2.537,0,交易,14.275522270398108,27.877030162412996,93165.1437672898,0.9858073585466736,0.9674515422670379,1.00687522434216
2013-02-01,002170.SZ,36.389,37.163,35.959,36.088,3862126.9999999995,-0.356,36.572,4.301,1.497,2.939,0,交易,12.27900646478394,24.30794923179693,107403.62635223447,0.9840970858111564,0.9676021849689209,1.013411660385724
2013-02-04,002170.SZ,36.002,36.733,35.787,36.088,2454821.0,0.0,36.098,4.301,0.952,1.868,0,交易,19.319057815845824,37.81722689075631,68595.32791237041,0.9827130917703428,0.9742465902594398,1.0002771004211926
2013-02-05,002170.SZ,35.701,36.346,35.701,36.131,1428065.0,0.119,36.069,4.301,0.554,1.087,0,交易,33.239190432382706,64.44223826714801,40000.7002604969,0.9923788037198042,0.9822538931381721,0.998284022030943
2013-02-06,002170.SZ,36.045,36.346,35.916,36.045,1180190.0,-0.238,36.049,4.301,0.458,0.898,0,交易,40.139198218262806,78.70087336244542,32859.7282548168,0.9918285368403676,0.9881692620921146,1.0001109723956165
2013-02-07,002170.SZ,36.045,36.819,35.959,36.518,2237246.0,1.313,36.489,4.301,0.867,1.702,0,交易,21.455934195064632,41.57439446366782,62216.57999388192,0.9910372362095655,0.9766424943643228,0.9992058710772769
2013-02-08,002170.SZ,36.518,37.507,36.518,37.335,2877562.0,2.238,37.142,4.301,1.116,2.19,0,交易,17.047945205479454,32.72222222222222,78798.45555616409,0.9902684832164664,0.9736315887700964,0.9948305879201822
2013-02-18,002170.SZ,37.464,38.066,37.464,37.636,2648499.0,0.806,37.759,4.301,1.027,2.015,0,交易,18.677915632754342,36.47906523855891,70694.5067264574,0.9919350601586717,0.9841853622655387,1.0032681475183334
2013-02-19,002170.SZ,37.507,37.55,36.604,36.862,2272274.0,-2.057,36.915,4.301,0.881,1.729,0,交易,21.31983805668016,42.57321225879682,62077.204677084475,0.9830892143808256,0.9748069241011984,1.001437795019261
2013-02-20,002170.SZ,36.604,37.335,36.561,37.335,1520576.0,1.284,37.085,4.301,0.589,1.157,0,交易,32.26879861711323,62.146010186757216,41590.10967971336,0.9933038703629302,0.9792687826436319,0.9933038703629302
2013-02-21,002170.SZ,37.163,37.163,36.131,36.432,1906918.9999999998,-2.419,36.623,4.301,0.739,1.451,0,交易,25.108201240523776,50.28822733423545,52777.919238327195,0.9854694185076555,0.972230444259075,1.0052426438296003
2013-02-22,002170.SZ,36.217,36.733,36.174,36.217,1025142.0,-0.59,36.44,4.301,0.397,0.78,0,交易,46.432051282051276,91.22670025188916,28339.19389616852,0.9920235210845834,0.9847820760623963,1.0061573294309303
2013-02-25,002170.SZ,36.217,37.335,36.131,37.292,1910766.9999999998,2.969,36.704,4.301,0.741,1.454,0,交易,25.647867950481434,48.875843454790825,52884.420580664795,0.9830989687960359,0.9677514396678719,0.9842325431727984
2013-02-26,002170.SZ,37.034,37.464,36.604,36.647,1819500.9999999998,-1.73,37.066,4.301,0.705,1.385,0,交易,26.459927797833934,52.53049645390071,49707.70953994099,0.9893764680760198,0.9770446295109972,1.0114334051900566
2013-02-27,002170.SZ,36.776,36.948,36.26,36.346,1093757.0,-0.822,36.516,4.301,0.424,0.832,0,交易,43.68509615384615,86.73584905660378,30164.285714285717,0.9883078921727834,0.9813792356825809,1.0046772684752105
2013-02-28,002170.SZ,36.346,36.991,35.485,36.647,2621504.0,0.828,36.309,4.301,1.016,1.995,0,交易,18.369423558897243,35.77362204724409,73876.39847823024,0.9815630829120596,0.9592873942310292,0.9907768712309329
2013-03-01,002170.SZ,36.475,36.948,36.174,36.733,2052493.9999999998,0.235,36.508,4.301,0.796,1.562,0,交易,23.516645326504477,45.82286432160804,56739.48139547741,0.9880913716574646,0.9790516401429035,0.9938747175564208
2013-03-04,002170.SZ,38.711,40.389,38.711,39.701,17373964.0,8.08,39.918,4.301,6.735,13.221,0,交易,3.0028742152635957,5.747735708982924,448812.0689209786,0.9883384089727401,0.9584540345143479,1.0054658572831918
2013-03-05,002170.SZ,38.711,39.916,38.066,39.572,11083697.0,-0.325,39.069,4.301,4.297,8.434,0,交易,4.691961109793693,9.0088433791017,291170.51962381124,0.9787804389217358,0.9536526706082775,0.9872889922167188
2013-03-06,002170.SZ,39.099,40.948,39.056,40.475,10703470.0,2.283,40.069,4.301,4.149,8.145,0,交易,4.969306322897483,9.423716558206795,274054.4346579271,0.9785337501221062,0.953795057145648,0.9899691167387277
2013-03-07,002170.SZ,40.26,41.163,39.701,39.959,6741755.0,-1.275,40.287,4.301,2.614,5.13,0,交易,7.789278752436648,15.40168324407039,169813.22888592226,0.9787187522775308,0.9644826664723175,1.0082084136239644
2013-03-08,002170.SZ,39.787,40.647,38.883,39.142,4742791.0,-2.045,39.554,4.301,1.839,3.609,0,交易,10.845663618730951,21.635127786840673,121975.95350153022,0.9731099466135263,0.95660196324452,1.0105257779367431
2013-03-11,002170.SZ,38.969,39.529,38.84,39.357,1961078.0,0.549,39.306,4.301,0.76,1.492,0,交易,26.378686327077748,51.275,50491.19464469619,0.9943585721875078,0.9825697589111791,0.9987041695251162
2013-03-12,002170.SZ,39.142,39.916,38.84,39.314,3285137.0000000005,-0.109,39.305,4.301,1.274,2.5,0,交易,15.7256,30.723704866562013,84581.28218331617,0.9846928549954906,0.973043391121355,0.9997710739176884
2013-03-13,002170.SZ,38.926,39.787,38.84,39.787,2641012.0,1.204,39.353,4.301,1.024,2.01,0,交易,19.79452736318408,38.013671875,67997.219361483,0.9890919144444166,0.9761982557116647,0.9890919144444166
2013-03-14,002170.SZ,40.002,40.002,38.969,39.443,2651705.0,-0.865,39.38,4.301,1.028,2.018,0,交易,19.545589692765116,38.9124513618677,68046.52416022992,0.984450777461127,0.9741762911854407,0.9984027584108714
2013-03-15,002170.SZ,39.572,39.916,38.711,39.099,2918760.0,-0.872,39.314,4.301,1.132,2.221,0,交易,17.604232327780277,34.95759717314488,75398.72387693421,0.9849183284898287,0.9698116043691754,1.0054988618634748
2013-03-18,002170.SZ,38.969,39.142,37.55,37.722,2935354.0,-3.52,38.209,4.301,1.138,2.234,0,交易,16.88540734109221,34.243409490333924,78171.8774966711,0.976163711614123,0.959327576516274,1.0129102380573671
2013-03-19,002170.SZ,37.722,38.453,37.421,38.152,2387921.0,1.14,37.944,4.301,0.926,1.817,0,交易,20.99724821133737,40.73650107991361,63812.324630555035,0.9867630613996307,0.973162041973318,0.9945481232962886
2013-03-20,002170.SZ,38.195,38.926,38.152,38.84,2611406.0,1.804,38.617,4.301,1.012,1.987,0,交易,19.547055863110216,37.74209486166008,68447.42084294402,0.9920618609669628,0.9801161177619072,0.9942584963954685
2013-03-21,002170.SZ,38.797,39.486,38.711,39.357,2120243.0,1.329,39.178,4.301,0.822,1.613,0,交易,24.399876007439552,47.19829683698297,54771.072821678594,0.9921997670060274,0.9803727903560756,0.9954518891175648
2013-03-22,002170.SZ,39.314,39.615,39.056,39.443,1808138.0,0.219,39.393,4.301,0.701,1.376,0,交易,28.66497093023256,56.0827389443652,46296.036460467025,0.9943960620976903,0.9858891833901299,0.9987323479451361
2013-03-25,002170.SZ,39.658,40.518,39.228,40.26,4036476.0,2.072,39.92,4.301,1.565,3.072,0,交易,13.105468749999998,25.340575079872206,102897.82808198225,0.9852411274001679,0.9681622982378203,0.9915548931942375
2013-03-26,002170.SZ,40.26,40.389,39.572,39.744,2758359.0,-1.282,39.854,4.301,1.069,2.099,0,交易,18.934730824202,37.66136576239476,69704.8165369453,0.9867538191091633,0.9797717200227785,1.0027677133655395
2013-03-27,002170.SZ,39.83,40.862,39.83,40.174,3347080.0000000005,1.082,40.324,4.301,1.298,2.547,0,交易,15.773066352571652,30.685670261941446,84034.1451167462,0.9868337330527139,0.9747442611717487,1.0037337581520387
2013-03-28,002170.SZ,40.862,40.991,39.572,39.959,4371078.0,-0.535,40.234,4.301,1.695,3.326,0,交易,12.01413108839447,24.10737463126844,110458.85979985847,0.9815325315313118,0.9653826449708474,1.0068820541054582
2013-03-29,002170.SZ,40.002,40.647,39.787,40.604,3808372.0,1.615,40.372,4.301,1.476,2.898,0,交易,14.011042097998619,27.101626016260166,95719.00369467415,0.9932344330454892,0.9788422269786208,0.9942862772140676
2013-04-01,002170.SZ,40.862,41.464,40.475,41.421,4913295.0,2.013,41.161,4.301,1.905,3.739,0,交易,11.078095747526076,21.4498687664042,121390.85855466337,0.9926924561065021,0.97614798379317,0.9937229907534826
2013-04-02,002170.SZ,41.464,42.497,40.991,41.593,8903200.0,0.415,41.87,4.301,3.452,6.775,0,交易,6.139188191881919,12.011587485515642,217198.89731892367,0.9852460173659316,0.9645622043908981,1.0066597744812829
2013-04-03,002170.SZ,41.593,41.636,40.432,41.292,3019551.0,-0.724,40.972,4.301,1.171,2.298,0,交易,17.968668407310705,35.51921434671221,74682.20716264345,0.9840522624651743,0.9710827168796234,0.9922503148309599
2013-04-08,002170.SZ,40.647,42.497,40.26,42.152,2972689.0,2.083,41.445,4.301,1.152,2.262,0,交易,18.634836427939877,35.28385416666667,73837.28266269251,0.9752453114337483,0.9473609901875426,0.9832273676219396
2013-04-09,002170.SZ,42.152,42.97,41.765,42.841,4764333.0,1.633,42.759,4.301,1.847,3.625,0,交易,11.818206896551725,22.821873308067136,114074.7755297498,0.9950895973935304,0.9719571794275076,0.998085945706216
2013-04-10,002170.SZ,42.841,42.927,41.98,42.411,3194764.0,-1.004,42.372,4.301,1.239,2.431,0,交易,17.44590703414233,34.577078288942694,76102.04859456884,0.9870710741491369,0.9779392922869056,0.999080427247648
2013-04-11,002170.SZ,42.367,43.271,42.367,42.884,3381367.0,1.116,42.956,4.301,1.311,2.573,0,交易,16.666925767586477,32.316552250190696,79811.33901385513,0.9927202976589402,0.9791084097894663,1.0016789478593415
2013-04-12,002170.SZ,42.927,43.185,42.066,42.152,3646014.0,-1.705,42.591,4.301,1.413,2.774,0,交易,15.195385724585437,30.380042462845008,86673.65568392526,0.9862452240361236,0.9740882250781522,1.0104146896944393
2013-04-15,002170.SZ,42.109,42.152,41.163,41.378,2971411.0,-1.837,41.478,4.301,1.152,2.261,0,交易,18.30075187969925,36.55295138888889,72186.45385418944,0.9840102486240273,0.9765372936040994,1.002416743196868
2013-04-16,002170.SZ,40.948,41.894,40.862,41.894,1852053.0,1.247,41.6,4.301,0.718,1.409,0,交易,29.73314407381121,57.03064066852368,45324.58029465028,0.9929822886332172,0.9753664009165991,0.9929822886332172
2013-04-17,002170.SZ,41.808,43.099,41.722,42.798,3129902.0,2.156,42.759,4.301,1.213,2.382,0,交易,17.96725440806045,34.46661170651278,75018.02406404295,0.9921111858743823,0.9680503027912482,0.9990887424646011
2013-04-18,002170.SZ,42.152,43.271,42.152,42.669,2589667.0,-0.302,42.852,4.301,1.004,1.971,0,交易,21.648401826484015,41.984063745019924,61436.396849497054,0.9903168403780822,0.974139724064616,1.0042888279547213
2013-04-19,002170.SZ,42.626,43.572,42.626,43.4,4327622.0,1.714,43.253,4.301,1.678,3.293,0,交易,13.179471606437897,25.40286054827175,101525.40702857412,0.9926787845405306,0.9782888093270907,0.9966129032258065
2013-04-22,002170.SZ,43.013,43.873,42.927,43.873,5001342.0,1.09,43.401,4.301,1.939,3.806,0,交易,11.52732527588019,22.18308406395049,116508.07184289608,0.9892416748341806,0.978437763544777,0.9892416748341806
2013-04-23,002170.SZ,43.873,44.69,43.357,43.787,7889503.999999999,-0.196,44.1,4.301,3.059,6.003,0,交易,7.294186240213226,14.342268715266425,181966.09544018266,0.9867979413739092,0.9701722980532558,1.007148240345308
2013-04-24,002170.SZ,43.529,45.593,43.486,45.335,9048691.0,3.536,44.549,4.301,3.508,6.886,0,交易,6.58364798141156,12.408494868871152,208082.85425194318,0.9771017480753623,0.9537867655122495,0.9826624021175692
2013-04-25,002170.SZ,45.206,47.572,44.991,46.411,13017596.0,2.372,46.56,4.301,5.047,9.906,0,交易,4.685140318998586,8.957004160887656,289337.7786668445,0.9787269822584713,0.9457453964516942,1.0032104457994873
2013-04-26,002170.SZ,46.411,47.228,45.722,47.056,9775756.0,1.39,46.815,4.301,3.79,7.439,0,交易,6.325581395348837,12.245646437994724,213808.58230173658,0.9912551876005758,0.9681121368679597,0.9948784427065624
2013-05-02,002170.SZ,47.142,47.959,46.067,47.959,8808524.0,1.92,47.037,4.301,3.415,6.703,0,交易,7.1548560346113685,13.804392386530015,191211.1489786615,0.9807752455222168,0.9605496361475426,0.9807752455222168
2013-05-03,002170.SZ,48.002,48.303,46.626,46.669,13569969.0,-2.691,47.378,4.301,5.261,10.326,0,交易,4.519562269998063,9.124120889564722,291038.6694119161,0.9808500507214873,0.9652816595242532,1.0151920975379802
2013-05-06,002170.SZ,46.282,46.626,45.292,46.282,10675276.0,-0.829,45.934,4.301,4.139,8.123,0,交易,5.697648651975871,11.181928001932832,235698.9313786099,0.9851584952601553,0.9713893535795479,0.9924808780951558
2013-05-07,002170.SZ,46.325,46.54,44.303,44.69,13796276.999999998,-3.439,45.284,4.301,5.349,10.498,0,交易,4.2570013335873504,8.660497289212937,311407.28618829424,0.9730124623979373,0.9519338203695745,1.0132915641083016
2013-05-08,002170.SZ,44.905,45.636,44.604,45.378,7879271.000000001,1.54,45.214,4.301,3.055,5.996,0,交易,7.568045363575717,14.69885433715221,176649.42606044305,0.9907529143658514,0.9773862739942151,0.9963859138789721
2013-05-09,002170.SZ,45.593,45.765,44.518,45.593,7208608.0,0.474,45.149,4.301,2.795,5.485,0,交易,8.312306289881494,16.312343470483007,161925.6929781212,0.9865399322626461,0.9727521031355839,0.9902616629745794
2013-05-10,002170.SZ,45.464,45.938,44.819,45.55,6616507.000000001,-0.094,45.413,4.301,2.565,5.035,0,交易,9.046673286991062,17.724756335282652,147627.2786095183,0.9885715529626887,0.9756410814576167,0.9969923161361142
2013-05-13,002170.SZ,45.316,46.488,45.082,46.488,12087452.0,2.058,45.912,7.813,2.603,5.11,0,交易,9.097455968688845,17.409143296196696,268121.4675480236,0.9876097057305111,0.9697556358630184,0.9876097057305111
2013-05-14,002170.SZ,46.488,47.816,46.175,47.504,17452949.0,2.185,47.329,7.813,3.759,7.378,0,交易,6.438601246950393,12.367118914604948,377973.9902544667,0.9898151246444704,0.9656809436171991,0.9963160996968677
2013-05-15,002170.SZ,47.66,47.894,46.488,47.035,10411595.0,-0.987,46.923,7.813,2.242,4.401,0,交易,10.687343785503295,21.257805530776093,223963.0657373946,0.979726061719631,0.9706435044055624,0.9976187945147232
2013-05-16,002170.SZ,47.191,47.191,45.004,45.55,19668113.0,-3.156,45.824,7.813,4.236,8.315,0,交易,5.478051713770294,11.140462700661002,437030.3306372767,0.9710326121506219,0.9536564175372422,1.0060153677277717
2013-05-17,002170.SZ,45.472,46.175,45.004,46.175,10414539.0,1.372,45.67,7.813,2.243,4.403,0,交易,10.487167840109016,20.272848863129738,231413.6298995645,0.9890633459664322,0.9746399566865187,0.9890633459664322
2013-05-20,002170.SZ,46.175,47.347,45.629,46.957,13260267.000000002,1.692,46.575,7.813,2.856,5.606,0,交易,8.376204067070995,16.167717086834735,290610.510859322,0.9836948486704543,0.9637147020930575,0.9918648976723385
2013-05-21,002170.SZ,46.722,47.113,46.175,47.113,12438961.0,0.333,46.656,7.813,2.679,5.259,0,交易,8.958547252329339,17.440089585666296,269387.35246345424,0.9902999172203001,0.9800904209029354,0.9902999172203001
2013-05-22,002170.SZ,47.113,49.223,46.722,48.519,21753586.0,2.985,48.256,7.813,4.685,9.196,0,交易,5.276098303610265,10.056136606189968,465596.2073541372,0.9803547122280235,0.9491904191130163,0.9945794431047631
2013-05-23,002170.SZ,48.519,48.832,47.738,48.207,11199346.0,-0.644,48.298,7.813,2.412,4.734,0,交易,10.183143219264892,20.115671641791046,234600.2346139344,0.9890645478374837,0.9775966579292267,1.0018876926587426
2013-05-24,002170.SZ,47.972,48.754,47.894,48.519,8570926.0,0.648,48.316,7.813,1.846,3.623,0,交易,13.391940380899806,25.986998916576383,178956.15317158727,0.9910161217541126,0.982360421708988,0.9958160720542468
2013-05-27,002170.SZ,48.832,49.457,48.441,48.754,8637732.0,0.483,48.822,7.813,1.86,3.652,0,交易,13.349945235487404,26.253763440860215,178314.48566297145,0.9871605637220212,0.9794569019552338,1.001394757353243
2013-05-28,002170.SZ,48.598,48.676,47.816,48.285,9179849.0,-0.962,48.232,7.813,1.977,3.881,0,交易,12.44138108734862,24.58168942842691,191982.7881880542,0.9908784616648861,0.9823321554770318,0.9989023506264886
2013-05-29,002170.SZ,48.285,48.832,48.129,48.441,8601868.0,0.324,48.365,7.813,1.853,3.636,0,交易,13.322607260726073,26.05774419859687,178725.25919923538,0.9904365989515073,0.9856037024901704,0.9984310811089779
2013-05-30,002170.SZ,48.441,51.645,48.129,50.629,25729626.0,4.516,49.873,7.813,5.542,10.877,0,交易,4.654684196009929,8.740707325875135,534597.1451723493,0.9656888372543324,0.9319198373511471,0.9850678464911414
2013-05-31,002170.SZ,50.551,50.941,50.004,50.082,14008988.0,-1.08,50.401,7.813,3.017,5.922,0,交易,8.45694022289767,16.75538614517733,280157.34741220705,0.989399501383954,0.9816061718458609,1.0063695539315523
2013-06-03,002170.SZ,50.004,50.941,49.77,50.473,8902070.0,0.78,50.463,7.813,1.917,3.763,0,交易,13.41296837629551,26.08450704225352,178864.17520594734,0.9906165956695,0.9770126224455743,0.9998018742694114
2013-06-04,002170.SZ,50.082,50.316,48.832,48.91,11902197.0,-3.096,49.552,7.813,2.563,5.032,0,交易,9.719793322734498,19.540382364416697,243737.6515399738,0.984815963113125,0.9705063995548135,1.01312615007156
2013-06-05,002170.SZ,49.144,49.144,48.051,48.129,7107864.999999999,-1.597,48.436,7.813,1.531,3.005,0,交易,16.01630615640599,32.099281515349446,147923.3522715448,0.9855933582939932,0.9777592381572522,1.0063786906023395
2013-06-06,002170.SZ,48.207,49.066,48.051,48.285,5677306.0,0.325,48.501,7.813,1.223,2.4,0,交易,20.11875,39.41700735895339,118151.67218164033,0.9884848978926343,0.9793135776301308,1.0044734389561976
2013-06-07,002170.SZ,48.285,48.91,47.504,48.285,5953497.0,0.0,48.081,7.813,1.282,2.517,0,交易,19.183551847437425,37.66380655226209,125326.22515998653,0.9830505009200574,0.9712533224289511,0.995775085430258
2013-06-13,002170.SZ,48.129,48.129,44.222,46.175,6555914.999999999,-4.369,46.147,7.813,1.412,2.771,0,交易,16.66365932876218,34.0856940509915,148250.07914612634,0.9588190072513454,0.9188223316503564,0.9993936112615052
2013-06-14,002170.SZ,45.863,46.644,45.316,45.941,5223006.0,-0.508,45.942,7.813,1.125,2.208,0,交易,20.80661231884058,40.76711111111111,115257.43666696089,0.9849498327759197,0.9715290283852157,1.0000217670490412
2013-06-17,002170.SZ,46.019,46.097,43.363,43.988,8775520.0,-4.252,44.447,7.813,1.89,3.71,0,交易,11.856603773584906,24.348677248677248,202373.4520213085,0.9642059136169382,0.9406902835325509,1.0104346639992725
2013-06-18,002170.SZ,44.222,45.16,43.441,44.613,4197041.0,1.421,44.324,7.813,0.904,1.774,0,交易,25.14825253664036,48.91814159292036,96614.74183375153,0.9814880425155005,0.9619353410097433,0.9935220675587833
2013-06-19,002170.SZ,44.144,44.613,43.597,44.378,2816668.0,-0.525,44.13,7.813,0.607,1.191,0,交易,37.26112510495382,72.72487644151565,64606.922494667066,0.9891735592764441,0.9772263689955842,0.9944116454098878
2013-06-20,002170.SZ,43.988,44.847,43.363,43.91,4096803.0,-1.056,44.112,7.813,0.882,1.732,0,交易,25.35219399538106,49.87301587301587,94476.9273343634,0.9836109438758446,0.9669097152540861,1.0046003188339787
2013-06-21,002170.SZ,43.441,43.441,41.566,42.581,4214165.0,-3.025,42.621,7.813,0.908,1.782,0,交易,23.895061728395063,47.84251101321586,101384.90593273348,0.9811238231164108,0.9568380101747197,1.0009393861111764
2013-06-24,002170.SZ,42.66,43.753,42.113,42.113,3626833.9999999995,-1.101,42.959,7.813,0.781,1.533,0,盘中停牌,27.470971950424005,54.62227912932138,86121.48267755799,0.9818526729595686,0.962516855987018,1.0200888086814048
2013-07-02,002170.SZ,42.581,45.082,42.113,42.816,12712329.0,1.67,43.15,7.813,2.73,5.019,0,交易,8.530783024506874,15.597435897435899,301862.34654382255,0.9571447584401757,0.934142229714742,1.007800822122571
2013-07-03,002170.SZ,42.347,42.738,39.534,39.847,15072166.0,-6.934,40.496,7.813,3.236,5.95,0,交易,6.696974789915966,13.086217552533991,381245.6619618556,0.9475408301745519,0.9250315878141232,1.0162872989183627
2013-07-04,002170.SZ,39.222,40.316,38.284,39.534,9722448.0,-0.784,39.553,7.813,2.088,3.838,0,交易,10.30067743616467,18.78448275862069,253955.90847351376,0.9810745113602539,0.9495981744220656,1.0004805989780947
2013-07-05,002170.SZ,39.534,40.003,39.066,39.066,6195706.0,-1.186,39.562,7.813,1.33,2.446,0,交易,15.971381847914962,29.724812030075185,158595.86341063838,0.988975826812989,0.9765767567432443,1.0126964623969692
2013-07-08,002170.SZ,38.597,38.597,36.643,37.347,7316034.0,-4.4,37.377,7.813,1.571,2.888,0,交易,12.931786703601109,24.568427753023553,199657.06956308163,0.9683913257507061,0.9493743037023603,1.0008032773716764
2013-07-09,002170.SZ,37.19,37.581,36.722,37.425,6667560.000000001,0.209,37.152,7.813,1.432,2.632,0,交易,14.219224924012156,25.970670391061454,181568.5420184086,0.9885846571405763,0.9771427050903382,0.9927054108216434
2013-07-10,002170.SZ,37.269,37.659,36.722,37.503,9185590.0,0.209,37.245,7.813,1.972,3.626,0,交易,10.34280198565913,18.899087221095336,250138.60900822395,0.9890066119652672,0.9751188294962693,0.9931205503559715
2013-07-11,002170.SZ,37.503,38.987,37.503,38.909,12941439.0,3.75,38.341,7.813,2.674,5.093,0,交易,7.639701551148635,14.025056095736725,345077.43380529556,0.9834303742273065,0.9619360299587041,0.9854018350510165
2013-07-12,002170.SZ,38.675,39.3,38.284,38.284,9579503.0,-1.606,38.675,7.813,1.979,3.77,0,交易,10.154907161803713,19.542698332491156,250222.10322850276,0.9840966921119593,0.974147582697201,1.0102131438721136
2013-07-15,002170.SZ,38.05,39.925,37.972,39.222,6380169.0,2.449,39.102,7.813,1.318,2.511,0,交易,15.620071684587813,28.869499241274656,168022.9906246708,0.9793863494051346,0.9510832811521605,0.9969404925806944
2013-07-16,002170.SZ,38.987,39.925,38.831,39.612,7144519.0,0.996,39.51,7.813,1.476,2.812,0,交易,14.086770981507826,26.413956639566397,183990.08524117328,0.9896055103318723,0.9725986224170321,0.9974250227203877
2013-07-17,002170.SZ,39.534,40.238,37.347,37.737,14344894.0,-4.734,38.794,7.813,2.964,5.694,0,交易,6.627502634351949,13.338056680161943,384097.62497657107,0.9641135245290521,0.9281524926686218,1.0280096457058059
2013-07-18,002170.SZ,38.05,38.44,36.565,36.722,17265806.0,-2.692,37.288,7.813,3.567,6.853,0,交易,5.3585291113381,10.66722736192879,472194.885819773,0.9700312174817898,0.951222684703434,1.0154131038614453
2013-07-19,002170.SZ,36.409,36.722,34.846,35.393,19397418.0,-3.617,35.523,7.813,3.162,5.087,0,交易,6.957538824454493,11.514547754585704,556661.2523675602,0.9673492729154186,0.9489134578726648,1.003673042692058
2013-07-22,002170.SZ,34.846,36.097,34.534,36.018,8198785.000000001,1.766,35.472,7.813,1.337,2.15,0,交易,16.752558139534884,26.06282722513089,237411.97081137434,0.9826855417347702,0.9567000027703133,0.9848409128768949
2013-07-23,002170.SZ,36.175,36.643,35.081,36.097,35422618.0,0.217,35.737,7.813,5.774,9.289,0,交易,3.8859941866724084,6.26515413924489,1009737.977822753,0.975274950195126,0.9573724858772481,0.9900268720392277
2013-07-24,002170.SZ,35.94,36.409,35.003,35.393,20360318.0,-1.948,35.554,7.813,3.319,5.339,0,交易,6.6291440344633825,10.828562820126544,581673.5136988258,0.976516795297866,0.961383174489824,1.0045489221032409
2013-07-25,002170.SZ,35.393,35.628,34.69,34.768,10868519.0,-1.766,35.176,7.813,1.772,2.85,0,交易,12.199298245614035,19.973476297968396,313304.093398674,0.987313349051308,0.9736723925002806,1.0117349286700414
2013-07-26,002170.SZ,34.69,35.081,33.362,34.065,13072966.0,-2.022,34.234,7.813,2.131,3.428,0,交易,9.937281213535588,16.27874237447208,391851.98729092977,0.9758558764003307,0.9509991163307773,1.0049611037722004
2013-07-29,002170.SZ,33.596,33.987,33.128,33.284,7870650.999999999,-2.294,33.483,7.813,1.283,2.064,0,交易,16.125968992248062,26.185502727981294,237583.0415358609,0.9851708006002293,0.9747256303880895,1.0059788486960701
2013-07-30,002170.SZ,33.284,34.612,33.206,33.987,13199560.0,2.113,34.146,7.813,2.152,3.461,0,交易,9.819994221323318,15.466542750929367,397505.2701319038,0.9865364613428869,0.9593782503178089,1.0046782593344514
2013-07-31,002170.SZ,34.221,34.3,33.674,33.909,7545658.0,-0.23,33.911,7.813,1.23,1.979,0,交易,17.134411318847903,27.821951219512194,224079.64601769912,0.98865889212828,0.9817492711370263,1.0000589813913712
2013-08-01,002170.SZ,33.831,34.612,33.753,34.534,9366254.0,1.843,34.264,7.813,1.527,2.456,0,交易,14.061074918566774,22.15520628683694,277493.9709062898,0.9899456835779499,0.9751820177972957,0.9921816181154806
2013-08-02,002170.SZ,34.612,34.846,34.143,34.221,10020935.0,-0.905,34.376,7.813,1.634,2.628,0,交易,13.021689497716894,21.182374541003675,293498.96025539644,0.9865120817310452,0.9798255179934571,1.0045293825428832
2013-08-05,002170.SZ,34.3,34.846,34.065,34.768,9587342.0,1.598,34.647,7.813,1.563,2.514,0,交易,13.829753381066032,21.944977607165708,281442.59503889625,0.9942891580095277,0.9775870975147793,0.9965197883110906
2013-08-06,002170.SZ,34.768,35.628,34.534,35.472,12944708.0,2.022,35.29,7.813,2.11,3.394,0,交易,10.45138479670006,16.477725118483413,374839.5204725778,0.9905130796003143,0.9692938138542719,0.9948691926026161
2013-08-07,002170.SZ,35.237,35.628,34.768,35.003,11550262.0,-1.322,35.156,7.813,1.883,3.029,0,交易,11.55595906239683,18.713223579394583,332209.5605154165,0.9867519928146401,0.975861681823285,1.0043710539096649
2013-08-08,002170.SZ,35.081,35.393,34.768,35.081,6615103.0,0.223,35.172,7.813,1.078,1.735,0,交易,20.219596541786743,32.542671614100186,190264.12218131614,0.9937558274235018,0.9823411409035685,1.0025939967503776
2013-08-09,002170.SZ,35.159,35.706,35.003,35.472,9522620.0,1.114,35.384,7.813,1.552,2.497,0,交易,14.205847016419705,22.653994845360824,272051.5384395623,0.9909819078026101,0.9803114322522825,0.9975191700496165
2013-08-12,002170.SZ,35.628,36.331,35.393,36.253,14034565.0,2.203,35.878,7.813,2.288,3.68,0,交易,9.851358695652173,15.571678321678323,396535.0493035346,0.9875313093501417,0.9741818281908012,0.9896560284666096
2013-08-13,002170.SZ,36.175,38.597,36.018,38.05,33305134.999999996,4.957,37.586,7.813,5.429,8.733,0,交易,4.35703652811176,6.663289740283661,924680.298739519,0.9738062543721013,0.9331813353369433,0.9878055190538765
2013-08-14,002170.SZ,38.362,38.44,37.112,37.269,18440512.0,-2.053,37.579,7.813,3.006,4.836,0,交易,7.706575682382133,12.761809713905524,496888.12244018103,0.9776014568158169,0.9654526534859522,1.0083179049612279
2013-08-15,002170.SZ,37.034,37.894,36.878,37.112,12965187.0,-0.419,37.362,7.813,2.114,3.4,0,交易,10.91529411764706,17.51844843897824,351569.6892456207,0.9859608381274081,0.9731883675515913,1.0067363655960335
2013-08-16,002170.SZ,37.034,37.503,35.628,35.862,14801673.000000002,-3.368,36.525,7.813,2.413,3.881,0,交易,9.240401958258182,15.347699958557813,415450.57258336147,0.9739220862331013,0.9500039996800256,1.0184875355529528
2013-08-19,002170.SZ,35.628,36.409,35.315,36.253,7462109.0,1.089,36.038,7.813,1.216,1.957,0,交易,18.524782830863565,29.299342105263158,211301.4016706782,0.9898102117608283,0.9699524842758658,0.9940694563208561
2013-08-20,002170.SZ,36.331,36.643,35.628,35.862,7757987.0,-1.078,36.039,7.813,1.265,2.034,0,交易,17.631268436578175,28.720158102766803,217749.71932188165,0.9835166334634173,0.9723003029227956,1.0049355864145892
2013-08-21,002170.SZ,35.784,36.253,35.472,36.253,6470564.0,1.089,35.827,7.813,1.055,1.697,0,交易,21.362993517972892,33.918483412322274,182413.28371673432,0.9882492483380685,0.978456955286459,0.9882492483380685
2013-08-22,002170.SZ,36.175,37.269,35.862,36.878,13959224.0,1.724,36.634,7.813,2.276,3.66,0,交易,10.075956284153005,15.894112478031635,389248.34086219396,0.9829617108052269,0.9622474442566209,0.9933835891317316
2013-08-23,002170.SZ,36.878,37.269,35.706,36.565,11338533.0,-0.847,36.654,7.813,1.848,2.973,0,交易,12.299024554322234,19.955627705627705,317552.5962023189,0.9834983498349836,0.9580616598245192,1.0024340216053604
2013-08-26,002170.SZ,36.331,37.112,36.331,37.112,9390995.0,1.496,36.93,7.813,1.531,2.463,0,交易,15.067803491676818,23.730241672109734,258484.35220610496,0.9950959258460874,0.978955593877991,0.9950959258460874
2013-08-27,002170.SZ,37.034,37.503,36.956,37.425,11293897.0,0.842,37.267,7.813,1.841,2.962,0,交易,12.63504388926401,20.116241173275395,305603.8802900747,0.9937071700930593,0.9854145001733196,0.9957782231128927
2013-08-28,002170.SZ,37.19,37.19,36.487,36.643,10996014.0,-2.088,36.87,7.813,1.793,2.883,0,交易,12.710024280263614,20.741773563859454,301367.9940800833,0.9913955364345254,0.9810970691045982,1.0061949076221923
2013-08-29,002170.SZ,36.722,36.956,36.331,36.878,7988124.000000001,0.64,36.625,7.813,1.302,2.095,0,交易,17.602863961813842,28.204301075268816,219870.74399273348,0.9910434029656888,0.9830879965364216,0.9931395411898692
2013-08-30,002170.SZ,36.8,36.878,36.331,36.409,8045110.000000001,-1.271,36.58,7.813,1.311,2.11,0,交易,17.255450236966826,28.07017543859649,221439.26674190085,0.9919193014805575,0.9851673084223658,1.0046966409404268
2013-09-02,002170.SZ,36.253,36.565,35.628,36.331,7560827.0,-0.215,36.038,7.813,1.233,1.983,0,交易,18.321230458900658,29.402270884022705,212215.86954081059,0.9855873102693833,0.9743744017503078,0.9919352618975529
2013-09-03,002170.SZ,36.253,37.425,36.253,37.19,13504557.0,2.366,37.077,7.813,2.201,3.541,0,交易,10.50268285794973,16.471149477510224,372508.675144126,0.9907014028056113,0.9686840347361391,0.9969615488034418
2013-09-04,002170.SZ,37.269,40.941,36.8,39.769,55132221.0,6.933,39.522,7.813,8.987,14.457,0,交易,2.750847340388739,4.146990096806498,1498158.1793478262,0.9653403678464131,0.8988544490852689,0.9937891322386784
2013-09-05,002170.SZ,39.066,41.019,38.753,40.081,42825276.0,0.786,40.05,7.813,6.981,11.23,0,交易,3.5691006233303653,5.59604641168887,1105082.8581013083,0.976376800994661,0.944757307589166,0.9992265662034379
2013-09-06,002170.SZ,39.847,41.722,39.3,41.566,28785603.999999996,3.704,40.2,7.813,4.692,7.548,0,交易,5.50688924218336,8.492540494458654,732458.117048346,0.9635204448492403,0.9419490916063467,0.9671366020305057
2013-09-09,002170.SZ,41.409,42.113,40.628,40.706,37907147.0,-2.068,41.147,7.813,6.179,9.94,0,交易,4.095171026156942,6.70156983330636,933030.1023924387,0.9770617149098852,0.964737729442215,1.010833783717388
2013-09-10,002170.SZ,40.706,40.784,39.925,40.159,17816976.0,-1.344,40.215,7.813,2.904,4.672,0,交易,8.595676369863014,14.017217630853995,446261.1396368191,0.9860484503726953,0.9789378187524519,1.0013944570332929
2013-09-11,002170.SZ,40.706,42.035,40.316,40.706,27454752.0,1.362,40.956,7.813,4.476,7.199,0,交易,5.654396443950549,9.094280607685434,680988.9870026788,0.9743309147139291,0.9591055073153326,1.0061416007468187
2013-09-12,002170.SZ,40.628,40.628,39.847,40.081,13714037.0,-1.536,40.139,7.813,2.236,3.596,0,交易,11.145995550611792,18.16994633273703,344167.36517178203,0.9879639657379148,0.980776804174461,1.0014470696838902
2013-09-13,002170.SZ,39.847,40.472,39.769,40.316,9139041.0,0.585,40.205,7.813,1.49,2.396,0,交易,16.826377295492488,26.74295302013423,229803.13812265836,0.9934028464123343,0.982629966396521,0.9972467506697092
2013-09-16,002170.SZ,40.316,40.394,39.144,39.534,10751737.0,-1.938,39.789,7.813,1.753,2.819,0,交易,14.024122029088328,22.99828864803195,274671.3928060495,0.9850225280982325,0.9690548101203149,1.0064501441796936
2013-09-17,002170.SZ,39.3,39.769,38.519,38.597,10290980.0,-2.372,38.961,7.813,1.678,2.699,0,交易,14.300481659874029,23.420738974970202,267166.33349775436,0.9796826674042596,0.968568482989263,1.0094307847760189
2013-09-18,002170.SZ,38.519,39.534,37.972,39.144,9792426.0,1.417,38.694,7.813,1.596,2.568,0,交易,15.242990654205606,24.13471177944862,257885.44190456124,0.9787524662315982,0.9604897050639956,0.9885039852851013
2013-09-23,002170.SZ,39.144,40.081,39.066,39.847,9040151.0,1.796,39.512,7.813,1.474,2.371,0,交易,16.805989034162803,26.55630936227951,231407.1315210157,0.9858037474114917,0.9746762805319228,0.991592842623033
2013-09-24,002170.SZ,39.769,39.847,38.909,39.066,8243408.0,-1.961,39.272,7.813,1.344,2.162,0,交易,18.069380203515266,29.59002976190476,211863.784728469,0.9855698045022209,0.9764599593444926,1.0052731275277733
2013-09-25,002170.SZ,39.066,39.769,37.972,38.128,12743447.0,-2.4,38.811,7.813,2.077,3.342,0,交易,11.408737283064033,18.8088589311507,335601.1534815127,0.9759108853629712,0.9548140511453646,1.0179133445237096
2013-09-26,002170.SZ,39.066,40.238,38.597,38.909,14888914.000000002,2.049,39.457,7.813,2.427,3.904,0,交易,9.966444672131148,16.096415327564895,385753.1414358629,0.980590486604702,0.9592176549530295,1.0140841450564138
2013-09-27,002170.SZ,39.066,39.847,38.44,38.675,7013503.0,-0.602,39.095,7.813,1.143,1.839,0,交易,21.030451332245786,34.178477690288716,182453.25182101977,0.981127813888122,0.9646899390167389,1.0108597285067873
2013-09-30,002170.SZ,39.066,39.456,38.362,39.3,5885972.0,1.616,38.901,7.813,0.959,1.521,0,交易,25.838264299802763,40.736183524504696,153432.35493457067,0.985933698296837,0.9722729115977291,0.989847328244275
2013-10-08,002170.SZ,39.378,40.003,38.44,39.925,10832273.0,1.59,39.598,7.813,1.766,2.799,0,交易,14.264022865309038,22.29784824462061,281796.9042663892,0.9898757593180512,0.9609279304052195,0.9918096430807765
2013-10-09,002170.SZ,40.316,41.097,40.003,40.238,14024114.000000002,0.783,40.444,7.813,2.286,3.623,0,交易,11.106265525807341,17.636045494313212,350576.5567582432,0.9841107623427501,0.9733800520719273,1.0051195387444705
2013-10-10,002170.SZ,40.003,40.472,39.222,39.378,10481927.0,-2.136,39.702,7.813,1.709,2.708,0,交易,14.541358936484489,23.407255705090694,267246.11187598796,0.9809745008895038,0.9691144494959478,1.008227944537559
2013-10-11,002170.SZ,39.691,39.847,39.222,39.691,9912383.0,0.794,39.511,7.813,1.616,2.561,0,交易,15.498242873877393,24.561262376237625,252725.07776248024,0.9915677466308631,0.9843150048937185,0.9954649668690635
2013-10-14,002170.SZ,39.691,40.394,39.534,40.081,11410431.0,0.984,40.026,7.813,1.86,2.948,0,交易,13.595997286295795,21.339247311827958,288623.23569585674,0.9908897360994209,0.9787097093627767,0.9986277787480352
2013-10-15,002170.SZ,40.159,40.238,39.456,39.925,9535002.0,-0.39,39.689,7.813,1.554,2.464,0,交易,16.20332792207792,25.84234234234234,241661.64841849147,0.9863561807246881,0.9805656344748745,0.9940889167188479
2013-10-16,002170.SZ,39.691,39.691,37.972,38.206,10397820.0,-4.305,38.924,7.813,1.695,2.686,0,交易,14.224125093075207,23.416519174041298,273828.6105551459,0.9806757199365095,0.9566904335995565,1.018792859760247
2013-10-17,002170.SZ,38.362,38.987,38.362,38.753,6259069.0,1.431,38.722,7.813,1.02,1.617,0,交易,23.965986394557824,37.60980392156863,163158.04702570252,0.9932028624926257,0.9839690153127966,0.9992000619306892
2013-10-18,002170.SZ,38.753,38.831,38.362,38.753,5203830.0,0.0,38.565,7.813,0.848,1.344,0,交易,28.83407738095238,45.69929245283019,135650.64386632605,0.9931498029924544,0.9879220210656434,0.9951487626764379
2013-10-21,002170.SZ,38.831,39.769,38.597,39.691,7735078.0,2.419,39.301,7.813,1.261,1.998,0,交易,19.865365365365367,30.793814432989695,200406.1973728528,0.9882320400311801,0.9705298096507331,0.9901740948829709
2013-10-22,002170.SZ,39.769,40.316,39.456,39.847,12268210.0,0.394,39.922,7.813,2.0,3.17,0,交易,12.570031545741326,19.8845,310933.9517437145,0.9902272050798689,0.9786685187022522,1.0018821994127536
2013-10-23,002170.SZ,39.847,40.941,39.378,39.612,14023641.0,-0.588,40.128,7.813,2.286,3.623,0,交易,10.933480540988132,17.43088363954506,356128.82827975013,0.9801421557851542,0.9618231113065142,1.0130263556498031
2013-10-24,002170.SZ,39.769,39.769,38.753,38.831,7156180.0,-1.972,39.094,7.813,1.167,1.849,0,交易,21.00108166576528,34.07797772065124,184661.31654323536,0.983026980814202,0.974452462973673,1.006772939146558
2013-10-25,002170.SZ,38.909,39.222,38.284,38.44,5913035.0,-1.006,38.611,7.813,0.964,1.528,0,交易,25.157068062827225,40.36203319502075,154451.85978476648,0.9844220080567028,0.9760848503390953,1.0044484911550469
2013-10-28,002170.SZ,38.519,39.066,38.284,38.753,4257728.0,0.813,38.698,7.813,0.694,1.1,0,交易,35.23,55.502881844380404,111214.29317730645,0.990580044028055,0.9799825935596169,0.9985807550383197
2013-10-29,002170.SZ,38.519,38.987,35.94,36.643,9802177.0,-5.444,37.254,7.813,1.598,2.533,0,交易,14.466245558626136,24.10450563204005,272737.2565386756,0.9555492856593223,0.9218457434529458,1.0166743989302185
2013-10-30,002170.SZ,36.643,37.347,35.94,37.034,5153363.0,1.066,36.841,7.813,0.84,1.331,0,交易,27.824192336589032,43.62261904761905,143387.95214245966,0.9864513883310574,0.9623262912683749,0.9947885726629584
2013-10-31,002170.SZ,37.034,37.034,35.94,36.175,7155906.0,-2.321,36.469,7.813,1.167,1.849,0,交易,19.56462952947539,31.734361610968293,199107.01168614358,0.984743748987417,0.9704595776853702,1.0081271596406358
2013-11-01,002170.SZ,36.253,36.565,36.018,36.409,3125889.0,0.648,36.36,7.813,0.51,0.808,0,交易,45.06064356435643,71.08431372549019,86786.85657171415,0.9943935457404622,0.9850403391221114,0.9986541789118075
2013-11-04,002170.SZ,36.409,36.722,36.097,36.409,3789894.9999999995,0.0,36.44,7.813,0.618,0.979,0,交易,37.189989785495406,58.91423948220065,104991.96609136491,0.9923206797015413,0.9829802298349763,1.0008514378313054
2013-11-05,002170.SZ,36.253,36.487,35.472,36.409,5323319.0,0.0,35.934,7.813,0.868,1.375,0,交易,26.479272727272726,41.766129032258064,150071.01375732973,0.9848439170115383,0.9721818729958616,0.986953775165481
2013-11-06,002170.SZ,36.409,37.19,36.097,36.565,6083041.0,0.429,36.703,7.813,0.992,1.572,0,交易,23.260178117048344,36.702620967741936,168519.29523229078,0.9869050820112935,0.9706103791341759,1.003774100916177
2013-11-07,002170.SZ,36.565,36.722,36.018,36.018,3926108.0,-1.496,36.202,7.813,0.64,1.014,0,交易,35.5207100591716,57.13281249999999,109004.05352879116,0.9858395512227002,0.9808289308861173,1.0051085568326947
2013-11-08,002170.SZ,36.097,36.175,35.472,35.472,3338919.9999999995,-1.518,35.69,7.813,0.544,0.863,0,交易,41.103128621089226,66.35477941176471,94128.32656743345,0.9865929509329647,0.9805666897028336,1.006145692377086
2013-11-11,002170.SZ,35.55,35.862,35.003,35.706,2380621.0,0.661,35.423,7.813,0.388,0.615,0,交易,58.05853658536586,91.62371134020617,68011.91326457732,0.9877586303050583,0.9760470693212872,0.9920741612053996
2013-11-12,002170.SZ,35.784,36.175,35.628,36.175,2724888.0,1.313,35.869,7.813,0.444,0.704,0,交易,51.38494318181818,80.5945945945946,76481.64365106096,0.9915411195577056,0.9848790601243954,0.9915411195577056
2013-11-13,002170.SZ,36.018,36.018,35.237,35.472,4691224.0,-1.944,35.554,7.813,0.765,1.212,0,交易,29.26732673267327,47.082352941176474,133133.46766183272,0.9871175523349437,0.9783163973568771,1.0023116824537663
2013-11-14,002170.SZ,35.706,36.018,35.237,35.628,2779404.0,0.441,35.632,7.813,0.453,0.718,0,交易,49.62116991643454,78.82119205298014,78877.42997417487,0.9892831362096729,0.9783163973568771,1.0001122712473336
2013-11-15,002170.SZ,35.706,36.331,35.315,36.175,7082992.0,1.535,35.922,7.813,1.155,1.83,0,交易,19.767759562841526,30.914285714285715,200566.10505450942,0.9887423963006797,0.9720349013239381,0.9930062197650311
2013-11-18,002170.SZ,36.097,37.034,36.097,36.8,7770872.0,1.728,36.62,7.813,1.267,2.008,0,交易,18.32669322709163,28.49013417521705,215277.5022855085,0.9888210833288329,0.9746989253118756,0.995108695652174
2013-11-19,002170.SZ,36.8,38.128,36.565,37.659,11076386.0,2.335,37.383,7.813,1.806,2.636,0,交易,14.286418816388466,20.376522702104094,302923.1779023657,0.9804605539236257,0.9590065044062106,0.9926710746435116
2013-11-20,002170.SZ,37.503,39.3,37.112,38.909,17728307.0,3.32,38.549,7.813,2.89,4.219,0,交易,9.22232756577388,12.97681660899654,477697.4294028885,0.9808905852417303,0.9443256997455471,0.9907476419337429
2013-11-21,002170.SZ,38.909,42.816,38.362,42.816,54506589.0,10.04,41.283,7.813,8.885,12.971,0,交易,3.3009020121810195,4.379178390545864,1420848.4698399457,0.9641956278026905,0.8959734678624813,0.9641956278026905
2013-11-22,002170.SZ,47.113,47.113,47.113,47.113,20406138.0,10.036,47.113,7.813,3.326,4.856,0,交易,9.702018121911038,14.165063138905593,433131.7895273067,1.0,1.0,1.0
2013-11-25,002170.SZ,47.66,50.629,47.035,48.832,145548972.0,3.648,48.59,7.813,23.727,34.636,0,交易,1.4098625707356507,2.008682092131327,3094482.2366322954,0.9597266388828538,0.9290130162555057,0.9950442332896462
2013-11-26,002170.SZ,48.207,50.082,47.269,48.441,97596137.0,-0.8,48.545,7.813,15.91,23.225,0,交易,2.0857265877287405,3.0299811439346325,2064696.4606824769,0.9693103310570664,0.9438321153308573,1.002146941640346
2013-11-27,002170.SZ,48.129,49.301,47.504,48.363,72186819.0,-0.161,48.366,7.813,11.767,17.178,0,交易,2.815403422982885,4.090167417353616,1519594.5394072079,0.9810348674469077,0.9635504350824526,1.000062030891384
2013-11-28,002170.SZ,48.832,53.207,48.832,51.332,118441942.0,6.139,50.966,7.813,19.308,28.185,0,交易,1.821252439240731,2.5291071058628547,2425498.4846002623,0.9578814817599188,0.9177739771082752,0.9928699446738877
2013-11-29,002170.SZ,50.785,52.113,50.082,51.41,75958349.0,0.152,51.103,7.813,12.382,18.076,0,交易,2.844102677583536,4.101518333064125,1516679.6254143205,0.9806190393951606,0.9610269990213575,0.9940283991441354
2013-12-02,002170.SZ,49.457,53.676,48.207,51.723,98599222.0,0.608,51.939,7.813,16.073,23.463,0,交易,2.2044495588799387,3.0770235799166303,2045329.9728255232,0.9676391683433937,0.8981108875475072,1.0041760918740212
2013-12-03,002170.SZ,49.848,56.879,49.379,56.879,108110669.0,9.97,53.853,7.813,17.624,25.727,0,交易,2.2108679597310217,2.8284157966409444,2189405.8000364527,0.946799345980063,0.8681411417219008,0.946799345980063
2013-12-04,002170.SZ,56.645,61.489,56.02,57.817,123592853.0,1.648,58.423,7.813,20.147,29.411,0,交易,1.9658291115569004,2.811584851342632,2206227.2938236343,0.9501374229536991,0.9110572622745533,1.0104813463168272
2013-12-05,002170.SZ,57.817,59.38,55.473,55.864,83424243.0,-3.378,57.274,7.813,13.599,19.852,0,交易,2.8140237759419704,4.2515626148981545,1503871.1264939702,0.964533512967329,0.9342034355001684,1.0252398682514678
2013-12-06,002170.SZ,56.098,59.145,53.598,58.755,94268979.0,5.175,55.807,7.813,15.367,22.433,0,交易,2.6191325279721838,3.650549879612156,1758815.235643121,0.9435624313128751,0.9062135429875728,0.9498255467619777
2013-12-09,002170.SZ,57.895,60.708,57.895,58.208,85473539.0,-0.931,59.099,7.813,13.933,20.34,0,交易,2.8617502458210424,4.155242948395895,1476354.4174799204,0.9734960795941227,0.9536634380971207,1.0153071742715778
2013-12-10,002170.SZ,58.208,59.223,55.942,57.817,57040651.0,-0.671,57.357,7.813,9.298,13.574,0,交易,4.2593929571239135,6.260271026027103,1019639.1083622323,0.9684919710247708,0.9445992266518076,0.9920438625317813
2013-12-11,002170.SZ,57.192,58.989,56.02,57.895,49923107.0,0.135,57.536,7.813,8.138,11.88,0,交易,4.873316498316498,7.027770951093635,891165.7800785434,0.9753682890030345,0.949668582278052,0.9937991190949131
2013-12-12,002170.SZ,57.817,58.676,56.567,56.958,40944677.0,-1.619,57.47,7.813,6.675,9.743,0,交易,5.8460433131479,8.661722846441949,723826.206091891,0.9794464517008658,0.964056854591315,1.0089890796727414
2013-12-13,002170.SZ,56.02,57.817,54.379,57.739,64371702.0,1.372,55.782,7.813,10.494,15.318,0,交易,3.7693563128345735,5.338288545835716,1183760.3118851027,0.9648027396786412,0.9405365204005742,0.9661060981312458
2013-12-16,002170.SZ,58.598,58.598,54.379,54.457,48431734.0,-5.683,56.278,7.813,7.895,11.525,0,交易,4.725119305856833,7.422165927802407,890633.0384891226,0.9604082050581931,0.9280009556640159,1.0334392272802395
2013-12-17,002170.SZ,53.91,54.77,52.738,52.895,34448651.0,-2.869,53.414,7.813,5.616,8.198,0,交易,6.452183459380337,9.599358974358974,653203.5913383139,0.9752419207595399,0.9628993974803725,1.0098118914831269
2013-12-18,002170.SZ,52.895,54.067,52.035,52.738,31568498.0,-0.295,53.2,7.813,5.146,7.512,0,交易,7.020500532481363,10.278857364943647,606678.1589314884,0.9839643405404406,0.9624170011282297,1.008760286700292
2013-12-19,002170.SZ,52.817,53.364,51.02,51.176,28128636.0,-2.963,52.086,7.813,4.585,6.694,0,交易,7.645055273379146,11.519520174482007,551325.6762054096,0.9760512705194513,0.9560752567273819,1.017781772705956
2013-12-20,002170.SZ,51.098,52.27,50.16,52.192,32917971.999999996,1.985,51.519,7.813,5.366,7.833,0,交易,6.663092046470062,9.522549385016772,656259.4098883573,0.9856322938588099,0.9596326764874687,0.9871053034947884
2013-12-23,002170.SZ,53.051,53.442,51.254,51.879,32353409.999999996,-0.599,52.305,7.813,5.274,7.699,0,交易,6.738407585400701,10.058968524838832,631236.7815194911,0.9787245986302908,0.9590584184723625,1.0082114150234198
2013-12-24,002170.SZ,51.41,55.161,51.02,54.692,53866894.99999999,5.422,53.588,7.813,8.781,12.819,0,交易,4.266479444574459,5.854686254412936,1055799.5883967069,0.9714834756440238,0.924928844654738,0.9798142324288744
2013-12-25,002170.SZ,53.52,54.145,52.738,53.442,36720216.0,-2.286,53.416,7.813,5.986,8.738,0,交易,6.116044861524377,8.94086201135984,696276.233455952,0.9865361529227075,0.9740142210730446,0.9995134912615545
2013-12-26,002170.SZ,53.207,53.989,49.691,49.691,31705293.0,-7.018,51.894,7.813,5.168,7.545,0,交易,6.585950960901259,10.29547213622291,638049.0028375359,0.9611957991442701,0.9203911907981256,1.0443339840212513
2013-12-27,002170.SZ,48.91,49.926,47.972,49.144,26352277.0,-1.101,49.133,7.813,4.296,6.271,0,交易,7.836708658906075,11.385009310986963,549326.2111231552,0.984116492408765,0.960862075872291,0.9997761679960933
2013-12-30,002170.SZ,49.535,51.176,49.223,50.707,25733623.0,3.18,50.134,7.813,4.195,6.124,0,交易,8.28004572175049,11.808104886769963,522796.72104503994,0.9796388932312021,0.9618375801156792,0.9886997850395409
2013-12-31,002170.SZ,50.004,50.863,49.223,49.848,19655588.0,-1.695,50.124,7.813,3.213,4.697,0,交易,10.612731530764318,15.563025210084033,399317.14848749567,0.9854707744332816,0.9677565224229794,1.0055368319691864
2014-01-02,002170.SZ,49.691,50.629,49.691,50.395,14749479.999999998,1.097,50.131,7.813,2.411,3.524,0,交易,14.30051078320091,20.610120282040647,296823.97214787384,0.9901637401489266,0.9814730687945644,0.9947613850580415
2014-01-03,002170.SZ,50.238,50.238,48.988,49.613,16488538.0,-1.55,49.687,7.813,2.696,3.94,0,交易,12.59213197969543,18.63427299703264,336583.2040499714,0.9890322066961263,0.975118436243481,1.0014915445548545
2014-01-06,002170.SZ,49.144,49.379,45.941,46.566,23393918.0,-6.142,47.369,7.813,3.824,5.59,0,交易,8.330232558139535,12.851464435146443,509216.5603709105,0.9592944369063773,0.9303752607383706,1.0172443413649443
2014-01-07,002170.SZ,46.957,47.972,46.488,47.426,14298739.000000002,1.846,47.268,7.813,2.338,3.417,0,交易,13.879426397424643,20.08426005132592,307579.1387024609,0.9853247727841241,0.969065288084716,0.9966684940749799
2014-01-08,002170.SZ,47.66,48.129,46.957,47.269,13592928.0,-0.329,47.547,7.813,2.222,3.248,0,交易,14.553263546798028,21.44914491449145,289476.07385480334,0.9879074985975191,0.9756487772444888,1.0058812329433666
2014-01-09,002170.SZ,47.191,48.832,46.879,47.582,19922142.0,0.661,48.086,7.813,3.257,4.761,0,交易,9.994118882587692,14.489100399140314,424969.4319418077,0.9847231323722149,0.960005733944954,1.0105922407633139
2014-01-10,002170.SZ,47.504,47.582,46.097,46.175,13318003.0,-2.956,46.605,7.813,2.177,3.182,0,交易,14.511313639220615,21.820854386770783,288912.5756556826,0.9794670253457188,0.9687907191795216,1.0093123984840282
2014-01-13,002170.SZ,46.175,47.035,45.394,46.957,13323357.0,1.692,46.252,7.813,2.178,3.184,0,交易,14.747801507537687,21.200642791551882,293504.8023967925,0.983352822366323,0.9651110874880409,0.9849862640287923
2014-01-14,002170.SZ,47.035,48.519,46.644,48.441,19299627.0,3.161,47.7,7.813,3.155,4.612,0,交易,10.503252385082394,14.908082408874801,413764.4069976846,0.9831200148395475,0.9613553453286341,0.9847030408125348
2014-01-15,002170.SZ,48.441,50.629,47.582,50.473,38710490.0,4.194,49.384,7.813,6.328,9.25,0,交易,5.456540540540541,7.655025284450064,813553.234416376,0.9754093503723164,0.9398171008710423,0.978424107938898
2014-01-16,002170.SZ,50.473,50.473,49.301,49.535,22070227.0,-1.858,49.721,7.813,3.608,5.274,0,交易,9.392301858172164,13.989190687361418,447662.86687896797,0.9851009450597349,0.9767796643750124,1.0037549207630967
2014-01-17,002170.SZ,49.223,50.16,48.129,49.223,16587278.0,-0.631,49.125,7.813,2.712,3.964,0,交易,12.417507568113017,18.150073746312682,344642.0661139853,0.979366028708134,0.9595095693779905,0.9980090608049083
2014-01-20,002170.SZ,49.926,50.551,47.269,47.582,22750129.0,-3.333,48.876,7.813,3.719,5.436,0,交易,8.753127299484916,13.424576499058889,481290.67676489876,0.9668651460900871,0.9350754683389052,1.0271951578327938
2014-01-21,002170.SZ,46.879,48.598,46.566,48.363,14529266.0,1.642,47.941,7.813,2.375,3.472,0,交易,13.929435483870968,19.73852631578947,312014.4740798007,0.9864809251409524,0.9581875797357917,0.9912743212786636
2014-01-22,002170.SZ,48.285,49.457,47.894,49.066,17979397.0,1.454,48.836,7.813,2.939,4.296,0,交易,11.421322160148975,16.42905750255189,375399.77867791377,0.9874436379076773,0.9683967891299512,0.9953124363102759
2014-01-23,002170.SZ,49.066,50.16,48.676,49.535,18537388.0,0.955,49.311,7.813,3.03,4.43,0,交易,11.181715575620768,16.193399339933997,380832.1965650423,0.9830741626794259,0.9704146730462521,0.9954779448874533
2014-01-24,002170.SZ,49.926,50.629,49.691,50.16,22295392.0,1.262,50.115,7.813,3.645,5.328,0,交易,9.414414414414413,13.697119341563786,448680.6866434565,0.9898477157360407,0.9814730687945644,0.9991028708133972
2014-01-27,002170.SZ,49.848,50.004,49.223,49.379,14350738.0,-1.558,49.548,7.813,2.346,3.429,0,交易,14.400408282298047,21.248081841432224,291545.3751295126,0.9908807295416368,0.98438124950004,1.0034225075436927
2014-01-28,002170.SZ,49.223,49.926,47.972,48.441,12112242.0,-1.899,48.661,7.813,1.98,2.894,0,交易,16.73842432619212,24.86010101010101,252485.6583006754,0.9746625005007411,0.960862075872291,1.0045416073161164
2014-01-29,002170.SZ,48.676,49.144,48.363,48.988,9827688.0,1.129,48.805,7.813,1.607,2.348,0,交易,20.863713798977855,30.28998133167393,203206.74896098257,0.9931019046068696,0.9841079277226111,0.9962643912794971
2014-01-30,002170.SZ,48.91,48.91,47.504,47.738,11022788.0,-2.552,47.974,7.813,1.802,2.634,0,交易,18.12376613515566,27.142064372918977,232039.1545975076,0.980862809241464,0.9712533224289511,1.0049436507604004
2014-02-07,002170.SZ,48.051,52.504,48.051,52.504,41132200.0,9.984,50.974,7.813,6.724,9.829,0,交易,5.341743819310204,7.146192742415229,856011.3213044474,0.9708593630961451,0.9151874142922445,0.9708593630961451
2014-02-10,002170.SZ,53.285,54.457,52.504,53.832,47607688.0,2.53,53.48,7.813,7.783,11.376,0,交易,4.732067510548523,6.846331748683026,906744.019503276,0.9820592393998934,0.9641368419119671,0.9934611383563678
2014-02-11,002170.SZ,53.91,54.536,52.348,53.832,33078059.000000004,0.0,53.596,7.813,5.408,7.904,0,交易,6.810728744939271,9.968565088757396,631887.7321005579,0.9827636790376998,0.9598797124834971,0.9956159904889285
2014-02-12,002170.SZ,53.832,57.426,53.207,56.176,45188878.0,4.354,56.022,7.813,7.387,10.798,0,交易,5.202444897203186,7.287396778123731,849303.2495724247,0.9755511440810782,0.9265315362379409,0.9972586157789803
2014-02-13,002170.SZ,55.551,56.723,54.536,54.692,29919486.0,-2.643,55.563,7.813,4.891,7.149,0,交易,7.650300741362428,11.357800040891433,548619.0039606865,0.9795497417273417,0.9614442113428415,1.0159255466978718
2014-02-14,002170.SZ,54.223,55.004,52.504,54.536,32051936.0,-0.286,53.834,7.813,5.24,7.659,0,交易,7.12051181616399,10.347900763358778,610466.5549291483,0.9787288197222022,0.9545487600901753,0.987127768813261
2014-02-17,002170.SZ,54.614,55.239,53.91,55.082,25602875.0,1.003,54.655,7.813,4.186,6.118,0,交易,9.003269042170643,13.046822742474916,474918.84622519015,0.989427759372907,0.9759409113126595,0.9922479212809993
2014-02-18,002170.SZ,54.926,55.707,53.832,54.223,25871930.0,-1.56,54.626,7.813,4.229,6.182,0,交易,8.771109673244904,12.987940411444786,480605.03046515083,0.9805948983072145,0.9663417523830039,1.0074322704387437
2014-02-19,002170.SZ,54.067,54.457,53.207,53.754,21345018.0,-0.865,53.815,7.813,3.489,5.101,0,交易,10.53793373848265,15.496417311550589,401169.3574153777,0.988210881980278,0.9770461097746846,1.001134799270752
2014-02-20,002170.SZ,53.52,55.473,51.879,53.52,32494240.000000004,-0.436,53.946,7.813,5.312,7.765,0,交易,6.892466194462331,10.075301204819278,626346.6913394631,0.9724730950191985,0.9352117246227895,1.0079596412556053
2014-02-21,002170.SZ,52.973,53.754,52.426,53.676,15140707.0,0.292,53.074,7.813,2.475,3.618,0,交易,14.835820895522389,21.403232323232324,288801.4916262923,0.9873497786211258,0.9752948617777283,0.9887845592070943
2014-02-24,002170.SZ,53.207,54.536,52.895,54.223,16417985.0,1.019,53.948,7.813,2.684,3.923,0,交易,13.821820035686974,19.823770491803277,310388.2219491445,0.9892181311427314,0.9699097843626229,0.9949283514375818
2014-02-25,002170.SZ,54.145,54.457,49.144,49.926,25061053.0,-7.925,52.198,7.813,4.097,5.988,0,交易,8.337675350701403,13.215767634854771,509951.4284551522,0.9585177295848101,0.9024367849863194,1.0455073508793014
2014-02-26,002170.SZ,49.457,49.457,47.191,48.285,24772909.0,-3.286,48.068,7.813,4.05,5.92,0,交易,8.15625,12.211604938271606,524949.863321396,0.9719149968659643,0.9541824210930708,0.9955058506782645
2014-02-27,002170.SZ,48.207,49.066,47.426,47.504,15372659.0,-1.618,48.309,7.813,2.513,3.673,0,交易,12.933297032398583,19.183048149621968,324139.9021633703,0.9845718012472995,0.9665756328210982,1.0169459413944089
2014-02-28,002170.SZ,47.66,48.676,46.957,48.598,11906361.0,2.303,47.848,7.813,1.946,2.845,0,交易,17.08189806678383,24.4912641315519,253558.8091232404,0.9829895636453282,0.9646848549593229,0.9845672661426396
2014-03-03,002170.SZ,48.676,50.473,48.129,50.316,16308479.0,3.537,49.266,7.813,2.666,3.897,0,交易,12.911470361816784,18.258064516129032,338849.32161482685,0.9760862243179521,0.9535593287500247,0.9791318864774623
2014-03-04,002170.SZ,49.691,50.238,48.91,49.457,11804592.0,-1.708,49.418,7.813,1.93,2.821,0,交易,17.53172633817795,25.746632124352335,241353.34287466778,0.9836776941757236,0.9735658266650742,0.9992114361971005
2014-03-05,002170.SZ,49.457,50.316,48.754,48.91,11603019.0,-1.106,49.6,7.813,1.897,2.773,0,交易,17.637937252073563,26.07116499736426,237991.11867744187,0.9857699340170124,0.9689561968359964,1.0141075444694339
2014-03-06,002170.SZ,48.598,48.988,47.816,48.363,9934928.0,-1.118,48.33,7.813,1.624,2.374,0,交易,20.371946082561077,29.924876847290637,207774.13418102727,0.986568139136115,0.9760757736588553,0.999317660194777
2014-03-07,002170.SZ,48.598,48.91,47.582,47.738,10148621.0,-1.292,48.063,7.813,1.659,2.425,0,交易,19.68577319587629,29.293550331525015,213286.97826909335,0.9826824780208547,0.9728480883254959,1.0068079936319076
2014-03-10,002170.SZ,47.816,47.816,46.097,46.41,10671852.0,-2.782,46.887,7.813,1.745,2.55,0,交易,18.2,27.401719197707735,231508.60142742476,0.9805713568679939,0.964049690480174,1.010277957336781
2014-03-11,002170.SZ,46.41,47.191,45.941,47.191,7595839.0,1.684,46.599,7.813,1.242,1.815,0,交易,26.00055096418733,37.367149758454104,165339.00002176705,0.9874552351083892,0.9735118984552139,0.9874552351083892
2014-03-12,002170.SZ,47.269,47.504,46.019,46.879,8320172.0,-0.662,46.811,7.813,1.36,1.988,0,交易,23.580985915492956,34.75661764705882,180798.62665420806,0.9854117547995959,0.9687394745705625,0.998549457112993
2014-03-13,002170.SZ,46.722,47.347,46.488,47.035,6718232.000000001,0.333,46.976,7.813,1.098,1.605,0,交易,29.305295950155763,42.55191256830601,144515.4018241267,0.9921642342703867,0.9818573510465288,0.9987456149675774
2014-03-14,002170.SZ,46.332,46.801,46.175,46.566,4869929.0,-0.997,46.522,7.813,0.796,1.164,0,交易,40.00515463917526,58.20603015075377,105466.78938819708,0.9940385889190401,0.9866242174312514,0.9990551045827427
2014-03-17,002170.SZ,46.722,47.816,46.566,47.816,8801048.0,2.685,47.415,7.813,1.439,2.103,0,交易,22.73704232049453,32.4683808200139,189001.58914229265,0.9916136857955495,0.9738581228040823,0.9916136857955495
2014-03-18,002170.SZ,48.676,49.613,48.129,48.676,14518332.999999998,1.797,48.8,7.813,2.373,3.469,0,交易,14.031709426347652,20.512431521281076,301654.57416526414,0.9836131659040976,0.9700884848729163,1.0025474566521488
2014-03-19,002170.SZ,48.676,48.676,47.66,48.285,7494900.999999999,-0.803,47.942,7.813,1.225,1.791,0,交易,26.959798994974875,39.735510204081635,157257.67939571966,0.9849207001396992,0.9791272906565863,0.9928963446204826
2014-03-20,002170.SZ,48.207,48.441,46.566,46.566,9210675.0,-3.56,47.438,7.813,1.506,2.201,0,交易,21.156746933212176,32.00996015936255,197798.2863033114,0.9792943993724325,0.9612931194649161,1.0187261091783706
2014-03-21,002170.SZ,46.801,48.051,46.644,47.972,7383214.0,3.02,47.389,7.813,1.207,1.764,0,交易,27.195011337868483,38.774647887323944,158288.61161135408,0.986222971426193,0.9707186114753074,0.9878470774618527
2014-03-24,002170.SZ,47.972,48.598,47.894,48.051,8709622.0,0.163,48.222,7.813,1.424,2.081,0,交易,23.09034118212398,33.688202247191015,181852.04827327013,0.9922630560928434,0.9855138071525577,1.0035587188612098
2014-03-25,002170.SZ,48.051,48.051,46.957,47.816,6404162.0,-0.488,47.596,7.813,1.047,1.53,0,交易,31.25228758169935,45.893982808022926,136383.54238984603,0.9905308942581839,0.9772325237768205,0.9953990296135183
2014-03-26,002170.SZ,47.816,48.129,47.426,47.738,5832545.0,-0.163,47.809,7.813,0.953,1.394,0,交易,34.24533715925395,50.17418677859392,122982.014085101,0.9933512019780174,0.9853934218454571,1.0014872847626628
2014-03-27,002170.SZ,47.738,47.816,46.801,46.879,7223050.999999999,-1.8,47.091,7.813,1.181,1.726,0,交易,27.160486674391656,40.42167654530059,154335.39881626458,0.9848377112263678,0.9787727957169148,1.0045222807653749
2014-03-28,002170.SZ,46.879,47.347,44.691,45.082,11356671.0,-3.833,45.745,7.813,1.857,2.714,0,交易,16.610906411201178,25.244480344641893,254115.392360878,0.9661646989249582,0.9439035208144128,1.0147065347588837
2014-03-31,002170.SZ,45.16,45.707,44.144,44.457,5059777.0,-1.386,44.488,7.813,0.827,1.209,0,交易,36.77171215880893,54.60701330108827,114619.8124320406,0.9733301244885904,0.9658039250005469,1.000697303011899
2014-04-01,002170.SZ,44.613,45.16,44.535,45.16,4223553.0,1.582,44.844,7.813,0.69,1.009,0,交易,44.75718533201189,64.65652173913044,94836.71269787809,0.9930026572187778,0.9861603188662533,0.9930026572187778
2014-04-02,002170.SZ,45.316,46.254,44.847,46.019,6455562.0,1.903,45.671,7.813,1.055,1.543,0,交易,29.824368114063514,42.95355450236967,143946.35092648337,0.9873956846975397,0.9695810092100143,0.9924379060822703
2014-04-03,002170.SZ,46.019,46.019,44.925,44.925,5101312.0,-2.377,45.478,7.813,0.834,1.219,0,交易,36.85397867104183,55.17865707434053,113551.74179187535,0.9882439861796215,0.9762272105000108,1.0123094045631609
2014-04-04,002170.SZ,44.613,45.785,44.613,45.785,4865356.0,1.913,45.364,7.813,0.795,1.163,0,交易,39.36801375752364,56.116981132075466,109056.9116625199,0.9908048487495905,0.9744020967565797,0.9908048487495905
2014-04-08,002170.SZ,45.316,46.332,45.316,46.175,6152335.0,0.853,45.956,7.813,1.006,1.47,0,交易,31.41156462585034,45.045725646123266,135765.18227557593,0.9918846585513252,0.9780713114046448,0.995257173795344
2014-04-09,002170.SZ,46.175,46.722,46.019,46.566,5973470.0,0.846,46.397,7.813,0.977,1.427,0,交易,32.63209530483532,47.26202661207779,129804.42860557596,0.9930439621591541,0.9849535550704165,0.9963707426018983
2014-04-10,002170.SZ,46.488,46.722,46.175,46.488,7149961.0,-0.168,46.392,7.813,1.169,1.709,0,交易,27.201872440023404,39.76732249786142,154844.85110990796,0.9929369461923719,0.9882924532340224,0.9979349509550852
2014-04-11,002170.SZ,46.41,46.41,45.472,45.629,7112578.0,-1.849,45.837,7.813,1.163,1.7,0,交易,26.840588235294117,39.90541702493551,156416.65200562985,0.9876535229476407,0.9797888386123681,1.004558504459883
2014-04-14,002170.SZ,45.629,45.941,45.004,45.863,6085962.0,0.514,45.446,7.813,0.995,1.454,0,交易,31.54264099037139,45.85829145728643,135231.5794151631,0.9892253107246249,0.9796042750484316,0.9909077033774502
2014-04-15,002170.SZ,45.863,45.941,44.925,45.082,6114714.0,-1.704,45.249,7.813,1.0,1.461,0,交易,30.856947296372347,45.863,136109.38230383975,0.9849372020635162,0.9778846781741798,1.0037043609422829
2014-04-16,002170.SZ,44.847,47.269,44.691,47.035,17652484.0,4.333,46.413,7.813,2.886,4.218,0,交易,11.151019440493124,15.539501039501038,394989.68472399365,0.981890879857835,0.9454610844316572,0.9867758052514085
2014-04-17,002170.SZ,46.722,46.957,46.254,46.41,9685412.0,-1.329,46.501,7.813,1.583,2.314,0,交易,20.056179775280896,29.51484523057486,209396.203571583,0.9902889877973464,0.9850288561875759,1.0019607843137255
2014-04-18,002170.SZ,46.097,47.035,46.019,46.879,7058144.0,1.01,46.526,7.813,1.154,1.687,0,交易,27.788381742738586,39.94540727902947,153374.5626806319,0.989178271499947,0.9783990645264166,0.9924699758953904
2014-04-21,002170.SZ,46.644,46.879,45.394,45.707,6251603.0,-2.5,46.291,7.813,1.022,1.494,0,交易,30.593708165997324,45.6399217221135,137718.7073181478,0.9874570703299985,0.968322703129333,1.0127770363401667
2014-04-22,002170.SZ,45.707,45.707,44.613,45.238,5612267.0,-1.026,45.103,7.813,0.917,1.341,0,交易,33.7345264727815,49.844056706652125,125798.91511442853,0.9867853939221564,0.9760649353490712,0.9970157831911226
2014-04-23,002170.SZ,45.394,46.019,45.082,45.55,4683485.0,0.691,45.561,7.813,0.766,1.119,0,交易,40.70598748882931,59.26109660574412,103888.13717226387,0.9900475890393099,0.9796388448249637,1.0002414928649837
2014-04-24,002170.SZ,45.472,45.55,44.925,45.238,3606187.9999999995,-0.686,45.18,7.813,0.59,0.862,0,交易,52.480278422273784,77.07118644067798,80271.29660545354,0.9918770581778266,0.9862788144895719,0.9987178920376675
2014-04-25,002170.SZ,45.16,45.316,43.128,43.285,7651364.999999999,-4.318,43.998,7.813,1.251,1.828,0,交易,23.678884026258203,36.09912070343725,177410.6149137451,0.9709153499867595,0.9517168329066996,1.0164722190135151
2014-04-28,002170.SZ,43.285,44.3,42.581,42.581,5289347.0,-1.625,43.366,7.813,0.865,1.264,0,交易,33.6875,50.04046242774566,124218.47772480683,0.9789164785553048,0.9611963882618512,1.0184354524318358
2014-04-29,002170.SZ,42.66,43.285,42.191,43.05,3188698.0,1.101,42.815,7.813,0.521,0.762,0,交易,56.49606299212598,81.88099808061419,75577.68244412314,0.989141735012129,0.9747256555388704,0.994541231126597
2014-04-30,002170.SZ,42.972,43.441,42.738,42.816,4024551.0,-0.544,43.002,7.813,0.658,0.962,0,交易,44.50727650727651,65.30699088145897,94167.97697599327,0.9898943394489077,0.9838171312815082,1.0043441704035874
2014-05-05,002170.SZ,42.972,43.363,42.503,43.285,3149777.0,1.095,42.998,7.813,0.515,0.753,0,交易,57.483399734395746,83.44077669902913,74107.1689057243,0.9915826856997901,0.9801674238406014,0.9933695275499596
2014-05-06,002170.SZ,43.285,43.91,43.05,43.519,3392631.0,0.542,43.573,7.813,0.555,0.811,0,交易,53.66091245376079,77.99099099099098,78806.75958188153,0.9923252106581645,0.9804144841721704,1.0012408373354167
2014-05-07,002170.SZ,43.519,43.519,42.035,42.113,4586209.0,-3.232,42.689,7.813,0.75,1.096,0,交易,38.4242700729927,58.02533333333333,109104.531937671,0.9809278705852617,0.9658999517452147,1.0136774867618075
2014-05-08,002170.SZ,41.878,42.581,41.409,41.722,4753655.0,-0.928,41.987,7.813,0.777,1.136,0,交易,36.72711267605634,53.897039897039896,114797.62853485957,0.9860501162490313,0.972475986942533,1.0063515651215187
2014-05-09,002170.SZ,41.409,41.644,40.706,40.941,4831770.0,-1.873,41.058,7.813,0.79,1.155,0,交易,35.44675324675325,52.416455696202526,118699.2089618238,0.9859283450196907,0.9774757468062627,1.0028577709386677
2014-05-12,002170.SZ,41.253,42.191,41.253,42.035,4408653.0,2.672,41.715,7.813,0.721,1.053,0,交易,39.91927825261158,57.216366158113736,106868.66409715656,0.9887179730274229,0.9777677703775686,0.992387296300702
2014-05-13,002170.SZ,42.191,43.285,42.191,42.503,5085180.0,1.115,42.721,7.813,0.831,1.215,0,交易,34.98189300411522,50.7713598074609,120527.60067312933,0.9869700820145547,0.9747256555388704,1.0051290497141376
2014-05-14,002170.SZ,42.581,43.05,42.035,42.972,4665915.0,1.103,42.548,7.813,0.763,1.115,0,交易,38.539910313901345,55.80733944954129,111000.71369097182,0.9883391405342626,0.9764227642276423,0.9901331099320488
2014-05-15,002170.SZ,42.347,43.597,42.269,42.503,5062513.0,-1.091,42.965,7.813,0.828,1.21,0,交易,35.126446280991736,51.143719806763286,119768.93231446214,0.9855035896965388,0.9695391884762712,1.0108698209538152
2014-05-16,002170.SZ,42.269,42.503,41.331,41.566,4338939.0,-2.206,41.827,7.813,0.709,1.037,0,交易,40.082931533269054,59.617771509167845,104980.25694998911,0.9840952403359763,0.9724254758487637,1.0062791704758696
2014-05-19,002170.SZ,41.566,41.8,41.253,41.644,2582653.0,0.188,41.516,7.813,0.422,0.617,0,交易,67.49432739059968,98.49763033175357,62605.216590308584,0.9932057416267943,0.9869138755980862,0.9969263279223898
2014-05-20,002170.SZ,41.96,42.276,41.881,42.118,2208618.0,1.139,42.085,7.902,0.361,0.528,0,交易,79.76893939393939,116.23268698060943,52735.56027793032,0.9954820702053174,0.990656637335604,0.9992164870126786
2014-05-21,002170.SZ,42.039,43.619,41.249,42.987,5484812.0,2.064,42.655,7.902,0.897,1.311,0,交易,32.78947368421053,46.86622073578595,132968.3628694029,0.9778995391916367,0.9456658795479035,0.9922767348268081
2014-05-22,002170.SZ,42.908,43.145,42.197,42.513,5129595.0,-1.103,42.684,7.902,0.839,1.226,0,交易,34.676182707993476,51.14183551847438,121563.02580752186,0.9893151002433652,0.9780275814115192,1.0040222990614636
2014-05-23,002170.SZ,42.592,42.908,42.276,42.908,3068515.0,0.929,42.612,7.902,0.502,0.733,0,交易,58.537517053206,84.84462151394422,72582.90755984483,0.9931015195301576,0.9852708119697959,0.9931015195301576
2014-05-26,002170.SZ,43.066,43.303,42.592,43.224,4951451.0,0.737,42.978,7.902,0.809,1.183,0,交易,36.53761622992392,53.2336217552534,116253.07569496619,0.9924947463224258,0.9835808142622914,0.9943087173792339
2014-05-27,002170.SZ,43.54,43.698,43.066,43.145,6039494.0,-0.183,43.356,7.902,0.987,1.443,0,交易,29.8995148995149,44.11347517730496,140238.09966098546,0.9921735548537691,0.9855370955192457,1.0048904855719087
2014-05-28,002170.SZ,42.671,43.145,42.434,42.987,4828143.0,-0.366,42.811,7.902,0.789,1.154,0,交易,37.25043327556326,54.082382762991124,113780.05844370081,0.9922586626492061,0.9835206860586393,0.995905738944332
2014-05-29,002170.SZ,42.987,43.461,42.671,42.75,4539640.0,-0.551,43.033,7.902,0.742,1.085,0,交易,39.40092165898618,57.93396226415095,106387.00756954373,0.9901520903798808,0.9818227836451071,1.0066198830409356
2014-05-30,002170.SZ,42.75,42.75,41.802,42.197,4764558.0,-1.294,42.212,7.902,0.779,1.139,0,交易,37.047410008779636,54.8780487804878,113979.18759867949,0.9874152046783626,0.9778245614035087,1.0003554755077375
2014-06-03,002170.SZ,42.197,42.513,42.118,42.355,2562907.0,0.375,42.327,7.902,0.419,0.612,0,交易,69.20751633986927,100.70883054892603,60850.63393323519,0.9956248676875309,0.9907087243901866,0.9993389210246725
2014-06-04,002170.SZ,42.039,42.197,41.486,41.881,3672943.0,-1.119,41.737,7.902,0.6,0.878,0,交易,47.7004555808656,70.06500000000001,88534.51766861111,0.9890987510960495,0.9831504609332415,0.996561686683699
2014-06-05,002170.SZ,41.881,42.592,41.486,42.592,3570979.0,1.698,42.091,7.902,0.584,0.853,0,交易,49.93200468933177,71.71404109589042,86076.7246782047,0.9882372276483847,0.9740326821938392,0.9882372276483847
2014-06-06,002170.SZ,43.619,44.568,42.908,43.066,12586260.0,1.113,43.716,7.902,2.058,3.008,0,交易,14.31715425531915,21.194849368318756,293331.31350797054,0.9808831448572968,0.9627535451444984,1.0150931128964844
2014-06-09,002170.SZ,42.434,42.434,41.723,41.802,5598696.0,-2.936,42.057,7.902,0.915,1.338,0,交易,31.24215246636771,46.375956284153,134187.28279366298,0.991115614837159,0.9832445680350662,1.006100186593943
2014-06-10,002170.SZ,42.355,42.434,41.802,42.276,4667265.0,1.134,42.145,7.902,0.763,1.115,0,交易,37.91569506726458,55.51114023591087,111651.71522893642,0.9931894235754349,0.9851062826978367,0.9969013151669979
2014-06-11,002170.SZ,42.276,42.276,41.881,42.276,3836710.0,0.0,42.079,7.902,0.627,0.917,0,交易,46.10250817884406,67.42583732057417,91609.79919295145,0.9953401457091493,0.990656637335604,0.9953401457091493
2014-06-12,002170.SZ,42.197,42.197,41.881,41.96,4523982.0,-0.748,41.983,7.902,0.74,1.081,0,交易,38.8159111933395,57.02297297297298,108019.91356462358,0.9949285494229446,0.9925113159703296,1.0005481410867492
2014-06-13,002170.SZ,41.881,42.434,41.723,42.276,4107383.9999999995,0.753,42.191,7.902,0.671,0.981,0,交易,43.094801223241596,62.415797317436656,98444.11955036789,0.9942734599613519,0.9832445680350662,0.9979894029709527
2014-06-16,002170.SZ,42.276,42.592,42.197,42.513,4551640.0,0.561,42.408,7.902,0.744,1.088,0,交易,39.07444852941176,56.822580645161295,107866.43600255942,0.995679939894816,0.9907259579263712,0.9975301672429611
2014-06-17,002170.SZ,42.513,42.592,41.96,42.039,4257399.0,-1.115,42.126,7.902,0.696,1.017,0,交易,41.33628318584071,61.08189655172414,101463.2745471878,0.9890589782118707,0.9851615326821939,1.0020695068864625
2014-06-18,002170.SZ,41.96,42.355,41.486,41.486,4947851.0,-1.316,41.977,7.902,0.809,1.182,0,交易,35.09813874788494,51.866501854140914,119265.55946584391,0.9910754338330775,0.9794829418014402,1.0118353179385817
2014-06-19,002170.SZ,41.486,41.802,39.747,40.063,5983877.0,-3.429,40.845,7.902,0.978,1.43,0,交易,28.016083916083918,42.419222903885476,150549.1483633985,0.9771063585474379,0.950839672742931,1.0195192571699572
2014-06-20,002170.SZ,40.142,40.301,39.905,40.301,3149328.0,0.592,40.1,7.902,0.515,0.753,0,交易,53.52058432934927,77.94563106796117,78920.63651171532,0.995012530706434,0.9901739410932731,0.995012530706434
2014-06-23,002170.SZ,40.301,41.723,40.301,41.328,5739890.0,2.549,41.304,7.902,0.938,1.372,0,交易,30.122448979591837,42.96481876332623,142425.49812659735,0.9899575773554156,0.9659180787575199,0.9994192799070848
2014-06-24,002170.SZ,41.091,41.407,40.775,41.249,2703561.0,-0.191,41.167,7.902,0.442,0.646,0,交易,63.85294117647059,92.96606334841628,66304.37768240344,0.9942038785712561,0.984736880237641,0.998012073019952
2014-06-25,002170.SZ,41.249,41.407,40.775,40.933,2465711.0,-0.766,41.027,7.902,0.403,0.589,0,交易,69.49575551782682,102.35483870967742,60471.14653586757,0.9908228077378222,0.984736880237641,1.0022964356387267
2014-06-26,002170.SZ,40.933,41.328,40.854,41.091,5386241.0,0.386,41.077,7.902,0.881,1.287,0,交易,31.92773892773893,46.46197502837684,131841.215058501,0.9939266356949282,0.9885307781649244,0.9996592927891752
2014-06-27,002170.SZ,41.012,41.486,40.854,41.249,4910333.0,0.385,41.211,7.902,0.803,1.173,0,交易,35.16538789428815,51.073474470734745,120192.22107994322,0.9933712577737068,0.9847659451381189,0.9990787655458313
2014-06-30,002170.SZ,41.407,42.118,41.249,41.881,7240562.0,1.533,41.743,7.902,1.18,1.579,0,交易,26.52374920835972,35.090677966101694,175533.03110378433,0.991096443325894,0.9793674913338715,0.996704949738545
2014-07-01,002170.SZ,42.118,42.355,41.486,42.355,8534330.0,1.132,42.055,7.902,1.391,1.861,0,交易,22.759269210102094,30.278936017253777,205715.90416043968,0.992917010978633,0.9794829418014402,0.992917010978633
2014-07-02,002170.SZ,42.434,42.671,41.96,42.513,7304100.0,0.373,42.343,7.902,1.19,1.593,0,交易,26.68738229755179,35.65882352941176,174072.9265967588,0.9923132806824307,0.9833376297719764,0.9960012231552703
2014-07-03,002170.SZ,42.513,42.829,42.197,42.829,8090541.0,0.743,42.563,7.902,1.318,1.764,0,交易,24.279478458049887,32.2556904400607,191732.61132307982,0.99378925494408,0.985243643325784,0.99378925494408
2014-07-04,002170.SZ,42.75,44.41,42.592,43.54,19802634.0,1.661,43.87,7.902,3.227,4.319,0,交易,10.081037277147487,13.24759838859622,464937.87565740047,0.9878405764467463,0.959063274037379,1.0075792374827743
2014-07-07,002170.SZ,43.619,44.014,42.829,43.303,7606896.000000001,-0.544,43.259,7.902,1.239,1.659,0,交易,26.10186859553948,35.20500403551251,177610.87113871443,0.9828463670650247,0.9730767483073567,0.9989839041174977
2014-07-08,002170.SZ,43.145,43.224,42.434,42.987,6219564.0,-0.73,42.727,7.902,1.013,1.356,0,交易,31.701327433628318,42.5913129318855,146570.29740302588,0.9885017582824357,0.9817231167869702,0.9939516598041267
2014-07-09,002170.SZ,42.908,43.145,42.276,42.276,6485810.0,-1.654,42.677,7.902,1.057,1.414,0,交易,29.898161244695903,40.59413434247872,153415.88608193773,0.989152856646193,0.9798586162938927,1.0094852871605637
2014-07-10,002170.SZ,42.197,42.592,42.039,42.276,4487759.0,0.0,42.287,7.902,0.731,0.979,0,交易,43.18283963227784,57.72503419972641,106752.27764694688,0.9928390308039069,0.9870163410969197,1.0002601949096412
2014-07-11,002170.SZ,42.355,42.829,41.96,42.671,4251121.0,0.935,42.523,7.902,0.693,0.927,0,交易,46.03128371089536,61.11832611832612,101313.6558627264,0.9928553083191296,0.979710009572953,0.9965316022591456
2014-07-14,002170.SZ,42.592,43.698,42.513,43.619,7076973.0,2.222,43.198,7.902,1.153,1.543,0,交易,28.26895657809462,36.940156114483955,166466.09272457837,0.9885578287335804,0.9728820540985857,0.9903482427382563
2014-07-15,002170.SZ,43.54,43.619,42.592,42.987,7533700.999999999,-1.449,43.032,7.902,1.228,1.643,0,交易,26.163724893487522,35.45602605863192,176880.6583395943,0.9865425617276874,0.9764552144707581,1.001046828110824
2014-07-16,002170.SZ,42.908,43.777,42.671,43.54,8490992.0,1.287,43.309,7.902,1.343,2.015,0,交易,21.607940446650122,31.949367088607598,198987.41534062946,0.9893094547365054,0.974735591749092,0.9946945337620579
2014-07-17,002170.SZ,43.461,44.094,43.066,43.461,8725935.0,-0.181,43.491,7.902,1.381,2.071,0,交易,20.98551424432641,31.470673425054308,202617.72628059256,0.9863246700231324,0.9766861704540301,1.0006902740387935
2014-07-18,002170.SZ,43.54,43.856,43.145,43.145,6628958.0,-0.727,43.453,7.902,1.049,1.573,0,交易,27.428480610298795,41.506196377502384,153643.71306060956,0.9908108354615104,0.9837878511492156,1.0071387182755824
2014-07-21,002170.SZ,43.145,43.382,42.434,42.671,5168811.0,-1.099,42.714,7.902,0.818,1.227,0,交易,34.77669111654441,52.74449877750612,121808.24338973465,0.9846019086256973,0.9781476188280853,1.0010077101544375
2014-07-22,002170.SZ,42.592,43.303,42.276,43.224,5548928.0,1.296,43.0,7.902,0.878,1.317,0,交易,32.82004555808656,48.51025056947608,131254.80177878702,0.993002794263677,0.9762833983788654,0.994817693873774
2014-07-23,002170.SZ,43.224,43.382,42.513,42.513,5283989.0,-1.645,42.886,7.902,0.836,1.254,0,交易,33.90191387559808,51.70334928229665,124291.13447651308,0.9885666866442304,0.9799686505924116,1.008773786841672
2014-07-24,002170.SZ,42.75,43.145,42.434,42.829,6182650.0,0.743,42.713,7.902,0.978,1.468,0,交易,29.17506811989101,43.71165644171779,145700.38176933592,0.9899872522887936,0.9835206860586393,0.9972915547876439
2014-07-25,002170.SZ,42.75,43.303,42.75,43.303,6379000.0,1.107,43.103,7.902,1.009,1.514,0,交易,28.601717305151915,42.368681863230925,149216.37426900584,0.995381382352262,0.9872295222040044,0.995381382352262
2014-07-28,002170.SZ,43.54,44.489,43.461,44.252,12025029.0,2.19,44.011,7.902,1.903,2.854,0,交易,15.505255781359496,22.879663688912242,276685.51114792575,0.9892557710894829,0.976893164602486,0.994553918466962
2014-07-29,002170.SZ,44.252,44.568,44.014,44.252,10433375.0,0.0,44.259,7.902,1.651,2.476,0,交易,17.87237479806139,26.803149606299215,237046.73512973145,0.9930667743672591,0.9875695566325616,1.0001581849407937
2014-07-30,002170.SZ,44.094,45.121,44.094,44.884,12932421.0,1.429,44.733,7.902,2.046,3.07,0,交易,14.620195439739415,21.551319648093845,293292.0805551776,0.9914008998027525,0.9772389796325436,0.9966357722128152
2014-07-31,002170.SZ,44.884,45.358,44.489,45.2,9140526.0,0.704,45.007,7.902,1.446,2.17,0,交易,20.829493087557605,31.040110650069156,205455.86549484145,0.9922615635610036,0.980841306935932,0.9957300884955751
2014-08-01,002170.SZ,45.2,47.175,44.805,44.963,22761490.0,-0.524,46.056,7.902,3.601,5.403,0,交易,8.321858226910976,12.5520688697584,508012.2754156902,0.9762798092209857,0.9497615262321145,1.024308876187087
2014-08-04,002170.SZ,45.042,45.595,44.568,45.516,12000573.0,1.23,45.091,7.902,1.899,2.848,0,交易,15.981741573033707,23.71879936808847,269264.33764135704,0.9889461563767957,0.9774756003947801,0.9906626241321733
2014-08-05,002170.SZ,45.516,46.701,45.121,46.464,12383914.0,2.083,45.812,7.902,1.959,2.939,0,交易,15.809458999659748,23.23430321592649,274460.09618581145,0.980964005053425,0.9661677480139612,0.9859676308539944
2014-08-06,002170.SZ,46.306,46.543,45.99,46.306,9708947.0,-0.34,46.274,7.902,1.536,2.305,0,交易,20.08937093275488,30.147135416666664,211109.95868667102,0.9942203983413188,0.988118514062265,0.9993089448451605
2014-08-07,002170.SZ,46.306,46.701,45.121,45.279,10907136.0,-2.218,45.852,7.902,1.726,2.589,0,交易,17.48899188876014,26.82850521436848,241730.81270361916,0.9818205177619322,0.9661677480139612,1.0126548731199891
2014-08-08,002170.SZ,45.437,46.227,45.279,45.832,8297458.0,1.222,45.663,7.902,1.313,1.97,0,交易,23.26497461928934,34.60548362528561,183251.79443008898,0.9877993380491921,0.979492504380557,0.996312620003491
2014-08-11,002170.SZ,45.832,47.017,45.516,46.859,13317917.000000002,2.241,46.433,7.902,2.107,3.161,0,交易,14.824106295476115,21.752254390128144,292598.5807188681,0.9875789608014122,0.968075376991301,0.9909088969034764
2014-08-12,002170.SZ,47.412,48.677,47.017,47.412,22305376.0,1.18,47.896,7.902,3.529,5.294,0,交易,8.95579901775595,13.434967412864834,474410.8726630793,0.9839554615115969,0.965897651868439,1.0102083860626003
2014-10-23,002170.SZ,52.154,52.154,52.154,52.154,1129715.0,10.0,52.154,7.902,0.179,0.246,0,交易,212.00813008130083,291.36312849162016,21661.138167734018,1.0,1.0,1.0
2014-10-24,002170.SZ,57.369,57.369,57.369,57.369,3438203.0,10.0,57.369,7.902,0.544,0.749,0,交易,76.59412550066756,105.45772058823529,59931.3740870505,1.0,1.0,1.0
2014-10-27,002170.SZ,57.448,57.527,52.628,56.342,70895935.0,-1.791,55.873,7.902,11.217,15.435,0,交易,3.6502753482345316,5.121511990728359,1347114.368777077,0.9712482834147443,0.9148399881794635,0.9916758368535018
2014-10-28,002170.SZ,55.235,59.265,55.235,58.159,46584752.0,3.226,58.105,7.902,7.371,10.142,0,交易,5.734470518635378,7.4935558268891596,843391.9073051508,0.9804268961444359,0.9320003374673078,0.9990715108581647
2014-10-29,002170.SZ,58.159,61.004,57.132,60.688,50206711.0,4.348,58.958,7.902,7.944,10.93,0,交易,5.552424519670631,7.321122860020141,878784.4115381923,0.9664612156579897,0.9365287522129696,0.971493540732929
2014-10-30,002170.SZ,59.661,61.952,59.344,60.451,34522093.0,-0.391,60.816,7.902,5.462,7.516,0,交易,8.04297498669505,10.922922006590992,581728.4476947965,0.9816632231404959,0.9579028925619835,1.0060379480901889
2014-10-31,002170.SZ,59.898,64.007,59.74,62.268,35930894.0,3.007,62.403,7.902,5.685,7.822,0,交易,7.960623881360266,10.536147757255938,601454.536324071,0.9749402409111503,0.933335416438827,1.0021680477934092
2014-11-03,002170.SZ,62.11,64.402,61.478,64.402,29293008.0,3.426,63.595,7.902,4.635,6.377,0,交易,10.099106162772465,13.400215749730313,476479.5211295097,0.9874693332505201,0.9545976833017609,0.9874693332505201
2014-11-04,002170.SZ,65.745,70.802,65.666,69.38,45446569.0,7.73,68.248,7.902,7.191,9.894,0,交易,7.012330705478067,9.14267834793492,692086.7572259618,0.9639275726674388,0.9274596762803309,0.9836840588065726
2014-11-05,002170.SZ,68.432,71.514,65.824,68.669,25541909.0,-1.025,68.81,7.902,4.041,5.561,0,交易,12.348318647725229,16.934422172729523,388033.3768838114,0.9621892216908579,0.9204351595491792,1.0020533282849613
2014-11-06,002170.SZ,68.59,70.17,65.982,68.985,24702580.0,0.46,67.78,7.902,3.909,5.378,0,交易,12.827259204165117,17.546687132258892,374383.6197750902,0.9659398603391762,0.9403163745190252,0.9825324345872292
2014-11-07,002170.SZ,68.985,73.963,68.748,70.091,32325076.0,1.604,72.114,7.902,5.115,7.037,0,交易,9.960352422907489,13.486803519061583,470196.6020829697,0.9750010140205239,0.929491772913484,1.0288624787775893
2014-11-10,002170.SZ,69.775,72.699,67.326,69.459,21772849.0,-0.902,69.553,7.902,3.445,4.74,0,交易,14.65379746835443,20.253991291727143,323394.3647327927,0.9567256771069753,0.9260925184665538,1.001353316344894
2014-11-11,002170.SZ,68.748,69.301,63.217,63.612,39239033.0,-8.419,65.765,7.902,6.209,8.543,0,交易,7.446096219126772,11.072314382348205,620703.813847541,0.9489762052495635,0.9122090590323372,1.0338458152549834
2014-11-12,002170.SZ,63.849,67.089,61.873,66.298,36786978.0,4.224,64.728,7.902,5.821,8.009,0,交易,8.277937320514422,10.968733894519842,594556.2361611689,0.9648079416893977,0.9222525302210496,0.9763190443150622
2014-11-13,002170.SZ,65.745,71.119,65.113,69.38,37824713.0,4.648,68.752,7.902,5.985,8.235,0,交易,8.42501517911354,10.984962406015038,580908.7739775467,0.9667177547490825,0.915549993672577,0.990948400115307
2014-11-14,002170.SZ,69.538,70.961,66.614,69.696,30007774.0,0.456,68.901,7.902,4.748,6.533,0,交易,10.668299403030765,14.645745577085087,450472.4832617768,0.9709699694198222,0.938740998576683,0.9885933195592286
2014-11-17,002170.SZ,68.906,70.012,68.116,68.906,15028281.0,-1.134,69.049,7.902,2.378,3.272,0,交易,21.059290953545236,28.97645079899075,220627.76733807035,0.986245215105982,0.9729189281837399,1.0020752909761124
2014-11-18,002170.SZ,67.958,70.407,67.958,69.222,11331547.0,0.459,69.368,7.902,1.793,2.467,0,交易,28.059181191730843,37.90184049079755,166743.38562053035,0.9852429445935773,0.9652165267658046,1.002109156048655
2014-11-19,002170.SZ,69.301,75.228,67.958,74.516,37371674.0,7.648,72.251,7.902,5.913,8.136,0,交易,9.158800393313669,11.72010823608997,549923.0995614938,0.9604269686818739,0.9033604508959431,0.9696038434698588
2014-11-20,002170.SZ,74.279,77.44,72.699,75.149,30839738.0,0.848,75.49,7.902,4.88,6.714,0,交易,11.19288054810843,15.221106557377048,424211.30964662513,0.9748192148760331,0.938778409090909,1.0045376518649616
2014-11-21,002170.SZ,75.939,78.467,73.647,74.279,24207566.0,-1.157,76.092,7.902,3.83,5.27,0,交易,14.094686907020874,19.82741514360313,328697.2449658506,0.9697324990123236,0.9385729032586948,1.0244079753362323
2014-11-24,002170.SZ,75.07,75.07,72.62,74.516,16866367.0,0.319,73.929,7.902,2.669,3.672,0,交易,20.293028322440087,28.126639190708126,232255.12255576975,0.9848008525376316,0.9673637937924605,0.9921224971818132
2014-11-25,002170.SZ,74.2,77.282,73.647,76.966,20741536.0,3.287,76.005,7.902,3.282,4.516,0,交易,17.04295837023915,22.608165752589883,281634.4997080668,0.983476100514997,0.9529644677932767,0.9875139672062989
2014-11-26,002170.SZ,77.124,77.677,73.726,75.465,17963502.0,-1.951,75.5,7.902,2.842,3.911,0,交易,19.295576578880084,27.137227304714987,243652.19868160487,0.9719736859044504,0.9491355227416094,1.0004637911614656
2014-11-27,002170.SZ,75.465,76.492,73.094,74.674,17334878.0,-1.047,74.83,7.902,2.743,3.774,0,交易,19.786433492315847,27.51184834123223,237158.699756478,0.9782722376196202,0.9555770538095486,1.0020890805367328
2014-11-28,002170.SZ,75.07,75.465,71.356,72.067,20612550.0,-3.492,72.906,7.902,3.261,4.488,0,交易,16.057709447415327,23.02054584483287,288869.19109815574,0.9660902405088452,0.9455509176439408,1.0116419443018305
2014-12-01,002170.SZ,71.83,71.909,68.195,69.933,21895014.0,-2.961,69.79,7.902,3.464,4.767,0,交易,14.670232850849592,20.736143187066975,321064.7994721021,0.9705322004199752,0.9483513885605416,0.9979551856777201
2014-12-02,002170.SZ,70.091,72.225,69.143,71.04,16339369.0,1.582,70.956,7.902,2.585,3.557,0,交易,19.971886421141413,27.114506769825915,236312.69976714923,0.9824299065420562,0.9573277950848045,0.9988175675675676
2014-12-03,002170.SZ,72.383,75.86,70.802,71.83,31920284.999999996,1.112,73.02,7.902,5.051,6.949,0,交易,10.336739099150957,14.330429617897444,450838.74749300856,0.9625626153440547,0.9333245452148696,1.0165668940554087
2014-12-04,002170.SZ,72.304,74.516,72.225,73.963,20655771.0,2.97,73.647,7.902,3.268,4.497,0,交易,16.447187013564598,22.12484700122399,285991.98338525445,0.9883380750442858,0.9692549251167533,0.9957275935264931
2014-12-05,002170.SZ,74.042,74.754,68.59,70.486,26146148.0,-4.701,70.769,7.902,4.137,5.692,0,交易,12.383345045678146,17.897510273144793,381194.75142149,0.9466918158225647,0.9175428739599218,1.0040149816984933
2014-12-08,002170.SZ,70.486,71.672,67.8,70.17,19804540.0,-0.448,69.668,7.902,3.134,4.312,0,交易,16.273191094619666,22.49074664964901,292102.3598820059,0.9720392900993415,0.945976113405514,0.992845945560781
2014-12-09,002170.SZ,70.407,72.146,67.958,69.617,26263740.999999996,-0.788,70.221,7.902,4.156,5.718,0,交易,12.175061210213363,16.941049085659287,386470.18746873067,0.9733179940675852,0.9419510437169073,1.0086760417714065
2014-12-10,002170.SZ,69.38,76.571,68.748,76.571,32725936.0,9.989,73.907,7.902,5.178,7.125,0,交易,10.74680701754386,13.39899575125531,476027.4626170943,0.9652087604967938,0.8978333833958027,0.9652087604967938
2014-12-11,002170.SZ,77.914,82.023,76.334,79.258,28039287.0,3.509,79.575,7.902,4.436,6.104,0,交易,12.984600262123196,17.564021641118124,367323.6958629182,0.9701547127025347,0.9306414054594444,1.0039995962552677
2014-12-12,002170.SZ,79.811,82.023,79.1,79.89,15974635.999999998,0.798,80.093,7.902,2.528,3.478,0,交易,22.9700977573318,31.57080696202532,201954.94310998736,0.9764700145081259,0.9643636540970215,1.0025409938665666
2014-12-15,002170.SZ,79.732,81.786,77.519,81.391,22533245.0,1.879,80.768,7.902,3.565,4.906,0,交易,16.590093762739503,22.36521739130435,290680.2848333957,0.9875528819113295,0.9478272564986673,0.9923455910358638
2014-12-16,002170.SZ,81.549,81.549,78.705,79.574,15037306.0,-2.233,79.427,7.902,2.379,3.274,0,交易,24.304825901038484,34.278688524590166,191059.0940855092,0.9739788348109726,0.9651252621123495,0.9981526629301029
2014-12-17,002170.SZ,79.811,80.048,74.991,76.808,17429885.0,-3.476,77.304,7.902,2.758,3.795,0,交易,20.239262187088276,28.93799854967368,232426.35782960622,0.9657205676594044,0.9368254047571457,1.006457660660348
2014-12-18,002170.SZ,77.045,78.863,75.307,78.388,10437241.0,2.058,77.465,7.902,1.651,2.272,0,交易,34.50176056338029,46.665657177468205,138595.89413998698,0.9822730558056376,0.9549091462409496,0.9882252385569219
2014-12-19,002170.SZ,78.23,80.759,77.282,79.258,18524936.0,1.109,79.584,7.902,2.931,4.033,0,交易,19.652367964294566,26.690549300580006,239705.70119820916,0.9854505380205303,0.956945975061603,1.0041131494612532
2014-12-22,002170.SZ,79.021,80.759,73.094,75.86,25023555.0,-4.287,76.469,7.902,3.959,5.448,0,交易,13.924375917767987,19.959838343015914,342347.5935097272,0.9468789856238933,0.9050879778105226,1.008027946216715
2014-12-23,002170.SZ,76.255,76.255,69.933,71.119,15541237.0,-6.25,72.303,7.902,2.459,3.383,0,交易,21.02246526751404,31.01057340382269,222230.37764717656,0.9481738902367058,0.9170939610517345,1.016648153095516
2014-12-24,002170.SZ,71.593,73.805,68.353,71.119,12274809.0,0.0,70.791,7.902,1.942,2.672,0,交易,26.61639221556886,36.865602471678685,179579.6673152605,0.9591626583564797,0.9261296660117877,0.9953880116424584
2015-01-05,002170.SZ,74.121,74.121,69.143,71.04,17496785.0,-0.111,70.936,7.902,2.768,3.809,0,交易,18.650564452612237,26.777817919075144,253052.1527848083,0.9570297216713214,0.9328395461475156,0.998536036036036
2015-01-06,002170.SZ,71.04,74.2,71.04,73.094,16870519.0,2.892,72.984,7.902,2.669,3.672,0,交易,19.9057734204793,26.616710378418887,237479.15259009006,0.9836118598382748,0.9574123989218329,0.9984950885161573
2015-01-07,002170.SZ,73.489,74.279,70.644,71.83,15042706.0,-1.73,72.225,7.902,2.38,3.275,0,交易,21.932824427480917,30.877731092436978,212936.78160919537,0.9723475006394808,0.951062884529948,1.0054990950856189
2015-01-08,002170.SZ,71.909,73.568,71.435,72.304,11978579.0,0.66,72.612,7.902,1.895,2.608,0,交易,27.7239263803681,37.9467018469657,167685.01434870862,0.987005219660722,0.9710064158329709,1.004259791989378
2015-01-09,002170.SZ,71.198,73.331,71.198,72.067,7317778.0,-0.328,72.419,7.902,1.158,1.593,0,交易,45.23979912115505,61.483592400690846,102780.66799629205,0.987563240648566,0.9709127108589818,1.0048843437356905
2015-01-12,002170.SZ,71.356,73.252,70.882,71.119,9372894.0,-1.316,72.02,7.902,1.483,2.04,0,交易,34.86225490196078,48.115981119352654,132232.35800344232,0.9831813465843936,0.9676459345819911,1.012668907043125
2015-01-13,002170.SZ,71.672,72.699,70.961,72.383,8365613.0,1.778,71.921,7.902,1.324,1.821,0,交易,39.74903898956617,54.13293051359516,117890.29185045307,0.9892983397295699,0.9760932062339235,0.9936172858267827
2015-01-14,002170.SZ,72.699,74.279,72.225,73.884,10685034.0,2.074,73.373,7.902,1.69,2.326,0,交易,31.76440240756664,43.01715976331361,147940.93457943926,0.9878027437095277,0.9723475006394808,0.9930837529099671
2015-01-15,002170.SZ,73.726,74.912,73.252,74.595,8881039.0,0.963,74.242,7.902,1.405,1.933,0,交易,38.59027418520434,52.474021352313166,121239.54294763284,0.9910561725758222,0.9778406663818879,0.995267779341779
2015-01-16,002170.SZ,74.674,75.149,72.699,74.833,13590109.0,0.318,73.708,7.902,2.15,2.958,0,交易,25.298512508451655,34.73209302325582,186936.67038061048,0.9808247614738719,0.9673981024364928,0.984966525463365
2015-01-19,002170.SZ,73.568,75.702,70.328,71.593,17112491.0,-4.329,73.319,7.902,2.707,3.725,0,交易,19.219597315436243,27.176948651643887,243324.01035149585,0.9685213072309847,0.9290111225595097,1.0241085022278715
2015-01-20,002170.SZ,72.462,76.65,72.067,76.413,19888839.0,6.733,74.71,7.902,3.147,4.33,0,交易,17.6473441108545,23.025738798856057,275977.0630108094,0.9746901500326156,0.9402087410306587,0.9777132163375342
2015-01-21,002170.SZ,77.045,81.786,76.729,81.391,31435371.999999996,6.515,80.132,7.902,4.973,6.843,0,交易,11.89405231623557,15.492660365976272,409693.4926820367,0.979776489863791,0.9381679015968503,0.9845314592522515
2015-01-22,002170.SZ,82.972,83.367,79.89,80.68,15896679.999999998,-0.874,81.08,7.902,2.515,3.46,0,交易,23.31791907514451,32.990854870775344,198982.10038803352,0.9725670828985089,0.9582928496887257,1.0049578582052552
2015-01-23,002170.SZ,82.577,84.631,80.996,81.233,24644195.0,0.686,82.599,7.902,3.899,5.365,0,交易,15.141286113699907,21.17902026160554,304264.34638747596,0.9759898855029482,0.9570488355330788,1.0168158260805338
2015-01-26,002170.SZ,81.312,83.525,80.364,82.893,21223019.0,2.043,82.249,7.902,3.358,4.62,0,交易,17.942207792207792,24.214413341274568,264086.145537803,0.9847231367853935,0.9621550434001795,0.9922309483309808
2015-01-27,002170.SZ,83.683,91.19,82.972,90.795,50090102.0,9.533,89.131,7.902,7.925,10.904,0,交易,8.326760821716801,10.559369085173502,603698.8622667888,0.9774207698212524,0.9098804693497093,0.9816729996145162
2015-01-28,002170.SZ,89.293,93.639,88.74,90.716,44784578.0,-0.087,91.631,7.902,7.085,9.749,0,交易,9.305159503538823,12.603105151729006,504671.82781158446,0.9785559435705209,0.9476820555537756,1.0100864235636493
2015-01-29,002170.SZ,88.503,90.874,87.713,88.898,14480564.000000002,-2.003,89.104,7.902,2.291,3.152,0,交易,28.203680203045682,38.6307289393278,165090.28308232533,0.9805224816779278,0.9652155732112595,1.0023172624805958
2015-01-30,002170.SZ,91.032,94.035,87.713,89.135,22028232.0,0.267,90.808,7.902,3.485,4.795,0,交易,18.58915537017727,26.121090387374462,251139.87664314298,0.965682990375924,0.9327697134045834,1.0187692825489427
2015-02-02,002170.SZ,88.898,88.898,84.552,85.737,14592101.0,-3.812,86.943,7.902,2.309,3.177,0,交易,26.986779981114257,38.50064963187527,172581.381871511,0.9780085041283268,0.951112510967626,1.014066272437804
2015-02-03,002170.SZ,85.026,88.029,83.051,86.844,19990701.0,1.29,85.724,7.902,3.163,4.352,0,交易,19.954963235294116,26.881441669301296,240703.91687035677,0.9738154471821787,0.943450453827716,0.987103311685321
2015-02-04,002170.SZ,86.844,87.397,84.552,85.105,10485861.0,-2.002,85.935,7.902,1.659,2.283,0,交易,37.277704774419625,52.34719710669077,124016.71160942377,0.9832717370161447,0.9674473952195155,1.0097526584807004
2015-02-05,002170.SZ,86.212,87.634,82.577,83.051,13414279.999999998,-2.414,85.906,7.902,2.122,2.92,0,交易,28.442123287671233,40.62770970782281,162445.71733049152,0.9802816258529795,0.9422940867699751,1.0343764674717946
2015-02-06,002170.SZ,83.209,86.528,82.26,82.577,10084203.0,-0.571,84.033,7.902,1.595,2.195,0,交易,37.620501138952164,52.168652037617555,122589.38730853391,0.9711654031065088,0.950674926035503,1.0176320282887488
2015-02-09,002170.SZ,82.577,83.446,79.021,80.917,8278825.999999999,-2.01,81.288,7.902,1.31,1.802,0,交易,44.90399556048835,63.03587786259541,104767.41625643815,0.974138964120509,0.9469716942693479,1.0045849450671676
2015-02-10,002170.SZ,80.601,84.394,79.811,83.446,7049267.0,3.125,82.495,7.902,1.115,1.535,0,交易,54.36221498371336,72.28789237668161,88324.50414103318,0.9774984003602152,0.9456951916012987,0.9886034081921243
2015-02-11,002170.SZ,83.446,91.664,83.288,87.713,16576331.0,5.114,88.073,7.902,2.623,3.608,0,交易,24.310698447893568,31.813191002668695,199024.24118720586,0.9608243148891603,0.9086227962995287,1.0041042946883587
2015-02-12,002170.SZ,88.503,90.084,86.132,87.871,8738541.0,0.18,87.73,7.902,1.383,1.902,0,交易,46.199263932702415,63.99349240780911,101455.21989504481,0.9738688335331469,0.9561298343768039,0.9983953750384087
2015-02-13,002170.SZ,88.266,89.609,87.476,88.108,7372813.0,0.27,88.126,7.902,1.166,1.605,0,交易,54.895950155763245,75.69982847341339,84283.83785266816,0.9834503230702274,0.9761965873963553,1.000204294729196
2015-02-16,002170.SZ,88.661,90.874,88.108,90.716,10731983.0,2.96,90.124,7.902,1.698,2.336,0,交易,38.83390410958904,52.21495877502945,121804.8644844963,0.9917468142703083,0.9695622510288973,0.9934741390713876
2015-02-17,002170.SZ,91.269,91.664,88.898,89.767,9167002.0,-1.045,89.886,7.902,1.45,1.996,0,交易,44.973446893787575,62.94413793103449,103118.20288420438,0.9806030720893698,0.9698245767149589,1.0013256541936346
2015-02-25,002170.SZ,90.321,90.479,87.081,87.476,7028680.0,-2.553,87.963,7.902,1.112,1.53,0,交易,57.17385620915032,81.22392086330935,80714.27751174194,0.9721924424452082,0.9624443240973044,1.005567241300471
2015-02-26,002170.SZ,87.95,91.585,87.239,91.506,13243515.0,4.607,89.72,7.902,2.095,2.883,0,交易,31.739854318418313,41.98090692124105,151807.27656208805,0.9796364033411585,0.9525468144346783,0.9804821541756824
2015-02-27,002170.SZ,91.269,94.43,90.558,93.086,13665619.0,1.727,92.617,7.902,2.162,2.975,0,交易,31.289411764705882,42.215078630897324,150904.6025751452,0.9808005930318754,0.95899608175368,0.9949616483681757
2015-03-02,002170.SZ,93.56,99.882,90.874,98.776,19242224.0,6.112,94.999,7.902,3.044,4.189,0,交易,23.579851993315827,30.73587385019711,211746.19803244053,0.9511123125287839,0.9098135800244287,0.9617619664695878
2015-03-03,002170.SZ,97.986,105.176,95.457,101.383,27096878.999999996,2.64,101.42,7.902,4.287,5.899,0,交易,17.18647228343787,22.856543037088876,283864.76633457997,0.9642884308207196,0.9075929869932303,1.0003649527041023
2015-03-04,002170.SZ,100.04,111.103,98.776,109.681,29058101.0,8.184,106.626,7.902,4.597,6.326,0,交易,17.338128359152705,21.762018707852945,294181.7951729165,0.959704058396263,0.8890489005697416,0.9721464975702264
2015-03-12,002170.SZ,110.629,120.111,103.675,111.656,36048933.0,1.801,110.354,7.902,5.703,7.847,0,交易,14.229132152414936,19.398386813957565,347710.9524957801,0.9187668073698495,0.8631599104161983,0.9883391846385325
2015-03-13,002170.SZ,111.656,112.13,106.362,107.389,20467591.0,-3.822,107.869,7.902,3.238,4.456,0,交易,24.099865350089765,34.48301420630019,192433.30324740038,0.9619994649068047,0.9485597074823865,1.0044697315367497
2015-03-16,002170.SZ,107.942,111.814,105.176,108.337,24971379.0,0.883,108.579,7.902,3.951,5.436,0,交易,19.92954378219279,27.320172108327004,237424.6881417814,0.9710680236821865,0.9406335521491048,1.0022337705493043
2015-03-17,002170.SZ,112.683,114.817,109.048,111.893,39668701.0,3.282,111.122,7.902,6.276,8.635,0,交易,12.958077591198611,17.954588910133843,363772.8431516396,0.9678183544248674,0.9497548272468364,0.9931094885292199
2015-03-18,002170.SZ,109.127,111.024,107.863,109.839,33978625.0,-1.836,109.428,7.902,5.376,7.397,0,交易,14.849128024874949,20.29892113095238,315016.50241510064,0.9856247297881539,0.9715286784839314,0.9962581596700625
2015-03-19,002170.SZ,109.76,111.419,108.258,110.708,31939049.0,0.791,109.734,7.902,5.053,6.953,0,交易,15.922335682439234,21.72174945576885,295027.1481091467,0.9848769060932157,0.9716296143386676,0.9912020811504136
2015-03-20,002170.SZ,110.708,110.708,108.495,109.444,18975622.0,-1.142,109.296,7.902,3.002,4.131,0,交易,26.493343016218834,36.87808127914724,174898.5851882575,0.9872457274993678,0.9800104780142357,0.9986477102445086
2015-03-23,002170.SZ,109.048,110.471,107.073,108.495,41536807.0,-0.866,108.082,7.902,6.572,9.042,0,交易,11.999004644990046,16.59281801582471,387929.7955600385,0.9783744150048428,0.969240796227064,0.996193372966496
2015-03-24,002170.SZ,108.1,112.13,104.781,111.972,54662757.99999999,3.205,108.628,7.902,8.648,11.899,0,交易,9.410202538028406,12.5,521685.78272778454,0.9687683938285918,0.9344600017836441,0.9701353909906049
2015-03-25,002170.SZ,111.972,123.193,108.653,120.111,66771319.99999999,7.269,116.463,7.902,10.564,14.535,0,交易,8.263570691434468,10.599394168875426,614537.2884319806,0.945370272661596,0.8819738134471927,0.9696280940130378
2015-03-26,002170.SZ,118.452,121.692,112.209,113.079,35493924.0,-5.855,116.107,7.902,5.616,7.727,0,交易,14.634269444803932,21.091880341880344,316319.76044702297,0.9541054465371595,0.9220737599842226,1.0267777394564863
2015-03-27,002170.SZ,111.419,112.525,108.179,109.681,27130542.0,-3.005,109.632,7.902,4.292,5.906,0,交易,18.571114121232647,25.959692451071763,250793.05595355845,0.9742901577427239,0.9613774716729615,0.9995532498791951
2015-03-30,002170.SZ,109.681,110.392,106.52,109.048,27924327.0,-0.576,108.101,7.902,4.418,6.079,0,交易,17.938476723145254,24.82593933906745,262151.0232820128,0.9792466845423582,0.9649249945648235,0.9913157508620057
2015-03-31,002170.SZ,109.048,110.234,108.1,109.681,22013180.0,0.58,109.219,7.902,3.483,4.549,0,交易,24.111013409540554,31.308641975308642,203637.1877890842,0.990792314530907,0.9806411814866557,0.9957877845752683
2015-04-01,002170.SZ,107.073,112.525,106.125,109.207,30747703.000000004,-0.432,109.643,7.902,4.865,6.354,0,交易,17.187126219704123,22.008838643371014,289731.0058892815,0.974387913796934,0.943123750277716,1.003992418068439
2015-04-02,002170.SZ,110.234,114.817,110.076,112.604,40234726.0,3.111,113.133,7.902,6.366,8.315,0,交易,13.542273000601323,17.316054037071943,365517.6968639849,0.9853331823684646,0.9587082052309327,1.0046978792938084
2015-04-03,002170.SZ,112.683,118.531,112.051,118.531,42341313.0,5.263,116.496,7.902,6.699,8.75,0,交易,13.5464,16.82086878638603,377875.3692515015,0.982831495558124,0.945330757354616,0.982831495558124
2015-04-07,002170.SZ,118.61,126.354,118.61,121.85,41885293.0,2.8,123.018,7.902,6.627,8.656,0,交易,14.076940850277262,17.89799305869926,353134.5839305286,0.9735979866090507,0.9387118729917533,1.0095855560114897
2015-04-08,002170.SZ,123.272,124.853,113.79,116.713,30826000.0,-4.215,118.521,7.902,4.877,6.371,0,交易,18.319416104222256,25.276194381792088,270902.53976623603,0.9492843584054849,0.9113917967529815,1.015490990720828
2015-04-09,002170.SZ,116.951,117.504,106.362,114.027,26057548.0,-2.302,112.411,7.902,4.123,5.385,0,交易,21.174930362116992,28.36551055056997,244989.2630826799,0.9566567946623094,0.9051776960784312,0.9858279179492576
2015-04-10,002170.SZ,114.58,119.4,112.209,118.531,27009350.0,3.95,116.982,7.902,4.273,5.582,0,交易,21.23450376209244,26.81488415633045,240705.73661649242,0.9797487437185929,0.9397738693467337,0.9869316887565278
2015-04-13,002170.SZ,120.506,126.433,120.032,121.692,31557046.999999996,2.667,122.812,7.902,4.993,6.522,0,交易,18.65869365225391,24.13498898457841,262905.2835910424,0.9713603252315455,0.9493723948652645,1.009203563093712
2015-04-14,002170.SZ,121.613,133.545,118.452,131.095,49769625.0,7.727,127.717,7.902,7.874,10.286,0,交易,12.744993194633484,15.44488188976378,420167.02968290955,0.9563592796435659,0.8869819162080198,0.9742324268660132
2015-04-15,002170.SZ,131.016,131.095,120.506,123.193,30696306.0,-6.028,125.057,7.902,4.857,6.344,0,交易,19.418820933165193,26.974675725756637,254728.44505667768,0.9539417979327969,0.919226515122621,1.0151307298304286
2015-04-16,002170.SZ,121.771,131.569,118.531,122.877,24654450.0,-0.257,124.584,7.902,3.901,5.095,0,交易,24.117173699705592,31.215329402717252,208000.01687322304,0.9469099863949716,0.9009037083203492,1.013891940721209
2015-04-17,002170.SZ,123.035,125.327,121.534,123.746,19899749.0,0.707,123.062,7.902,3.148,4.113,0,交易,30.08655482616095,39.08354510800508,163738.12266526237,0.9819272782401238,0.9697351727879867,0.9944725486076318
2015-04-20,002170.SZ,123.825,124.22,116.951,118.136,27464503.999999996,-4.534,119.511,7.902,4.345,5.676,0,交易,20.813248766737136,28.498273878020715,234837.70125950183,0.9620914506520689,0.941482853002737,1.011639127784926
2015-04-21,002170.SZ,118.057,124.853,117.504,124.141,25080124.0,5.084,121.919,7.902,3.968,5.183,0,交易,23.951572448388966,29.752268145161292,213440.59776688452,0.976500364428568,0.9411387792043444,0.982100998058659
2015-04-22,002170.SZ,126.433,136.548,126.433,136.548,50355148.0,9.994,134.245,7.902,7.967,10.407,0,交易,13.120784087633323,15.86958704656709,398275.3553265366,0.9831341359814864,0.9259234847819082,0.9831341359814864
2015-04-23,002170.SZ,142.158,146.583,137.101,141.447,45487384.0,3.588,141.944,7.902,7.197,9.401,0,交易,15.045952558238486,19.752396832013336,331780.10371915594,0.9683524010287686,0.9353130990633293,1.0035136835705245
2015-04-24,002170.SZ,138.286,143.264,134.256,139.471,26772253.000000004,-1.397,138.913,7.902,4.236,5.533,0,交易,25.207120910898247,32.64542020774316,199411.96669050175,0.969629495197677,0.9371230734867098,0.9959991682858803
2015-04-27,002170.SZ,140.025,144.213,135.678,142.237,35715723.0,1.983,140.406,7.902,5.651,7.381,0,交易,19.270695027774014,24.778800212351797,263238.8670233936,0.9736015477106781,0.9408167086185019,0.9871271188228099
2015-04-28,002170.SZ,143.027,148.796,135.125,138.997,46963232.0,-2.278,143.177,7.902,7.43,9.706,0,交易,14.32072944570369,19.24993270524899,347553.98334875115,0.9622368880883895,0.9081225301755425,1.0300725914947804
2015-04-29,002170.SZ,138.207,143.818,131.885,140.973,30841595.0,1.421,140.891,7.902,4.879,6.374,0,交易,22.116881079385006,28.326911252305802,233852.1818250749,0.9796478883032721,0.91702707588758,0.9994183283323755
2015-04-30,002170.SZ,147.769,155.038,146.978,155.038,20877710.0,9.978,153.81,7.902,3.303,4.315,0,交易,35.93001158748552,44.73781410838632,142046.49675461632,0.9920793611888697,0.9480127452624518,0.9920793611888697
2015-05-04,002170.SZ,161.992,162.624,149.033,149.428,34490822.0,-3.619,153.522,7.902,5.457,7.128,0,交易,20.963524130190795,29.68517500458127,231430.77036629475,0.944030401416765,0.9164268496654859,1.0273978103166743
2015-05-05,002170.SZ,149.586,162.387,149.507,155.671,36879432.0,4.178,155.68,7.902,5.835,7.622,0,交易,20.42390448701128,25.63598971722365,246673.61394449757,0.9586974326762611,0.9206833059296619,1.0000578142364347
2015-05-06,002170.SZ,153.774,167.603,146.188,163.573,36514596.0,5.076,159.969,7.902,5.777,7.546,0,交易,21.6767824012722,26.618314003808205,249778.3402194435,0.9544518892859912,0.8722278240842943,0.9779670238975869
2015-05-13,002170.SZ,179.93,179.93,179.93,179.93,544850.0,10.0,179.93,7.902,0.086,0.113,0,交易,1592.3008849557523,2092.2093023255816,3028.122047462902,1.0,1.0,1.0
2015-05-14,002170.SZ,197.947,197.947,181.747,184.197,68881995.0,2.372,191.5,7.902,10.898,14.235,0,交易,12.939726027397262,18.16360800146816,378999.35074581695,0.9674306758879903,0.9181599114914599,1.0396477684218526
2015-05-15,002170.SZ,176.295,183.328,165.943,179.93,46821252.0,-2.317,173.707,7.902,7.408,9.676,0,交易,18.595494005787515,23.797921166306693,282152.6186702663,0.947520291499389,0.9051699685809043,0.965414327794142
2015-05-18,002170.SZ,179.298,179.298,172.107,173.055,34506988.0,-3.821,174.443,7.902,5.459,7.131,0,交易,24.267984854859066,32.84447701044147,200497.2952872341,0.9729221742573816,0.9598935849814275,1.0080205714946116
2015-05-19,002170.SZ,173.055,184.118,172.265,178.192,30144067.0,2.968,177.112,7.902,4.769,6.23,0,交易,28.602247191011234,36.287481652338016,174986.60203755842,0.9619483157540273,0.9356228071128297,0.9939391218460986
2015-05-20,002170.SZ,179.377,189.65,176.216,184.118,36356657.0,3.326,184.072,7.902,5.752,7.514,0,交易,24.503327122704285,31.18515299026426,206318.70545239933,0.9705879251252306,0.9291642499340891,0.9997501602233351
2015-05-21,002170.SZ,184.118,193.68,181.826,193.363,30792513.0,5.021,188.799,7.902,4.872,6.364,0,交易,30.383878064110622,37.79105090311987,169351.5393838065,0.9747986369268897,0.9387959520859148,0.9763967253300787
2015-05-22,002170.SZ,195.023,210.195,195.023,203.32,45746021.0,5.149,204.664,7.902,7.238,9.454,0,交易,21.506240744658342,26.944321635810994,234567.31257338877,0.9736863388758058,0.9278194057898618,1.0066102695258705
2015-05-25,002170.SZ,206.007,210.59,200.001,206.402,36607206.0,1.516,205.175,7.902,5.792,7.565,0,交易,27.283807005948443,35.56750690607735,183035.11482442587,0.9742865283251817,0.9497174604682084,0.9940552901619172
2015-07-28,002170.SZ,185.778,185.778,185.778,185.778,734600.0,-9.992,185.778,7.902,0.116,0.152,0,交易,1222.2236842105262,1601.5344827586205,3954.18187298819,1.0,1.0,1.0
2015-07-29,002170.SZ,167.208,167.208,167.208,167.208,601900.0,-9.996,167.208,7.902,0.095,0.124,0,交易,1348.4516129032259,1760.0842105263157,3599.7081479355056,1.0,1.0,1.0
2015-07-30,002170.SZ,150.455,150.455,150.455,150.455,1985700.0,-10.019,150.455,7.902,0.314,0.41,0,交易,366.9634146341464,479.15605095541406,13197.966169286496,1.0,1.0,1.0
2015-07-31,002170.SZ,135.441,135.441,135.441,135.441,1724300.0,-9.979,135.441,7.902,0.273,0.356,0,交易,380.4522471910113,496.12087912087907,12731.004644088569,1.0,1.0,1.0
2015-08-03,002170.SZ,121.929,121.929,121.929,121.929,1232100.0,-9.977,121.929,7.902,0.195,0.254,0,交易,480.03543307086613,625.276923076923,10105.061142140097,1.0,1.0,1.0
2015-08-04,002170.SZ,109.76,134.098,109.76,133.466,178584787.0,9.462,116.308,7.902,28.224,36.855,0,交易,3.6213810880477553,3.888888888888889,1627047.986516035,0.867335829020567,0.81850586884219,0.8714429143002712
2015-08-05,002170.SZ,120.902,126.433,120.111,120.111,134402279.0,-10.006,123.252,7.902,21.241,27.737,0,交易,4.330352958142553,5.691916576432371,1118983.9315300013,0.974840429318295,0.9499972317353855,1.0261508105002872
2015-08-06,002170.SZ,111.656,116.16,108.969,109.76,77666609.0,-8.618,111.989,7.902,12.275,16.028,0,交易,6.848015972048915,9.096211812627292,712740.4032339473,0.9640926308539945,0.9380940082644628,1.020307944606414
2015-08-07,002170.SZ,112.13,118.531,112.051,116.397,75919087.0,6.048,114.882,7.902,11.998,15.668,0,交易,7.428963492468727,9.34572428738123,677540.4681796682,0.9692148045658942,0.945330757354616,0.9869842006237274
2015-08-10,002170.SZ,117.741,127.223,114.659,123.43,97304462.0,6.042,119.762,7.902,15.378,20.081,0,交易,6.146606244708929,7.6564572766289505,848642.1650284757,0.941354943681567,0.9012442718690803,0.9702827513570444
2015-08-11,002170.SZ,123.509,123.667,118.531,120.032,75188874.0,-2.753,121.002,7.902,11.883,15.517,0,交易,7.735515885802668,10.393755785576033,634339.3205153082,0.9784501928566229,0.958469114638505,1.0080811783524393
2015-08-12,002170.SZ,117.741,122.166,116.318,117.741,47109496.0,-1.909,119.289,7.902,7.445,9.722,0,交易,12.110779674964,15.814775016789792,405006.06956790865,0.976450076125927,0.9521307073981304,1.0131475017198768
2015-08-13,002170.SZ,118.847,120.902,114.343,120.111,52097294.0,2.013,118.009,7.902,8.234,10.752,0,交易,11.171037946428571,14.433689579791109,455622.94150057284,0.9760715290069644,0.9457494499677425,0.9824995212761528
2015-08-14,002170.SZ,121.376,122.166,117.741,118.531,56084000.0,-1.316,119.337,7.902,8.864,11.574,0,交易,10.241143943321237,13.693140794223826,476333.6475824055,0.9768429841363392,0.963778792790138,1.0067999088845956
2015-08-17,002170.SZ,118.61,119.716,116.713,119.321,47226777.0,0.667,118.329,7.902,7.464,9.746,0,交易,12.243074081674532,15.890943193997856,404640.2457309812,0.9884142470513548,0.9749156336663437,0.9916862915999698
2015-08-18,002170.SZ,119.874,119.953,107.389,107.389,53444984.0,-10.0,114.12,7.902,8.447,11.03,0,交易,9.73608340888486,14.19131052444655,497676.52180390916,0.9513726209432027,0.895258976432436,1.0626786728622113
2015-08-19,002170.SZ,102.49,110.471,97.195,107.863,49195798.0,0.442,102.553,7.902,7.775,10.153,0,交易,10.623756525164975,13.181993569131832,506155.64586655697,0.9283250807904336,0.8798236641290473,0.950770885289673
2015-08-20,002170.SZ,105.097,106.599,100.356,100.593,33988840.0,-6.74,103.598,7.902,5.372,7.014,0,交易,14.341745081266039,19.563849590469097,338682.6896249353,0.9718477659265096,0.9414347226521824,1.0298728539759228
2015-08-21,002170.SZ,97.828,99.408,90.558,90.637,42908088.0,-9.898,94.487,7.902,6.781,8.855,0,交易,10.235686053077357,14.426780710809616,473818.85642350756,0.9504969418960244,0.9109729599227427,1.0424771340622483
2015-08-24,002170.SZ,84.552,85.184,81.549,81.549,27595439.0,-10.026,82.202,7.902,4.361,5.695,0,交易,14.319402985074626,19.388213712451275,338390.89381844044,0.9649934259954921,0.9573276671675434,1.0080074556401672
2015-08-25,002170.SZ,73.41,75.465,73.41,73.41,27700776.0,-9.981,73.726,7.902,4.378,5.717,0,交易,12.840650690921812,16.76793056190041,377343.3592153658,0.9769562048631816,0.9727688332339495,1.0043045906552241
2015-08-26,002170.SZ,73.094,76.018,66.061,66.061,59669276.0,-10.011,70.017,7.902,9.43,12.314,0,交易,5.364706837745656,7.751219512195122,903245.1219327591,0.9210581704333184,0.8690178641900603,1.0598840465630248
2015-08-27,002170.SZ,67.879,72.699,64.797,72.699,58517719.99999999,10.048,69.258,7.902,9.248,12.077,0,交易,6.0196240788275235,7.339857266435987,903093.0444310693,0.9526678496265423,0.8913052449139602,0.9526678496265423
2015-08-28,002170.SZ,74.674,79.969,73.094,79.969,71025115.0,10.0,77.241,7.902,11.225,14.658,0,交易,5.455655614681403,6.652472160356348,971695.5564068187,0.965886781127687,0.914029186309695,0.965886781127687
2015-08-31,002170.SZ,81.786,85.421,76.65,79.969,79234756.0,0.0,82.304,7.902,12.522,16.352,0,交易,4.890472113502935,6.531384762817441,1033721.5394651011,0.9635101438756277,0.8973203310661313,1.0291988145406346
2015-09-01,002170.SZ,77.361,78.23,71.988,71.988,44543249.0,-9.98,73.755,7.902,7.04,9.193,0,交易,7.830740781029044,10.98877840909091,618759.3626715564,0.9427968809919467,0.9202096382461971,1.024545757626271
2015-09-02,002170.SZ,65.429,75.07,65.429,65.587,44864692.0,-8.891,69.112,7.902,7.09,9.259,0,交易,7.083594340641538,9.228349788434414,685700.4080759296,0.9206340748634608,0.8715731983482085,1.053745406864165
2015-09-07,002170.SZ,67.563,71.277,67.247,68.748,41549109.0,4.819,69.245,7.902,6.566,8.575,0,交易,8.01725947521866,10.289826378312519,617858.1795470429,0.971491504973554,0.9434600221670384,1.0072293012160354
2015-09-08,002170.SZ,68.353,75.623,67.168,75.623,41657265.0,10.0,71.128,7.902,6.584,8.597,0,交易,8.79644061882052,10.381682867557716,620195.1077894234,0.9405604115150152,0.8881953902913136,0.9405604115150152
2015-09-09,002170.SZ,77.44,81.944,75.939,79.337,76634672.0,4.911,78.946,7.902,12.111,15.815,0,交易,5.016566550742966,6.3941871026339685,1009160.9318005242,0.9634140388558039,0.9267182466074391,0.9950716563520173
2015-09-10,002170.SZ,77.045,78.626,75.86,76.097,42892029.0,-4.084,77.327,7.902,6.779,8.852,0,交易,8.596588341617712,11.365245611447117,565410.3480094912,0.9834787474881082,0.9648207971917686,1.016163580693063
2015-09-11,002170.SZ,76.018,79.495,75.702,78.467,38085723.0,3.115,77.78,7.902,6.019,7.86,0,交易,9.983078880407124,12.629672703106829,503100.61821352143,0.9784263161205107,0.9522863073149254,0.9912447270827227
2015-09-14,002170.SZ,78.705,79.416,70.644,70.644,38286235.0,-9.97,74.027,7.902,6.051,7.901,0,交易,8.941146690292369,13.006941001487357,541960.1806239737,0.932142137604513,0.8895436687821096,1.047888001811902
2015-09-15,002170.SZ,66.851,68.353,63.612,63.612,40232228.0,-9.955,65.135,7.902,6.358,8.303,0,交易,7.661327231121281,10.514469959106638,632462.8686411369,0.9529208666773954,0.9306394744927071,1.0239420235175754
2015-09-16,002170.SZ,63.612,70.012,62.505,70.012,46193473.0,10.062,65.771,7.902,7.3,9.533,0,交易,7.344172873177384,8.713972602739727,739036.4450843933,0.9394246700565617,0.8927755241958522,0.9394246700565617
2015-09-17,002170.SZ,69.538,72.304,66.298,66.377,52112057.0,-5.192,69.548,7.902,8.236,10.755,0,交易,6.171734077173407,8.443176299174356,786027.5875592023,0.9618831599911485,0.9169340562071254,1.0477725718245778
2015-09-18,002170.SZ,67.168,68.353,64.797,66.535,28150546.000000004,0.238,66.548,7.902,4.449,5.81,0,交易,11.451807228915662,15.097325241627335,434442.11923391523,0.9735929659268797,0.9479759483855866,1.000195385887127
2015-09-21,002170.SZ,65.113,70.407,64.876,69.854,34967993.0,4.988,68.123,7.902,5.526,7.216,0,交易,9.680432372505543,11.78302569670648,538997.3642024786,0.9675600437456504,0.9214424702089282,0.9752197440375642
2015-09-22,002170.SZ,69.933,71.672,68.748,70.644,43927315.0,1.131,70.58,7.902,6.942,9.065,0,交易,7.793050193050194,10.07389801210026,638961.3516029557,0.9847639245451502,0.9592030360531311,0.9990940490345959
2015-09-23,002170.SZ,69.064,70.723,68.353,69.143,33497420.0,-2.125,69.475,7.902,5.294,6.913,0,交易,10.001880514971791,13.045712126936154,490065.1032141969,0.982353689747324,0.9664889781259278,1.0048016429718118
2015-09-24,002170.SZ,69.617,76.097,69.617,76.097,78865124.0,10.057,74.294,7.902,12.464,16.276,0,交易,4.675411649053821,5.585446084724006,1132842.8975681227,0.9763065561060226,0.91484552610484,0.9763065561060226
2015-09-25,002170.SZ,77.44,77.44,70.407,72.067,70818896.0,-5.296,74.275,7.902,11.192,14.615,0,交易,4.931029763941156,6.9192280200142955,1005850.2137571549,0.9591296487603307,0.9091813016528926,1.03063815616024
2015-09-28,002170.SZ,72.699,75.386,69.775,74.991,43807465.0,4.057,73.339,7.902,6.923,9.041,0,交易,8.294547063377944,10.501083345370503,627838.9824435685,0.9728464171066246,0.9255697344334494,0.9779706898161112
2015-09-29,002170.SZ,73.331,74.991,71.83,72.936,37841844.0,-2.74,73.18,7.902,5.981,7.81,0,交易,9.338796414852755,12.260658752716937,526825.0591674788,0.9758504353855797,0.9578482751263485,1.0033453987057146
2015-09-30,002170.SZ,73.094,74.279,71.356,72.699,25015861.0,-0.325,72.758,7.902,3.954,5.163,0,交易,14.080766995932596,18.48609003540718,350578.2414933573,0.9795231492077169,0.9606483662946458,1.0008115654960865
2015-10-08,002170.SZ,76.492,77.598,74.358,76.176,51788171.0,4.783,76.208,7.902,8.185,10.688,0,交易,7.1272455089820355,9.345387904703726,696470.736168267,0.9820871671950308,0.9582463465553237,1.0004200798151648
2015-10-09,002170.SZ,76.413,83.762,75.939,83.762,79363576.0,9.959,80.547,7.902,12.543,16.379,0,交易,5.113987422919592,6.092083233676155,1045096.4063261303,0.9616174398892099,0.9066044268283946,0.9616174398892099
2015-10-12,002170.SZ,86.923,92.138,85.737,91.664,99743635.0,9.434,89.213,7.902,15.764,20.584,0,交易,4.453167508744656,5.514019284445572,1163367.449292604,0.9682541405283378,0.9305281208621848,0.9732610403211729
2015-10-13,002170.SZ,89.056,94.272,88.503,93.007,74374652.0,1.466,90.916,7.902,11.754,15.349,0,交易,6.059482702456187,7.5766547558278035,840363.0611391704,0.9644008825526136,0.9388047352342158,0.9775178212392615
2015-10-14,002170.SZ,94.509,97.669,90.716,90.795,74043574.0,-2.379,93.518,7.902,11.702,15.281,0,交易,5.941692297624501,8.076311741582636,816212.950306451,0.9574993088902314,0.9288105744913944,1.029990638251005
2015-10-15,002170.SZ,90.874,94.43,88.898,93.797,85783502.0,3.307,91.709,7.902,13.557,17.703,0,交易,5.298367508331921,6.703105406800914,964965.488537425,0.9711850047654347,0.9414169225881605,0.9777391601010694
2015-10-16,002170.SZ,93.323,94.114,89.688,92.375,85396908.0,-1.516,91.882,7.902,13.496,17.624,0,交易,5.2414321379936455,6.914863663307646,952155.3385068236,0.9762840810081391,0.9529719276621968,0.9946630581867388
2015-10-19,002170.SZ,92.296,92.375,88.503,90.558,58909606.00000001,-1.967,90.484,7.902,9.31,12.157,0,交易,7.449041704367854,9.913641245972073,665622.7020552977,0.9795290933694181,0.9580838971583221,0.9991828441440843
2015-10-20,002170.SZ,90.084,94.035,89.293,93.007,72499421.0,2.705,92.502,7.902,11.458,14.962,0,交易,6.2162144098382575,7.862105079420492,811927.261935426,0.9836975594193651,0.9495719678842985,0.9945703011601277
2015-10-21,002170.SZ,92.454,96.405,83.683,83.683,88468671.0,-10.025,90.509,7.902,13.982,18.258,0,交易,4.5833607185891125,6.6123587469603775,1057188.0907711242,0.9388413464031948,0.8680358902546549,1.0815697333986591
2015-10-22,002170.SZ,83.446,87.713,80.68,87.713,55517585.0,4.816,84.588,7.902,8.774,11.457,0,交易,7.655843589072182,9.510599498518351,688120.7858205255,0.9643724419413314,0.9198180429354829,0.9643724419413314
2015-10-23,002170.SZ,86.923,90.242,85.974,89.372,55421687.0,1.892,88.005,7.902,8.759,11.438,0,交易,7.8136037768840705,9.923849754538189,644633.110010003,0.9752110990447905,0.9527049489151392,0.9847043816855391
2015-10-26,002170.SZ,92.454,98.302,90.874,98.302,143544175.0,9.991,96.696,7.902,22.686,29.624,0,交易,3.31832298136646,4.07537688442211,1579595.6489204834,0.983662590791642,0.9244369392280929,0.983662590791642
2015-10-27,002170.SZ,98.302,98.302,90.874,96.168,100165194.0,-2.17,95.024,7.902,15.83,20.671,0,交易,4.652314837211553,6.209854706253949,1102242.5996434623,0.9666537812048585,0.9244369392280929,0.9881041510689625
2015-10-28,002170.SZ,94.825,98.618,91.822,92.77,66661094.99999999,-3.533,95.663,7.902,10.535,13.757,0,交易,6.743476048557098,9.00094921689606,725981.7364030406,0.9700358960838792,0.9310876310612668,1.0311846502101973
2015-10-29,002170.SZ,94.272,97.195,91.664,94.588,52962639.0,1.959,94.371,7.902,8.37,10.93,0,交易,8.653979871912169,11.263082437275987,577791.0521033339,0.9709450074592315,0.9430937805442667,0.9977058400642788
2015-10-30,002170.SZ,93.323,93.877,89.293,92.217,43477136.0,-2.506,92.251,7.902,6.871,8.973,0,交易,10.277164827816783,13.5821568912822,486904.1918179476,0.9826794635533731,0.9511701481726089,1.0003686955767375
2015-11-02,002170.SZ,90.084,95.457,88.977,91.664,43492015.0,-0.6,93.175,7.902,6.874,8.976,0,交易,10.212121212121211,13.10503345941228,488800.64511053415,0.9760939480603833,0.9321160313020523,1.0164841159015534
2015-11-03,002170.SZ,95.141,97.195,92.375,93.956,54554707.99999999,2.5,94.416,7.902,8.622,11.259,0,交易,8.344968469668709,11.034678728833217,590578.7063599458,0.9714079942383868,0.9504089716549206,1.004895908723232
2015-11-04,002170.SZ,94.035,101.542,92.533,100.04,86002057.0,6.476,97.542,7.902,13.592,17.749,0,交易,5.6363738802186045,6.918407886992348,929420.3905633666,0.9606074333773217,0.9112780918240728,0.975029988004798
2015-11-05,002170.SZ,100.514,103.912,96.721,98.065,80318587.0,-1.975,99.783,7.902,12.694,16.576,0,交易,5.916083494208494,7.9182290846069,830415.1838794057,0.9602644545384555,0.9307972130264069,1.0175189925049712
2015-11-06,002170.SZ,97.195,104.86,97.195,102.016,70262804.0,4.029,100.914,7.902,11.104,14.5,0,交易,7.035586206896552,8.753152017291066,722905.5404084573,0.962368872782758,0.9269025367156207,0.9891977728983689
2015-11-09,002170.SZ,101.937,104.702,98.776,102.095,68468255.0,0.077,101.899,7.902,10.821,14.13,0,交易,7.225406935598018,9.420293873024674,693166.9130153074,0.9732287826402553,0.9434012721820022,0.9980802194034968
2015-11-10,002170.SZ,102.964,106.52,100.909,103.359,72687315.0,1.238,103.906,7.902,11.488,15.001,0,交易,6.890140657289514,8.96274373259053,720325.392185038,0.9754600075103268,0.947324446113406,1.0052922338644918
2015-11-11,002170.SZ,101.7,104.702,100.909,103.438,50548508.0,0.076,102.397,7.902,7.989,10.432,0,交易,9.91545245398773,12.73000375516335,500931.61165010056,0.9779851387748085,0.9637733758667457,0.9899360003093641
2015-11-12,002170.SZ,104.228,106.441,101.146,104.939,59336116.0,1.451,103.686,7.902,9.378,12.245,0,交易,8.569946917109023,11.11409682235018,586638.2852510232,0.9741171165246475,0.9502541313967362,0.9880597299383452
2015-11-13,002170.SZ,102.727,104.544,101.146,101.304,43458096.0,-3.464,102.542,7.902,6.868,8.969,0,交易,11.294904671646785,14.957338380896912,429657.0897514484,0.9808501683501684,0.9674969390878482,1.0122206428176577
2015-11-16,002170.SZ,97.749,101.7,96.958,101.542,30663343.0,0.234,99.731,7.902,4.846,6.328,0,交易,16.04646017699115,20.171068922822947,316253.87281090784,0.9806391347099311,0.9533726647000983,0.9821650154615823
2015-11-17,002170.SZ,102.727,109.444,102.727,105.018,79048767.0,3.424,105.941,7.902,12.493,16.314,0,交易,6.437293122471497,8.222764748259026,769503.3146105697,0.9679927634223895,0.9386261467051643,1.0087889695099888
2015-11-18,002170.SZ,105.018,107.152,100.909,101.621,50216284.0,-3.236,104.696,7.902,7.936,10.363,0,交易,9.80613721895204,13.233114919354838,497639.298774143,0.9770792892339853,0.9417369717784083,1.0302594936086045
2015-11-19,002170.SZ,102.332,103.517,100.198,103.517,35833858.0,1.866,102.058,7.902,5.663,7.395,0,交易,13.998242055442867,18.07028076990994,357630.47166610113,0.9859056966488597,0.9679376334321899,0.9859056966488597
2015-11-20,002170.SZ,103.912,106.362,103.912,104.781,46118055.0,1.221,105.086,7.902,7.289,9.518,0,交易,11.00872031939483,14.256002195088492,443818.37516359997,0.9880032342377917,0.9769654575882365,1.0029108330708811
2015-11-23,002170.SZ,104.781,105.888,102.885,103.122,40495718.0,-1.584,104.303,7.902,6.4,8.357,0,交易,12.339595548641858,16.37203125,393601.76896534965,0.9850313538833484,0.9716398458748867,1.0114524543744303
2015-11-24,002170.SZ,102.964,107.468,100.356,107.31,53415651.0,4.061,104.297,7.902,8.442,11.024,0,交易,9.734216255442671,12.196635868277658,532261.6584957552,0.9704935422637435,0.933822161015372,0.9719224676171838
2015-11-25,002170.SZ,107.31,114.185,106.678,111.656,76580294.0,4.05,111.214,7.902,12.103,15.804,0,交易,7.065046823588965,8.866396761133604,717863.9832017848,0.973980820598152,0.934255812935149,0.996041412911084
2015-11-26,002170.SZ,113.395,116.951,110.708,113.869,74953252.0,1.982,113.818,7.902,11.846,15.468,0,交易,7.361585208171709,9.572429512071585,677035.5529862341,0.9732110028986499,0.9466186693572523,0.9995521169062694
2015-11-27,002170.SZ,113.0,113.711,102.49,102.885,60826469.99999999,-9.646,108.721,7.902,9.613,12.553,0,交易,8.196048753286068,11.754915218974306,593486.8767684652,0.956116822471001,0.9013200130154514,1.0567235262671915
2015-11-30,002170.SZ,102.569,105.888,94.351,105.334,50137507.0,2.381,101.897,7.902,7.924,10.347,0,交易,10.18014883541123,12.94409389197375,531393.4881453296,0.9623092323964945,0.8910452553641584,0.967370459680635
2015-12-01,002170.SZ,104.307,106.678,101.937,106.678,38858784.0,1.275,103.668,7.902,6.141,8.019,0,交易,13.30315500685871,16.985344406448462,381203.92006827745,0.9717842479236583,0.9555578469787586,0.9717842479236583
2015-12-02,002170.SZ,106.678,107.705,100.198,104.465,34880462.0,-2.074,104.472,7.902,5.513,7.198,0,交易,14.513059183106417,19.350263014692544,348115.35160382447,0.9699828234529502,0.930300357457871,1.0000670080888334
2015-12-03,002170.SZ,104.544,109.523,103.517,108.89,44001382.0,4.236,106.344,7.902,6.954,9.081,0,交易,11.990970157471645,15.03364969801553,425064.30827786744,0.970974133287072,0.9451622033728075,0.9766186059325924
2015-12-04,002170.SZ,107.468,114.027,106.915,111.893,70400658.0,2.758,110.569,7.902,11.126,14.529,0,交易,7.7013559088719115,9.659176703217689,658473.1609222279,0.9696738491760724,0.937628807212327,0.9881672669425254
2015-12-07,002170.SZ,111.498,115.054,110.076,114.896,63682010.0,2.684,113.1,7.902,10.064,13.142,0,交易,8.742657129812814,11.078895071542131,578527.6536211346,0.983016670433014,0.9567333599874841,0.9843684723576103
2015-12-08,002170.SZ,113.553,115.054,109.048,109.523,53224264.0,-4.677,111.642,7.902,8.412,10.984,0,交易,9.971139839766934,13.498930099857345,488081.0652189861,0.9703443600396335,0.9477984250873502,1.0193475343078622
2015-12-09,002170.SZ,107.547,109.127,105.176,108.179,40207199.0,-1.227,107.085,7.902,6.354,8.298,0,交易,13.036755844781876,16.92587346553352,382284.92241576023,0.9812878572672208,0.9637944779935306,0.9898871315135099
2015-12-10,002170.SZ,108.258,108.495,103.754,104.307,35739715.0,-3.579,106.132,7.902,5.648,7.376,0,交易,14.141404555314534,19.167492917847024,344465.90010987525,0.9782201944790082,0.956302133738882,1.0174964288111057
2015-12-11,002170.SZ,102.727,103.754,99.961,101.779,33377892.0,-2.424,101.48,7.902,5.275,6.888,0,交易,14.776277584204413,19.47431279620853,333909.1445663809,0.9780827727123773,0.9634423733060894,0.9970622623527448
2015-12-14,002170.SZ,100.909,104.307,99.566,103.833,23131741.0,2.019,101.624,7.902,3.656,4.774,0,交易,21.749685798072896,27.600929978118163,232325.70355342186,0.9742778528766046,0.9545476334282454,0.9787254533722419
2015-12-15,002170.SZ,103.517,105.493,102.885,103.28,22483864.0,-0.533,104.115,7.902,3.553,4.64,0,交易,22.258620689655174,29.135097101041374,218533.935947903,0.9869375219208858,0.9752779805295139,1.0080848179705655
2015-12-16,002170.SZ,104.228,105.097,102.885,103.359,22582219.0,0.077,103.81,7.902,3.569,4.66,0,交易,22.180042918454934,29.203698514990194,219489.9062059581,0.9877541699572776,0.978952776958429,1.0043634323087491
2015-12-17,002170.SZ,104.07,108.653,104.07,108.1,44701877.0,4.587,106.283,7.902,7.065,9.225,0,交易,11.718157181571815,14.730360934182588,429536.6291918901,0.9781874407517509,0.9578198485085546,0.9831914893617022
2015-12-18,002170.SZ,108.021,111.182,106.678,109.365,47572959.0,1.17,108.882,7.902,7.519,9.818,0,交易,11.139234059889997,14.366405107062109,445949.10853221844,0.9793131981795614,0.9594898454785846,0.9955835962145111
2015-12-21,002170.SZ,109.286,111.893,107.31,110.866,45222477.0,1.373,109.458,7.902,7.147,9.333,0,交易,11.878924247294545,15.291171120749965,421419.0383002516,0.9782381382213364,0.9590412268864004,0.9872999837641838
2015-12-22,002170.SZ,111.814,113.395,109.127,111.972,49334033.0,0.998,111.45,7.902,7.797,10.181,0,交易,10.99813377860721,14.340643837373348,452079.0730066803,0.982847568234931,0.9623616561576789,0.9953381202443469
2015-12-23,002170.SZ,112.051,112.051,107.31,107.547,42287953.0,-3.952,109.405,7.902,6.683,8.727,0,交易,12.323478858714335,16.766571898847822,394072.80775323824,0.9763857529160829,0.9576889095144175,1.0172761676290367
2015-12-24,002170.SZ,108.258,110.55,106.441,109.918,35750138.0,2.204,108.642,7.902,5.65,7.378,0,交易,14.898075359175929,19.16070796460177,335868.1147302261,0.982740841248304,0.9628312980551788,0.988391346276315
2015-12-25,002170.SZ,109.681,109.681,107.31,108.969,28295267.0,-0.863,108.4,7.902,4.472,5.839,0,交易,18.662270936804244,24.526162790697672,263677.8212654925,0.988320675413244,0.9783827645626864,0.9947783314520644
2015-12-28,002170.SZ,109.207,109.602,102.332,102.727,41300298.0,-5.729,105.976,7.902,6.527,8.523,0,交易,12.052915640032854,16.731576528267198,403591.23245905485,0.9669166621047061,0.9336690936296782,1.0316275175951795
2015-12-29,002170.SZ,102.806,103.833,101.304,103.754,18391956.0,1.0,102.586,7.902,2.907,3.796,0,交易,27.33245521601686,35.36498108015136,181552.1203506278,0.9879903306270647,0.9756435815203259,0.9887426026948358
2015-12-30,002170.SZ,104.307,104.702,102.174,103.517,17574781.0,-0.228,103.32,7.902,2.778,3.627,0,交易,28.540667218086572,37.5475161987041,172008.34850353317,0.9868006341808179,0.9758552845217857,0.9980969309388795
2015-12-31,002170.SZ,103.912,105.018,102.332,103.675,19229465.0,0.153,103.841,7.902,3.039,3.968,0,交易,26.127772177419356,34.19282658769332,187912.5298049486,0.9887923974937629,0.9744234321735321,1.0016011574632264
2016-01-04,002170.SZ,103.833,104.465,93.323,93.323,22631942.0,-9.985,99.223,7.902,3.577,4.67,0,交易,19.983511777301928,29.027956388034667,242511.94239362216,0.9498205140477671,0.8933422677451777,1.0632212852137202
2016-01-05,002170.SZ,86.923,94.035,84.473,89.056,28381971.000000004,-4.572,89.569,7.902,4.485,5.857,0,交易,15.205053781799554,19.380824972129318,335988.67093627556,0.9525070452491095,0.8983144573828894,1.00576042040963
2016-01-06,002170.SZ,89.293,91.348,88.503,90.874,18882270.0,2.041,90.021,7.902,2.984,3.896,0,交易,23.32494866529774,29.92392761394102,213351.75078810888,0.9854731357008364,0.9688553662915445,0.9906133767634308
2016-01-07,002170.SZ,89.056,89.056,81.786,81.786,5868936.0,-10.0,84.638,7.902,0.927,1.211,0,交易,67.53592072667217,96.0690399137001,71759.66546841757,0.9503907653611212,0.9183659719726914,1.0348714938987114
2016-01-08,002170.SZ,84.552,85.658,75.07,81.786,25140989.0,0.0,81.664,7.902,3.973,5.188,0,交易,15.764456437933694,21.281651145230306,334900.6127614227,0.953372714749352,0.8763921641878166,0.998508302154403
2016-01-11,002170.SZ,79.811,81.707,73.647,73.647,23765814.0,-9.952,77.567,7.902,3.756,4.904,0,交易,15.017740619902122,21.2489350372737,322699.0101429793,0.9493311466581811,0.901354841078488,1.0532268795741848
2016-01-12,002170.SZ,74.437,74.991,70.723,73.568,19355045.0,-0.107,73.263,7.902,3.059,3.994,0,交易,18.419629444166247,24.33376920562275,273673.9815901475,0.9769572348681843,0.943086503713779,0.9958541757285777
2016-01-13,002170.SZ,73.884,75.386,70.328,70.407,17665822.0,-4.296,73.047,7.902,2.792,3.645,0,交易,19.31604938271605,26.46275071633238,251191.87236946877,0.9689730188629189,0.932905313984029,1.037496271677532
2016-01-14,002170.SZ,67.168,73.331,66.772,73.015,18987610.0,3.704,70.775,7.902,3.001,3.918,0,交易,18.635783563042366,22.38187270909697,284364.85353142035,0.9651443455019024,0.910556244971431,0.9693213723207561
2016-01-15,002170.SZ,72.857,76.176,71.909,73.568,28952612.0,0.758,73.57,7.902,4.575,5.975,0,交易,12.312635983263599,15.925027322404372,402628.48878443585,0.9657897500525099,0.9439849821466079,1.0000271857329273
2016-01-18,002170.SZ,72.699,75.623,71.198,74.358,25497101.0,1.074,74.096,7.902,4.029,5.261,0,交易,14.13381486409428,18.043931496649293,358115.41054524004,0.9798077304523756,0.9414860558295756,0.9964765055542107
2016-01-19,002170.SZ,74.358,78.626,73.252,78.072,32721833.0,4.995,75.964,7.902,5.171,6.752,0,交易,11.562796208530806,14.379810481531619,446702.2470376236,0.9661435148678553,0.9316511077760536,0.9729992827133928
2016-01-20,002170.SZ,78.072,81.075,76.808,78.388,34296911.0,0.405,79.063,7.902,5.42,7.077,0,交易,11.076444821251943,14.404428044280444,446527.8486615977,0.9751834720937403,0.9473697193956214,1.0086110118895748
2016-01-21,002170.SZ,76.808,78.626,72.383,72.62,22980995.0,-7.359,76.459,7.902,3.632,4.742,0,交易,15.314213412062422,21.147577092511014,317491.6071453242,0.9724391422684608,0.9205987841172131,1.052864224731479
2016-01-22,002170.SZ,74.2,74.754,70.802,74.2,19965792.0,2.176,73.198,7.902,3.155,4.12,0,交易,18.009708737864077,23.518225039619654,281994.7459111324,0.9791850603312195,0.9471332637718384,0.9864959568733153
2016-01-25,002170.SZ,75.07,75.781,73.963,75.544,16055738.0,1.81,75.055,7.902,2.537,3.313,0,交易,22.80229399335949,29.59006700827749,217077.97141814153,0.9904197622095249,0.9760098177643471,0.993526951180769
2016-01-26,002170.SZ,74.358,74.833,67.958,67.958,20864976.0,-10.042,71.539,7.902,3.297,4.306,0,交易,15.78216442173711,22.553230209281164,307027.5169957915,0.955981986556733,0.9081287667205644,1.052694311192207
2016-01-27,002170.SZ,68.906,69.38,61.636,67.089,23055589.0,-1.279,65.612,7.902,3.643,4.758,0,交易,14.100252206809584,18.914630798792206,374060.4354597962,0.9456904006918421,0.8883828192562699,0.977984468392732
2016-01-28,002170.SZ,67.484,70.565,64.402,65.192,27895798.0,-2.827,68.057,7.902,4.408,5.756,0,交易,11.325920778318276,15.30943738656987,433151.1133194621,0.9644583008573656,0.9126620846028485,1.0439471100748559
2016-01-29,002170.SZ,65.192,68.432,63.296,67.721,23294688.0,3.879,66.444,7.902,3.681,4.807,0,交易,14.087996671520699,17.710404781309425,368027.8058645096,0.970949263502455,0.9249473930324994,0.9811432199760783
2016-02-01,002170.SZ,67.168,68.195,64.797,66.219,16407522.0,-2.217,66.788,7.902,2.593,3.386,0,交易,19.55670407560543,25.903586579251833,253214.22288068893,0.979367988855488,0.9501723000219958,1.0085926999803683
2016-02-02,002170.SZ,66.14,68.59,66.061,68.116,17370127.0,2.864,67.877,7.902,2.745,3.584,0,交易,19.005580357142858,24.09471766848816,262940.7214544133,0.9896048986732758,0.9631287359673423,0.9964912795818897
2016-02-03,002170.SZ,67.247,68.985,66.93,68.59,15284141.0,0.696,67.835,7.902,2.415,3.154,0,交易,21.74698795180723,27.845548654244308,228360.0926340953,0.9833297093571065,0.9702109154163949,0.9889925645137774
2016-02-04,002170.SZ,68.59,70.407,68.59,69.775,17460813.0,1.728,69.681,7.902,2.759,3.603,0,交易,19.365806272550653,24.860456687205513,254567.91077416533,0.9896885252886787,0.9741929069552744,0.9986528126119669
2016-02-05,002170.SZ,69.933,70.723,68.906,68.906,12191142.0,-1.246,69.689,7.902,1.927,2.516,0,交易,27.387122416534183,36.29112610275039,176924.24462310973,0.9853795794861643,0.9743082165632115,1.0113633065335383
2016-02-15,002170.SZ,66.219,68.195,64.955,67.247,11621262.0,-2.408,66.629,7.902,1.837,2.398,0,交易,28.042952460383653,36.047359825802936,178912.50865984143,0.9770364396216733,0.9524891854241514,0.9908099989590614
2016-02-16,002170.SZ,67.879,71.356,67.8,71.119,19883710.0,5.758,69.969,7.902,3.142,4.103,0,交易,17.33341457470144,21.60375556970083,293270.05899705016,0.9805622512472673,0.9501653680139022,0.9838299188683755
2016-02-17,002170.SZ,70.961,71.988,70.17,71.83,21704948.0,1.0,71.111,7.902,3.43,4.479,0,交易,16.03706184416164,20.688338192419824,309319.48125979764,0.9878174140134468,0.9747457909651609,0.9899902547682028
2016-02-18,002170.SZ,73.015,73.015,71.198,71.435,21345173.0,-0.55,71.942,7.902,3.373,4.405,0,交易,16.216799091940977,21.646901867773494,299800.17697126325,0.9853043895090049,0.9751147024583988,1.0070973612374885
2016-02-19,002170.SZ,71.119,72.62,70.882,71.672,20596287.0,0.332,71.847,7.902,3.255,4.25,0,交易,16.864,21.84915514592934,290571.4708952907,0.9893555494354171,0.9760671991187001,1.00244167875879
2016-02-22,002170.SZ,72.62,74.674,71.909,74.279,29004787.0,3.638,73.509,7.902,4.584,5.985,0,交易,12.410860484544694,15.842059336823738,403354.05860184395,0.9843988536840131,0.9629723866405978,0.9896336784286273
2016-02-23,002170.SZ,74.595,75.149,71.988,74.121,23678138.0,-0.213,73.579,7.902,3.742,4.886,0,交易,15.170077773229634,19.934526990913948,328917.84741901426,0.979108171765426,0.9579368986945934,0.9926876323848841
2016-02-24,002170.SZ,73.331,74.358,71.514,73.726,25026651.0,-0.533,73.014,7.902,3.955,5.164,0,交易,14.276917118512781,18.541340075853352,349954.5683362698,0.9819252804002259,0.961752602275478,0.9903426199712448
2016-02-25,002170.SZ,73.41,73.647,66.377,66.377,30488323.0,-9.968,69.965,7.902,4.818,6.291,0,交易,10.55110475282149,15.236612702366127,459320.5929764829,0.950004752399962,0.9012858636468558,1.054054868403212
2016-02-26,002170.SZ,67.405,67.642,64.165,65.982,17105991.0,-0.595,66.093,7.902,2.703,3.53,0,交易,18.691784702549576,24.937106918238996,266593.7972414868,0.9771000266106857,0.948597025516691,1.0016822769846323
2016-02-29,002170.SZ,65.508,65.587,59.74,60.609,19554903.0,-8.144,61.283,7.902,3.09,4.035,0,交易,15.02081784386617,21.2,327333.4951456311,0.9343772393919526,0.9108512357631847,1.011120460657658
2016-03-01,002170.SZ,60.767,62.742,59.977,62.189,14489150.0,2.608,61.382,7.902,2.29,2.99,0,交易,20.798996655518394,26.53580786026201,241578.43840138722,0.9783239297440312,0.9559306365751808,0.9870234285806171
2016-03-02,002170.SZ,62.821,65.903,61.952,65.429,20237362.0,5.21,64.034,7.902,3.198,4.176,0,交易,15.66786398467433,19.64383989993746,326661.9641012397,0.9716401377782499,0.9400482527350802,0.9786791789573431
2016-03-03,002170.SZ,66.693,67.8,65.587,66.14,24208910.0,1.087,66.545,7.902,3.826,4.996,0,交易,13.238590872698158,17.431521170935703,369111.40927317913,0.9814896755162242,0.9673598820058998,1.0061233746598126
2016-03-04,002170.SZ,65.666,66.14,61.715,63.217,22442559.0,-4.421,64.177,7.902,3.547,4.631,0,交易,13.650831353919239,18.51310967014378,363648.3674957466,0.9703205322044149,0.9330964620501966,1.0151857886328046
2016-03-07,002170.SZ,64.007,66.377,63.849,65.192,17809496.0,3.125,64.989,7.902,2.814,3.675,0,交易,17.739319727891157,22.745913290689412,278931.47895816696,0.9790891423233953,0.9619145185832442,0.9968861209964415
2016-03-08,002170.SZ,64.718,65.587,61.873,65.429,19103481.0,0.364,63.909,7.902,3.019,3.942,0,交易,16.597919837645865,21.43689963564094,308753.1071711409,0.974415661640264,0.9433729245124796,0.9767687111219795
2016-03-09,002170.SZ,64.086,64.402,62.979,63.375,13045926.0,-3.14,63.695,7.902,2.062,2.692,0,交易,23.54197622585438,31.07953443258972,207147.2395560425,0.9890220800596254,0.9779044129064315,1.0050493096646942
2016-03-10,002170.SZ,63.691,64.086,61.873,62.11,11067436.0,-1.995,62.991,7.902,1.749,2.284,0,交易,27.193520140105083,36.41566609491138,178873.43429282564,0.9829135848703305,0.9654682770027775,1.0141845113508292
2016-03-11,002170.SZ,60.925,62.268,60.925,61.794,9404356.0,-0.509,61.549,7.902,1.486,1.941,0,交易,31.83616692426584,40.9993270524899,154359.5568321707,0.9884531380484358,0.9784319393589002,0.9960352137748002
2016-03-14,002170.SZ,62.979,64.797,62.426,64.244,18737366.0,3.964,64.071,7.902,2.961,3.867,0,交易,16.61339539694854,21.26950354609929,300153.2374331208,0.9887957775822955,0.9634087997901138,0.9973071415229438
2016-03-15,002170.SZ,64.402,70.17,63.296,65.982,33068430.0,2.706,66.536,7.902,5.226,6.824,0,交易,9.669109026963659,12.323383084577115,522441.07052578364,0.9482114863901953,0.9020379079378652,1.0083962292746507
2016-03-16,002170.SZ,65.429,67.642,65.192,65.35,22323122.0,-0.958,66.145,7.902,3.528,4.606,0,交易,14.188015631784628,18.54563492063492,342421.1866486686,0.977868779752225,0.9637799000620916,1.0121652639632748
2016-03-17,002170.SZ,65.429,67.8,65.192,67.247,25230121.0,2.902,66.602,7.902,3.987,5.206,0,交易,12.917210910487897,16.41058439929772,387012.53221254144,0.982330383480826,0.9615339233038347,0.9904084940592146
2016-03-18,002170.SZ,67.563,69.933,66.851,69.538,34289064.0,3.408,68.697,7.902,5.419,7.076,0,交易,9.827303561334087,12.467798486805686,512917.74244214746,0.9823259405430912,0.9559292465645688,0.987905893180707
2016-03-21,002170.SZ,70.644,72.067,69.696,71.514,33912128.0,2.841,70.814,7.902,5.359,6.998,0,交易,10.21920548728208,13.182310132487405,486572.0844811754,0.9826134014181248,0.9671000596666991,0.9902117067986688
2016-03-22,002170.SZ,71.751,73.489,70.802,71.04,38276919.0,-0.663,72.063,7.902,6.049,7.899,0,交易,8.993543486517282,11.861630021491155,540619.1774243665,0.9805957354161847,0.9634367048129653,1.0144003378378377
2016-03-23,002170.SZ,70.486,71.593,69.933,71.356,26530646.999999996,0.445,70.638,7.902,4.193,5.475,0,交易,13.033059360730594,16.810398282852375,379372.3563982668,0.9866607070523655,0.9768133756093473,0.9899377767812099
2016-03-24,002170.SZ,70.644,70.723,68.906,69.064,22499944.0,-3.212,69.884,7.902,3.556,4.643,0,交易,14.874865388757268,19.866141732283467,326530.98423939856,0.9881368154631449,0.9743082165632115,1.011873045291324
2016-03-25,002170.SZ,68.985,70.882,68.985,70.802,20200392.0,2.517,70.124,7.902,3.192,4.168,0,交易,16.987044145873323,21.611842105263158,292822.9615133725,0.9893061708191077,0.9732372111396405,0.9904239993220529
2016-03-28,002170.SZ,71.83,73.015,70.17,70.565,29121315.000000004,-0.335,71.834,7.902,4.602,6.009,0,交易,11.74321850557497,15.608431116905692,415010.9020949124,0.9838252413887558,0.9610354036841745,1.0179834195422661
2016-03-29,002170.SZ,70.328,70.723,68.195,68.827,16039832.0,-2.464,69.225,7.902,2.535,3.31,0,交易,20.793655589123865,27.742800788954636,235205.39629005062,0.978818771828118,0.9642549100009897,1.005782614380984
2016-03-30,002170.SZ,69.301,71.751,69.301,71.198,21228819.0,3.444,70.698,7.902,3.355,4.381,0,交易,16.251540744122345,20.656035767511177,306327.74418839556,0.985324246351967,0.9658541344371506,0.9929773308238995
2016-03-31,002170.SZ,71.672,72.778,70.961,71.751,22216470.0,0.777,71.788,7.902,3.511,4.584,0,交易,15.652486910994767,20.413557391056678,313080.00169106974,0.9863969881007996,0.9750336640193464,1.000515672255439
2016-04-01,002170.SZ,71.435,71.593,69.538,70.961,17692566.0,-1.101,70.371,7.902,2.796,3.651,0,交易,19.43604491920022,25.54899856938484,254430.18205873048,0.9829312921654351,0.9712960764320533,0.9916855737658713
2016-04-05,002170.SZ,71.514,73.015,70.961,72.857,24517958.0,2.673,72.256,7.902,3.875,5.059,0,交易,14.40146273967187,18.45522580645161,345513.14102112426,0.9896048757104704,0.9718687940834075,0.9917509642175769
2016-04-06,002170.SZ,72.699,74.2,71.751,74.042,30243913.0,1.627,72.846,7.902,4.779,6.241,0,交易,11.863803877583722,15.21217827997489,421512.0764867388,0.9817520215633423,0.9669946091644205,0.9838470057534913
2016-04-07,002170.SZ,73.647,74.516,71.435,71.751,23937866.0,-3.095,72.913,7.902,3.783,4.94,0,交易,14.524493927125507,19.46788263283109,335099.9650031497,0.9784878415373879,0.9586531751570132,1.0161948962383798
2016-04-08,002170.SZ,70.882,71.356,69.696,70.802,16576053.0,-1.322,70.57,7.902,2.62,3.421,0,交易,20.69628763519439,27.054198473282444,237833.63464187327,0.9889848085655025,0.9767363641459723,0.9967232564051861
2016-04-11,002170.SZ,71.356,73.015,71.356,72.067,16984901.0,1.786,72.31,7.902,2.684,3.505,0,交易,20.56119828815977,26.585692995529058,238030.45294018724,0.9903444497705951,0.9772786413750598,1.0033718622948091
2016-04-12,002170.SZ,72.225,72.462,70.328,71.435,14575791.0,-0.877,71.38,7.902,2.303,3.008,0,交易,23.748337765957448,31.361267911419887,207254.45057445113,0.98506803566007,0.9705500814219867,0.9992300692937635
2016-04-13,002170.SZ,71.672,73.489,71.672,72.778,28362000.0,1.881,72.892,7.902,4.482,5.853,0,交易,12.434307192892534,15.991075412762159,395719.3883245898,0.9918763352338444,0.9752752112561063,1.0015664074308168
2016-04-14,002170.SZ,73.252,73.805,72.462,73.489,24711627.0,0.977,73.23,7.902,3.905,5.099,0,交易,14.41243381055109,18.758514724711908,341028.7737020783,0.9922091999187047,0.9818034008536006,0.9964756630243982
2016-04-15,002170.SZ,73.963,74.674,73.252,73.726,27473251.0,0.323,73.835,7.902,4.342,5.669,0,交易,13.005115540659729,17.03431598341778,375051.20679298864,0.9887644963441089,0.9809572274151644,1.0014784472235032
2016-04-18,002170.SZ,73.331,73.331,71.277,71.909,16971997.0,-2.465,71.974,7.902,2.682,3.502,0,交易,20.533695031410627,27.34190902311708,238113.23428314883,0.9814948657457283,0.9719900178642047,1.000903920232516
2016-04-19,002170.SZ,72.462,72.699,71.514,72.146,12859818.0,0.33,72.071,7.902,2.032,2.654,0,交易,27.18387339864356,35.66043307086614,179822.38442822386,0.9913616418382646,0.9836999133413113,0.9989604413273084
2016-04-20,002170.SZ,72.304,72.462,65.508,67.563,26592268.0,-6.353,68.817,7.902,4.202,5.487,0,交易,12.313285948605795,17.20704426463589,405939.244061794,0.9496977726256519,0.9040324583919847,1.0185604546867366
2016-04-21,002170.SZ,67.168,67.958,65.745,65.982,15704049.0,-2.339,66.971,7.902,2.482,3.241,0,交易,20.3585313174946,27.062046736502822,238863.01619895047,0.9854763236116426,0.9674357691515348,1.0149889363765876
2016-04-22,002170.SZ,66.377,67.009,65.587,66.693,10401769.0,1.078,66.485,7.902,1.644,2.146,0,交易,31.077819198508855,40.37530413625304,158594.9807126412,0.992180154904565,0.978778969989106,0.9968812319133943
2016-04-25,002170.SZ,66.772,66.772,64.481,65.824,11712089.0,-1.303,65.136,7.902,1.851,2.417,0,交易,27.233760860570957,36.07347379794706,181636.2804547076,0.9754987120349846,0.9656892110465463,0.9895478852698104
2016-04-26,002170.SZ,66.061,66.851,65.508,66.772,10261445.0,1.441,66.212,7.902,1.622,2.117,0,交易,31.54085970713274,40.72811344019729,156644.15033278379,0.9904414294475775,0.9799105473366142,0.9916132510633199
2016-04-27,002170.SZ,67.009,67.484,66.298,66.456,10297128.0,-0.473,66.821,7.902,1.627,2.125,0,交易,31.273411764705884,41.18561770129072,155315.81646505173,0.9901754489953175,0.9824254638136448,1.0054923558444684
2016-04-28,002170.SZ,66.693,66.772,64.086,65.824,11294840.0,-0.951,65.422,7.902,1.785,2.331,0,交易,28.23852423852424,37.36302521008403,176245.045719814,0.9797819445276462,0.9597735577787095,0.9938928050559066
2016-04-29,002170.SZ,65.271,65.903,64.876,65.587,7230089.0,-0.36,65.478,7.902,1.143,1.492,0,交易,43.95911528150134,57.10498687664042,111444.74073617361,0.9935511281732241,0.9844164909032973,0.9983380852912923
2016-05-03,002170.SZ,66.219,67.642,65.508,67.563,12784835.0,3.012,66.939,7.902,2.02,2.638,0,交易,25.611448066717212,32.78168316831683,195164.48372717836,0.9896070488749593,0.9684515537683688,0.9907641756582743
2016-05-04,002170.SZ,67.642,70.882,67.089,69.222,23123793.0,2.456,69.076,7.902,3.654,4.772,0,交易,14.505867560771163,18.511767925561028,344673.38908017706,0.97452103495951,0.9464885302333454,0.997890843951345
2016-05-05,002170.SZ,69.143,69.775,68.037,69.38,13978060.999999998,0.228,68.985,7.902,2.209,2.884,0,交易,24.056865464632455,31.300588501584425,205447.93274247833,0.9886778932282335,0.9750913651021139,0.9943067166330355
2016-05-06,002170.SZ,69.933,70.486,66.14,66.219,19022121.0,-4.556,68.24,7.902,3.006,3.925,0,交易,16.87108280254777,23.264471057884236,287603.88569700636,0.9681355162727349,0.9383423658598871,1.030519941406545
2016-05-09,002170.SZ,65.508,65.508,62.268,62.821,15537098.000000002,-5.131,63.584,7.902,2.455,3.206,0,交易,19.594822208359325,26.683503054989814,249519.78544356654,0.9706295414300544,0.9505403920131893,1.0121456200951913
2016-05-10,002170.SZ,64.007,64.481,62.9,63.454,11216691.0,1.006,63.768,7.902,1.773,2.315,0,交易,27.409935205183587,36.100958826847155,178325.77106518284,0.9889424791799135,0.9754811494858951,1.0049484666057302
2016-05-11,002170.SZ,63.691,64.639,63.296,63.612,11098628.0,0.249,63.918,7.902,1.754,2.29,0,交易,27.77816593886463,36.31185860889396,175344.85591506574,0.9888457432819197,0.9792230696638253,1.004810413129598
2016-05-12,002170.SZ,62.426,62.9,61.557,62.742,9703831.0,-1.366,62.249,7.902,1.534,2.002,0,交易,31.33966033966034,40.69491525423729,157639.76477086276,0.989650238473768,0.9786486486486488,0.9921424245322114
2016-05-13,002170.SZ,63.137,63.612,62.031,62.505,8685108.0,-0.378,62.834,7.902,1.373,1.792,0,交易,34.88002232142857,45.98470502549162,140012.38090632105,0.9877696032195183,0.9751461988304093,1.005263578913687
2016-05-16,002170.SZ,62.031,63.533,61.636,63.454,8022575.999999999,1.517,62.795,7.902,1.268,1.655,0,交易,38.340785498489424,48.920347003154575,130160.55551950156,0.9883839894228197,0.9701415012670581,0.9896145239070823
2016-05-17,002170.SZ,64.007,64.007,62.584,63.375,8631311.0,-0.125,63.284,7.902,1.364,1.781,0,交易,35.58394160583942,46.92595307917889,137915.61741020068,0.9887043604605745,0.9777680566188073,0.9985641025641026
2016-05-18,002170.SZ,62.663,62.9,60.372,61.32,9899271.0,-3.242,61.515,7.902,1.564,2.043,0,交易,30.014684287812038,40.0658567774936,163971.22838401908,0.9779809220985692,0.9598092209856915,1.0031800391389432
2016-05-19,002170.SZ,61.952,62.584,61.241,61.399,7498186.0,0.129,61.942,7.902,1.185,1.547,0,交易,39.689075630252105,52.280168776371305,122437.35406018843,0.9897417870382206,0.9785408411095488,1.0088437922441733
2016-05-20,002170.SZ,61.399,61.873,60.688,61.794,7292217.0,0.644,61.278,7.902,1.152,1.505,0,交易,41.05913621262459,53.29774305555556,120159.12536250988,0.9903835275483652,0.9808478657896014,0.9916496747257015
2016-05-23,002170.SZ,62.347,62.663,61.794,62.426,9636778.0,1.023,62.347,7.902,1.523,1.989,0,交易,31.38562091503268,40.93696651346028,155950.0598763634,0.9949571517482406,0.9861321673076616,0.9987345016499536
2016-05-24,002170.SZ,62.742,62.742,61.162,61.557,8303614.999999999,-1.392,61.676,7.902,1.312,1.713,0,交易,35.93520140105079,47.82164634146341,135764.28174356624,0.9830097861081891,0.9748175066143892,1.0019331676332506
2016-05-25,002170.SZ,61.873,62.505,61.32,61.636,7779930.0,0.128,61.93,7.902,1.229,1.605,0,交易,38.40249221183801,50.344182262001624,126874.26614481409,0.9908007359411246,0.9810415166786657,1.0047699396456615
2016-05-26,002170.SZ,61.557,61.952,59.74,61.478,8520909.0,-0.256,60.718,7.902,1.347,1.758,0,交易,34.97042093287827,45.69933184855234,142633.22731837965,0.9800813533057852,0.964294938016529,0.9876378541917434
2016-05-27,002170.SZ,61.952,67.009,61.715,65.666,38520817.0,6.812,64.897,7.902,6.087,7.949,0,交易,8.260913322430493,10.177755873172334,624172.6808717492,0.9684818457222165,0.9209956871465027,0.9882892212103678
2016-05-30,002170.SZ,64.797,65.982,63.691,65.35,21466137.0,-0.481,64.951,7.902,3.392,4.43,0,交易,14.751693002257335,19.102889150943398,337035.6408283745,0.984374526385984,0.9652784092631325,0.9938944146901301
2016-05-31,002170.SZ,65.587,68.116,64.955,67.563,28799245.0,3.386,66.845,7.902,4.551,5.943,0,交易,11.368500757193338,14.411557899362778,443372.25771688094,0.9813406541781666,0.9535938692818133,0.9893728816067966
2016-06-01,002170.SZ,67.168,67.958,66.614,67.009,22590846.0,-0.819,67.146,7.902,3.57,4.662,0,交易,14.373444873444873,18.814565826330536,339130.60317650944,0.9880514435386563,0.9802230789605345,1.0020445014848751
2016-06-02,002170.SZ,66.851,68.274,66.456,68.116,20516800.0,1.651,67.218,7.902,3.242,4.234,0,交易,16.08786017949929,20.62029611351018,308727.5791501143,0.9845329115036471,0.9733720010545742,0.9868166069645898
2016-06-03,002170.SZ,68.59,68.59,67.089,67.484,19129266.0,-0.928,67.663,7.902,3.023,3.947,0,交易,17.097542437294145,22.689381409196162,285132.67450699816,0.9864849103367836,0.9781163434903046,1.0026524805879913
2016-06-06,002170.SZ,67.405,67.405,66.298,66.772,14017376.999999998,-1.054,66.703,7.902,2.215,2.893,0,交易,23.080539232630493,30.43115124153499,211429.862137621,0.9895853423336548,0.9835768859876863,0.9989666327203018
2016-06-07,002170.SZ,67.009,67.563,66.535,67.247,12163810.0,0.71,66.96,7.902,1.922,2.51,0,交易,26.791633466135462,34.86420395421436,182818.2159765537,0.9910749966697747,0.984784571437029,0.9957321516201465
2016-06-08,002170.SZ,67.326,67.8,66.377,66.851,12243721.0,-0.588,66.9,7.902,1.935,2.527,0,交易,26.454689354966362,34.793798449612396,184457.28188981125,0.9867256637168142,0.9790117994100295,1.0007329733287462
2016-06-13,002170.SZ,65.587,65.982,61.636,62.11,15561976.0,-7.092,64.512,7.902,2.459,3.211,0,交易,19.342883836810962,26.672224481496542,252481.9261470569,0.9777211966900063,0.9341335515746719,1.0386733215263242
2016-06-14,002170.SZ,62.189,62.663,61.636,62.584,8875020.0,0.763,62.245,7.902,1.403,1.831,0,交易,34.180229382850904,44.325730577334284,143990.84950353688,0.9933293969327993,0.983610743181782,0.9945832800715837
2016-06-15,002170.SZ,61.715,64.639,61.478,64.086,11917578.0,2.399,63.639,7.902,1.883,2.459,0,交易,26.061813745424967,32.774827403080195,193851.1012069358,0.9845294636365044,0.9510976345549901,0.9930249976593952
2016-06-16,002170.SZ,64.165,64.323,63.217,63.454,9600312.0,-0.986,63.736,7.902,1.517,1.981,0,交易,32.03129732458354,42.297297297297305,151862.82170935033,0.9908741818634081,0.9828055283491132,1.0044441642764836
2016-06-17,002170.SZ,64.086,64.876,63.612,64.086,10624345.0,0.996,64.361,7.902,1.679,2.192,0,交易,29.236313868613134,38.16914830256105,167017.93686725775,0.9920617793945372,0.9805166779702817,1.00429110882252
2016-06-20,002170.SZ,64.56,64.56,63.058,64.244,7671734.0,0.247,63.838,7.902,1.212,1.583,0,交易,40.583701831964625,53.26732673267327,121661.54968441752,0.988816604708798,0.9767348203221808,0.993680343689683
2016-06-21,002170.SZ,64.797,65.192,63.454,63.691,9722731.0,-0.861,64.434,7.902,1.536,2.006,0,交易,31.750249252243275,42.185546875,153224.87156050053,0.9883728064793227,0.9733402871517979,1.0116656984503305
2016-06-22,002170.SZ,63.612,64.244,63.454,64.244,9105040.0,0.868,63.876,7.902,1.439,1.879,0,交易,34.19052687599787,44.205698401667824,143490.40249629653,0.9942718386152792,0.9877031318099745,0.9942718386152792
2016-06-23,002170.SZ,65.192,68.116,64.955,66.693,32479181.0,3.813,66.874,7.902,5.133,6.702,0,交易,9.951208594449417,12.700564971751412,500025.8794550073,0.981766398496682,0.9535938692818133,1.0027139279984405
2016-06-24,002170.SZ,66.693,66.851,62.663,64.876,22478969.0,-2.725,65.219,7.902,3.552,4.639,0,交易,13.984910541064885,18.77618243243243,358727.9415284937,0.9755875005609489,0.9373532183512587,1.005287009063444
2016-06-27,002170.SZ,64.315,66.238,64.155,66.157,13889543.0,1.975,65.502,8.009,2.195,2.866,0,交易,23.08339148639218,29.30068337129841,216499.77398488036,0.9888885533983514,0.968552794468432,0.990099309218979
2016-06-28,002170.SZ,65.917,68.4,65.517,67.759,23845966.0,2.421,67.412,8.009,3.768,4.921,0,交易,13.7693558219874,17.493895966029726,363966.0851382084,0.9855555555555555,0.9578508771929823,0.9948789090748094
2016-06-29,002170.SZ,68.801,68.881,67.199,67.599,16767863.0,-0.236,67.875,8.009,2.65,3.46,0,交易,19.53728323699422,25.962641509433965,249525.48401017874,0.9853951016971298,0.9755810746069308,1.0040829006346248
2016-06-30,002170.SZ,68.08,68.4,67.038,67.599,11409932.0,0.0,67.491,8.009,1.802,2.353,0,交易,28.728856778580536,37.78024417314095,170200.96064918407,0.9867105263157894,0.9800877192982455,0.9984023432299294
2016-07-01,002170.SZ,67.679,68.0,67.119,67.279,10685258.0,-0.474,67.459,8.009,1.688,2.203,0,交易,30.539718565592374,40.09419431279621,159198.70677453477,0.9920441176470589,0.9870441176470588,1.0026754262102588
2016-07-04,002170.SZ,66.558,69.441,66.558,69.121,23210002.0,2.738,68.453,8.009,3.666,4.786,0,交易,14.442331801086503,18.155482815057287,348718.441058926,0.9857720942958771,0.958482740743941,0.9903357879660307
2016-07-05,002170.SZ,70.483,70.483,68.801,68.881,21632029.0,-0.348,69.546,8.009,3.417,4.461,0,交易,15.440708361353956,20.627158326016975,314414.4561852299,0.986706014216194,0.9761360895535093,1.0096543313831101
2016-07-06,002170.SZ,68.881,69.441,68.48,69.121,13001363.0,0.349,69.02,8.009,2.054,2.681,0,交易,25.781797836628122,33.5350535540409,189856.35221962616,0.9939372992900447,0.9861609135813136,0.9985387942882771
2016-07-07,002170.SZ,69.121,69.281,67.839,68.72,14144190.0,-0.579,68.633,8.009,2.234,2.917,0,交易,23.558450462804252,30.94046553267681,208496.44010082696,0.9906467862761794,0.9791862126701404,0.9987339930151339
2016-07-08,002170.SZ,68.72,69.201,68.24,68.48,10077729.0,-0.35,68.69,8.009,1.592,2.078,0,交易,32.954764196342644,43.165829145728644,147680.67116060964,0.9926157136457566,0.9861129174433896,1.0030665887850467
2016-07-11,002170.SZ,68.64,70.402,68.32,69.201,20100674.0,1.053,69.435,8.009,3.175,4.145,0,交易,16.695054282267794,21.61889763779528,294213.612412178,0.9862645947558308,0.9704269765063491,1.003381454025231
2016-07-12,002170.SZ,69.281,69.682,67.759,69.682,15398325.0,0.694,68.959,8.009,2.432,3.175,0,交易,21.94708661417323,28.48725328947369,227251.36144276036,0.9896242932177607,0.9724032031227576,0.9896242932177607
2016-07-13,002170.SZ,69.922,73.286,69.762,72.245,33901514.0,3.678,71.736,8.009,5.355,6.991,0,交易,10.334000858246318,13.057329598506067,485959.6055158969,0.978849984990312,0.9519144174876512,0.9929545297252405
2016-07-14,002170.SZ,72.084,72.084,70.402,71.524,19843257.0,-0.998,71.223,8.009,3.134,4.092,0,交易,17.47898338220919,23.000638162093175,281856.43873753585,0.9880556017979024,0.9766661117585039,0.9957916223924836
2016-07-15,002170.SZ,71.524,71.684,70.803,71.123,9950173.0,-0.56,71.2,8.009,1.572,2.052,0,交易,34.6603313840156,45.49872773536895,140533.21186955355,0.9932481446347861,0.9877099492215836,1.0010826314975465
2016-07-18,002170.SZ,71.203,71.203,69.842,70.322,8976776.0,-1.126,70.47,8.009,1.418,1.851,0,交易,37.99135602377093,50.21368124118477,128529.76718879757,0.9897054899372217,0.9808856368411443,1.0021046045334319
2016-07-19,002170.SZ,70.162,70.162,68.801,70.002,12313934.0,-0.456,69.501,8.009,1.945,2.539,0,交易,27.570697124852302,36.073007712082266,178978.99739829364,0.9905789458681338,0.980602035289758,0.9928430616268108
2016-07-20,002170.SZ,70.082,70.242,69.521,69.682,9318613.0,-0.458,69.918,8.009,1.472,1.922,0,交易,36.254942767950055,47.610054347826086,134040.26121603543,0.9953873750747416,0.9897354858916317,1.0033868143853506
2016-07-21,002170.SZ,69.601,71.924,69.281,69.922,23509644.0,0.345,70.81,8.009,3.713,4.848,0,交易,14.422854785478547,18.745219499057367,339337.5384304499,0.9845114287303264,0.9632528780379289,1.0126998655644863
2016-07-22,002170.SZ,69.682,71.604,69.682,71.043,20775328.0,1.604,70.766,8.009,3.214,4.169,0,交易,17.040777164787723,21.68077162414437,298144.829367699,0.9882967431987041,0.9731579241383164,0.9961009529439917
2016-07-25,002170.SZ,71.364,77.371,71.283,76.169,58231809.0,7.215,74.548,8.009,9.008,11.687,0,交易,6.51741250962608,7.9222912966252235,816910.1889651109,0.9635134611159221,0.9213141874862676,0.9787183762423034
2016-07-26,002170.SZ,75.689,78.091,75.368,77.13,39859578.0,1.262,76.847,8.009,6.166,7.999,0,交易,9.642455306913364,12.275218942588387,528866.0704808407,0.9840698672062081,0.965130424760856,0.9963308699598081
2016-07-27,002170.SZ,77.371,80.895,74.487,78.252,72849214.0,1.454,78.027,8.009,11.269,14.62,0,交易,5.352393980848153,6.86582660395776,978012.4585498142,0.9645466345262378,0.9207862043389579,0.9971246741297348
2016-07-28,002170.SZ,77.29,78.252,75.689,77.21,38078855.0,-1.331,76.831,8.009,5.89,7.642,0,交易,10.103376079560324,13.122241086587438,503096.2887605861,0.9818407197260135,0.9672468435311558,0.9950913094158789
2016-07-29,002170.SZ,77.611,79.693,74.647,75.128,32167662.0,-2.697,77.02,8.009,4.976,6.456,0,交易,11.636926889714992,15.597065916398714,430930.4057765215,0.9664587855897004,0.9366820172411631,1.025183686508359
2016-08-01,002170.SZ,74.087,74.087,69.281,73.206,22527619.0,-2.559,71.81,8.009,3.485,4.521,0,交易,16.192435301924355,21.258823529411767,325163.0172774642,0.9692658631068878,0.935130319759202,0.9809305248203699
2016-08-02,002170.SZ,72.725,74.647,72.485,74.087,13518247.0,1.204,73.804,8.009,2.091,2.713,0,交易,27.308145963877628,34.780009564801524,186497.16493067532,0.9887068468927083,0.9710370142135651,0.9961801665609351
2016-08-03,002170.SZ,73.686,74.647,72.485,73.206,14583631.0,-1.189,73.463,8.009,2.256,2.927,0,交易,25.010591048855485,32.662234042553195,201195.1576188177,0.984138679384302,0.9710370142135651,1.0035106412042727
2016-08-04,002170.SZ,73.286,74.167,71.764,73.526,13201791.0,0.438,72.946,8.009,2.042,2.649,0,交易,27.756134390335973,35.88932419196866,183961.19224123517,0.9835371526420106,0.967600145617323,0.9921116339798167
2016-08-05,002170.SZ,73.927,77.29,72.885,76.65,33240357.0,4.248,75.611,8.009,5.142,6.671,0,交易,11.4900314795383,14.37709062621548,456065.816011525,0.978276620520119,0.9430068572907232,0.9864448793215916
2016-08-08,002170.SZ,76.49,84.339,75.448,82.897,54580258.0,8.15,79.785,8.009,8.443,10.954,0,交易,7.5677378126711705,9.05957598010186,723415.5709892907,0.946003628214705,0.8945802060731096,0.9624594376153539
2016-08-09,002170.SZ,81.696,82.737,80.254,81.856,34280755.0,-1.256,81.486,8.009,5.303,6.88,0,交易,11.89767441860465,15.405619460682633,427153.2260074264,0.9848797998477103,0.9699892430230732,0.9954798670836592
2016-08-10,002170.SZ,82.016,83.698,80.494,82.016,31473547.0,0.196,81.975,8.009,4.869,6.316,0,交易,12.985433818872705,16.844526596837134,391004.8823514796,0.9794140839685537,0.9617195154006071,0.9995000975419429
2016-08-11,002170.SZ,82.497,85.38,82.096,82.977,40505447.0,1.172,83.921,8.009,6.266,8.129,0,交易,10.207528601303974,13.16581551228854,493391.23708828684,0.9829116889201219,0.9615366596392598,1.0113766465406078
2016-08-12,002170.SZ,82.256,83.057,80.334,81.776,23200777.0,-1.448,81.335,8.009,3.589,4.656,0,交易,17.563573883161514,22.91891891891892,288803.95598376775,0.9792672502016686,0.9672152858880046,0.9946072197221678
2016-08-15,002170.SZ,81.776,84.739,80.494,83.618,27515322.0,2.253,82.853,8.009,4.256,5.522,0,交易,15.142701919594348,19.21428571428571,341830.72030213434,0.9777434239252292,0.949905002419193,0.9908512521227487
2016-08-16,002170.SZ,84.259,87.703,83.217,85.7,34678173.0,2.49,85.732,8.009,5.364,6.96,0,交易,12.313218390804598,15.708240119313945,416719.8168643426,0.9775264244096553,0.9488500963479014,1.0003733955659275
2016-08-17,002170.SZ,84.899,86.341,83.618,84.419,19377445.0,-1.495,84.729,8.009,2.997,3.889,0,交易,21.707122653638468,28.327994661327995,231737.72393503794,0.9813298432957691,0.9684622601081757,1.0036721591111006
2016-08-18,002170.SZ,84.339,85.38,83.538,84.098,17358555.0,-0.38,84.162,8.009,2.685,3.484,0,交易,24.138346727898966,31.41117318435754,207792.32205702795,0.9857343640196768,0.9784258608573436,1.0007610169088446
2016-08-19,002170.SZ,84.899,86.181,84.018,84.018,16336347.0,-0.095,84.964,8.009,2.527,3.279,0,交易,25.62305580969808,33.59675504550851,194438.65600228522,0.9858785579187989,0.9749016604588019,1.0112594920136162
2016-08-22,002170.SZ,83.618,85.38,81.696,84.018,18865251.0,0.0,83.3,8.009,2.918,3.786,0,交易,22.19175911251981,28.655928718300203,230920.13072855465,0.9756383227922231,0.9568517217146874,0.9914542121926253
2016-08-23,002170.SZ,83.938,87.703,83.778,86.501,27482024.0,2.955,86.216,8.009,4.251,5.515,0,交易,15.684678150498641,19.745471653728533,328033.89911432593,0.9830450497702472,0.9552466848340422,0.9967052404018449
2016-08-24,002170.SZ,86.101,87.222,84.899,85.22,14420908.0,-1.481,85.945,8.009,2.231,2.894,0,交易,29.447131997235658,38.59300761990139,169859.5743177187,0.9853591983673844,0.9733668111256335,1.0085073926308377
2016-08-25,002170.SZ,84.419,88.263,82.497,88.103,23595033.0,3.383,85.425,8.009,3.65,4.735,0,交易,18.60675818373812,23.128493150684932,286010.80039274157,0.9678460963257536,0.934672512830971,0.9696037592363483
2016-08-26,002170.SZ,88.103,96.673,86.902,91.307,56352950.0,3.636,91.888,8.009,8.717,11.31,0,交易,8.073121131741821,10.10703223586096,648465.5128765736,0.9505032428909831,0.8989273116588913,1.0063631484990199
2016-08-29,002170.SZ,89.144,93.55,89.144,91.627,26506400.0,0.351,91.946,8.009,4.1,5.32,0,交易,17.223120300751876,21.742439024390247,297343.6237996949,0.9828540887226083,0.9529021913415286,1.0034815065428313
2016-08-30,002170.SZ,91.307,93.389,89.385,89.465,23493607.0,-2.36,90.982,8.009,3.634,4.715,0,交易,18.9745493107105,25.125756741882224,262836.1246294121,0.9742260865840731,0.9571255715341208,1.016956351645895
2016-08-31,002170.SZ,90.025,91.707,88.664,89.945,13714414.0,0.537,90.127,8.009,2.121,2.752,0,交易,32.68350290697674,42.444601603017446,154678.4940900478,0.982771217028144,0.966818236339647,1.0020234587803658
2016-09-01,002170.SZ,89.625,90.666,89.064,89.545,11010053.0,-0.445,89.669,8.009,1.703,2.21,0,交易,40.51809954751131,52.62771579565472,123619.56570556006,0.9890035956146737,0.9823307524320032,1.001384778602937
2016-09-02,002170.SZ,89.144,90.105,88.824,89.545,11102174.0,0.0,89.442,8.009,1.717,2.228,0,交易,40.19075403949731,51.91846243447874,124990.70071151941,0.9926419177626101,0.9857832528716497,0.9988497403540119
2016-09-05,002170.SZ,89.865,91.707,89.465,89.625,15162607.0,0.089,90.563,8.009,2.345,3.043,0,交易,29.452842589549785,38.321961620469075,169480.88079137093,0.9875254887849347,0.9755525750487968,1.010465829846583
2016-09-06,002170.SZ,89.385,91.067,88.584,89.865,16112064.0,0.268,89.771,8.009,2.492,3.234,0,交易,27.787569573283857,35.868780096308186,181884.58412354375,0.9857687197338224,0.9727343604159576,0.9989539865353586
2016-09-07,002170.SZ,89.705,91.707,89.705,91.307,19673280.0,1.604,90.832,8.009,3.043,3.948,0,交易,23.127406281661603,29.479132435096943,219310.85223789088,0.9904587436073582,0.9781696053736356,0.9947977701600096
2016-09-08,002170.SZ,91.387,93.95,90.906,93.149,19919959.0,2.018,92.538,8.009,3.081,3.998,0,交易,23.29889944972486,29.661473547549498,219126.9993179768,0.9849707291112293,0.967599787120809,0.9934406166464481
2016-09-09,002170.SZ,93.309,94.11,91.307,93.069,16695220.0,-0.086,92.852,8.009,2.583,3.351,0,交易,27.773500447627576,36.124274099883856,182847.09825095558,0.9866326639039422,0.9702157050260334,0.9976683965659887
2016-09-12,002170.SZ,91.307,91.307,86.661,86.902,22722701.0,-6.627,89.236,8.009,3.515,4.56,0,交易,19.05745614035088,25.976386913229017,262202.15552555356,0.977318277897642,0.9491167161334837,1.0268578398655959
2016-09-13,002170.SZ,87.703,88.423,84.339,85.14,18696189.0,-2.028,86.097,8.009,2.892,3.752,0,交易,22.691897654584224,30.326071922544955,221679.04528154235,0.9736946269635728,0.9538129219773136,1.0112403100775194
2016-09-14,002170.SZ,85.861,88.023,85.22,86.261,13641546.0,1.317,86.689,8.009,2.11,2.738,0,交易,31.505113221329434,40.69241706161138,160074.46608777283,0.9848448700907717,0.9681560501232632,1.0049616860458377
2016-09-19,002170.SZ,86.501,88.744,86.341,86.742,10599877.0,0.557,87.319,8.009,1.64,2.127,0,交易,40.78138222849084,52.744512195121956,122767.59592777476,0.9839425763995313,0.9729221130442621,1.006651910262618
2016-09-20,002170.SZ,86.261,87.302,84.739,84.979,10438005.0,-2.031,85.448,8.009,1.615,2.095,0,交易,40.56276849642004,53.41238390092879,123178.28862743247,0.9787633731185996,0.9706421387826166,1.005519010579084
2016-09-21,002170.SZ,88.023,90.105,87.142,88.023,27754494.0,3.582,88.487,8.009,4.293,5.57,0,交易,15.803052064631956,20.503843466107615,318497.3262032086,0.9820431718550579,0.9671161422784528,1.0052713495336445
2016-09-22,002170.SZ,88.023,90.506,88.023,88.904,17094842.0,1.001,89.386,8.009,2.644,3.431,0,交易,25.91197901486447,33.291603630862326,194208.80906126808,0.9876251298256469,0.9725653547831082,1.0054215783316836
2016-09-23,002170.SZ,89.064,89.465,86.742,87.943,12157973.0,-1.081,87.387,8.009,1.881,2.44,0,交易,36.0422131147541,47.34928229665071,140162.4703142653,0.9767730397362097,0.9695635164589504,0.9936777230706253
2016-09-26,002170.SZ,87.382,87.943,82.977,84.899,19577087.0,-3.461,84.635,8.009,3.028,3.929,0,交易,21.60829727666073,28.857992073976224,235933.89734504742,0.9623847264705548,0.9435316056991461,0.9968904227376059
2016-09-27,002170.SZ,84.499,84.499,80.735,84.018,23507530.0,-1.038,82.506,8.009,3.636,4.718,0,交易,17.807969478592625,23.239548954895486,291169.0097231684,0.9764139220582493,0.955455094143126,0.9820038563165036
2016-09-28,002170.SZ,83.538,83.698,81.055,81.375,17727489.0,-3.146,81.777,8.009,2.742,3.558,0,交易,22.87099494097808,30.46608315098468,218709.38251804328,0.9770484360438721,0.9684221845205383,1.0049400921658986
2016-09-29,002170.SZ,82.497,83.698,81.455,81.535,17679987.0,0.197,82.779,8.009,2.735,3.548,0,交易,22.98055242390079,30.163436928702012,217052.20060155916,0.9890200482687759,0.9732012712370667,1.0152572514870914
2016-09-30,002170.SZ,81.856,82.737,81.375,81.776,12161079.0,0.295,82.015,8.009,1.881,2.441,0,交易,33.50102417042196,43.517278043593834,149444.90322580645,0.9912735535491981,0.9835381993545814,1.0029226178829975
2016-10-10,002170.SZ,82.176,83.698,81.215,83.057,19571594.0,1.567,82.345,8.009,3.027,3.928,0,交易,21.144857433808554,27.147670961347867,240984.96583143508,0.9838347391813426,0.9703338192071497,0.9914275738348363
2016-10-11,002170.SZ,83.137,84.098,82.336,83.378,16618513.0,0.386,83.232,8.009,2.571,3.335,0,交易,25.000899550224887,32.336444963049395,201837.7501943257,0.9897024899521987,0.9790482532283764,0.998248938568927
2016-10-12,002170.SZ,82.497,82.977,82.336,82.657,10238970.0,-0.865,82.627,8.009,1.584,2.055,0,交易,40.22238442822384,52.08143939393939,124355.93179168286,0.9957819636766814,0.9922749677621509,0.9996370543329663
2016-10-13,002170.SZ,82.657,84.018,82.657,83.298,12226156.0,0.775,83.368,8.009,1.891,2.454,0,交易,33.94376528117359,43.71073506081438,147914.34482258005,0.9922635625699254,0.983801090242567,1.0008403563110757
2016-10-14,002170.SZ,83.458,83.538,82.016,82.336,8784998.0,-1.154,82.538,8.009,1.359,1.763,0,交易,46.702212138400455,61.41133186166299,107113.22181037845,0.9880293997941056,0.9817807464866289,1.0024533618344345
2016-10-17,002170.SZ,82.497,82.657,79.613,79.853,18056612.0,-3.016,80.924,8.009,2.795,3.626,0,交易,22.022338665195807,29.51592128801431,226804.8183085677,0.9790338386343566,0.9631731129849862,1.0134121448160998
2016-10-18,002170.SZ,80.174,81.776,79.853,81.696,13618628.0,2.307,80.899,8.009,2.108,2.735,0,交易,29.87056672760512,38.03320683111954,170546.2286952275,0.9892755820778714,0.9764845431422422,0.9902443204073639
2016-10-19,002170.SZ,81.936,82.497,81.295,81.455,9026000.0,-0.294,81.791,8.009,1.397,1.813,0,交易,44.928295642581354,58.651395848246246,111027.73848330155,0.991442113046535,0.9854297732038741,1.0041249769811553
2016-10-20,002170.SZ,81.616,82.016,81.135,81.535,7605287.0,0.098,81.511,8.009,1.177,1.527,0,交易,53.39554682383759,69.34239592183518,93736.20509028163,0.9938426648458836,0.989258193523215,0.9997056478812779
2016-10-21,002170.SZ,82.096,84.018,81.776,83.057,22858793.0,1.866,82.994,8.009,3.538,4.591,0,交易,18.091265519494662,23.204070096099493,279529.36069262377,0.9878121354947749,0.9733152419719583,0.9992414847634756
2016-10-24,002170.SZ,82.497,83.458,82.176,83.458,11840622.0,0.482,82.881,8.009,1.833,2.378,0,交易,35.09587888982338,45.00654664484452,144088.5660046729,0.9930863428311246,0.9846389800857916,0.9930863428311246
2016-10-25,002170.SZ,83.458,83.698,82.416,82.977,10126277.0,-0.576,82.826,8.009,1.567,2.034,0,交易,40.79498525073747,53.25973197192087,122867.85332945059,0.9895815909579679,0.9846830270735263,0.9981802186147968
2016-10-26,002170.SZ,82.977,82.977,80.815,81.375,10851202.0,-1.931,81.79,8.009,1.679,2.179,0,交易,37.345112436897665,49.42048838594402,134272.12769906578,0.9856948310977741,0.9739445870542439,1.005099846390169
2016-10-27,002170.SZ,81.215,81.776,79.934,80.975,16298096.0,-0.492,80.524,8.009,2.522,3.273,0,交易,24.740299419492818,32.20261697065821,203894.4128906348,0.9846898845627079,0.9774750538055176,0.9944303797468356
2016-10-28,002170.SZ,80.174,80.895,79.934,79.934,9746000.0,-1.286,80.237,8.009,1.508,1.957,0,交易,40.845171180378124,53.1657824933687,121925.58861060375,0.9918659991346808,0.9881204029915323,1.0037906272674957
2016-10-31,002170.SZ,78.812,79.533,76.73,78.412,13910118.0,-1.904,77.804,8.009,2.153,2.793,0,交易,28.074471894020768,36.605666511843935,181286.56327381727,0.9782605962304955,0.9647567676310462,0.9922460847829413
2016-11-01,002170.SZ,78.492,78.972,78.011,78.972,10230496.0,0.715,78.491,8.009,1.583,2.055,0,交易,38.429197080291964,49.58433354390398,131141.71078437657,0.9939092336524339,0.9878311300207668,0.9939092336524339
2016-11-02,002170.SZ,79.053,79.773,78.492,78.972,9272488.0,0.0,79.193,8.009,1.435,1.862,0,交易,42.41245972073039,55.08919860627177,118132.90526423074,0.9927293695862008,0.9839419352412472,1.0027984602137467
2016-11-03,002170.SZ,78.492,79.373,77.611,78.252,14015093.0,-0.913,78.539,8.009,2.169,2.815,0,交易,27.798223801065717,36.1881051175657,180581.2706961642,0.9894926486336664,0.9778010154586573,1.0036676378878495
2016-11-04,002170.SZ,78.252,78.732,77.851,77.851,7888169.0,-0.512,78.202,8.009,1.221,1.584,0,交易,49.14835858585858,64.08845208845209,101323.92647493289,0.993268302596149,0.9888101407305797,1.0045086126061322
2016-11-07,002170.SZ,77.851,80.334,77.691,79.053,11313319.0,1.543,79.315,8.009,1.751,2.272,0,交易,34.79445422535211,44.46087949743004,145619.4282478022,0.9873154579630044,0.9670998580924639,1.003314232223951
2016-11-08,002170.SZ,79.934,80.414,78.972,79.373,8732158.0,0.405,79.697,8.009,1.351,1.754,0,交易,45.252565564424174,59.16654330125833,110572.83594185281,0.9910836421518641,0.9820677991394532,1.0040819926171367
2016-11-09,002170.SZ,79.693,79.773,76.89,77.931,11570916.0,-1.816,78.226,8.009,1.791,2.324,0,交易,33.53313253012048,44.4963707426019,150486.61724541552,0.9806074737066426,0.9638599526155467,1.0037853999050441
2016-11-10,002170.SZ,78.412,79.453,78.252,78.572,9821890.0,0.822,78.7,8.009,1.52,1.972,0,交易,39.843813387423936,51.58684210526316,125516.15294177785,0.9905226989540986,0.9848841453437881,1.0016290790612432
2016-11-11,002170.SZ,78.812,80.254,78.492,79.533,15697124.0,1.223,79.405,8.009,2.429,3.152,0,交易,25.23255076142132,32.44627418690819,199983.7435662233,0.9894210880454556,0.9780447080519351,0.9983906051576076
2016-11-14,002170.SZ,79.213,80.815,78.812,80.574,16838179.0,1.309,80.023,8.009,2.606,3.382,0,交易,23.82436428149024,30.39639293937068,213649.93909556922,0.9901998391387737,0.9752149972158634,0.9931615657656315
2016-11-15,002170.SZ,80.334,80.494,79.533,80.094,9818708.0,-0.596,79.92,8.009,1.52,1.972,0,交易,40.61561866125761,52.85131578947369,123454.5157356066,0.9928690337167988,0.9880612219544314,0.9978275526256649
2016-11-16,002170.SZ,80.334,80.895,79.373,80.254,13021005.0,0.2,80.325,8.009,2.015,2.615,0,交易,30.68986615678776,39.867990074441686,164048.29098056012,0.9929538290376415,0.9811854873601583,1.0008846911057392
2016-11-17,002170.SZ,80.094,82.016,79.533,81.375,20087389.0,1.397,80.783,8.009,3.109,4.034,0,交易,20.172285572632624,25.761981344483754,252566.72073227464,0.9849663480296527,0.969725419430355,0.9927250384024577
2016-11-18,002170.SZ,80.975,82.336,80.094,80.174,11971047.0,-1.476,81.014,8.009,1.853,2.404,0,交易,33.35024958402663,43.699406368051804,149462.4690988089,0.9839438398756315,0.9727701127089,1.0104772120637613
2016-11-21,002170.SZ,80.094,80.414,79.213,79.453,13039492.0,-0.899,79.612,8.009,2.018,2.619,0,交易,30.337151584574265,39.68979187314172,164613.03068940705,0.9900266122814434,0.985064789713234,1.0020011830893736
2016-11-22,002170.SZ,79.613,79.853,79.293,79.853,8057050.0,0.504,79.614,8.009,1.247,1.618,0,交易,49.35290482076637,63.84362469927826,101611.11321302006,0.9970070003631675,0.9929871138216474,0.9970070003631675
2016-11-23,002170.SZ,79.693,82.096,79.213,82.096,18657197.0,2.808,80.306,8.009,2.888,3.747,0,交易,21.909794502268483,27.594529085872576,235532.0086349463,0.9781962580393685,0.9648825764958097,0.9781962580393685
2016-11-24,002170.SZ,82.336,82.497,80.975,81.455,19482330.0,-0.78,81.637,8.009,3.015,3.913,0,交易,20.816509072323026,27.308789386401326,240596.85087990123,0.9895753784986121,0.981550844273125,1.0022343625314591
2016-11-25,002170.SZ,82.497,82.657,79.853,81.375,17268886.0,-0.098,80.958,8.009,2.673,3.468,0,交易,23.46453287197232,30.86307519640853,216258.44990169437,0.9794451770569946,0.9660766783212553,0.9948755760368664
2016-11-28,002170.SZ,81.295,82.016,80.334,81.135,12854247.0,-0.295,81.266,8.009,1.989,2.581,0,交易,31.435490120108486,40.87229763700352,160010.0455597879,0.9908554428404214,0.979491806476785,1.0016145929623468
2016-11-29,002170.SZ,80.815,81.215,79.934,79.934,10657899.0,-1.481,80.483,8.009,1.649,2.14,0,交易,37.35233644859813,49.00848999393572,133333.7378337128,0.9909868866588685,0.9842270516530197,1.0068681662371457
2016-11-30,002170.SZ,80.014,80.975,79.613,80.094,7468474.0,0.2,80.199,8.009,1.156,1.5,0,交易,53.395999999999994,69.21626297577855,93809.7295667793,0.9904167953071936,0.9831799938252548,1.0013109596224437
2016-12-01,002170.SZ,80.414,80.494,79.133,79.453,10019201.0,-0.8,79.624,8.009,1.551,2.012,0,交易,39.489562624254475,51.84655061250806,126612.17191310832,0.989191740999329,0.9830919074713643,1.002152215775364
2016-12-02,002170.SZ,79.133,79.693,76.97,78.252,13302456.0,-1.512,78.098,8.009,2.059,2.671,0,交易,29.296892549606888,38.43273433705682,172826.50383266207,0.9799856951049654,0.9658313779127402,0.9980319991821296
2016-12-05,002170.SZ,77.531,78.892,77.371,78.091,6082730.0,-0.205,78.235,8.009,0.941,1.222,0,交易,63.90425531914893,82.3921360255048,78617.6991379199,0.9916721594077981,0.9807204786290118,1.0018440025098925
2016-12-06,002170.SZ,78.332,78.732,77.531,78.252,6716461.0,0.205,78.092,8.009,1.039,1.349,0,交易,58.00741289844329,75.39172281039461,86629.3611587623,0.9918711578519535,0.9847457196565566,0.9979553238255892
2016-12-07,002170.SZ,78.172,78.652,77.931,78.492,5265460.0,0.307,78.343,8.009,0.815,1.057,0,交易,74.25922421948913,95.91656441717792,67565.66706445445,0.9960713014290801,0.9908330366678533,0.9981017173724711
2016-12-08,002170.SZ,78.572,78.812,77.691,77.771,4758729.0,-0.918,78.289,8.009,0.736,0.956,0,交易,81.35041841004184,106.7554347826087,61251.9983009615,0.9933639547277064,0.9857762777242045,1.0066605804220081
2016-12-09,002170.SZ,77.931,77.931,76.49,77.771,10327595.0,0.0,77.228,8.009,1.598,2.041,0,交易,38.104360607545324,48.76783479349186,135018.8913583475,0.9909791995483184,0.9815092838536654,0.993017962993918
2016-12-12,002170.SZ,77.451,77.611,72.004,73.766,15264900.0,-5.149,74.241,8.009,2.362,3.017,0,交易,24.450116009280745,32.790431837425906,212000.722182101,0.9565783200834933,0.9277550862635451,1.0064392809695524
2016-12-13,002170.SZ,72.485,74.487,71.844,74.407,15145921.0,0.869,72.841,8.009,2.344,2.993,0,交易,24.860340795188772,30.92363481228669,210816.78358666,0.9779021842737659,0.9645172983205123,0.9789535930759202
2016-12-14,002170.SZ,73.846,74.407,72.405,73.686,6982705.0,-0.969,73.411,8.009,1.081,1.38,0,交易,53.39565217391305,68.3126734505088,96439.54146813066,0.9866141626459877,0.9730939293346057,0.996267947778411
2016-12-15,002170.SZ,72.885,73.927,72.725,73.126,4872774.0,-0.761,73.301,8.009,0.754,0.963,0,交易,75.93561786085151,96.66445623342176,67002.73633551049,0.9915321871576014,0.9837407171939885,1.0023931296666029
2016-12-16,002170.SZ,72.885,73.526,72.645,72.965,5004971.0,-0.219,73.132,8.009,0.753,0.987,0,交易,73.92603850050659,96.79282868525897,68896.29017826417,0.9946413513587031,0.9880178440279629,1.0022887685876791
2016-12-19,002170.SZ,72.965,77.531,72.965,75.769,14592383.0,3.842,74.973,8.009,2.196,2.879,0,交易,26.317818687044113,33.22632058287796,199991.54389090659,0.9670067456888212,0.9411074279965433,0.9894943842468555
2016-12-20,002170.SZ,75.368,75.929,73.686,75.368,8949385.0,-0.529,74.448,8.009,1.347,1.766,0,交易,42.67723669309173,55.952487008166294,121452.98971310696,0.9804949360586863,0.9704592448208195,0.9877932278951279
2016-12-21,002170.SZ,75.288,76.97,74.888,76.249,8972754.0,1.169,76.092,8.009,1.35,1.77,0,交易,43.07853107344633,55.76888888888888,119815.64469607947,0.9885929582954398,0.9729505001948812,0.9979409566027095
2016-12-22,002170.SZ,76.169,76.49,74.968,76.249,7754494.0,0.0,75.736,8.009,1.167,1.53,0,交易,49.835947712418296,65.26906598114824,103437.38661829046,0.9901425022878809,0.9801019741142634,0.9932720429120383
2016-12-23,002170.SZ,75.689,76.089,74.407,76.089,9563026.0,-0.21,75.458,8.009,1.439,1.887,0,交易,40.32273449920508,52.598332175121605,128523.20346203986,0.9917070798669979,0.9778943079814427,0.9917070798669979
2016-12-26,002170.SZ,75.849,76.249,74.647,75.929,7312414.0,-0.211,75.668,8.009,1.101,1.443,0,交易,52.618849618849616,68.89100817438693,97959.91801411979,0.9923802279374158,0.9789898883919791,0.9965625781980535
2016-12-27,002170.SZ,75.608,76.49,75.608,75.929,4036511.0,0.0,75.904,8.009,0.608,0.796,0,交易,95.38819095477386,124.35526315789474,53387.35319013861,0.9923388678258596,0.9884690809256114,0.9996707450381277
2016-12-28,002170.SZ,75.689,75.849,74.247,74.567,6880116.0,-1.793,74.773,8.009,1.035,1.357,0,交易,54.94988946204863,73.12946859903381,92665.23899955554,0.9858139197616316,0.9788790887157378,1.0027626161706922
2016-12-29,002170.SZ,73.927,74.968,73.206,74.487,8585896.0,-0.107,73.836,8.009,1.292,1.694,0,交易,43.971074380165284,57.21904024767802,117284.04775564844,0.9849002240956141,0.976496638565788,0.9912602199041444
2016-12-30,002170.SZ,74.327,74.567,73.606,74.407,5124080.0,-0.108,74.042,8.009,0.771,1.011,0,交易,73.59742828882295,96.40337224383917,69614.97703991523,0.9929593519921682,0.9871122614561402,0.9950945475560096
2017-01-03,002170.SZ,74.247,74.888,74.087,74.407,7092818.0,0.0,74.435,8.009,1.068,1.399,0,交易,53.18584703359542,69.51966292134831,95736.33700919189,0.9939509667770537,0.9893040273475056,1.000376308680635
2017-01-04,002170.SZ,74.487,74.968,74.087,74.888,7298280.0,0.646,74.549,8.009,1.098,1.44,0,交易,52.00555555555556,67.83879781420764,98509.59007653165,0.9944109486714332,0.988248319282894,0.9954732400384575
2017-01-05,002170.SZ,74.727,75.929,74.567,75.528,9908649.0,0.856,75.442,8.009,1.491,1.955,0,交易,38.63324808184144,50.11871227364185,132882.49493743884,0.993586113342728,0.9820621896771983,0.9988613494333226
2017-01-06,002170.SZ,75.288,75.608,74.087,74.888,8683233.0,-0.848,74.628,8.009,1.307,1.713,0,交易,43.71745475773497,57.603672532517216,117203.19354272679,0.9870384086340069,0.9798830811554333,0.9965281487020616
2017-01-09,002170.SZ,74.567,75.128,73.927,75.048,7088027.0,0.214,74.421,8.009,1.067,1.398,0,交易,53.6824034334764,69.88472352389878,95878.7317218337,0.9905893941007349,0.9840139495261422,0.9916453469779342
2017-01-10,002170.SZ,74.727,75.208,74.327,74.888,6314800.0,-0.213,74.741,8.009,0.95,1.246,0,交易,60.10272873194222,78.66000000000001,84959.70508698051,0.9937905541963621,0.9882858206573769,0.9980370686892426
2017-01-11,002170.SZ,74.647,74.968,74.087,74.487,4724290.0,-0.535,74.469,8.009,0.711,0.932,0,交易,79.92167381974248,104.98874824191282,63766.78769554712,0.9933438266993916,0.988248319282894,0.9997583470941238
2017-01-12,002170.SZ,74.087,74.567,72.004,74.087,8035920.0,-0.538,73.725,8.009,1.209,1.586,0,交易,46.71311475409836,61.27956989247312,111603.79978890061,0.9887081416712487,0.9656282269636705,0.9951138526327155
2017-01-13,002170.SZ,73.526,74.087,72.645,74.007,7095272.0,-0.108,73.446,8.009,1.068,1.4,0,交易,52.862142857142864,68.84456928838951,97670.47973019478,0.9913480097722946,0.9805363963988283,0.9924196359803802
2017-01-16,002170.SZ,73.286,73.606,68.16,71.444,6726200.0,-3.463,72.052,8.009,1.012,1.327,0,交易,53.83873398643557,72.41699604743083,98682.51173708921,0.9788875906855421,0.9260114664565389,1.0085101618050503
2017-01-17,002170.SZ,71.203,71.684,69.441,71.524,5114985.0,0.112,70.757,8.009,0.77,1.009,0,交易,70.88602576808722,92.47142857142858,73659.4375081004,0.9870682439596006,0.9687098934211261,0.9892763268273587
2017-01-18,002170.SZ,71.203,71.524,70.563,71.043,2801069.0,-0.672,71.008,8.009,0.422,0.553,0,交易,128.46835443037975,168.72748815165878,39696.00215410342,0.9927856383871148,0.9865639505620492,0.9995073406246919
2017-01-19,002170.SZ,70.643,70.883,69.762,70.803,4190150.0,-0.338,70.355,8.009,0.631,0.827,0,交易,85.61426844014511,111.9540412044374,60063.50161979301,0.9925511053426069,0.9841852066080725,0.9936725844950074
2017-01-20,002170.SZ,70.242,71.524,69.922,71.364,3834553.0,0.792,71.036,8.009,0.577,0.757,0,交易,94.27212681638045,121.73656845753901,54840.43648637053,0.9931771153738606,0.9776019238297634,0.9954038450759486
2017-01-23,002170.SZ,71.364,72.565,71.364,72.245,4235499.0,1.235,72.015,8.009,0.637,0.836,0,交易,86.41746411483254,112.03139717425432,59350.638977635776,0.9924205884379522,0.9834493212981466,0.9968163886774171
2017-01-24,002170.SZ,74.007,74.647,72.405,72.565,10367361.0,0.443,73.577,8.009,1.56,2.046,0,交易,35.46676441837732,47.440384615384616,143185.70540708513,0.9856658673489892,0.969965303361153,1.013946117274168
2017-01-25,002170.SZ,71.283,72.565,70.723,72.485,4557243.0,-0.11,71.936,8.009,0.686,0.899,0,交易,80.62847608453838,103.91107871720116,64437.91977150291,0.9913319093226763,0.9746158616412871,0.9924260191763814
2017-01-26,002170.SZ,72.485,73.366,72.245,73.366,3310391.0,1.215,72.775,8.009,0.498,0.653,0,交易,112.35222052067381,145.55220883534136,45821.73160772371,0.9919444974511354,0.984720442711883,0.9919444974511354
2017-02-03,002170.SZ,72.885,73.045,72.245,72.965,4037809.0,-0.546,72.59,8.009,0.608,0.797,0,交易,91.5495608531995,119.87664473684211,55890.4976122915,0.9937709631049353,0.9890478472174687,0.9948605495785651
2017-02-06,002170.SZ,73.286,74.808,73.206,73.846,7205436.0,1.207,73.855,8.009,1.084,1.422,0,交易,51.931082981715896,67.6070110701107,98426.85025817556,0.9872607207785263,0.9785851780558229,1.0001218752539067
2017-02-07,002170.SZ,73.446,73.686,72.805,73.606,5474469.0,-0.325,73.219,8.009,0.824,1.08,0,交易,68.1537037037037,89.13349514563107,75193.58560538424,0.9936622967727925,0.9880438617919279,0.994742276444855
2017-02-08,002170.SZ,73.366,74.007,72.725,73.686,4545063.0,0.109,73.434,8.009,0.684,0.897,0,交易,82.14715719063545,107.26023391812865,62496.56926778962,0.9922574891564311,0.9826773143081059,0.9965800830551257
2017-02-09,002170.SZ,73.446,73.927,73.366,73.766,4527667.0,0.109,73.718,8.009,0.681,0.893,0,交易,82.6047032474804,107.85022026431717,61713.42311152305,0.9971728867666751,0.9924114329000229,0.9993492937125504
2017-02-10,002170.SZ,73.766,74.247,73.286,74.007,6309867.0,0.326,73.809,8.009,0.95,1.245,0,交易,59.443373493975905,77.64842105263159,86099.2140381519,0.9941007717483534,0.9870567160962733,0.9973245774048399
2017-02-13,002170.SZ,74.007,74.487,73.766,74.327,5716002.0,0.433,74.155,8.009,0.86,1.128,0,交易,65.89273049645391,86.0546511627907,77488.30084320689,0.995542846402728,0.9903204586035148,0.9976859014893646
2017-02-14,002170.SZ,74.247,74.647,73.846,74.167,3791320.0,-0.216,74.15,8.009,0.571,0.748,0,交易,99.15374331550802,130.02977232924695,51340.898626872135,0.9933419963293904,0.9892694950902247,0.9997707875470223
2017-02-15,002170.SZ,74.167,74.247,73.126,73.446,5421534.0,-0.972,73.551,8.009,0.816,1.07,0,交易,68.6411214953271,90.89093137254903,74139.62202226293,0.990625883874096,0.9849017468719276,1.001429621762928
2017-02-16,002170.SZ,72.965,73.366,72.885,73.286,5466122.0,-0.218,73.093,8.009,0.823,1.078,0,交易,67.98330241187384,88.6573511543135,74996.52877821225,0.996278930294687,0.9934438295668294,0.9973664820020195
2017-02-17,002170.SZ,73.126,73.206,71.524,72.004,7555798.0,-1.749,72.329,8.009,1.137,1.491,0,交易,48.29242119382965,64.31486367634125,105640.03691068733,0.98802010764145,0.977023741223397,1.0045136381312147
2017-02-20,002170.SZ,71.684,72.405,71.203,72.325,3833406.0,0.445,71.96,8.009,0.577,0.756,0,交易,95.66798941798942,124.23570190641249,53837.70346755052,0.9938540156066569,0.983398936537532,0.9949533356377461
2017-02-21,002170.SZ,72.405,72.565,72.004,72.485,5416640.0,0.221,72.359,8.009,0.815,1.069,0,交易,67.80636108512628,88.84049079754602,75226.93183712015,0.9971611658513057,0.9922690002067113,0.9982617093191695
2017-02-22,002170.SZ,72.485,72.965,72.245,72.725,4188867.0,0.331,72.66,8.009,0.63,0.826,0,交易,88.04479418886199,115.05555555555556,57981.41047823378,0.9958199136572329,0.9901322551908449,0.9991062220694397
2017-02-23,002170.SZ,72.485,74.247,72.485,74.167,13686137.0,1.982,73.756,8.009,2.06,2.7,0,交易,27.469259259259257,35.18689320388349,188813.36828309306,0.9933869381927889,0.9762684014168923,0.9944584518721264
2017-02-24,002170.SZ,74.007,75.849,73.526,75.208,14440516.0,1.404,74.889,8.009,2.173,2.849,0,交易,26.398034398034394,34.05752416014727,196400.13056605827,0.9873432741367716,0.9693733602288757,0.9957584299542601
2017-02-27,002170.SZ,75.128,76.249,74.808,74.968,12434598.0,-0.319,75.445,8.009,1.871,2.453,0,交易,30.561761108846316,40.15392838054516,166220.1636188643,0.9894555994176972,0.981101391493659,1.0063627147582968
2017-02-28,002170.SZ,74.327,75.689,74.247,75.448,7803669.0,0.641,74.992,8.009,1.174,1.54,0,交易,48.992207792207786,63.31090289608177,105104.16582488181,0.9907912642524014,0.9809483544504486,0.993956102216096
2017-03-01,002170.SZ,75.288,75.689,74.968,75.128,5403260.0,-0.425,75.236,8.009,0.813,1.066,0,交易,70.4765478424015,92.60516605166052,72074.21833315547,0.9940149823620342,0.9904741772252245,1.001437546587158
2017-03-02,002170.SZ,75.128,75.368,74.247,75.048,6908451.0,-0.107,74.668,8.009,1.04,1.363,0,交易,55.06089508437271,72.23846153846154,93046.87058062952,0.9907122386158583,0.9851263135548244,0.9949365739260208
2017-03-03,002170.SZ,74.888,75.689,74.487,75.608,7034485.0,0.747,75.215,8.009,1.059,1.388,0,交易,54.47262247838617,70.71576959395657,94439.09675513848,0.9937375312132544,0.9841192247222186,0.994802137339964
2017-03-06,002170.SZ,75.849,75.929,75.288,75.689,5158905.0,0.106,75.597,8.009,0.776,1.018,0,交易,74.35068762278978,97.74355670103093,68522.27446605037,0.9956274941063361,0.9915579027775948,0.9987844997291548
2017-03-07,002170.SZ,75.608,75.849,74.968,75.608,4326751.0,-0.106,75.406,8.009,0.651,0.854,0,交易,88.53395784543326,116.14132104454686,57714.63824565148,0.9941594483776979,0.9883848172025999,0.9973283250449688
2017-03-08,002170.SZ,75.528,75.528,74.727,75.368,4402900.0,-0.318,75.09,8.009,0.663,0.869,0,交易,86.72957422324511,113.9185520361991,58919.80141046743,0.994200826183667,0.9893946615824595,0.996311431907441
2017-03-09,002170.SZ,75.208,75.208,74.327,74.808,4547081.0,-0.744,74.652,8.009,0.684,0.897,0,交易,83.3979933110368,109.95321637426899,61176.70563859701,0.9926071694500586,0.9882858206573769,0.9979146615335257
2017-03-10,002170.SZ,74.727,75.048,74.327,74.487,3406189.0,-0.428,74.67,8.009,0.513,0.672,0,交易,110.84374999999999,145.66666666666666,45827.07495257443,0.9949632235369363,0.9903928152648971,1.0024568045430746
2017-03-13,002170.SZ,74.327,74.727,73.446,74.567,4649341.0,0.108,74.156,8.009,0.7,0.917,0,交易,81.31624863685931,106.18142857142857,63302.84835116957,0.9923588528911906,0.982857601670079,0.9944881784167261
2017-03-14,002170.SZ,74.327,74.647,73.766,74.247,3592801.0,-0.43,74.127,8.009,0.541,0.709,0,交易,104.72073342736249,137.38817005545286,48705.379171976245,0.9930338794593218,0.9881977842378127,0.9983837730817406
2017-03-15,002170.SZ,74.167,74.247,73.526,74.167,3867932.0,-0.108,73.883,8.009,0.582,0.763,0,交易,97.20445609436435,127.43470790378008,52606.316133068576,0.9950974450146133,0.9902891699327918,0.9961708037267247
2017-03-16,002170.SZ,74.167,74.968,74.087,74.808,5876101.0,0.864,74.519,8.009,0.884,1.159,0,交易,64.54529767040553,83.89932126696833,79313.52329018585,0.9940107779319176,0.988248319282894,0.9961367768153139
2017-03-17,002170.SZ,74.888,75.208,74.167,74.167,4988001.0,-0.857,74.784,8.009,0.751,0.984,0,交易,75.3729674796748,99.71770972037284,67253.64380384807,0.9943623018827785,0.9861583874055951,1.0083190637345452
2017-03-20,002170.SZ,74.087,74.087,73.526,73.927,4224792.0,-0.324,73.763,8.009,0.636,0.834,0,交易,88.64148681055157,116.48899371069183,57459.837336452416,0.9956267631298339,0.9924278213451752,0.9977815953575825
2017-03-21,002170.SZ,73.766,73.927,73.526,73.686,3015000.0,-0.325,73.682,8.009,0.454,0.595,0,交易,123.84201680672271,162.48017621145374,41005.90267388407,0.9966859198939494,0.9945757301121375,0.9999457156040495
2017-03-22,002170.SZ,73.446,73.446,72.725,73.045,5205731.0,-0.87,73.057,8.009,0.783,1.027,0,交易,71.12463485881209,93.8007662835249,71581.03815744242,0.9947035917544863,0.9901832638945619,1.000164282291738
2017-03-23,002170.SZ,72.885,73.846,72.565,73.766,4418875.0,0.987,73.2,8.009,0.665,0.872,0,交易,84.59403669724772,109.6015037593985,60895.404120443745,0.991252065108469,0.9826530888606018,0.9923270883604912
2017-03-24,002170.SZ,73.286,73.846,72.885,73.446,3664769.0,-0.434,73.455,8.009,0.552,0.723,0,交易,101.5850622406639,132.7644927536232,50281.5256911573,0.9947051973024943,0.9869864312217317,1.0001225390082509
2017-03-27,002170.SZ,73.446,74.087,73.286,73.526,4426311.0,0.109,73.696,8.009,0.666,0.873,0,交易,84.22222222222221,110.27927927927927,60397.77037906285,0.9947224209375464,0.9891883866265336,1.002312107281778
2017-03-28,002170.SZ,73.526,73.927,72.885,73.045,2974721.0,-0.654,73.294,8.009,0.448,0.587,0,交易,124.43781942078365,164.1205357142857,40813.89860739521,0.9914374991545712,0.9859050144061033,1.003408857553563
2017-03-29,002170.SZ,72.885,73.126,71.924,72.004,5718700.0,-1.425,72.407,8.009,0.861,1.128,0,交易,63.83333333333334,84.65156794425087,79510.31644513653,0.9901676558269288,0.983562617947105,1.0055969112827063
2017-03-30,002170.SZ,71.764,71.924,69.842,70.082,6387131.0,-2.67,70.542,8.009,0.961,1.26,0,交易,55.62063492063491,74.67637877211239,91451.14687437359,0.9807852733440854,0.9710527779322617,1.0065637396193032
2017-03-31,002170.SZ,69.521,70.483,69.201,70.162,5680872.0,0.114,70.239,8.009,0.855,1.121,0,交易,62.588760035682434,81.31111111111112,82092.33970607362,0.9965381723252416,0.9818112168891788,1.0010974601636213
2017-04-05,002170.SZ,70.322,71.043,69.682,70.963,4318603.0,1.142,70.44,8.009,0.65,0.852,0,交易,83.28990610328638,108.1876923076923,61975.87612295858,0.9915121827625522,0.980842588291598,0.9926299620929218
2017-04-06,002170.SZ,70.883,71.444,70.483,70.723,3761100.0,-0.339,70.884,8.009,0.566,0.742,0,交易,95.31401617250674,125.23498233215548,53361.803555467275,0.9921616930742959,0.9865489054364257,1.0022764871399685
2017-04-07,002170.SZ,70.723,70.723,70.002,70.402,3188765.0,-0.453,70.402,8.009,0.48,0.629,0,交易,111.9268680445151,147.33958333333334,45552.48421473672,0.9954611653917397,0.9898052967210101,1.0
2017-04-10,002170.SZ,69.682,70.402,69.682,69.922,3833653.0,-0.683,69.987,8.009,0.577,0.756,0,交易,92.48941798941799,120.76603119584057,55016.40308831549,0.9941052810999687,0.989773017811994,1.0009296072766798
2017-04-11,002170.SZ,70.002,70.242,68.961,70.002,4673909.0,0.115,69.615,8.009,0.703,0.922,0,交易,75.92407809110628,99.57610241820768,67776.11983584925,0.9910737165798239,0.9817630477492097,0.9944715865260992
2017-04-12,002170.SZ,70.162,70.643,69.361,70.322,4007140.0,0.458,70.138,8.009,0.603,0.791,0,交易,88.90265486725664,116.35489220563849,57772.23511771744,0.9928513794714268,0.9818524128363745,0.9973834646341116
2017-04-13,002170.SZ,69.682,70.322,69.682,70.082,2424980.0,-0.342,70.045,8.009,0.365,0.478,0,交易,146.61506276150627,190.9095890410959,34800.66588215034,0.9960609766502659,0.9908990074229971,0.9994720470306214
2017-04-14,002170.SZ,70.082,70.082,68.881,68.961,3781000.0,-1.6,69.306,8.009,0.569,0.746,0,交易,92.44101876675603,123.16695957820738,54891.76986396829,0.9889272566422191,0.98286293199395,1.0050028276852134
2017-04-17,002170.SZ,68.961,69.201,67.519,67.599,4610104.0,-1.974,68.33,8.009,0.694,0.91,0,交易,74.28461538461539,99.36743515850145,68278.61787052533,0.987413476683863,0.975693992861375,1.010813769434459
2017-04-18,002170.SZ,67.679,68.08,65.917,67.279,4327181.0,-0.474,67.054,8.009,0.651,0.854,0,交易,78.78103044496487,103.9615975422427,65645.90318127342,0.9849294947121034,0.9682285546415982,0.9966557172371766
2017-04-19,002170.SZ,66.478,66.798,64.556,65.757,4565100.0,-2.262,65.65,8.009,0.687,0.901,0,交易,72.98224195338513,96.76564774381367,70715.34791498854,0.9828138567022965,0.9664361208419413,0.9983727968125067
2017-04-20,002170.SZ,65.276,65.917,64.956,65.357,3195000.0,-0.609,65.408,8.009,0.481,0.63,0,交易,103.74126984126984,135.7089397089397,49187.14206539811,0.9922781679991505,0.9854210598176495,1.0007803295744908
2017-04-21,002170.SZ,65.597,65.677,64.796,64.876,3117902.0,-0.735,65.153,8.009,0.469,0.615,0,交易,105.48943089430895,139.86567164179104,48118.741897648,0.9920215600590769,0.9865858671985627,1.0042696837042975
2017-04-24,002170.SZ,64.155,64.716,61.592,61.912,4720428.0,-4.568,62.427,8.009,0.71,0.931,0,交易,66.50053705692802,90.35915492957747,76640.27795817639,0.9646300760244763,0.9517275480561223,1.0083182581728907
2017-04-25,002170.SZ,61.592,64.876,61.512,63.915,5470402.0,3.234,63.614,8.009,0.823,1.079,0,交易,59.2354031510658,74.83839611178615,88932.27337755235,0.9805475060114679,0.9481472347247055,0.9952906203551591
2017-04-26,002170.SZ,63.194,63.594,61.993,62.874,3447072.0,-1.629,62.81,8.009,0.519,0.68,0,交易,92.46176470588235,121.76107899807322,55604.213378929875,0.9876717929364406,0.9748246689939303,0.9989820911664599
2017-04-27,002170.SZ,62.233,63.114,61.912,63.034,2554754.0,0.255,62.505,8.009,0.385,0.504,0,交易,125.06746031746032,161.64415584415582,41264.27833053366,0.9903507938016922,0.9809550971258358,0.991607703778913
2017-04-28,002170.SZ,63.034,64.235,62.553,63.835,2610118.0,1.271,63.656,8.009,0.393,0.515,0,交易,123.9514563106796,160.3918575063613,41726.50392467188,0.9909862224643886,0.9738148984198646,0.9971958956685204
2017-05-02,002170.SZ,63.915,64.315,63.594,63.835,1597964.0,0.0,63.93,8.009,0.241,0.315,0,交易,202.65079365079364,265.20746887966806,25127.590653206276,0.9940138381404028,0.9887895514265724,1.0014882117960366
2017-05-03,002170.SZ,63.915,64.075,63.114,63.835,1796806.0,0.0,63.66,8.009,0.27,0.355,0,交易,179.81690140845072,236.7222222222222,28469.214437367304,0.9935232149824423,0.9850019508388607,0.9972585572178272
2017-05-04,002170.SZ,63.114,64.475,63.114,63.755,2019119.0,-0.125,63.845,8.009,0.304,0.398,0,交易,160.18844221105527,207.61184210526315,31991.618341413952,0.9902287708414115,0.978891043039938,1.0014116539879225
2017-05-05,002170.SZ,63.755,63.995,62.553,62.874,2031700.0,-1.382,63.261,8.009,0.306,0.401,0,交易,156.7930174563591,208.34967320261438,32479.65725065145,0.9885303539339012,0.9774669896085632,1.0061551674778129
2017-05-08,002170.SZ,62.713,62.713,61.832,61.912,1847230.0,-1.529,62.221,8.009,0.278,0.364,0,交易,170.0879120879121,225.5863309352518,29874.98382714452,0.9921547366574712,0.9859518760065696,1.0049909549037344
2017-05-09,002170.SZ,61.912,62.794,61.592,62.393,1788259.0,0.776,62.276,8.009,0.269,0.353,0,交易,176.75070821529746,230.15613382899627,29033.94921418366,0.9917508042169635,0.9808580437621429,0.9981247896398635
2017-05-10,002170.SZ,62.473,62.954,60.391,61.272,2911543.0,-1.797,61.706,8.009,0.438,0.574,0,交易,106.74564459930315,142.6324200913242,48211.53814310079,0.980176001524923,0.9592877339009435,1.0070831701266485
2017-05-11,002170.SZ,61.031,61.031,56.466,60.311,7124027.0,-1.569,58.781,8.009,1.072,1.406,0,交易,42.89544807965861,56.93190298507462,126164.89568944143,0.9631334895381036,0.9252019465517525,0.9746314934257432
2017-05-12,002170.SZ,59.67,60.391,58.308,60.391,3742849.0,0.133,59.348,8.009,0.563,0.738,0,交易,81.83062330623306,105.98579040852577,64191.00294985251,0.9827292146180723,0.9655081055124108,0.9827292146180723
2017-05-15,002170.SZ,60.07,60.391,59.59,60.15,1890092.0,-0.398,59.949,8.009,0.284,0.373,0,交易,161.26005361930294,211.51408450704227,31718.27487833529,0.9926810286300939,0.9867364342368897,0.9966583541147133
2017-05-16,002170.SZ,59.91,60.471,58.709,60.391,2929560.0,0.399,59.559,8.009,0.441,0.578,0,交易,104.48269896193771,135.8503401360544,49899.67466657582,0.9849183906335268,0.9708620661143359,0.9862231127154708
2017-05-17,002170.SZ,59.83,61.112,59.83,60.23,2702254.0,-0.265,60.557,8.009,0.407,0.533,0,交易,113.00187617260787,147.00245700245702,45165.535684439245,0.990918313915434,0.97902212331457,1.0054291881122366
2017-05-18,002170.SZ,59.67,59.91,59.43,59.43,2204780.0,-1.33,59.631,8.009,0.332,0.435,0,交易,136.6206896551724,179.7289156626506,37098.77166414269,0.9953430145217828,0.9919879819729595,1.0033821302372539
2017-05-19,002170.SZ,59.029,59.51,58.468,59.43,2791242.0,0.0,59.074,8.009,0.42,0.551,0,交易,107.8584392014519,140.54523809523812,47739.652459465,0.9926735002520585,0.98249033775836,0.9940097593807841
2017-05-22,002170.SZ,59.189,59.269,57.507,58.228,3463596.0,-2.022,58.372,8.009,0.521,0.683,0,交易,85.25329428989751,113.60652591170825,60229.11993322552,0.98486561271491,0.9702711366819079,1.00247303702686
2017-05-23,002170.SZ,57.828,57.988,56.546,57.347,4678179.0,-1.513,57.129,8.009,0.704,0.923,0,交易,62.13109425785482,82.14204545454547,82732.27107134015,0.9851865903290336,0.9751327860936746,0.9961985805709104
2017-05-24,002170.SZ,57.027,58.468,55.345,58.468,3729487.0,1.955,56.84,8.009,0.561,0.736,0,交易,79.44021739130436,101.65240641711229,67386.15954467432,0.9721557091058357,0.9465861667920913,0.9721557091058357
2017-05-25,002170.SZ,57.828,58.709,57.267,58.388,2994804.0,-0.137,58.02,8.009,0.451,0.591,0,交易,98.79526226734349,128.22172949002217,52295.45811724029,0.9882641503006353,0.9754381781328246,0.9936973350688498
2017-05-26,002170.SZ,58.308,58.629,57.828,57.908,2504474.0,-0.823,58.17,8.009,0.377,0.494,0,交易,117.22267206477733,154.6631299734748,43309.01985197482,0.9921711098603081,0.9863378191679886,1.0045244180424122
2017-05-31,002170.SZ,58.308,58.869,56.947,56.947,2207971.0,-1.66,57.87,8.009,0.332,0.436,0,交易,130.61238532110093,175.6265060240964,38772.384849070186,0.9830301177190032,0.9673512374934177,1.016208053102007
2017-06-01,002170.SZ,56.867,57.187,55.665,56.867,2596520.0,-0.141,56.579,8.009,0.391,0.512,0,交易,111.06835937499999,145.4398976982097,46645.46842719842,0.9893682130554148,0.9733855596551664,0.9949355513742593
2017-06-02,002170.SZ,56.626,57.027,55.665,56.466,2401178.0,-0.704,56.346,8.009,0.361,0.474,0,交易,119.12658227848102,156.85872576177286,43136.22563549807,0.9880582881792834,0.976116576358567,0.9978748273297204
2017-06-05,002170.SZ,56.546,57.347,56.546,56.867,1938182.0,0.709,56.908,8.009,0.292,0.382,0,交易,148.86649214659684,193.65068493150687,34276.199908039474,0.9923448480304113,0.9860323992536663,1.0007209805335258
2017-06-06,002170.SZ,56.466,57.267,56.466,57.027,1725983.0,0.282,56.941,8.009,0.26,0.341,0,交易,167.23460410557183,217.17692307692306,30566.76584139128,0.994307367244661,0.986012887002986,0.9984919424132429
2017-06-07,002170.SZ,56.626,58.549,56.626,58.148,2651788.0,1.966,57.835,8.009,0.399,0.523,0,交易,111.18164435946463,141.91979949874684,46829.86613922933,0.9878050863379392,0.9671557157252899,0.9946171837380477
2017-06-08,002170.SZ,58.789,58.789,57.668,57.908,2744971.0,-0.413,58.128,8.009,0.413,0.542,0,交易,106.84132841328413,142.34624697336562,47599.552611500316,0.988756400006804,0.9809318069706917,1.0037991296539337
2017-06-09,002170.SZ,57.908,59.029,57.668,58.949,3876645.0,1.798,58.549,8.009,0.583,0.765,0,交易,77.05751633986928,99.32761578044598,67223.50350280918,0.9918684036659946,0.9769435362279557,0.9932144735279649
2017-06-12,002170.SZ,58.707,59.271,58.385,58.546,2815085.0,-0.683,58.788,8.053,0.424,0.555,0,交易,105.48828828828827,138.45990566037736,48215.894493448664,0.9918509895227008,0.9850517116296333,1.0041335018617839
2017-06-13,002170.SZ,58.466,58.868,57.822,58.788,1995629.0,0.413,58.476,8.053,0.3,0.394,0,交易,149.20812182741116,194.88666666666668,34513.31673065615,0.9933410341781612,0.9822314330366243,0.9946927944478465
2017-06-14,002170.SZ,58.707,58.868,58.144,58.305,1894973.0,-0.822,58.513,8.053,0.285,0.374,0,交易,155.8957219251337,205.98947368421054,32591.032608695652,0.9939695590133858,0.9877012978188489,1.0035674470457079
2017-06-15,002170.SZ,58.224,59.352,58.224,59.11,3506596.0,1.381,58.967,8.053,0.528,0.692,0,交易,85.41907514450868,110.27272727272727,60225.95493267381,0.9935132767219302,0.98099474322685,0.9975807815936389
2017-06-16,002170.SZ,59.11,59.352,58.546,58.627,2095484.0,-0.817,58.804,8.053,0.315,0.413,0,交易,141.953995157385,187.65079365079364,35792.09510470399,0.9907669497236825,0.9864200026957811,1.0030190867688948
2017-06-19,002170.SZ,58.627,59.11,58.466,58.707,4736004.0,0.137,58.705,8.053,0.713,0.934,0,交易,62.85546038543897,82.22580645161291,81004.41282112681,0.9931483674505159,0.9891050583657588,0.9999659325123068
2017-06-20,002170.SZ,59.191,59.271,58.546,58.788,2608599.0,0.137,58.819,8.053,0.393,0.515,0,交易,114.1514563106796,150.61323155216286,44556.40009565128,0.9923740108990906,0.9877680484553998,1.0005273185003742
2017-06-21,002170.SZ,58.868,59.03,58.305,58.788,2665961.0,0.0,58.609,8.053,0.401,0.526,0,交易,111.76425855513307,146.80299251870323,45724.39756453135,0.9928680332034558,0.98771810943588,0.996955160917194
2017-06-22,002170.SZ,58.707,58.788,57.016,57.419,4008216.0,-2.329,58.099,8.053,0.603,0.791,0,交易,72.59039190897597,97.35820895522389,70299.84565735934,0.9882799210723276,0.9698577941076411,1.0118427698148695
2017-06-23,002170.SZ,57.177,57.902,56.694,57.338,3462540.0,-0.14,57.264,8.053,0.521,0.683,0,交易,83.95021961932649,109.7447216890595,61074.18774473489,0.9889813823356707,0.9791371627923042,0.9987094073738184
2017-06-26,002170.SZ,57.097,57.66,57.016,57.499,3061035.0,0.281,57.339,8.053,0.461,0.604,0,交易,95.19701986754967,123.85466377440346,53687.298302230956,0.994432882414152,0.9888310787374264,0.9972173429103114
2017-06-27,002170.SZ,57.499,57.741,57.097,57.499,2633856.0,0.0,57.521,8.053,0.396,0.52,0,交易,110.575,145.19949494949495,46129.498922885614,0.9961898824059161,0.9888467466791362,1.000382615349832
2017-06-28,002170.SZ,57.499,57.499,56.533,57.338,3719476.0,-0.28,56.958,8.053,0.56,0.734,0,交易,78.11716621253406,102.67678571428571,65793.00585498735,0.9905911407154906,0.9831997078210055,0.9933726324601485
2017-06-29,002170.SZ,57.177,59.996,57.016,59.513,11568268.0,3.792,59.107,8.053,1.741,2.282,0,交易,26.079316389132337,32.84147041929925,202895.11716009543,0.9851823454896993,0.9503300220014667,0.993177961117739
2017-06-30,002170.SZ,59.191,60.318,58.466,59.835,6640097.0,0.541,59.619,8.053,1.005,1.323,0,交易,45.22675736961452,58.89651741293533,113571.93924674169,0.9884114194767731,0.9692960641931099,0.9963900726999247
2017-07-03,002170.SZ,59.835,60.076,59.191,59.432,3279320.0,-0.673,59.448,8.053,0.496,0.653,0,交易,91.01378254211332,120.6350806451613,55402.34157219847,0.9895465743391704,0.9852686596977163,1.0002692152375825
2017-07-04,002170.SZ,59.754,61.284,59.674,59.915,6900312.0,0.813,60.484,8.053,1.044,1.39,0,交易,43.10431654676259,57.235632183908045,115633.47521533666,0.9869460218001437,0.973728868872789,1.0094967871150797
2017-07-05,002170.SZ,60.399,60.399,59.432,59.996,3189997.0,0.134,59.709,8.053,0.483,0.642,0,交易,93.45171339563863,125.04968944099379,53674.73751514335,0.9885759698008245,0.9839898011556483,0.9952163477565171
2017-07-06,002170.SZ,59.996,59.996,59.271,59.432,3182559.0,-0.94,59.597,8.053,0.482,0.641,0,交易,92.7176287051482,124.47302904564316,53695.04479425014,0.9933495566371091,0.9879158610574038,1.002776282137569
2017-07-07,002170.SZ,59.754,59.754,59.352,59.674,2788363.0,0.407,59.582,8.053,0.422,0.562,0,交易,106.1814946619217,141.59715639810426,46980.101765736625,0.9971215316129465,0.9932724169093282,0.9984582900425646
2017-07-10,002170.SZ,59.593,59.835,59.271,59.513,2497600.0,-0.27,59.551,8.053,0.378,0.503,0,交易,118.31610337972167,157.65343915343917,42138.6512797152,0.9952536141054567,0.9905740787164703,1.0006385159544975
2017-07-11,002170.SZ,59.513,59.754,58.868,58.868,2686644.0,-1.083,59.442,8.053,0.406,0.541,0,交易,108.81330868761552,146.58374384236453,45638.44533532649,0.9947785922281354,0.98517254075041,1.0097506285248352
2017-07-12,002170.SZ,59.271,59.271,57.822,58.224,2632101.0,-1.094,58.375,8.053,0.398,0.53,0,交易,109.8566037735849,148.92211055276383,45520.75334647712,0.9848829950566044,0.9755529685681025,1.0025934322616104
2017-07-13,002170.SZ,58.144,58.385,57.822,58.385,2415032.0,0.277,58.163,8.053,0.365,0.486,0,交易,120.13374485596708,159.2986301369863,41766.663207775586,0.9961976535068938,0.9903571122719877,0.9961976535068938
2017-07-14,002170.SZ,57.983,58.385,57.499,57.58,3310608.0,-1.379,57.841,8.053,0.501,0.667,0,交易,86.32683658170914,115.73453093812374,57576.792639871994,0.9906825383231995,0.9848248694013875,1.0045328238971867
2017-07-17,002170.SZ,57.499,57.499,53.151,53.553,6659956.0,-6.993,54.878,8.053,1.008,1.341,0,交易,39.935123042505595,57.042658730158735,125302.55310342232,0.95441659854954,0.9243812935877146,1.0247418445278509
2017-07-18,002170.SZ,53.151,54.117,52.99,53.795,3011470.0,0.451,53.593,8.053,0.456,0.606,0,交易,88.77062706270628,116.5592105263158,56830.91149273448,0.9903172755326424,0.9791747510024578,0.9962450041825449
2017-07-19,002170.SZ,53.634,54.359,53.553,54.278,2978596.0,0.898,53.962,8.053,0.451,0.6,0,交易,90.46333333333334,118.92239467849224,55619.59180624802,0.9926967015581597,0.9851726485034676,0.9941781200486386
2017-07-20,002170.SZ,54.359,55.889,54.198,55.083,4349610.0,1.484,55.301,8.053,0.658,0.876,0,交易,62.880136986301366,82.61246200607903,80254.0684158087,0.9894791461647193,0.9697435989192864,1.0039576638890402
2017-07-21,002170.SZ,55.164,55.245,54.439,54.761,1901605.0,-0.585,54.79,8.053,0.288,0.383,0,交易,142.9791122715405,191.54166666666669,34930.93186869707,0.9917639605394154,0.9854104443841072,1.0005295739668743
2017-07-24,002170.SZ,54.761,55.164,54.359,54.842,2103414.0,0.147,54.771,8.053,0.308,0.419,0,交易,130.88782816229119,177.79545454545456,38694.861936385874,0.992875788557755,0.9854071495903125,0.9987053717953394
2017-07-25,002170.SZ,54.52,55.164,54.52,55.164,2198328.0,0.587,54.916,8.053,0.321,0.438,0,交易,125.94520547945206,169.84423676012463,40321.496698459276,0.9955043144079472,0.98832571967225,0.9955043144079472
2017-07-26,002170.SZ,55.325,55.325,54.278,55.164,2817877.0,0.0,54.764,8.053,0.412,0.561,0,交易,98.33155080213903,134.2839805825243,51915.638011717456,0.9898599186624492,0.9810754631721644,0.9927488942063665
2017-07-27,002170.SZ,54.842,59.271,54.6,57.177,8587986.0,3.65,57.689,8.053,1.256,1.711,0,交易,33.417299824663935,43.6640127388535,157289.12087912086,0.9733090381468171,0.9211924887381687,1.008954649596866
2017-07-28,002170.SZ,56.855,57.177,56.211,56.694,3818509.0,-0.845,56.664,8.053,0.558,0.761,0,交易,74.4993429697766,101.89068100358422,67931.70375905072,0.9910278608531403,0.9831050947059132,0.9994708434755001
2017-07-31,002170.SZ,56.533,57.58,56.453,57.177,3819674.0,0.852,56.999,8.053,0.559,0.761,0,交易,75.13403416557162,101.13237924865831,67661.13404070643,0.9899096908648837,0.980427231677666,0.9968868601010896
2017-08-01,002170.SZ,57.016,57.66,57.016,57.258,2857560.0,0.141,57.305,8.053,0.418,0.569,0,交易,100.6291739894552,136.4019138755981,50118.56321032693,0.9938432188692335,0.9888310787374264,1.0008208459953194
2017-08-02,002170.SZ,57.419,57.58,56.775,57.419,3267174.0,0.281,57.171,8.053,0.478,0.651,0,交易,88.20122887864822,120.1234309623431,57545.99735799208,0.9928968391802709,0.9860194511983328,0.9956808721851652
2017-08-03,002170.SZ,57.338,57.66,57.016,57.258,2100161.0,-0.281,57.278,8.053,0.307,0.418,0,交易,136.98086124401914,186.76872964169382,36834.59029044479,0.9933749566423864,0.9888310787374264,1.000349296168221
2017-08-04,002170.SZ,57.097,57.499,56.936,57.258,2653000.0,0.0,57.199,8.053,0.388,0.529,0,交易,108.23818525519849,147.15721649484536,46596.17816495714,0.9947825179568339,0.9902085253656585,0.9989695763037478
2017-08-07,002170.SZ,57.258,57.258,56.291,57.097,3658022.0,-0.281,56.744,8.053,0.535,0.729,0,交易,78.32235939643347,107.02429906542056,64984.13600753229,0.9910230884767194,0.9831115302665129,0.9938175385747062
2017-08-08,002170.SZ,57.177,57.338,56.372,57.338,3262329.0,0.423,56.918,8.053,0.477,0.65,0,交易,88.21230769230769,119.86792452830188,57871.44326970837,0.9926750148243747,0.983152534096062,0.9926750148243747
2017-08-09,002170.SZ,57.177,57.177,56.614,56.775,2152900.0,-0.983,56.881,8.053,0.315,0.429,0,交易,132.34265734265733,181.5142857142857,38027.6963295298,0.994823093201812,0.9901533833534463,1.0018670189343901
2017-08-10,002170.SZ,56.614,57.177,56.05,56.372,2354603.0,-0.709,56.529,8.053,0.344,0.469,0,交易,120.19616204690833,164.57558139534885,42008.97413024086,0.9886667716039667,0.9802892771568987,1.0027850706024268
2017-08-11,002170.SZ,56.291,56.291,55.245,55.325,2765670.0,-1.857,55.744,8.053,0.404,0.551,0,交易,100.40834845735027,139.33415841584156,50061.90605484659,0.9902826384324315,0.981417988666039,1.0075734297333936
2017-08-14,002170.SZ,55.406,56.533,55.406,56.13,2288003.0,1.456,55.973,8.053,0.335,0.456,0,交易,123.09210526315789,165.3910447761194,41295.22073421651,0.9900942812162807,0.980064740947765,0.9972029217887047
2017-08-15,002170.SZ,56.936,56.936,56.13,56.533,1686971.0,0.717,56.431,8.053,0.247,0.336,0,交易,168.25297619047618,230.51012145748987,30054.712275075715,0.9911303920191091,0.9858437543908951,0.9981957440786796
2017-08-16,002170.SZ,56.453,57.338,55.969,57.258,3566879.0,1.282,56.832,8.053,0.522,0.711,0,交易,80.53164556962027,108.14750957854406,63729.54671335918,0.9911751369074611,0.9761240364156406,0.9925599916168919
2017-08-17,002170.SZ,57.258,57.499,57.016,57.258,2555564.0,0.0,57.214,8.053,0.374,0.509,0,交易,112.49115913555993,153.09625668449198,44821.87456152659,0.9950433920589923,0.9915998539105028,0.9992315484299137
2017-08-18,002170.SZ,57.016,57.338,56.855,57.177,1800273.0,-0.141,57.081,8.053,0.263,0.359,0,交易,159.26740947075209,216.7908745247148,31664.286342450094,0.9955178066901532,0.9915762670480309,0.9983210032005877
2017-08-21,002170.SZ,57.177,57.338,56.855,57.338,1996375.0,0.282,57.105,8.053,0.292,0.398,0,交易,144.06532663316582,195.81164383561645,35113.446486676636,0.9959363772716173,0.9915762670480309,0.9959363772716173
2017-08-22,002170.SZ,57.097,57.258,56.775,56.936,2150391.0,-0.702,56.991,8.053,0.314,0.428,0,交易,133.02803738317758,181.8375796178344,37875.667107001325,0.9953368961542491,0.9915644975374619,1.0009659969088098
2017-08-23,002170.SZ,57.016,57.016,56.533,56.694,1847765.0,-0.424,56.654,8.053,0.27,0.368,0,交易,154.05978260869566,211.17037037037036,32684.71512214105,0.9936509050091203,0.9915286937000141,0.9992944579673334
2017-08-24,002170.SZ,56.775,56.936,56.211,56.291,2108767.0,-0.71,56.364,8.053,0.308,0.42,0,交易,134.02619047619046,184.33441558441558,37515.20165092242,0.9899536321483771,0.9872664043838696,1.0012968325309552
2017-08-25,002170.SZ,55.969,56.775,55.969,56.533,2449699.0,0.429,56.552,8.053,0.358,0.488,0,交易,115.84631147540983,156.33798882681566,43768.85418713931,0.9960722148833113,0.9858036107441656,1.0003360868873048
2017-08-28,002170.SZ,56.694,57.258,56.453,57.177,3280710.0,1.14,56.878,8.053,0.48,0.654,0,交易,87.42660550458716,118.11250000000001,58114.00634155846,0.9933633728038003,0.9859408292291033,0.9947706245518303
2017-08-29,002170.SZ,56.775,57.902,56.694,57.58,6362697.0,0.704,57.533,8.053,0.93,1.268,0,交易,45.41009463722397,61.04838709677419,112228.75436554132,0.9936271631377155,0.9791371627923042,0.9991837443556791
2017-08-30,002170.SZ,57.741,58.546,57.58,58.063,6885322.0,0.839,58.121,8.053,1.007,1.372,0,交易,42.319970845481045,57.339622641509436,119578.36054185481,0.9927407508625696,0.9835001537252759,1.0009989149716687
2017-08-31,002170.SZ,58.144,58.466,57.58,58.305,3272300.0,0.416,57.907,8.053,0.479,0.652,0,交易,89.42484662576686,121.38622129436325,56830.496700243144,0.990438887558581,0.9848458933397187,0.9931738272875396
2017-09-01,002170.SZ,58.144,58.224,57.66,57.983,3287267.0,-0.552,57.925,8.053,0.481,0.655,0,交易,88.52366412213739,120.88149688149689,57011.22095039889,0.9948646606210497,0.9903132728771641,0.9989997068106169
2017-09-04,002170.SZ,57.822,58.788,57.58,58.707,5384371.0,1.25,58.477,8.053,0.787,1.073,0,交易,54.71295433364399,73.47141041931386,93511.13233761724,0.9947098047220522,0.9794515887596108,0.9960822389152911
2017-09-05,002170.SZ,58.707,58.949,58.224,58.546,3051216.0,-0.274,58.517,8.053,0.446,0.608,0,交易,96.29276315789474,131.63004484304932,52404.7815333883,0.9926716314102021,0.9877012332694363,0.9995046630000343
2017-09-06,002170.SZ,58.385,58.466,58.063,58.385,3079516.0,-0.275,58.31,8.053,0.45,0.614,0,交易,95.08957654723127,129.74444444444444,53037.49375678143,0.9973317825744877,0.9931071049840934,0.9987154234820588
2017-09-07,002170.SZ,58.144,59.352,58.144,58.546,3626605.0,0.276,58.823,8.053,0.53,0.723,0,交易,80.97648686030429,109.70566037735848,62372.81576774904,0.9910870737296132,0.9796468526755627,1.004731322378984
2017-09-08,002170.SZ,58.466,58.627,58.144,58.546,3900000.0,0.0,58.373,8.053,0.57,0.777,0,交易,75.34877734877735,102.57192982456141,67074.84865162356,0.9956675252016988,0.9917614750882698,0.9970450585864107
2017-09-11,002170.SZ,58.546,58.949,58.466,58.868,3092804.0,0.55,58.727,8.053,0.452,0.616,0,交易,95.56493506493507,129.52654867256638,52899.189272397634,0.9962340328080205,0.9918064767850177,0.9976048107630631
2017-09-12,002170.SZ,58.788,60.801,58.707,59.835,9277900.0,1.642,59.891,8.053,1.357,1.848,0,交易,32.37824675324675,43.32203389830508,158037.37203399936,0.9850331409022878,0.9655597769773523,1.0009359070777972
2017-09-13,002170.SZ,59.593,65.069,59.593,64.184,26455032.0,7.268,62.795,8.053,3.869,5.271,0,交易,12.176816543350407,15.402688033083484,443928.51509405463,0.9650524827490817,0.9158431818531098,0.9783590926087499
2017-09-14,002170.SZ,63.539,65.392,62.895,64.747,19110569.0,0.878,64.059,8.053,2.795,3.807,0,交易,17.0073548726031,22.73309481216458,303848.7797122188,0.9796152434548568,0.9618149009053096,0.9893740250513537
2017-09-15,002170.SZ,64.264,66.68,63.861,65.15,14451946.0,0.622,65.347,8.053,2.113,2.939,0,交易,22.167403878870367,30.413629910080452,226303.15842219823,0.9800089982003597,0.9577234553089381,1.0030237912509592
2017-09-18,002170.SZ,65.069,65.714,64.184,65.553,8158202.0,0.618,65.046,8.053,1.193,1.659,0,交易,39.513562386980105,54.542330259849116,127106.47513398978,0.9898347384119063,0.9767172900751743,0.992265800192211
2017-09-19,002170.SZ,65.875,67.969,64.586,64.908,15502681.0,-0.983,66.352,8.053,2.267,3.152,0,交易,20.59263959390863,29.058226731363035,240031.6012758183,0.9762097426768087,0.9502273095087467,1.0222468724964566
2017-09-20,002170.SZ,65.069,65.553,64.022,65.069,8726957.0,0.248,64.736,8.053,1.276,1.775,0,交易,36.65859154929578,50.994514106583075,136311.84592796225,0.9875368022821229,0.9766448522569525,0.9948823556532297
2017-09-21,002170.SZ,65.069,65.15,64.103,64.506,5674606.0,-0.866,64.539,8.053,0.83,1.154,0,交易,55.897746967071065,78.39638554216869,88523.25164188884,0.9906216423637758,0.9839293937068302,1.00051158031811
2017-09-22,002170.SZ,64.425,64.425,63.217,63.378,4795530.0,-1.748,63.62,8.053,0.701,0.975,0,交易,65.00307692307692,91.90442225392297,75858.23433570084,0.9875048506014746,0.9812495149398526,1.0038183596831707
2017-09-25,002170.SZ,63.459,64.989,62.17,63.056,9875616.0,-0.508,63.513,8.053,1.444,2.008,0,交易,31.40239043824701,43.946675900277015,158848.57648383465,0.9772884642016341,0.9566234285802212,1.0072475260086273
2017-09-26,002170.SZ,63.056,63.861,62.412,63.459,4050351.0,0.639,63.157,8.053,0.592,0.824,0,交易,77.01334951456312,106.51351351351352,64896.990963276294,0.9889760573746105,0.9773100953633673,0.9952410217620825
2017-09-27,002170.SZ,63.459,63.942,63.056,63.62,2710060.0,0.254,63.619,8.053,0.396,0.551,0,交易,115.46279491833029,160.25,42978.62217711241,0.9949485471208283,0.9861436927215288,0.9999842816724301
2017-09-28,002170.SZ,63.62,63.781,62.412,63.217,3519700.0,-0.633,63.228,8.053,0.515,0.716,0,交易,88.29189944134079,123.53398058252426,56394.60360187144,0.9913297063388784,0.9785359276273499,1.0001740038280842
2017-09-29,002170.SZ,63.459,64.022,63.217,64.022,3938337.0,1.274,63.644,8.053,0.576,0.801,0,交易,79.92759051186017,110.17187500000001,62298.7012987013,0.9940957795757707,0.987426197244697,0.9940957795757707
2017-10-09,002170.SZ,64.506,64.908,64.022,64.103,3393858.0,0.126,64.259,8.053,0.496,0.65,0,交易,98.61999999999999,130.05241935483872,53010.80878448033,0.9900012325137117,0.986349910642756,1.0024335834516327
2017-10-10,002170.SZ,64.103,64.586,62.895,63.7,4605452.0,-0.628,63.394,8.053,0.673,0.882,0,交易,72.22222222222223,95.24962852897472,73224.45345416965,0.9815439878611464,0.9738178552627506,0.9951962323390894
2017-10-11,002170.SZ,63.459,63.942,62.653,62.653,4029115.0,-1.643,63.268,8.053,0.589,0.772,0,交易,81.15673575129533,107.74023769100171,64308.41300496385,0.9894591973976417,0.9798411060023146,1.0098159705042058
2017-10-12,002170.SZ,62.251,62.815,61.284,61.929,4946865.0,-1.157,62.001,8.053,0.723,0.948,0,交易,65.32594936708861,86.10096818810511,80720.33483454083,0.9870413117885856,0.9756268407227573,1.0011626217119605
2017-10-13,002170.SZ,62.009,63.217,61.768,63.056,3548421.0,1.821,62.605,8.053,0.519,0.68,0,交易,92.72941176470587,119.47784200385357,57447.561844320684,0.9903190597465871,0.9770789502823608,0.9928476275057092
2017-10-16,002170.SZ,63.056,63.942,62.009,62.17,3417331.0,-1.405,62.866,8.053,0.5,0.655,0,交易,94.91603053435114,126.112,55110.242061636214,0.9831722498514278,0.9697694785899722,1.0111951101817596
2017-10-17,002170.SZ,61.445,61.848,60.721,61.445,3212337.0,-1.166,61.299,8.053,0.47,0.615,0,交易,99.91056910569105,130.7340425531915,52903.229525205454,0.9911233993015134,0.9817779071271504,0.9976238912848889
2017-10-18,002170.SZ,61.445,62.331,60.882,61.929,3348786.0,0.786,61.861,8.053,0.49,0.642,0,交易,96.46261682242991,125.39795918367348,55004.533359613684,0.9924596107875695,0.97675314049189,0.9989019683831484
2017-10-19,002170.SZ,61.204,62.17,61.123,61.123,2733037.0,-1.3,61.501,8.053,0.4,0.524,0,交易,116.64694656488548,153.01,44713.72478445103,0.9892391828856361,0.9831590799420942,1.0061842514274495
2017-10-20,002170.SZ,61.043,61.607,60.721,61.526,1467402.0,0.659,61.398,8.053,0.215,0.281,0,交易,218.95373665480426,283.92093023255813,24166.301608998536,0.9966075283652832,0.9856185173762722,0.9979195787146897
2017-10-23,002170.SZ,61.526,62.251,60.882,62.09,2008492.0,0.916,61.755,8.053,0.294,0.385,0,交易,161.27272727272728,209.27210884353744,32989.91491738117,0.9920322565099357,0.9780083854074634,0.994604606216782
2017-10-24,002170.SZ,61.848,64.103,61.526,63.781,6641724.0,2.724,63.383,8.053,0.971,1.272,0,交易,50.14229559748428,63.695159629248195,107949.87484965705,0.9887680763770808,0.9597990733663012,0.9937598971480536
2017-10-25,002170.SZ,64.103,64.345,62.492,62.976,6145921.0,-1.263,63.088,8.053,0.899,1.177,0,交易,53.505522514868304,71.3047830923248,98347.32445753057,0.9804646825705183,0.9712021136063408,1.0017784552845528
2017-10-26,002170.SZ,62.734,62.734,61.687,61.929,3541931.0,-1.662,62.002,8.053,0.518,0.679,0,交易,91.20618556701031,121.10810810810811,57417.78656767229,0.9883316861669909,0.9833104855421302,1.0011787692357377
2017-10-27,002170.SZ,61.687,62.17,60.882,61.043,2546800.0,-1.43,61.435,8.053,0.372,0.488,0,交易,125.08811475409836,165.8252688172043,41831.74008738215,0.9881775776097796,0.9792826121923757,1.0064217027341382
2017-10-30,002170.SZ,60.801,61.687,59.191,60.399,4069624.0,-1.055,60.472,8.053,0.584,0.76,0,交易,79.47236842105264,104.11130136986303,68754.10113023939,0.9803037917227293,0.9595376659587921,1.0012086292819418
2017-10-31,002170.SZ,60.076,61.043,59.674,60.318,2257861.0,-0.133,60.143,8.053,0.324,0.422,0,交易,142.93364928909952,185.41975308641975,37836.595502228774,0.98525629474305,0.977573186114706,0.9970987101694354
2017-11-01,002170.SZ,59.996,60.64,59.352,59.352,2701300.0,-1.602,59.872,8.053,0.388,0.505,0,交易,117.52871287128713,154.62886597938143,45513.20932740262,0.987335092348285,0.9787598944591028,1.008761288583367
2017-11-02,002170.SZ,59.352,59.352,57.258,57.741,3490780.0,-2.714,58.209,8.053,0.501,0.652,0,交易,88.55981595092024,118.46706586826346,60965.80390513116,0.9807420137484837,0.9647189648200567,1.0081051592455967
2017-11-03,002170.SZ,57.499,58.063,57.258,57.822,1649800.0,0.139,57.739,8.053,0.237,0.308,0,交易,187.73376623376623,242.61181434599158,28813.440916553143,0.9944198542961954,0.9861357491001154,0.9985645602019991
2017-11-06,002170.SZ,57.58,58.063,57.258,57.983,1461900.0,0.279,57.793,8.053,0.21,0.273,0,交易,212.39194139194137,274.1904761904762,25531.803416116523,0.9953498785801629,0.9861357491001154,0.9967231774830554
2017-11-07,002170.SZ,57.983,58.305,57.66,57.822,2057954.0,-0.278,57.9,8.053,0.295,0.384,0,交易,150.578125,196.55254237288136,35691.189732917104,0.9930537689735014,0.9889374839207614,1.0013489675210128
2017-11-08,002170.SZ,57.822,58.144,57.419,57.902,2772433.0,0.139,57.844,8.053,0.398,0.518,0,交易,111.77992277992279,145.28140703517587,48284.243891394835,0.9948403962575675,0.9875309576224546,0.998998307485061
2017-11-09,002170.SZ,57.66,57.983,57.338,57.58,2286636.0,-0.556,57.65,8.053,0.328,0.427,0,交易,134.84777517564402,175.79268292682926,39879.94000488332,0.9942569373781971,0.9888760498766881,1.001215699895797
2017-11-10,002170.SZ,57.58,57.822,56.775,57.58,4020859.0,0.0,57.24,8.053,0.577,0.751,0,交易,76.6711051930759,99.79202772963605,70820.94231616029,0.989934626958597,0.9818927051987132,0.9940951719346997
2017-11-13,002170.SZ,57.902,57.902,56.372,56.694,3819363.0,-1.538,56.765,8.053,0.548,0.714,0,交易,79.40336134453783,105.66058394160584,67752.83828851202,0.9803633725950744,0.9735760422783324,1.0012523371079831
2017-11-14,002170.SZ,56.694,56.694,55.728,55.728,2472971.0,-1.705,56.043,8.053,0.355,0.462,0,交易,120.62337662337661,159.70140845070424,44375.73571633649,0.9885173034183511,0.9829611599111017,1.0056524547803618
2017-11-15,002170.SZ,55.567,56.13,55.164,55.486,1652130.0,-0.434,55.578,8.053,0.237,0.309,0,交易,179.5663430420712,234.45991561181435,29949.423537089406,0.9901656867985035,0.982789951897381,1.0016580759110407
2017-11-16,002170.SZ,55.486,56.775,55.245,55.969,2587950.0,0.871,56.223,8.053,0.371,0.483,0,交易,115.87784679089027,149.55795148247978,46844.96334509911,0.9902774108322325,0.9730515191545575,1.0045382265182512
2017-11-17,002170.SZ,55.728,56.05,53.634,53.714,3960100.0,-4.029,54.636,8.053,0.568,0.74,0,交易,72.58648648648648,98.11267605633805,73835.62665473393,0.9747725245316683,0.9568956289027655,1.0171649849201327
2017-11-20,002170.SZ,53.553,53.956,52.668,53.956,1858849.0,0.45,53.32,8.053,0.267,0.347,0,交易,155.492795389049,200.57303370786514,35293.70775423407,0.9882126176884869,0.9761286974571872,0.9882126176884869
2017-11-21,002170.SZ,54.198,54.439,53.634,53.795,2188178.0,-0.299,53.897,8.053,0.314,0.409,0,交易,131.52811735941322,172.60509554140128,40798.336875862326,0.9900439023494186,0.9852128069949853,1.0018960869969327
2017-11-22,002170.SZ,53.795,53.795,52.668,53.07,2899445.0,-1.347,53.225,8.053,0.416,0.542,0,交易,97.91512915129151,129.31490384615387,55051.3594592542,0.9894042197230226,0.979050097592713,1.002920670812135
2017-11-23,002170.SZ,52.99,53.473,51.862,51.862,2413501.0,-2.276,52.681,8.053,0.346,0.451,0,交易,114.99334811529934,153.15028901734107,46536.98276194516,0.9851887868643988,0.969872646008266,1.0157919092977516
2017-11-24,002170.SZ,51.862,51.862,50.815,51.701,3538816.0,-0.311,51.305,8.053,0.508,0.661,0,交易,78.21633888048412,102.09055118110237,69641.1689461773,0.989259959122286,0.9798118082603833,0.9923405736832943
2017-11-27,002170.SZ,51.46,51.621,50.735,50.896,2572348.0,-1.558,51.021,8.053,0.369,0.481,0,交易,105.81288981288982,139.4579945799458,50701.64580664236,0.9883768233858313,0.9828364425330776,1.0024559886828042
2017-11-28,002170.SZ,50.735,51.299,50.413,51.137,2556598.0,0.475,50.95,8.053,0.367,0.478,0,交易,106.98117154811716,138.2425068119891,50713.07004145756,0.9931967484746292,0.9827287081619525,0.9963431566184955
2017-11-29,002170.SZ,51.137,51.137,50.091,50.896,2700073.0,-0.472,50.613,8.053,0.387,0.504,0,交易,100.98412698412699,132.13695090439276,53903.35589227606,0.9897530164069069,0.979545143438215,0.9944396416221314
2017-11-30,002170.SZ,50.815,51.057,50.493,50.896,1958872.0,0.0,50.824,8.053,0.281,0.366,0,交易,139.0601092896175,180.83629893238432,38794.92206840552,0.9954364729615919,0.9889535225336389,0.9985853505187048
2017-12-01,002170.SZ,50.815,53.634,50.574,53.151,7366182.0,4.43,52.216,8.053,1.057,1.376,0,交易,38.627180232558146,48.074739829706715,145651.56009016492,0.9735615467800276,0.9429466383264347,0.9824086094335007
2017-12-04,002170.SZ,52.345,52.99,52.023,52.104,6139057.0,-1.97,52.449,8.053,0.881,1.147,0,交易,45.42632955536181,59.415437003405216,118006.59323760643,0.9897905265144367,0.9817512738252501,1.0066213726393367
2017-12-05,002170.SZ,51.621,52.184,50.413,52.184,2596592.0,0.155,51.278,8.053,0.372,0.485,0,交易,107.5958762886598,138.76612903225808,51506.39715946284,0.9826383565843937,0.9660623946037099,0.9826383565843937
2017-12-06,002170.SZ,51.299,52.184,51.218,52.184,1546293.0,0.0,51.717,8.053,0.222,0.289,0,交易,180.5674740484429,231.07657657657657,30190.42133624897,0.9910508968266135,0.981488578874751,0.9910508968266135
2017-12-07,002170.SZ,51.943,52.99,51.782,52.587,2969308.0,0.772,52.532,8.053,0.426,0.555,0,交易,94.75135135135135,121.9319248826291,57342.47421884053,0.991356859784865,0.9772032458954518,0.9989541141346719
2017-12-08,002170.SZ,52.345,52.99,52.184,52.506,1554116.0,-0.153,52.505,8.053,0.223,0.29,0,交易,181.05517241379312,234.73094170403587,29781.465583320558,0.9908473296848462,0.9847895829401773,0.9999809545575744
2017-12-11,002170.SZ,52.829,53.392,52.668,53.151,3115891.0,1.227,53.011,8.053,0.447,0.582,0,交易,91.32474226804125,118.18568232662193,59160.989595200124,0.9928640994905604,0.9864399160922984,0.9973659949953905
2017-12-12,002170.SZ,53.473,54.278,52.426,53.392,4697978.0,0.455,53.321,8.053,0.674,0.878,0,交易,60.81093394077449,79.33679525222551,89611.60492885209,0.9823685471093261,0.9658793618040459,0.9986702127659574
2017-12-13,002170.SZ,52.668,53.151,52.184,53.151,2605006.0,-0.452,52.753,8.053,0.374,0.487,0,交易,109.13963039014375,140.8235294117647,49919.63053809597,0.9925119000583243,0.9818065511467328,0.9925119000583243
2017-12-14,002170.SZ,53.151,53.151,52.265,52.99,2514685.0,-0.303,52.703,8.053,0.361,0.47,0,交易,112.74468085106383,147.23268698060943,48114.12991485698,0.9915711839852496,0.983330511185114,0.9945838837516513
2017-12-15,002170.SZ,52.587,52.829,51.862,52.506,1919405.0,-0.912,52.334,8.053,0.275,0.359,0,交易,146.25626740947075,191.22545454545454,37009.85307161313,0.9906301463211494,0.981695659580912,0.9967241839027922
2017-12-18,002170.SZ,52.184,52.748,51.862,51.862,2120046.0,-1.227,52.198,8.053,0.304,0.396,0,交易,130.96464646464645,171.6578947368421,40878.60090239481,0.989573064381588,0.9832031546219763,1.0064787320195905
2017-12-19,002170.SZ,51.782,52.023,51.299,51.701,1448750.0,-0.311,51.645,8.053,0.208,0.271,0,交易,190.77859778597784,248.95192307692307,28241.291253240805,0.9927339830459604,0.9860830786382945,0.9989168488036982
2017-12-20,002170.SZ,51.701,52.023,51.54,52.023,1783305.0,0.623,51.768,8.053,0.256,0.333,0,交易,156.22522522522522,201.95703125,34600.40745052387,0.9950983218960844,0.9907156450031716,0.9950983218960844
2017-12-21,002170.SZ,52.184,52.345,50.896,51.621,2500700.0,-0.774,51.637,8.053,0.359,0.467,0,交易,110.53747323340471,145.35933147632312,49133.52719270669,0.9864743528512753,0.9723182729964658,1.0003099513763778
2017-12-22,002170.SZ,51.379,51.621,50.654,51.54,2697137.0,-0.156,51.009,8.053,0.387,0.504,0,交易,102.26190476190476,132.76227390180878,53246.278674931884,0.988144359853548,0.9812673136901648,0.989697322467986
2017-12-25,002170.SZ,51.299,51.54,50.815,51.137,1620825.0,-0.781,51.116,8.053,0.233,0.303,0,交易,168.76897689768978,220.1673819742489,31896.585653842372,0.9917733798991075,0.9859332557237097,0.9995893384437883
2017-12-26,002170.SZ,51.137,51.379,50.735,51.379,2125010.0,0.472,51.17,8.053,0.305,0.397,0,交易,129.4181360201511,167.66229508196722,41884.49788114714,0.9959321901944375,0.9874656961015201,0.9959321901944375
2017-12-27,002170.SZ,51.379,52.668,51.057,51.782,3369619.0,0.784,51.879,8.053,0.483,0.63,0,交易,82.19365079365079,106.37474120082815,65997.1992087275,0.9850193665983139,0.9694121667805878,1.0018732378046427
2017-12-28,002170.SZ,51.943,52.184,51.299,52.023,2689139.0,0.467,51.775,8.053,0.386,0.502,0,交易,103.63147410358566,134.56735751295335,52420.885397376165,0.9921623486126016,0.9830407787827687,0.9952328777656035
2017-12-29,002170.SZ,51.943,52.104,51.299,52.104,2030095.0,0.155,51.684,8.053,0.291,0.379,0,交易,137.47757255936676,178.4982817869416,39573.77336790191,0.9919391985260249,0.9845501305082144,0.9919391985260249
2018-01-02,002170.SZ,52.104,54.117,52.023,52.829,4098525.0,1.391,52.895,8.053,0.612,0.806,0,交易,65.54466501240694,85.13725490196079,78782.94216019836,0.9774192952307039,0.961306059094185,1.0012493138238467
2018-01-03,002170.SZ,52.909,52.99,52.345,52.668,2704128.0,-0.305,52.644,8.053,0.403,0.532,0,交易,99.0,131.28784119106697,51659.71917088547,0.993470466125684,0.9878278920551047,0.999544315333789
2018-01-04,002170.SZ,52.506,52.909,52.426,52.668,2057526.0,0.0,52.647,8.053,0.307,0.405,0,交易,130.04444444444442,171.02931596091204,39246.29000877427,0.995048101457219,0.9908711183352549,0.9996012759170654
2018-01-05,002170.SZ,52.587,53.473,52.345,53.312,3923106.0,1.223,52.969,8.053,0.585,0.772,0,交易,69.05699481865284,89.89230769230771,74947.10096475309,0.9905746825500721,0.9789052418977802,0.9935661764705883
2018-01-08,002170.SZ,53.231,53.312,52.587,52.829,1948661.0,-0.906,52.812,8.053,0.291,0.383,0,交易,137.93472584856397,182.92439862542957,37055.94538574172,0.9906212484993998,0.9864008103241297,0.9996782070453728
2018-01-09,002170.SZ,52.909,52.909,51.862,52.345,2778040.0,-0.915,52.319,8.053,0.415,0.546,0,交易,95.86996336996336,127.49156626506024,53566.00208244957,0.988848778090684,0.9802113062049935,0.999503295443691
2018-01-10,002170.SZ,51.943,52.265,51.299,51.943,2275200.0,-0.769,51.787,8.053,0.339,0.448,0,交易,115.94419642857142,153.22418879056045,44351.74174935184,0.9908543002008993,0.9815172677700181,0.9969967079298462
2018-01-11,002170.SZ,51.782,52.104,51.54,51.943,1282638.0,0.0,51.886,8.053,0.191,0.252,0,交易,206.12301587301587,271.109947643979,24886.26309662398,0.9958160601873177,0.9891754951635191,0.9989026432820592
2018-01-12,002170.SZ,51.782,52.345,51.621,51.943,3387101.0,0.0,52.022,8.053,0.505,0.666,0,交易,77.99249249249249,102.53861386138612,65614.78855504542,0.9938294010889293,0.9861686885089312,1.0015208979073216
2018-01-15,002170.SZ,51.943,52.023,50.574,50.815,2789069.0,-2.171,50.909,8.053,0.416,0.549,0,交易,92.55919854280509,124.86298076923077,55148.277771186775,0.9785863944793648,0.9721469350095149,1.0018498474859785
2018-01-16,002170.SZ,50.493,51.299,50.171,50.976,2886388.0,0.317,50.524,8.053,0.431,0.568,0,交易,89.74647887323944,117.15313225058006,57531.00396643479,0.9848924930310533,0.9780112672761653,0.9911330822347771
2018-01-17,002170.SZ,50.896,52.99,50.171,51.701,4381167.0,1.422,51.775,8.053,0.654,0.862,0,交易,59.977958236658935,77.82262996941895,87324.689561699,0.9770711454991508,0.9468012832609926,1.0014313069379701
2018-01-18,002170.SZ,51.057,52.023,50.815,51.782,2766207.0,0.156,51.456,8.053,0.413,0.544,0,交易,95.18749999999999,123.62469733656175,54436.819836662406,0.9891009745689406,0.976779501374392,0.9937043760380057
2018-01-19,002170.SZ,51.54,51.782,50.896,51.621,2507611.0,-0.311,51.338,8.053,0.374,0.493,0,交易,104.70791075050711,137.80748663101605,49269.31389500157,0.9914255919045228,0.9828898072689353,0.994517735030317
2018-01-22,002170.SZ,51.137,51.621,50.815,51.621,1897882.0,0.0,51.274,8.053,0.283,0.373,0,交易,138.39410187667562,180.69611307420496,37348.85368493555,0.9932779295248058,0.9843861994149667,0.9932779295248058
2018-01-23,002170.SZ,51.621,51.943,51.057,51.46,2713175.0,-0.312,51.322,8.053,0.405,0.534,0,交易,96.36704119850187,127.45925925925926,53140.11790743678,0.9880445873361186,0.9829428411913059,0.9973183054799845
2018-01-24,002170.SZ,51.379,51.379,50.815,51.379,2784985.0,-0.156,51.084,8.053,0.416,0.548,0,交易,93.75729927007298,123.50721153846153,54806.35639082948,0.9942583545806654,0.9890227524864245,0.9942583545806654
2018-01-25,002170.SZ,51.218,53.392,50.815,52.506,10174016.0,2.194,52.224,8.053,1.518,2.001,0,交易,26.239880059970016,33.740447957839265,200216.78638197383,0.9781240635301167,0.951734342223554,0.994629185235973
2018-01-26,002170.SZ,52.023,53.714,51.54,52.829,11510383.0,0.613,52.739,8.053,1.717,2.264,0,交易,23.334363957597176,30.298776936517182,223329.1230112534,0.9818483077037643,0.9595263804594706,0.9982963902402089
2018-01-29,002170.SZ,52.909,52.909,51.299,51.943,5962144.0,-1.677,52.041,8.053,0.89,1.173,0,交易,44.28218243819266,59.44831460674157,116223.39616756662,0.9835944735300232,0.9695703944508496,1.0018866834799685
2018-01-30,002170.SZ,51.701,51.862,51.057,51.54,3022180.0,-0.775,51.351,8.053,0.451,0.594,0,交易,86.76767676767678,114.63636363636364,59192.275300154724,0.9901469283868728,0.9844780378697312,0.9963329452852153
2018-01-31,002170.SZ,48.56,48.722,46.386,46.386,9336263.0,-10.0,47.111,8.053,1.393,1.837,0,交易,25.250952640174198,34.8600143575018,201273.29366619236,0.9669348548910143,0.9520545133615205,1.0156297158625447
2018-02-01,002170.SZ,43.326,44.937,41.715,41.715,11374931.0,-10.069,41.958,8.053,1.697,2.238,0,交易,18.63941018766756,25.53093694755451,272682.0328419034,0.9337071900660926,0.9282996194672543,1.0058252427184464
2018-02-02,002170.SZ,38.816,39.944,37.528,37.528,25872149.0,-10.039,37.997,8.053,3.86,5.089,0,交易,7.374336804873256,10.0559585492228,689409.2144532083,0.9512567594632485,0.9395153214500299,1.012497335322959
2018-02-05,002170.SZ,37.125,38.575,37.125,37.85,9024609.0,0.858,38.045,8.053,1.347,1.775,0,交易,21.323943661971832,27.561247216035635,243087.11111111112,0.9862605314322748,0.9624108878807517,1.0051519154557464
2018-02-06,002170.SZ,36.803,39.702,36.239,37.85,12296921.0,0.0,38.343,8.053,1.835,2.419,0,交易,15.646961554361306,20.056130790190736,339328.3755070504,0.9657699863986702,0.9127751750541534,1.0130250990752974
2018-02-07,002170.SZ,37.93,41.635,37.93,40.507,18839130.0,7.021,40.549,8.053,2.811,3.706,0,交易,10.930113329735564,13.493418712202063,496681.5185868706,0.9739161762939834,0.9110123694007446,1.0010368578270423
2018-02-08,002170.SZ,39.863,41.474,39.38,40.829,10573819.0,0.795,40.206,8.053,1.578,2.08,0,交易,19.629326923076924,25.2617237008872,268507.3387506348,0.9694266287312535,0.9495105367218017,0.9847412378456489
2018-02-09,002170.SZ,40.105,40.105,38.655,39.299,7425057.0,-3.748,39.344,8.053,1.108,1.461,0,交易,26.89869952087611,36.195848375451256,192085.29297632904,0.9810248098740807,0.9638449071188132,1.0011450673045117
2018-02-12,002170.SZ,39.299,40.588,39.299,40.346,4942362.0,2.664,40.296,8.053,0.737,0.972,0,交易,41.508230452674894,53.32293080054274,125763.0474057864,0.9928057553956834,0.9682418448802601,0.9987607197739553
2018-02-13,002170.SZ,40.346,40.749,40.024,40.427,4189969.0,0.2,40.379,8.053,0.625,0.824,0,交易,49.0618932038835,64.55359999999999,104686.41315210873,0.9909200225772411,0.9822081523472969,0.998812674697603
2018-02-14,002170.SZ,40.266,41.152,40.266,40.829,3290698.0,0.996,40.585,8.053,0.491,0.647,0,交易,63.10510046367852,82.0081466395112,81723.98549644861,0.9862218118195957,0.978470062208398,0.9940238555928385
2018-02-22,002170.SZ,41.071,41.876,41.071,41.393,3699432.0,1.381,41.438,8.053,0.552,0.728,0,交易,56.85851648351649,74.40398550724636,90074.0668598281,0.9895405482854142,0.9807765784697678,1.0010871403377384
2018-02-23,002170.SZ,41.474,42.198,41.152,42.118,4145646.0,1.751,41.694,8.053,0.619,0.815,0,交易,51.67852760736197,67.0016155088853,100739.84253499222,0.9880563059860658,0.9752120953599697,0.9899330452538108
2018-02-26,002170.SZ,42.118,43.004,41.715,42.843,4169575.0,1.721,42.609,8.053,0.622,0.82,0,交易,52.247560975609765,67.71382636655949,99953.8535299053,0.9908148079248443,0.9700260440889221,0.9945381976052097
2018-02-27,002170.SZ,42.843,43.406,42.682,43.084,3429088.0,0.564,43.07,8.053,0.512,0.675,0,交易,63.82814814814815,83.677734375,80340.3776767724,0.9922591346818412,0.9833202783025389,0.9996750533840868
2018-02-28,002170.SZ,42.521,43.326,41.635,42.762,3545958.0,-0.748,42.717,8.053,0.529,0.698,0,交易,61.26361031518625,80.37996219281663,85167.71946679476,0.9859437751004015,0.9609703180538245,0.9989476638136663
2018-03-01,002170.SZ,42.762,44.453,42.601,44.131,4163972.0,3.202,43.876,8.053,0.621,0.819,0,交易,53.88400488400489,68.85990338164251,97743.52714725006,0.9870199986502597,0.9583380199311632,0.9942217488840044
2018-03-02,002170.SZ,44.212,44.453,43.245,43.729,3549602.0,-0.912,43.747,8.053,0.53,0.698,0,交易,62.64899713467049,83.4188679245283,82081.21170077466,0.9841180572739747,0.9728252311430049,1.0004116261519815
2018-03-05,002170.SZ,43.567,43.97,43.165,43.326,1491144.0,-0.921,43.413,8.053,0.222,0.293,0,交易,147.8703071672355,196.24774774774775,34545.210239777596,0.9873322720036388,0.9816920627700705,1.0020080321285139
2018-03-06,002170.SZ,43.89,44.856,43.648,44.614,3468817.0,2.974,44.445,8.053,0.518,0.682,0,交易,65.41642228739002,84.72972972972973,79472.53024193548,0.9908373461744248,0.9730693775637597,0.9962119514053885
2018-03-07,002170.SZ,44.212,44.534,43.809,43.89,1891401.0,-1.625,44.079,8.053,0.282,0.372,0,交易,117.98387096774194,156.78014184397165,43173.79990412929,0.9897830870795348,0.9837203035882696,1.0043062200956938
2018-03-08,002170.SZ,43.729,44.373,43.567,44.131,1692283.0,0.55,44.071,8.053,0.253,0.333,0,交易,132.52552552552552,172.84189723320156,38843.229967636056,0.9931940594505668,0.9818358010501882,0.9986404115021187
2018-03-09,002170.SZ,44.292,45.661,43.89,45.098,3701451.0,2.19,45.259,8.053,0.552,0.728,0,交易,61.9478021978022,80.23913043478261,84334.72317156527,0.9911959878233065,0.9612141652613828,1.0035700031043506
2018-03-12,002170.SZ,45.42,46.225,45.098,45.742,2892230.0,1.429,45.792,8.053,0.432,0.569,0,交易,80.39015817223199,105.1388888888889,64132.112288793294,0.9906327744726879,0.9756192536506219,1.0010930873158148
2018-03-13,002170.SZ,45.822,46.869,45.339,46.628,4324399.0,1.937,46.206,8.053,0.645,0.851,0,交易,54.792009400705055,71.04186046511629,95379.23200776374,0.9858541893362351,0.9673558215451578,0.9909496439907353
2018-03-14,002170.SZ,46.467,46.628,46.064,46.145,2733821.0,-1.036,46.33,8.053,0.408,0.538,0,交易,85.77137546468401,113.88970588235294,59348.319729072595,0.9936089903062537,0.9879042635326414,1.004009101744501
2018-03-15,002170.SZ,45.903,45.903,44.534,45.259,3531326.0,-1.92,45.136,8.053,0.527,0.695,0,交易,65.12086330935253,87.10246679316887,79295.05546324157,0.983290852449731,0.9701762412042786,0.9972823084911289
2018-03-16,002170.SZ,45.259,46.708,44.937,46.547,3983761.0,2.847,46.152,8.053,0.594,0.784,0,交易,59.37117346938775,76.1936026936027,88652.13521151835,0.9880962576004111,0.9620835831121007,0.9915139536382582
2018-03-19,002170.SZ,46.306,46.95,46.064,46.386,2368060.0,-0.346,46.476,8.053,0.353,0.466,0,交易,99.54077253218884,131.17847025495752,51408.04098645363,0.9899041533546326,0.9811288604898828,1.001940240589833
2018-03-20,002170.SZ,46.306,46.306,45.098,45.42,2367369.0,-2.083,45.528,8.053,0.353,0.466,0,交易,97.46781115879828,131.17847025495752,52493.87999467826,0.9831987215479636,0.9739126679048072,1.0023778071334213
2018-03-21,002170.SZ,45.903,47.111,45.5,45.742,3817305.0,0.709,46.31,8.053,0.57,0.751,0,交易,60.90812250332889,80.53157894736843,83896.81318681319,0.9829976014094374,0.9658041646324638,1.0124174719076562
2018-03-22,002170.SZ,44.937,45.983,44.856,45.42,2331212.0,-0.704,45.261,8.053,0.348,0.459,0,交易,98.95424836601308,129.1293103448276,51971.01836989477,0.984298545114499,0.9754909423047649,0.9964993394980185
2018-03-23,002170.SZ,44.614,45.903,42.923,43.648,4997083.0,-3.901,44.174,8.053,0.746,0.983,0,交易,44.40284842319431,59.80428954423592,116419.70505323485,0.962333616539224,0.9350804958281594,1.0120509530791788
2018-03-26,002170.SZ,43.487,43.648,40.507,43.084,3276292.0,-1.292,42.096,8.053,0.489,0.644,0,交易,66.90062111801242,88.93047034764827,80882.11913990176,0.9644428152492667,0.9280379398826978,0.9770680531055611
2018-03-27,002170.SZ,43.648,44.051,43.406,43.809,2195816.0,1.682,43.717,8.053,0.328,0.432,0,交易,101.40972222222221,133.0731707317073,50587.84499838732,0.9924178792762933,0.985357880638351,0.9978999748910041
2018-03-28,002170.SZ,43.004,43.89,42.682,42.762,1830500.0,-2.39,43.189,8.053,0.273,0.36,0,交易,118.78333333333335,157.5238095238095,42886.93125907877,0.984028252449305,0.9724766461608567,1.0099855011458772
2018-03-29,002170.SZ,42.682,43.406,42.521,42.762,2092801.0,0.0,42.795,8.053,0.312,0.412,0,交易,103.79126213592234,136.80128205128207,49218.05696009031,0.9859236050315625,0.9796111136709211,1.0007717132033114
2018-03-30,002170.SZ,43.084,43.084,42.279,42.601,2094440.0,-0.377,42.611,8.053,0.313,0.412,0,交易,103.4004854368932,137.6485623003195,49538.541592752896,0.9890214464766501,0.9813155695849968,1.0002347362737964
2018-04-02,002170.SZ,41.393,42.682,41.393,42.682,2055539.0,0.189,42.38,8.053,0.307,0.392,0,交易,108.88265306122449,134.83061889250814,49659.09694875945,0.9929244177873576,0.9697999156553113,0.9929244177873576
2018-04-03,002170.SZ,41.554,42.601,41.554,42.037,1663707.0,-1.509,42.138,8.053,0.248,0.317,0,交易,132.60883280757096,167.55645161290323,40037.22866631371,0.9891317105232271,0.9754231121335181,1.0024026452886743
2018-04-04,002170.SZ,41.876,42.923,41.876,42.682,2159300.0,1.533,42.435,8.053,0.322,0.412,0,交易,103.5970873786408,130.04968944099377,51564.14175183877,0.9886308039978566,0.9756074831675324,0.9942130171969449
2018-04-09,002170.SZ,42.601,45.098,42.279,45.098,6450291.0,5.66,44.037,8.053,0.962,1.231,0,交易,36.635255889520714,44.28378378378378,152564.89037110622,0.9764734578030068,0.9374916847753781,0.9764734578030068
2018-04-10,002170.SZ,44.292,45.098,43.729,43.97,5288542.0,-2.5,44.301,8.053,0.789,1.009,0,交易,43.57779980178395,56.136882129277566,120939.01072514808,0.9823273759368487,0.969643886646858,1.0075278599044803
2018-04-11,002170.SZ,43.809,44.534,43.567,43.729,2269793.0,-0.549,44.01,8.053,0.339,0.433,0,交易,100.99076212471131,129.23008849557522,52098.90513462024,0.9882337090762114,0.9782862531998024,1.0064259415948227
2018-04-12,002170.SZ,43.487,43.648,42.762,43.004,2008392.0,-1.657,43.115,8.053,0.3,0.383,0,交易,112.28198433420364,144.95666666666668,46966.74617651186,0.9877886730205279,0.9797012463343108,1.002581155241373
2018-04-13,002170.SZ,43.004,43.245,42.118,42.44,1973342.0,-1.311,42.542,8.053,0.294,0.376,0,交易,112.8723404255319,146.2721088435374,46852.69955838359,0.9837437854087179,0.9739391837206615,1.0024033930254477
2018-04-16,002170.SZ,42.037,42.601,41.635,41.715,1455700.0,-1.708,41.987,8.053,0.217,0.278,0,交易,150.05395683453239,193.7188940092166,34963.37216284376,0.9855871927889017,0.9773244759512687,1.006520436293899
2018-04-17,002170.SZ,41.876,42.198,40.507,40.668,1786200.0,-2.51,41.521,8.053,0.267,0.341,0,交易,119.26099706744867,156.8389513108614,44096.08215863925,0.9839565856201716,0.9599270107588037,1.0209747221402576
2018-04-18,002170.SZ,41.071,42.118,40.427,41.635,1884591.0,2.376,41.143,8.053,0.281,0.36,0,交易,115.65277777777777,146.16014234875442,46617.137061864596,0.9768507526473241,0.9598508951042309,0.9881830190945119
2018-04-19,002170.SZ,41.313,41.554,41.071,41.152,1719302.0,-1.161,41.289,8.053,0.257,0.328,0,交易,125.46341463414635,160.75097276264592,41861.702904725964,0.9936227559320402,0.9883765702459449,1.0033291213063764
2018-04-20,002170.SZ,41.152,41.474,40.346,40.507,1465938.0,-1.566,40.813,8.053,0.219,0.28,0,交易,144.66785714285712,187.90867579908675,36334.1595201507,0.9840623040941314,0.9728022375464146,1.0075542498827363
2018-04-23,002170.SZ,40.427,40.507,39.783,39.944,1388966.0,-1.392,40.1,8.053,0.207,0.265,0,交易,150.73207547169812,195.29951690821258,34913.55604152528,0.9899523539141384,0.9821265460290814,1.0039054676547166
2018-04-24,002170.SZ,40.266,40.99,40.105,40.346,1759109.0,1.008,40.557,8.053,0.262,0.336,0,交易,120.07738095238093,153.68702290076334,43862.585712504675,0.9894364479141254,0.9784093681385703,1.0052297625539088
2018-04-25,002170.SZ,40.346,40.668,40.266,40.507,815780.0,0.399,40.421,8.053,0.122,0.156,0,交易,259.6602564102564,330.70491803278685,20259.772512789947,0.9939264286416839,0.9901150781941576,0.9978769101636754
2018-04-26,002170.SZ,40.507,40.507,38.977,38.977,1978653.0,-3.777,39.657,8.053,0.295,0.377,0,交易,103.38726790450927,137.31186440677965,50764.63042307002,0.9790159725479547,0.9622287505863184,1.0174461862123816
2018-04-27,002170.SZ,38.977,39.783,38.977,39.621,1670153.0,1.653,39.467,8.053,0.249,0.319,0,交易,124.2037617554859,156.53413654618473,42849.706237011575,0.9920569087298594,0.9797400899881858,0.9961131723076145
2018-05-02,002170.SZ,39.621,40.266,39.138,39.38,1320160.0,-0.61,39.727,8.053,0.197,0.252,0,交易,156.26984126984127,201.12182741116752,33730.900914712045,0.9866140167883574,0.971986291163761,1.0088115794819703
2018-05-03,002170.SZ,39.058,39.863,39.058,39.702,1101160.0,0.818,39.463,8.053,0.164,0.21,0,交易,189.05714285714285,238.15853658536585,28192.943827128885,0.9899656322905953,0.979805834984823,0.9939801521333939
2018-05-04,002170.SZ,39.46,39.944,39.46,39.783,639037.0,0.203,39.728,8.053,0.095,0.122,0,交易,326.09016393442624,415.36842105263156,16194.55144450076,0.9945924294011615,0.987883036250751,0.9986174999371591
2018-05-07,002170.SZ,39.541,40.266,39.46,40.024,1616399.0,0.607,39.931,8.053,0.241,0.308,0,交易,129.94805194805195,164.07053941908714,40962.97516472377,0.9916803258332091,0.9799831123031839,0.9976763941635018
2018-05-08,002170.SZ,40.024,40.346,39.783,40.266,1620173.0,0.604,40.12,8.053,0.242,0.309,0,交易,130.31067961165047,165.38842975206612,40725.25953296634,0.9943984533782779,0.9860457046547366,0.9963741121541747
2018-05-09,002170.SZ,40.266,40.346,39.783,39.944,1167091.0,-0.8,39.911,8.053,0.174,0.223,0,交易,179.12107623318386,231.41379310344828,29336.42510620114,0.9892182620334111,0.9860457046547366,0.999173843380733
2018-05-10,002170.SZ,39.944,40.668,39.944,40.588,1654891.0,1.613,40.363,8.053,0.247,0.316,0,交易,128.44303797468353,161.7165991902834,41430.277388343675,0.9925002458935772,0.9821973050063934,0.9944564896028383
2018-05-11,002170.SZ,40.507,40.588,39.944,40.346,1235985.0,-0.595,40.294,8.053,0.184,0.236,0,交易,170.95762711864407,220.14673913043478,30942.945123172438,0.9927564797477085,0.9841332413521238,0.9987111485649135
2018-05-14,002170.SZ,40.346,40.346,39.46,39.541,1061200.0,-1.996,39.859,8.053,0.158,0.202,0,交易,195.74752475247521,255.35443037974682,26893.056259503293,0.9879294105983246,0.9780399543944878,1.0080422852229334
2018-05-15,002170.SZ,40.105,43.245,39.46,41.554,3389243.0,5.092,41.341,8.053,0.506,0.647,0,交易,64.22565687789799,79.2588932806324,85890.59807399899,0.9559717886460863,0.9124754306856284,0.9948741396736775
2018-05-16,002170.SZ,41.071,41.635,40.507,40.668,1946316.0,-2.132,40.794,8.053,0.29,0.371,0,交易,109.61725067385444,141.62413793103448,48048.880440417706,0.9798006484928545,0.9729074096313198,1.003098259073473
2018-05-17,002170.SZ,40.346,40.749,40.185,40.185,1038500.0,-1.188,40.379,8.053,0.155,0.198,0,交易,202.95454545454547,260.29677419354834,25842.976234913524,0.9909200225772411,0.986159169550173,1.0048276720169216
2018-05-18,002170.SZ,40.105,40.427,39.702,40.185,1242435.0,0.0,40.084,8.053,0.185,0.237,0,交易,169.55696202531647,216.78378378378378,31294.015414840564,0.9915155712766222,0.9820664407450466,0.9974866243623243
2018-05-21,002170.SZ,40.427,40.829,40.266,40.507,1241635.0,0.802,40.505,8.053,0.185,0.237,0,交易,170.915611814346,218.5243243243243,30835.81681815924,0.992064463983933,0.986210781552328,0.9999506258177601
2018-05-22,002170.SZ,40.427,40.668,40.185,40.346,1477701.0,-0.398,40.398,8.053,0.22,0.282,0,交易,143.0709219858156,183.7590909090909,36772.45240761478,0.9933608734139865,0.9881233402183536,1.0012888514350866
2018-05-23,002170.SZ,40.185,40.427,39.863,39.863,1035400.0,-1.198,40.073,8.053,0.154,0.198,0,交易,201.32828282828282,260.94155844155847,25973.960815794097,0.9912434758948228,0.9860489276968363,1.0052680430474374
2018-05-24,002170.SZ,39.863,40.105,39.46,39.621,812100.0,-0.606,39.698,8.053,0.121,0.155,0,交易,255.61935483870968,329.44628099173553,20580.334515965533,0.9898516394464532,0.9839172173045756,1.0019434138461927
2018-05-25,002170.SZ,39.863,39.863,39.299,39.38,887826.0,-0.61,39.423,8.053,0.132,0.169,0,交易,233.01775147928993,301.99242424242425,22591.567215450774,0.9889621955196549,0.9858515415297393,1.0010919248349415
2018-05-28,002170.SZ,39.38,39.38,38.736,39.058,1057616.0,-0.818,38.945,8.053,0.158,0.202,0,交易,193.35643564356434,249.24050632911394,27303.180503924,0.988953783646521,0.9836465210766885,0.9971068667110451
2018-05-29,002170.SZ,38.897,39.299,38.816,38.977,861100.0,-0.206,39.046,8.053,0.128,0.164,0,交易,237.66463414634143,303.8828125,22184.15086562242,0.993562177154635,0.9877096109315759,1.0017702747774329
2018-05-30,002170.SZ,38.977,38.977,37.447,37.769,1290643.0,-3.099,38.121,8.053,0.193,0.246,0,交易,153.53252032520325,201.95336787564764,34465.85841322402,0.978038330297355,0.9607460810221414,1.0093198125446796
2018-05-31,002170.SZ,37.85,38.252,37.608,38.011,601814.0,0.64,37.975,8.053,0.09,0.115,0,交易,330.5304347826087,420.5555555555556,16002.286747500533,0.9927585485726236,0.983164278991948,0.9990529057378127
2018-06-01,002170.SZ,37.608,39.944,37.608,38.575,2372700.0,1.483,39.109,8.053,0.354,0.453,0,交易,85.15452538631347,106.23728813559322,63090.299936183794,0.9790957340276387,0.9415181253755256,1.0138431626701232
2018-06-04,002170.SZ,37.85,38.575,37.85,38.172,1046870.0,-1.044,38.214,8.053,0.156,0.2,0,交易,190.85999999999999,242.62820512820514,27658.388375165123,0.9906416072585871,0.9812054439403759,1.0011002829298963
2018-06-05,002170.SZ,38.252,38.252,37.85,37.93,1256298.0,-0.633,38.05,8.053,0.187,0.24,0,交易,158.04166666666666,204.55614973262033,33191.492734478205,0.9947192303670395,0.9894907455819303,1.0031637226469812
2018-06-06,002170.SZ,37.93,38.011,36.964,37.689,2671053.0,-0.637,37.371,8.053,0.399,0.51,0,交易,73.9,95.06265664160401,72260.92955307868,0.9831627686722264,0.9724553418747204,0.9915625248746319
2018-06-07,002170.SZ,37.689,37.689,37.367,37.447,1290800.0,-0.641,37.516,8.053,0.193,0.246,0,交易,152.22357723577238,195.279792746114,34543.8488505901,0.9954098012682745,0.9914563931120486,1.0018426042139557
2018-06-08,002170.SZ,37.206,37.367,36.642,36.642,1325600.0,-2.151,36.922,8.053,0.198,0.253,0,交易,144.83003952569172,187.9090909090909,36177.064570711205,0.9880910964219766,0.980597853721198,1.0076415042847005
2018-06-11,002170.SZ,36.883,36.883,35.595,35.756,1639487.0,-2.418,35.957,8.053,0.245,0.313,0,交易,114.23642172523962,150.54285714285714,46059.47464531536,0.97489358240924,0.9650787625735433,1.0056214341648955
2018-06-12,002170.SZ,35.756,35.998,35.192,35.998,856121.0,0.676,35.711,8.053,0.128,0.163,0,交易,220.84662576687114,279.34375,24327.148215503523,0.9920273348519363,0.9776098672148453,0.9920273348519363
2018-06-13,002170.SZ,35.998,35.998,34.709,34.87,1997891.0,-3.132,35.053,8.053,0.298,0.381,0,交易,91.52230971128608,120.79865771812081,57561.180097381075,0.9737485415856436,0.9641924551363966,1.0052480642386006
2018-06-14,002170.SZ,34.87,35.595,34.065,34.467,1551661.0,-1.155,34.857,8.053,0.232,0.296,0,交易,116.44256756756756,150.30172413793102,45550.00733891091,0.9792667509481668,0.9570164348925411,1.0113151710331623
2018-06-15,002170.SZ,34.387,34.79,32.776,32.776,1906100.0,-4.907,33.593,8.053,0.284,0.364,0,交易,90.04395604395606,121.08098591549297,58155.357578716124,0.9655935613682094,0.9421098016671459,1.0249267756895288
2018-06-19,002170.SZ,32.937,33.259,29.474,29.877,4313230.0,-8.845,30.779,8.053,0.644,0.823,0,交易,36.30255164034022,51.14440993788819,146340.1642125263,0.9254337171893322,0.8861962175651703,1.0301904475014225
2018-06-20,002170.SZ,29.474,29.474,26.978,28.911,7694204.0,-3.235,28.123,8.053,1.148,1.468,0,交易,19.6941416893733,25.674216027874568,285202.9060716139,0.9541629911108096,0.9153151930515031,0.9727439382933831
2018-06-21,002170.SZ,28.347,28.589,26.656,27.139,7277621.0,-6.128,27.659,8.053,1.086,1.388,0,交易,19.552593659942364,26.10220994475138,273019.9954981993,0.967470005946343,0.9323865822519151,1.019160617561443
2018-06-22,002170.SZ,26.817,27.381,25.931,27.139,7028172.0,0.0,26.529,8.053,1.049,1.341,0,交易,20.23788217747949,25.564346997140134,271033.58914041106,0.9688835323764654,0.9470435703590081,0.9775231217067689
2018-06-25,002170.SZ,27.059,27.381,26.736,26.736,3106453.0,-1.484,27.068,8.053,0.464,0.593,0,交易,45.08600337268128,58.31681034482759,116189.89377618193,0.9885687155326687,0.9764435192286622,1.0124177139437462
2018-06-26,002170.SZ,26.253,27.783,26.012,27.381,4095007.0,2.41,27.118,8.053,0.611,0.781,0,交易,35.05889884763124,42.96726677577742,157427.61033369214,0.9760644998740236,0.9362559838750315,0.9903947993133925
2018-06-27,002170.SZ,27.3,27.864,27.059,27.542,2468918.0,0.588,27.507,8.053,0.368,0.471,0,交易,58.4755838641189,74.18478260869566,91242.02668243468,0.9871877691645133,0.9711096755670399,0.9987292135647375
2018-06-28,002170.SZ,27.542,27.703,26.817,26.978,2489800.0,-2.047,27.309,8.053,0.371,0.475,0,交易,56.795789473684216,74.23719676549865,92844.0914345378,0.9857777136050248,0.9680179041981013,1.0122692564311662
2018-06-29,002170.SZ,26.978,27.944,26.897,27.864,3098778.0,3.284,27.534,8.053,0.462,0.591,0,交易,47.14720812182742,58.3939393939394,115209.05677213073,0.9853277984540509,0.9625322072716862,0.9881567614125752
2018-07-02,002170.SZ,27.864,28.105,27.622,27.783,2721084.0,-0.289,27.906,8.053,0.406,0.519,0,交易,53.53179190751445,68.63054187192118,98511.47635942364,0.9929194093577655,0.9828144458281445,1.0044271676924736
2018-07-03,002170.SZ,27.783,28.347,27.381,28.267,1779498.0,1.739,27.919,8.053,0.266,0.339,0,交易,83.3834808259587,104.44736842105263,64990.24871261093,0.9849014005009348,0.9659223198222033,0.9876888244242403
2018-07-04,002170.SZ,28.267,28.267,27.542,27.622,1459757.0,-2.279,27.84,8.053,0.218,0.278,0,交易,99.35971223021582,129.66513761467888,53001.1255536998,0.9848940460607776,0.9743517175505007,1.0078922597929187
2018-07-05,002170.SZ,27.703,27.944,26.817,26.978,2019100.0,-2.332,27.413,8.053,0.301,0.385,0,交易,70.07272727272728,92.03654485049834,75291.79251967036,0.9809977097051246,0.9596693386773547,1.0161242493883904
2018-07-06,002170.SZ,27.22,27.783,26.575,27.622,2496957.0,2.388,27.315,8.053,0.373,0.476,0,交易,58.029411764705884,72.97587131367293,93958.87111947319,0.9831551668286362,0.956520174207249,0.9888856708420825
2018-07-09,002170.SZ,27.381,27.783,26.817,27.059,8054390.0,-2.041,27.189,8.053,1.202,1.537,0,交易,17.605074821080027,22.77953410981697,300346.42204571725,0.9786200194363459,0.9652305366591081,1.004804316493588
2018-07-10,002170.SZ,26.978,27.139,26.575,26.978,3353946.0,-0.298,26.861,8.053,0.5,0.64,0,交易,42.153125,53.956,126206.81091251176,0.989756439072921,0.9792180994141273,0.9956631329231225
2018-07-11,002170.SZ,26.736,26.736,25.931,26.173,2423698.0,-2.985,26.184,8.053,0.362,0.462,0,交易,56.65151515151514,73.85635359116023,93467.20141915082,0.9793536804308798,0.9698907839616996,1.0004202804416766
2018-07-12,002170.SZ,26.253,26.817,26.092,26.656,2769016.0,1.846,26.608,8.053,0.413,0.528,0,交易,50.48484848484848,63.56658595641647,106125.09581480914,0.9922064362158333,0.9729649103180817,0.9981992797118848
2018-07-13,002170.SZ,26.656,26.897,26.575,26.897,2058249.0,0.906,26.719,8.053,0.307,0.393,0,交易,68.44020356234095,86.82736156351791,77450.57384760113,0.9933821615793584,0.9880284046547942,0.9933821615793584
2018-07-16,002170.SZ,26.897,27.059,26.575,26.575,1970000.0,-1.198,26.778,8.053,0.294,0.376,0,交易,70.6781914893617,91.48639455782313,74129.82126058325,0.9896152851177057,0.9821131601315642,1.0076387582314206
2018-07-17,002170.SZ,26.656,26.978,25.931,26.575,8500604.0,0.0,26.348,8.053,1.268,1.622,0,交易,16.384093711467322,21.022082018927442,327816.2816705873,0.9766476388168136,0.9611905997479427,0.9914581373471307
2018-07-18,002170.SZ,26.414,27.22,26.334,26.897,5589173.0,1.212,26.797,8.053,0.834,1.066,0,交易,25.23170731707317,31.671462829736214,212241.70274170276,0.9844599559147686,0.9674504041146216,0.9962821132468306
2018-07-19,002170.SZ,26.817,26.817,26.092,26.173,2692900.0,-2.695,26.447,8.053,0.402,0.514,0,交易,50.92023346303502,66.7089552238806,103207.87980990342,0.9862027818175038,0.9729649103180817,1.0104688037290337
2018-07-20,002170.SZ,26.092,26.414,25.69,26.253,3950458.0,0.308,26.066,8.053,0.589,0.754,0,交易,34.818302387267906,44.29881154499151,153774.15336706888,0.9868251684712651,0.9725902930264254,0.9928770045328152
2018-07-23,002170.SZ,26.253,26.736,26.012,26.736,3812656.0,1.84,26.401,8.053,0.569,0.727,0,交易,36.7757909215956,46.13884007029878,146572.96632323542,0.9874700777977259,0.9729204069419509,0.9874700777977259
2018-07-24,002170.SZ,26.575,27.542,26.575,27.542,7153506.0,3.012,27.187,8.053,1.067,1.365,0,交易,20.17728937728938,24.906279287722587,269181.78739416745,0.9871105947280517,0.96488998620289,0.9871105947280517
2018-07-25,002170.SZ,27.461,28.347,27.22,28.267,10967953.0,2.632,27.962,8.053,1.637,2.092,0,交易,13.511950286806883,16.77519853390348,402937.288758266,0.986418315871168,0.9602427064592373,0.9892100329005554
2018-07-26,002170.SZ,28.105,31.005,28.025,29.474,16040721.0,4.274,29.291,8.053,2.393,3.06,0,交易,9.63202614379085,11.744671959882993,572371.8465655665,0.9447185937751976,0.9038864699242057,0.9937911379520934
2018-07-27,002170.SZ,28.991,29.152,28.428,28.589,7631000.0,-3.005,28.761,8.053,1.139,1.456,0,交易,19.635302197802197,25.45302897278314,268432.53130716196,0.9865875411635565,0.9751646542261251,1.0060162999755151
2018-07-30,002170.SZ,28.83,29.152,27.783,27.944,5356129.0,-2.254,28.377,8.053,0.799,1.022,0,交易,27.342465753424655,36.08260325406758,192784.40053269983,0.9734152030735455,0.9530392425905598,1.0154952762668195
2018-07-31,002170.SZ,28.75,28.75,27.703,28.347,3865400.0,1.441,28.311,8.053,0.577,0.737,0,交易,38.462686567164184,49.82668977469671,139530.01479984118,0.9847304347826087,0.9635826086956522,0.9987300243412001
2018-08-01,002170.SZ,28.186,28.669,27.22,27.381,4645280.0,-3.409,27.896,8.053,0.693,0.886,0,交易,30.904063205417607,40.67243867243867,170656.86994856724,0.9730370783773414,0.9494576022881858,1.0188086629414557
2018-08-02,002170.SZ,27.22,27.381,25.77,26.253,4357762.0,-4.118,26.35,8.053,0.666,0.831,0,交易,31.592057761732853,40.87087087087087,169102.13426464883,0.962346152441474,0.9411635805850772,1.0036948158305719
2018-08-03,002170.SZ,26.253,26.656,26.012,26.253,2540501.0,0.0,26.404,8.053,0.388,0.499,0,交易,52.61122244488978,67.66237113402062,97666.50007688759,0.990546218487395,0.9758403361344539,1.0057517236125395
2018-08-06,002170.SZ,26.414,27.3,26.012,26.897,5105821.0,2.454,26.711,8.053,0.78,1.004,0,交易,26.789840637450197,33.864102564102566,196287.1367061356,0.9784249084249084,0.9528205128205128,0.9930847306391047
2018-08-07,002170.SZ,26.414,29.474,26.414,28.75,15596902.0,6.886,28.406,8.053,2.383,3.067,0,交易,9.373981089012064,11.084347461183382,590478.6098281214,0.9637646739499219,0.8961796837891023,0.9880347826086956
2018-08-08,002170.SZ,28.267,28.911,27.622,27.783,10539147.0,-3.361,28.078,8.053,1.61,2.072,0,交易,13.408783783783784,17.557142857142857,381549.01889797987,0.9711874373075992,0.9554148939849884,1.0106180038152826
2018-08-09,002170.SZ,27.381,28.75,27.22,28.186,8044000.0,1.449,28.189,8.053,1.229,1.582,0,交易,17.81668773704172,22.279088689991863,295518.00146950776,0.9804869565217391,0.9467826086956521,1.0001064358192011
2018-08-10,002170.SZ,28.025,28.105,27.139,27.22,14509302.0,-3.429,27.503,8.053,2.216,2.853,0,交易,9.540834209603924,12.646660649819493,534629.2052028446,0.9785803237858032,0.9656288916562888,1.0103967670830272
2018-08-13,002170.SZ,26.897,26.897,25.931,26.414,15766000.0,-2.959,26.334,8.053,2.408,3.1,0,交易,8.520645161290323,11.169850498338871,607998.1489337087,0.9790682975796557,0.9640852139643827,0.9969713030968426
2018-08-14,002170.SZ,26.253,26.656,26.173,26.656,14178960.0,0.915,26.376,8.053,2.166,2.788,0,交易,9.560975609756097,12.12049861495845,541739.9610285409,0.9894957983193278,0.9818802521008403,0.9894957983193278
2018-08-15,002170.SZ,26.575,26.656,26.092,26.173,7130401.0,-1.813,26.333,8.053,1.089,1.402,0,交易,18.66833095577746,24.40312213039486,273279.20435382496,0.9878826530612245,0.9788415366146459,1.0061131700607497
2018-08-16,002170.SZ,25.851,26.012,25.045,25.367,8172557.0,-3.077,25.555,8.053,1.248,1.607,0,交易,15.78531425015557,20.713942307692307,326314.9131563186,0.9824311856066431,0.9628248500691989,1.007411203532148
2018-08-17,002170.SZ,25.528,25.77,24.32,24.723,6696966.0,-2.54,25.194,8.053,1.023,1.317,0,交易,18.77220956719818,24.954056695992183,275368.66776315786,0.9776484284051222,0.943733022894839,1.0190510860332485
2018-08-20,002170.SZ,24.401,25.287,24.24,25.045,6266260.0,1.303,24.769,8.053,0.957,1.232,0,交易,20.328733766233768,25.497387669801462,258509.07590759077,0.9795151658955195,0.958595325661407,0.9889798362946695
2018-08-21,002170.SZ,25.045,25.367,24.884,25.126,3936902.0,0.322,25.187,8.053,0.601,0.774,0,交易,32.4625322997416,41.67221297836939,158210.17521298825,0.9929041668309221,0.9809595143296409,1.0024277640690917
2018-08-22,002170.SZ,25.287,25.287,24.884,25.206,4252400.0,0.321,25.125,8.053,0.65,0.836,0,交易,30.150717703349283,38.903076923076924,170888.9246101913,0.9935935460908768,0.9840629572507613,0.9967864794096644
2018-08-23,002170.SZ,25.045,25.367,24.965,25.126,3628099.0,-0.319,25.191,8.053,0.554,0.713,0,交易,35.239831697054704,45.20758122743682,145327.41838574005,0.993061852012457,0.9841526392557259,1.0025869617129666
2018-08-24,002170.SZ,25.045,25.126,24.643,25.045,4515301.0,-0.321,24.901,8.053,0.69,0.888,0,交易,28.20382882882883,36.29710144927537,183228.54360264578,0.9910451325320385,0.9807768845021093,0.9942503493711319
2018-08-27,002170.SZ,25.045,25.448,24.884,25.448,4915554.0,1.608,25.274,8.053,0.751,0.966,0,交易,26.343685300207042,33.348868175765645,197538.73975245137,0.9931625275070732,0.9778371581263754,0.9931625275070732
2018-08-28,002170.SZ,25.448,25.851,25.287,25.609,5770800.0,0.633,25.631,8.053,0.882,1.135,0,交易,22.56299559471366,28.85260770975057,228212.1248072132,0.9914896909210476,0.9781826621794127,1.0008590729821547
2018-08-29,002170.SZ,25.609,25.69,25.287,25.448,2875200.0,-0.629,25.429,8.053,0.439,0.565,0,交易,45.04070796460177,58.33485193621868,113702.69308340254,0.9898404048267807,0.9843129622421175,0.9992533794404275
2018-08-30,002170.SZ,25.367,25.528,24.723,24.723,3884880.0,-2.848,25.016,8.053,0.593,0.764,0,交易,32.359947643979055,42.77740303541316,157136.2698701614,0.9799435913506738,0.9684659981197117,1.0118513125429762
2018-08-31,002170.SZ,24.723,24.884,24.401,24.804,2691788.0,0.326,24.65,8.053,0.411,0.529,0,交易,46.88846880907372,60.153284671532845,110314.65923527724,0.9905963671435459,0.9805899373091143,0.9937913239800032
2018-09-03,002170.SZ,24.804,24.884,24.32,24.884,2236000.0,0.325,24.624,8.053,0.342,0.44,0,交易,56.554545454545455,72.52631578947367,91940.78947368421,0.9895515190483845,0.9773348336280341,0.9895515190483845
2018-09-04,002170.SZ,24.884,25.367,24.643,25.206,3524172.0,1.294,25.062,8.053,0.538,0.693,0,交易,36.37229437229438,46.25278810408922,143009.04922290306,0.9879765049079513,0.9714589821421532,0.99428707450607
2018-09-05,002170.SZ,25.206,25.609,25.045,25.045,4353000.0,-0.639,25.338,8.053,0.665,0.856,0,交易,29.258177570093462,37.90375939849624,173807.1471351567,0.9894177828107306,0.9779764926393065,1.0116989419045717
2018-09-06,002170.SZ,24.965,25.206,24.804,25.126,9537018.0,0.322,24.985,8.053,1.457,1.875,0,交易,13.400533333333334,17.13452299245024,384495.1620706338,0.9912322462905657,0.9840514163294454,0.9943882830534108
2018-09-07,002170.SZ,25.126,25.528,24.965,25.448,9421618.0,1.282,25.268,8.053,1.439,1.852,0,交易,13.740820734341252,17.460736622654622,377393.07029841776,0.9898151049827641,0.9779457850203699,0.992926752593524
2018-09-10,002170.SZ,25.126,26.736,25.126,25.69,20805700.0,0.949,26.012,8.053,3.178,4.091,0,交易,6.27963823026155,7.9062303335431094,828054.604791849,0.9729204069419509,0.9397815679233992,1.0125340599455042
2018-09-11,002170.SZ,25.528,25.77,24.965,25.448,11647900.0,-0.94,25.397,8.053,1.779,2.29,0,交易,11.112663755458515,14.349634626194492,466569.1968756259,0.9855258051998448,0.9687621265036864,0.9979959132348317
2018-09-12,002170.SZ,25.367,26.253,25.206,25.77,9649624.0,1.266,25.641,8.053,1.474,1.897,0,交易,13.584607274644174,17.209633649932158,382830.4371974927,0.9766883784710318,0.9601188435607358,0.9949941792782304
2018-09-13,002170.SZ,25.77,26.012,25.126,25.851,7120910.0,0.313,25.601,8.053,1.088,1.4,0,交易,18.465,23.68566176470588,283408.0235612513,0.9841996001845301,0.9659387974780871,0.9903291942284631
2018-09-14,002170.SZ,26.253,26.736,25.609,25.69,8692759.0,-0.623,26.168,8.053,1.328,1.709,0,交易,15.032182562902282,19.768825301204817,339441.5635128275,0.978755236385398,0.9578470975463794,1.0186064616582327
2018-09-17,002170.SZ,25.448,26.092,25.367,25.528,6402623.0,-0.627,25.658,8.053,0.978,1.259,0,交易,20.276409849086576,26.020449897750513,252399.692513896,0.9833665491338343,0.972213705350299,1.005092447508618
2018-09-18,002170.SZ,25.045,25.931,24.965,25.77,5723800.0,0.946,25.461,8.053,0.874,1.125,0,交易,22.906666666666666,28.655606407322658,229272.98217504506,0.9818749758975742,0.9627472908873549,0.9880093131548312
2018-09-19,002170.SZ,26.012,26.092,25.609,25.77,4895403.0,0.0,25.827,8.053,0.748,0.962,0,交易,26.78794178794179,34.775401069518715,191159.47518450543,0.9898436302314887,0.981488578874751,1.0022118742724098
2018-09-20,002170.SZ,25.77,26.092,25.448,26.092,6244803.0,1.25,25.879,8.053,0.954,1.228,0,交易,21.247557003257327,27.0125786163522,245394.64790946242,0.9918365782615362,0.9753181051663345,0.9918365782615362
2018-09-21,002170.SZ,26.092,26.334,25.77,26.092,7116001.0,0.0,26.091,8.053,1.087,1.399,0,交易,18.65046461758399,24.003679852805888,276135.07954986417,0.9907723855092276,0.9785828206880839,0.9999616740763453
2018-09-25,002170.SZ,26.173,26.173,25.77,25.851,4803600.0,-0.926,25.931,8.053,0.734,0.944,0,交易,27.384533898305087,35.65803814713896,186402.79394644935,0.9907538302831163,0.9846024529094869,1.0030946578468918
2018-09-26,002170.SZ,25.931,25.931,25.609,25.69,5114300.0,-0.623,25.811,8.053,0.781,1.006,0,交易,25.53677932405567,33.202304737516,199707.13421062907,0.9953723342717211,0.987582430295785,1.0047100038925652
2018-09-27,002170.SZ,25.77,26.012,24.965,25.126,5780600.0,-2.194,25.465,8.053,0.883,1.137,0,交易,22.098504837291117,29.1845979614949,231548.16743440818,0.9789712440412117,0.959749346455482,1.0134920003183951
2018-09-28,002170.SZ,25.206,25.367,25.045,25.206,2766700.0,0.321,25.249,8.053,0.423,0.544,0,交易,46.334558823529406,59.5886524822695,110469.15552006388,0.9953482871447155,0.9873063428864273,1.0017059430294375
2018-10-08,002170.SZ,24.965,24.965,23.837,24.079,4753700.0,-4.473,24.582,8.053,0.726,0.935,0,交易,25.75294117647059,34.387052341597794,199425.26324621387,0.984658521930703,0.9548167434408171,1.0208895718260724
2018-10-09,002170.SZ,24.159,24.643,24.079,24.401,5050500.0,1.338,24.447,8.053,0.772,0.993,0,交易,24.573011077542798,31.2940414507772,209747.0825200382,0.9920464229192874,0.9771131761555005,1.0018851686406294
2018-10-10,002170.SZ,24.401,24.643,24.24,24.562,2853273.0,0.66,24.51,8.053,0.436,0.561,0,交易,43.7825311942959,55.96559633027523,117709.28217821784,0.994602929838088,0.9836464716146572,0.997882908557935
2018-10-11,002170.SZ,24.159,24.159,22.146,22.146,9104207.0,-9.836,22.696,8.053,1.391,1.79,0,交易,12.372067039106145,17.368080517613226,411099.3858936151,0.9394428577341778,0.9166770147771017,1.0248351846834642
2018-10-12,002170.SZ,22.146,22.146,19.972,20.938,22371070.0,-5.455,20.561,8.053,3.417,4.398,0,交易,4.760800363801728,6.481123792800703,1120121.6703384737,0.9284295132303801,0.9018332881784521,0.9819944598337951
2018-10-15,002170.SZ,20.938,21.099,19.972,20.133,7722133.0,-3.846,20.597,8.053,1.18,1.518,0,交易,13.262845849802371,17.74406779661017,386647.957139996,0.9762074031944642,0.9465851462154605,1.0230467391844238
2018-10-16,002170.SZ,20.133,20.777,19.328,19.73,6682485.0,-2.0,20.172,8.053,1.021,1.314,0,交易,15.015220700152208,19.71890303623898,345741.1527317881,0.9708812629349761,0.9302594214756701,1.0224024328433856
2018-10-17,002170.SZ,19.972,20.374,19.569,20.052,6894729.0,1.633,19.991,8.053,1.053,1.356,0,交易,14.787610619469024,18.966761633428302,352329.1430323471,0.9812015313635025,0.960488858348876,0.9969579094354678
2018-10-18,002170.SZ,20.133,20.133,18.764,18.925,8859120.0,-5.622,19.348,8.053,1.353,1.742,0,交易,10.863949483352469,14.880266075388025,472133.873374547,0.9610092882332489,0.9320021854666468,1.0223513870541612
2018-10-19,002170.SZ,18.764,19.408,18.281,19.328,7543855.0,2.128,19.012,8.053,1.152,1.483,0,交易,13.03304113283884,16.288194444444446,412660.95946611237,0.97959604286892,0.9419311624072546,0.9836506622516556
2018-10-22,002170.SZ,19.569,20.616,19.569,20.294,10249394.0,5.0,20.189,8.053,1.566,2.015,0,交易,10.071464019851117,12.496168582375478,523756.6559354081,0.9792879317035312,0.9492142025611175,0.994826056962649
2018-10-23,002170.SZ,20.536,20.858,19.972,20.133,8196615.0,-0.794,20.399,8.053,1.252,1.612,0,交易,12.489454094292803,16.402555910543132,410405.31744442217,0.9779940550388341,0.9575222936043725,1.0132121392738291
2018-10-24,002170.SZ,19.972,21.099,19.972,20.536,9634969.0,2.0,20.659,8.053,1.472,1.894,0,交易,10.842661034846886,13.567934782608697,482423.843380733,0.9791459310867813,0.9465851462154605,1.0059894818854693
2018-10-25,002170.SZ,20.052,22.629,19.569,21.099,14742120.0,2.745,21.166,8.053,2.252,2.898,0,交易,7.280538302277432,8.904085257548846,753340.4875057489,0.9353484466834593,0.8647752883468115,1.0031755059481493
2018-10-26,002170.SZ,21.099,21.663,21.019,21.18,8492435.0,0.382,21.244,8.053,1.297,1.67,0,交易,12.682634730538922,16.267540478026216,404036.1101860222,0.9806582652448875,0.9702718921663666,1.0030217186024553
2018-10-29,002170.SZ,20.938,21.341,20.455,20.616,6161400.0,-2.662,20.876,8.053,0.941,1.211,0,交易,17.02394715111478,22.250797024442083,301217.30628208263,0.9782109554378895,0.9584836699311183,1.0126115638339155
2018-10-30,002170.SZ,20.777,21.26,20.536,21.18,5676005.0,2.734,20.935,8.053,0.867,1.116,0,交易,18.978494623655912,23.96424452133795,276392.9197506817,0.9847130761994354,0.9659454374412041,0.9884324834749764
2018-10-31,002170.SZ,21.26,21.905,21.099,21.663,8169041.0,2.281,21.509,8.053,1.248,1.606,0,交易,13.48879202988792,17.035256410256412,387176.69083842833,0.9819219356311344,0.9632047477744806,0.992891104648479
2018-11-01,002170.SZ,21.743,22.71,21.421,21.824,10299530.0,0.743,21.88,8.053,1.573,2.025,0,交易,10.777283950617285,13.822631913541004,480814.62116614537,0.9634522236900043,0.9432408630559225,1.002565982404692
2018-11-02,002170.SZ,21.824,22.307,21.582,22.146,8144961.0,1.476,21.976,8.053,1.244,1.601,0,交易,13.832604622111182,17.54340836012862,377396.0244648318,0.9851616084637109,0.9674989913480074,0.9923236701887473
2018-11-05,002170.SZ,22.066,22.629,21.905,22.549,9666244.0,1.818,22.328,8.053,1.477,1.901,0,交易,11.861651762230405,14.939742721733241,441280.2556493951,0.9866984842458791,0.9680056564585267,0.9901991219122799
2018-11-06,002170.SZ,22.468,22.629,21.905,22.549,7182562.0,0.0,22.209,8.053,1.097,1.412,0,交易,15.969546742209632,20.481312670920694,327896.0054782013,0.9814397454593662,0.9680056564585267,0.9849217260188922
2018-11-07,002170.SZ,22.549,22.871,22.388,22.468,6588952.0,-0.357,22.652,8.053,1.007,1.295,0,交易,17.34980694980695,22.392254220456802,294307.30748615327,0.9904245551134626,0.9788815530584585,1.008189424959943
2018-11-08,002170.SZ,22.951,23.837,22.629,22.79,12189531.0,1.434,23.173,8.053,1.862,2.397,0,交易,9.507717980809346,12.325993555316863,538668.566883203,0.972144145655913,0.9493224818559383,1.0168056164984642
2018-11-09,002170.SZ,22.71,23.274,22.71,23.113,6587952.0,1.413,23.041,8.053,1.006,1.295,0,交易,17.84787644787645,22.57455268389662,290090.35667107,0.9899888287359285,0.9757669502449084,0.9968848699865877
2018-11-12,002170.SZ,23.274,24.804,23.032,24.562,15044946.0,6.272,24.147,8.053,2.298,2.958,0,交易,8.303583502366465,10.127937336814622,653219.2601597777,0.9735123367198839,0.9285599096919852,0.9831039817604429
2018-11-13,002170.SZ,24.401,25.609,24.24,25.045,17154278.0,1.967,24.894,8.053,2.62,3.373,0,交易,7.4251408241921135,9.313358778625954,707684.7359735974,0.9720801280799718,0.9465422312468271,0.9939708524655618
2018-11-14,002170.SZ,24.965,25.609,24.643,24.884,13416817.0,-0.643,25.111,8.053,2.05,2.638,0,交易,9.432903714935557,12.178048780487806,544447.3887107901,0.9805537115857705,0.9622788863290249,1.0091223276000643
2018-11-15,002170.SZ,25.126,25.448,24.723,25.126,10466479.0,0.971,25.1,8.053,1.599,2.058,0,交易,12.208940719144803,15.713570981863667,423349.8766330947,0.9863250550141466,0.9715105312794718,0.9989652153148133
2018-11-16,002170.SZ,25.287,26.092,25.206,25.609,9968473.0,1.923,25.574,8.053,1.523,1.96,0,交易,13.065816326530614,16.603414313854234,395480.16345314606,0.9801471715468344,0.9660432316418825,0.9986332929829357
2018-11-19,002170.SZ,25.448,25.931,24.482,25.367,9944876.0,-0.943,25.122,8.053,1.519,1.955,0,交易,12.97544757033248,16.753127057274526,406211.74740625767,0.9688018202151865,0.9441209363310323,0.9903417826309772
2018-11-20,002170.SZ,25.206,25.448,24.401,24.482,8136029.0,-3.492,24.892,8.053,1.243,1.6,0,交易,15.30125,20.278358809332257,333430.1463054793,0.9781515246777742,0.9588572775856649,1.0167469977942978
2018-11-21,002170.SZ,24.24,26.897,23.918,25.69,21134397.0,4.934,25.725,8.053,3.228,4.155,0,交易,6.182912154031287,7.509293680297397,883618.9062630655,0.9564263672528536,0.8892441536230806,1.0013623978201636
2018-11-22,002170.SZ,25.69,27.944,25.69,26.656,23524330.0,3.762,26.92,8.053,3.594,4.625,0,交易,5.763459459459459,7.148024485253201,915699.883223044,0.9633552819925566,0.9193386773547095,1.009903961584634
2018-11-23,002170.SZ,26.736,27.381,24.723,24.804,18156816.0,-6.949,25.786,8.053,2.774,3.57,0,交易,6.947899159663866,9.638067772170151,734409.9017109574,0.9417479273949089,0.9029253862167196,1.0395903886469926
2018-11-26,002170.SZ,25.126,25.77,24.401,24.482,11320665.0,-1.299,24.945,8.053,1.729,2.226,0,交易,10.998203054806828,14.5320994794679,463942.66628416866,0.9679860302677532,0.9468762126503687,1.0189118536067314
2018-11-27,002170.SZ,24.884,25.367,24.482,25.126,9310161.0,2.632,24.933,8.053,1.422,1.83,0,交易,13.730054644808744,17.499296765119553,380285.9651989217,0.9828911578034454,0.9651121535853667,0.9923187136830375
2018-11-28,002170.SZ,25.126,25.206,24.159,24.965,8393318.0,-0.641,24.73,8.053,1.282,1.65,0,交易,15.13030303030303,19.599063962558503,347419.9263214537,0.9811156073950646,0.9584622708878838,0.9905868215501703
2018-11-29,002170.SZ,25.206,25.367,23.837,23.837,8060734.0,-4.516,24.522,8.053,1.231,1.585,0,交易,15.039116719242902,20.47603574329813,338160.59067835717,0.9666890054007173,0.9396854180628375,1.0287368376893065
2018-11-30,002170.SZ,23.676,24.24,23.515,24.079,5472224.0,1.014,23.991,8.053,0.836,1.076,0,交易,22.37825278810409,28.320574162679424,232712.0561343823,0.9897277227722773,0.9700907590759077,0.996345363179534
2018-12-03,002170.SZ,24.562,26.495,24.562,26.495,16806870.0,10.033,26.018,8.053,2.567,3.304,0,交易,8.01906779661017,9.568367744448773,684263.0893249735,0.9819966031326666,0.927042838271372,0.9819966031326666
2018-12-04,002170.SZ,28.025,28.105,26.495,26.817,33826490.0,1.216,27.094,8.053,5.167,6.651,0,交易,4.032025259359495,5.423843622992065,1276712.2098509152,0.964027753068849,0.9427148194271482,1.0103292687474363
2018-12-05,002170.SZ,25.69,26.414,25.609,25.931,19745895.0,-3.303,25.999,8.053,3.016,3.882,0,交易,6.679804224626481,8.51790450928382,771052.9501347182,0.9842886348148708,0.9695237374119785,1.0026223439126913
2018-12-06,002170.SZ,25.69,26.575,25.045,25.126,14426497.0,-3.106,25.67,8.053,2.204,2.836,0,交易,8.85966149506347,11.656079854809438,576023.0385306448,0.9659454374412042,0.9424270931326435,1.0216508795669825
2018-12-07,002170.SZ,25.367,25.609,24.723,25.367,8078002.0,0.962,25.066,8.053,1.234,1.588,0,交易,15.974181360201511,20.556726094003242,326740.3632245278,0.9787965168495449,0.9654027880823147,0.9881341900894862
2018-12-10,002170.SZ,24.965,25.69,24.643,24.965,7264405.0,-1.587,25.003,8.053,1.11,1.428,0,交易,17.48249299719888,22.49099099099099,294785.7403725196,0.9732580770727909,0.9592448423511094,1.0015221309833768
2018-12-11,002170.SZ,25.367,25.528,24.804,25.045,6599252.0,0.323,25.076,8.053,1.008,1.297,0,交易,19.309946029298384,25.165674603174605,266055.9587163361,0.9822939517392668,0.9716389846443121,1.0012377720103813
2018-12-12,002170.SZ,25.045,25.287,24.643,24.723,7471725.0,-1.286,24.855,8.053,1.141,1.469,0,交易,16.829816201497614,21.950043821209466,303198.6771091182,0.9829161229090047,0.9745323684106458,1.0053391578691906
2018-12-13,002170.SZ,24.884,24.965,24.32,24.884,7853282.0,0.651,24.752,8.053,1.2,1.544,0,交易,16.116580310880828,20.736666666666668,322914.55592105264,0.9914680552773883,0.9741638293611056,0.9946953865937952
2018-12-14,002170.SZ,24.884,24.965,24.079,24.159,6987595.0,-2.913,24.528,8.053,1.067,1.374,0,交易,17.582969432314407,23.32146204311153,290194.56788072595,0.9824954936911676,0.9645103144402163,1.0152738110021111
2018-12-17,002170.SZ,24.079,24.32,23.435,24.32,6912011.0,0.667,23.868,8.053,1.056,1.359,0,交易,17.89551140544518,22.802083333333332,294943.93001920206,0.9814144736842104,0.963610197368421,0.9814144736842104
2018-12-18,002170.SZ,23.757,24.32,23.757,24.079,3618395.0,-0.993,24.058,8.053,0.553,0.711,0,交易,33.86638537271449,42.96021699819168,152308.58273351012,0.9892269736842105,0.9768503289473685,0.9991278707587524
2018-12-19,002170.SZ,24.24,24.562,23.918,24.079,3301669.0,0.0,24.172,8.053,0.504,0.649,0,交易,37.101694915254235,48.095238095238095,138041.1823731081,0.9841218141845126,0.9737806367559644,1.0038622866398106
2018-12-20,002170.SZ,24.159,26.012,23.918,24.884,10729362.0,3.344,24.901,8.053,1.639,2.11,0,交易,11.793364928909954,14.740085417937767,448589.4305543942,0.9572889435645087,0.9194986929109641,1.000683169908375
2018-12-21,002170.SZ,24.643,24.884,24.32,24.401,5783171.0,-1.942,24.587,8.053,0.883,1.137,0,交易,21.460861917326298,27.908267270668176,237794.86019736843,0.9880646198360392,0.9773348336280341,1.0076226384164584
2018-12-24,002170.SZ,24.24,25.528,24.24,24.965,8102299.0,2.31,24.983,8.053,1.238,1.593,0,交易,15.671688637790332,19.579967689822293,334253.25907590764,0.9786508931369478,0.9495455969915387,1.0007210094131784
2018-12-25,002170.SZ,24.401,24.562,23.676,24.32,7019976.0,-2.581,24.16,8.053,1.072,1.38,0,交易,17.6231884057971,22.76212686567164,296501.7739483021,0.9836332546209592,0.9639280188909697,0.993421052631579
2018-12-26,002170.SZ,24.159,24.401,23.918,23.998,3882400.0,-1.325,24.08,8.053,0.593,0.763,0,交易,31.4521625163827,40.74030354131535,162321.26431975918,0.9868448014425638,0.9802057292733904,1.0034169514126177
2018-12-27,002170.SZ,24.482,24.482,23.354,23.435,4131600.0,-2.349,23.994,8.053,0.631,0.812,0,交易,28.86083743842364,38.79873217115689,176911.87805086924,0.9800669879911772,0.953925332897639,1.0238532110091743
2018-12-28,002170.SZ,23.515,23.918,23.354,23.515,2596680.0,0.344,23.597,8.053,0.397,0.511,0,交易,46.01761252446184,59.231738035264485,111187.80508692302,0.9865791454134962,0.9764194330629651,1.003487135870721
2019-01-02,002170.SZ,23.596,23.918,23.354,23.354,1989700.0,-0.685,23.571,8.053,0.304,0.391,0,交易,59.728900255754475,77.61842105263158,85197.39659159031,0.9854920980015053,0.9764194330629651,1.009291770146442
2019-01-03,002170.SZ,23.354,23.757,23.193,23.193,3120880.0,-0.69,23.402,8.053,0.477,0.614,0,交易,37.773615635179155,48.9601677148847,134561.29004440995,0.9850570358210211,0.9762596287410027,1.0090113396283362
2019-01-04,002170.SZ,23.193,24.401,22.79,24.24,5696494.0,4.514,23.626,8.053,0.87,1.12,0,交易,21.64285714285714,26.658620689655173,249955.85783238264,0.9682390065980903,0.9339781156509979,0.9746699669966998
2019-01-07,002170.SZ,24.562,24.643,24.079,24.643,5904300.0,1.661,24.391,8.053,0.902,1.161,0,交易,21.22566752799311,27.23059866962306,245205.36567133185,0.989773972324798,0.9771131761555005,0.989773972324798
2019-01-08,002170.SZ,24.562,24.643,24.32,24.562,4583657.0,-0.327,24.481,8.053,0.7,0.901,0,交易,27.260821309655938,35.088571428571434,188472.7384868421,0.9934261250659416,0.9868928296067849,0.9967022229460142
2019-01-09,002170.SZ,24.562,24.884,24.482,24.562,5496620.0,0.0,24.725,8.053,0.84,1.081,0,交易,22.721554116558742,29.240476190476194,224516.7878441304,0.9936103520334352,0.9838450409901944,1.0066362674049345
2019-01-10,002170.SZ,24.562,24.884,24.401,24.723,5054600.0,0.656,24.665,8.053,0.772,0.994,0,交易,24.872233400402415,31.816062176165804,207147.24806360394,0.9911991641215239,0.9805899373091143,0.9976540063908101
2019-01-11,002170.SZ,24.643,25.126,24.482,25.045,6345682.0,1.303,24.807,8.053,0.969,1.248,0,交易,20.068108974358974,25.43137254901961,259197.85965198922,0.987303987900979,0.9743691793361458,0.9904971052106207
2019-01-14,002170.SZ,25.045,25.448,24.482,24.562,7245273.0,-1.929,24.853,8.053,1.107,1.425,0,交易,17.236491228070175,22.624209575429088,295942.855975819,0.9766189877397046,0.962040238918579,1.0118475694161713
2019-01-15,002170.SZ,24.643,25.126,24.562,24.965,5015625.0,1.639,24.872,8.053,0.766,0.986,0,交易,25.31947261663286,32.1710182767624,204202.63007898378,0.9898909496139456,0.9775531322136433,0.996274784698578
2019-01-16,002170.SZ,24.884,25.206,24.643,24.804,3894553.0,-0.645,24.862,8.053,0.595,0.766,0,交易,32.38120104438642,41.8218487394958,158038.91571643064,0.9863524557645005,0.977664048242482,1.0023383325270117
2019-01-17,002170.SZ,24.723,24.884,24.482,24.723,3691553.0,-0.325,24.718,8.053,0.564,0.726,0,交易,34.053719008264466,43.83510638297873,150786.4145086186,0.9933290467770455,0.9838450409901944,0.9997977591716216
2019-01-18,002170.SZ,24.804,27.22,24.804,27.22,31578993.0,10.098,26.944,8.053,4.824,6.209,0,交易,4.383958769528104,5.141791044776119,1273141.1465892598,0.989860396767083,0.9112417340191036,0.989860396767083
2019-01-21,002170.SZ,29.958,29.958,29.958,29.958,7276027.0,10.059,29.958,8.053,1.111,1.431,0,交易,20.935010482180292,26.964896489648964,242874.2572935443,1.0,1.0,1.0
2019-01-22,002170.SZ,32.937,32.937,31.488,32.937,51326796.0,9.946,32.821,8.053,7.841,10.092,0,交易,3.2636741973840664,4.200612166815457,1630043.0640243902,0.9964781249051219,0.956006922306221,0.9964781249051219
2019-01-23,002170.SZ,34.629,36.239,34.629,36.239,42867349.0,10.024,35.866,8.053,6.548,8.428,0,交易,4.299833887043189,5.288485033598045,1237903.1736405904,0.9897072215016971,0.9555727255167086,0.9897072215016971
2019-01-24,002170.SZ,39.863,39.863,39.138,39.863,36696092.0,10.0,39.807,8.053,5.606,7.215,0,交易,5.525017325017325,7.110774170531573,937607.7469467014,0.9985951885206834,0.9818127085267039,0.9985951885206834
2019-01-25,002170.SZ,42.682,43.004,35.917,35.917,178280956.0,-9.899,39.461,8.053,27.234,35.052,0,交易,1.024677621819012,1.5672321363002129,4963692.8473981675,0.917612315133476,0.8352013766161288,1.098671938079461
2019-01-28,002170.SZ,32.293,33.259,32.293,32.293,40332000.0,-10.09,32.336,8.053,6.161,7.93,0,交易,4.072257250945776,5.241519233890602,1248939.3986312824,0.9722481132926425,0.970955230163264,1.0013315579227695
2019-01-29,002170.SZ,29.636,30.28,29.072,29.233,111619839.0,-9.476,29.469,8.053,17.051,21.946,0,交易,1.332042285610134,1.7380798780130198,3839427.593560815,0.973216644649934,0.9601056803170409,1.0080730681079602
2019-01-30,002170.SZ,28.669,28.991,27.3,27.3,65035274.0,-6.612,27.995,8.053,9.935,12.787,0,交易,2.134980839915539,2.88565676899849,2382244.468864469,0.9656445103652859,0.941671553240661,1.0254578754578754
2019-01-31,002170.SZ,27.3,28.267,26.817,27.783,62134008.0,1.77,27.589,8.053,9.491,12.216,0,交易,2.2743123772102165,2.8764092297966495,2316963.418726927,0.9760144337920543,0.9487034351010012,0.9930173127452038
2019-02-01,002170.SZ,27.783,28.83,27.461,27.944,51107634.0,0.58,27.984,8.053,7.807,10.048,0,交易,2.781050955414013,3.558729345459203,1861098.794654237,0.9706555671175859,0.9525147415886229,1.001431434297166
2019-02-11,002170.SZ,27.783,29.072,27.542,28.911,53415627.0,3.458,28.426,8.053,8.16,10.502,0,交易,2.752904208722148,3.404779411764706,1939424.4063611936,0.977779306549257,0.9473720418271877,0.9832243782643284
2019-02-12,002170.SZ,29.152,30.924,28.911,30.038,80269091.0,3.9,29.828,8.053,12.262,15.782,0,交易,1.9033075655810416,2.377426194748002,2776420.4282107153,0.9645582718923813,0.9349049282110983,0.9930088554497636
2019-02-13,002170.SZ,29.474,30.038,28.991,29.797,64403351.0,-0.804,29.534,8.053,9.838,12.663,0,交易,2.353075890389323,2.9959341329538525,2221494.6362664276,0.9832212530794326,0.9651441507423929,0.9911736080813505
2019-02-14,002170.SZ,29.474,32.776,29.313,31.568,87946425.0,5.946,31.079,8.053,13.435,17.291,0,交易,1.8256896651437164,2.193822106438407,3000253.300583359,0.9482243104710764,0.8943434220161092,0.9845096300050684
2019-02-15,002170.SZ,30.844,33.179,30.682,32.132,81661026.0,1.786,31.846,8.053,12.474,16.056,0,交易,2.001245640259093,2.472663139329806,2661528.7790887165,0.959823985050785,0.9247415533922058,0.9910992157350929
2019-02-18,002170.SZ,31.649,33.823,31.649,33.421,72207991.0,4.01,32.59,8.053,11.03,14.197,0,交易,2.354088892019441,2.8693563009972802,2281525.1982685076,0.9635455163646041,0.9357242113354818,0.9751353939140063
2019-02-19,002170.SZ,33.098,36.803,32.696,35.917,95197285.0,7.47,34.424,8.053,14.542,18.717,0,交易,1.9189506865416468,2.2760280566634576,2911588.1147540985,0.9353585305545744,0.8884058364807217,0.9584319403068184
2019-02-20,002170.SZ,36.964,39.138,34.065,34.709,105544614.0,-3.363,36.398,8.053,16.123,20.751,0,交易,1.6726422822996483,2.292625441915276,3098330.0748568913,0.9299913127906384,0.8703817261996014,1.0486617303869314
2019-02-21,002170.SZ,33.582,34.467,32.213,33.421,77330780.0,-3.712,33.29,8.053,11.813,15.204,0,交易,2.198171533806893,2.842800304749005,2400607.829137305,0.9658513940870979,0.9346041140801347,0.9960803087878879
2019-02-22,002170.SZ,32.937,35.192,32.776,34.709,64683750.0,3.855,33.726,8.053,9.881,12.718,0,交易,2.7291240761125968,3.333367068110515,1973509.5801806198,0.9583428051829961,0.9313480336440101,0.9716788152928634
2019-02-25,002170.SZ,35.031,37.85,33.823,36.32,83810954.0,4.64,35.638,8.053,12.803,16.478,0,交易,2.204150989197718,2.7361555885339373,2477927.8597404133,0.9415587846763539,0.8936063408190225,0.9812224669603523
2019-02-26,002170.SZ,35.917,36.159,34.709,34.87,65843687.0,-3.991,35.417,8.053,10.058,12.946,0,交易,2.693496060559246,3.5709882680453373,1897020.5710334494,0.9794795210044527,0.9598993334992673,1.0156868368224836
2019-02-27,002170.SZ,34.629,35.273,33.259,33.823,45512388.0,-3.002,34.422,8.053,6.952,8.948,0,交易,3.7799508270004467,4.9811565017261215,1368423.2237890495,0.9758738978822327,0.9429025033311598,1.0177098424149247
2019-02-28,002170.SZ,33.904,34.226,33.259,33.501,25792112.0,-0.952,33.603,8.053,3.94,5.071,0,交易,6.606389272332873,8.605076142131981,775492.7087404913,0.981797463916321,0.9717466253725239,1.0030446852332768
2019-03-01,002170.SZ,33.018,33.582,32.535,33.34,33238418.0,-0.481,32.977,8.053,5.077,6.535,0,交易,5.101759755164499,6.5034469174709475,1021620.3473182727,0.9819843964028347,0.9688225835268893,0.9891121775644869
2019-03-04,002170.SZ,33.501,34.467,33.421,34.065,40563992.0,2.174,34.023,8.053,6.196,7.975,0,交易,4.271473354231975,5.4068754034861195,1213727.6562640257,0.9871181129776309,0.9696521310238779,0.9987670629678558
2019-03-05,002170.SZ,33.662,35.514,33.098,35.273,54874199.0,3.546,34.442,8.053,8.382,10.789,0,交易,3.2693484104180186,4.0159866380338824,1657930.9625959273,0.9698147209551162,0.9319704905107844,0.9764409038074447
2019-03-06,002170.SZ,35.112,38.816,34.629,38.816,102325740.0,10.046,37.326,8.053,15.631,20.119,0,交易,1.9293205427705156,2.2463054187192117,2954914.666897687,0.961613767518549,0.8921321104699093,0.961613767518549
2019-03-07,002170.SZ,39.46,42.44,37.85,39.621,117409424.0,2.075,39.854,8.053,17.935,23.084,0,交易,1.7163836423496797,2.2001672706997493,3101966.287978864,0.939066918001885,0.8918473138548539,1.0058807198202973
2019-03-08,002170.SZ,37.85,38.494,35.675,35.675,73494518.0,-9.959,36.756,8.053,11.227,14.45,0,交易,2.468858131487889,3.371336955553576,2060112.62789068,0.9548501065101055,0.9267678079700732,1.0303013314646112
2019-03-11,002170.SZ,35.112,38.172,35.112,37.447,48091423.0,4.966,36.648,8.053,7.346,9.455,0,交易,3.960549973558964,4.779744078410019,1369657.7523353838,0.9600754479723359,0.9198365293932727,0.9786631772905707
2019-03-12,002170.SZ,37.447,38.091,36.4,37.206,52008363.0,-0.645,37.243,8.053,7.945,10.226,0,交易,3.638372775278701,4.713278791692889,1428801.1813186815,0.9777375232994671,0.9556063112021211,1.000994463258614
2019-03-13,002170.SZ,37.044,37.528,35.836,36.32,34735235.0,-2.381,36.666,8.053,5.306,6.829,0,交易,5.318494655147167,6.981530343007915,969283.2626409198,0.9770304839053506,0.9549136644638669,1.0095264317180617
2019-03-14,002170.SZ,36.4,36.561,33.098,33.743,32804859.0,-7.095,34.545,8.053,5.011,6.45,0,交易,5.231472868217055,7.264019157852723,991143.2412834612,0.9448592762780011,0.905281584201745,1.0237678925999467
2019-03-15,002170.SZ,34.306,35.031,33.984,34.709,21524800.0,2.864,34.572,8.053,3.288,4.232,0,交易,8.2015595463138,10.433698296836983,633380.4143126176,0.9868973195169993,0.9701121863492336,0.9960528969431559
2019-03-18,002170.SZ,34.709,38.172,34.709,38.172,47648730.0,9.977,36.909,8.053,7.279,9.368,0,交易,4.074722459436379,4.768374776755049,1372806.1885966174,0.9669129204652626,0.909279052708792,0.9669129204652626
2019-03-19,002170.SZ,39.058,39.138,36.642,36.964,47360697.0,-3.165,37.479,8.053,7.235,9.312,0,交易,3.9695017182130585,5.398479612992398,1292524.8894710985,0.9576115284378354,0.9362256630384793,1.0139324748403853
2019-03-20,002170.SZ,37.367,37.447,35.836,37.125,28152692.0,0.436,36.713,8.053,4.301,5.535,0,交易,6.7073170731707314,8.687979539641942,785598.0578189531,0.9803989638689348,0.9569791972654684,0.988902356902357
2019-03-21,002170.SZ,36.803,37.528,36.642,37.125,33088317.0,0.0,37.098,8.053,5.055,6.506,0,交易,5.706271134337534,7.28051434223541,903016.129032258,0.9885418887230868,0.9763909614154765,0.9992727272727272
2019-03-22,002170.SZ,36.883,36.964,35.756,36.561,23320478.0,-1.518,36.347,8.053,3.562,4.585,0,交易,7.974045801526717,10.354576080853453,652211.6008502069,0.9833080835407424,0.9673195541608052,0.9941467684144307
2019-03-25,002170.SZ,35.917,36.481,35.112,36.239,18656258.0,-0.881,35.98,8.053,2.85,3.668,0,交易,9.879770992366412,12.602456140350878,531335.6687172477,0.9862668238261011,0.9624736164030592,0.9928530036700792
2019-03-26,002170.SZ,36.32,37.769,35.917,36.239,31535864.0,0.0,36.897,8.053,4.817,6.2,0,交易,5.845,7.539962632343782,878020.5473731102,0.9769122825597713,0.9509650771796977,1.0181572339192584
2019-03-27,002170.SZ,36.642,36.803,34.065,34.951,26541542.0,-3.556,35.026,8.053,4.054,5.218,0,交易,6.698160214641625,9.038480513073507,779144.0481432556,0.9517158927261367,0.9256038909871478,1.0021458613487455
2019-03-28,002170.SZ,34.629,34.951,33.823,33.823,18012939.0,-3.226,34.258,8.053,2.752,3.542,0,交易,9.549124788255224,12.583212209302326,532564.7931880673,0.9801722411375927,0.9677262453148694,1.0128610708689354
2019-03-29,002170.SZ,33.743,34.709,33.179,34.629,17052829.0,2.381,34.15,8.053,2.605,3.353,0,交易,10.327766179540708,12.9531669865643,513964.5257542421,0.9838946670892275,0.9559192140367051,0.9861676629414653
2019-04-01,002170.SZ,34.709,36.803,34.709,36.239,29482800.0,4.651,35.674,8.053,4.504,5.797,0,交易,6.251336898395722,7.70626110124334,849428.1022213259,0.9693231530038313,0.943102464473005,0.9844090620602114
2019-04-02,002170.SZ,36.159,36.803,35.514,35.917,25624364.0,-0.889,36.056,8.053,3.914,5.038,0,交易,7.129217943628424,9.238375063873274,721528.523962381,0.9797027416243241,0.9649756813303265,1.0038700336887822
2019-04-03,002170.SZ,35.514,36.642,35.353,36.32,21829512.0,1.121,36.18,8.053,3.335,4.292,0,交易,8.462255358807083,10.648875562218892,617472.6897293016,0.9873915179302439,0.964821789203646,0.9961453744493391
2019-04-04,002170.SZ,37.447,38.897,37.206,37.367,53263011.0,2.882,37.808,8.053,8.136,10.472,0,交易,3.5682773109243695,4.60263028515241,1431570.4725044346,0.9720029822351338,0.956526210247577,1.0118018572537266
2019-04-08,002170.SZ,37.689,41.071,37.689,40.024,95902414.0,7.112,40.056,8.053,14.65,18.856,0,交易,2.122613491726771,2.572627986348123,2544573.0584520684,0.9752866986438119,0.9176547929195783,1.0007995202878273
2019-04-09,002170.SZ,37.93,38.655,36.722,37.85,61783315.0,-5.433,37.719,8.053,9.438,12.147,0,交易,3.1159957191075986,4.018859927950837,1682460.514133217,0.9757857974388824,0.9499935325313672,0.9965389696169088
2019-04-10,002170.SZ,37.528,38.091,36.722,37.286,32837849.0,-1.489,37.273,8.053,5.016,6.456,0,交易,5.77540272614622,7.4816586921850075,894228.2283100049,0.9785251109185897,0.9640597516473708,0.9996513436678647
2019-04-11,002170.SZ,37.044,38.011,36.883,37.125,24037691.0,-0.432,37.382,8.053,3.672,4.726,0,交易,7.855480321625053,10.088235294117645,651728.1945611798,0.9834521585856725,0.9703243797847991,1.0069225589225588
2019-04-12,002170.SZ,36.803,37.286,35.675,36.078,23786084.0,-2.82,36.308,8.053,3.634,4.677,0,交易,7.713919178960873,10.1274078150798,666743.7701471619,0.9737703159362763,0.9567934345330686,1.0063750762237373
2019-04-15,002170.SZ,36.642,36.964,35.273,35.353,17167995.0,-2.009,36.146,8.053,2.623,3.375,0,交易,10.474962962962964,13.969500571864277,486717.74445042945,0.9778703603506115,0.9542527864949683,1.0224309110966536
2019-04-16,002170.SZ,35.031,36.561,34.306,36.561,18435163.0,3.417,35.765,8.053,2.816,3.625,0,交易,10.085793103448276,12.439985795454545,537374.3077012767,0.9782281666256394,0.9383222559557999,0.9782281666256394
2019-04-17,002170.SZ,36.561,36.803,36.159,36.481,16056783.0,-0.22,36.538,8.053,2.453,3.157,0,交易,11.555590750712703,14.904606604158175,444060.48286733596,0.9927995000407576,0.982501426514143,1.0015624571694854
2019-04-18,002170.SZ,37.608,38.091,36.803,37.044,28114096.0,1.545,37.47,8.053,4.295,5.528,0,交易,6.701157742402316,8.756228172293364,763907.7249137299,0.9836969362841615,0.9661862382190017,1.0114998380304503
2019-04-19,002170.SZ,36.481,37.044,35.595,37.044,21006608.0,0.0,36.249,8.053,3.209,4.13,0,交易,8.969491525423729,11.36833904643191,590156.145526057,0.9785390346614837,0.9608843537414966,0.9785390346614837
2019-04-22,002170.SZ,37.125,37.367,35.836,36.159,17130052.0,-2.391,36.576,8.053,2.617,3.368,0,交易,10.73604513064133,14.186090943828813,478012.38977564464,0.9788315893703001,0.9590280193753847,1.0115323985729694
2019-04-23,002170.SZ,36.159,36.159,34.629,35.434,14488152.0,-2.004,35.291,8.053,2.213,2.849,0,交易,12.437346437346436,16.33935833709896,418382.04972710734,0.9759949113636992,0.9576868829337094,0.995964328046509
2019-04-24,002170.SZ,35.434,38.655,35.031,37.447,42891296.0,5.682,37.151,8.053,6.552,8.433,0,交易,4.44053124629432,5.4081196581196584,1224381.1481259456,0.9610917087052129,0.9062475746992626,0.992095494966219
2019-04-25,002170.SZ,36.722,39.299,36.4,36.722,46521667.0,-1.935,37.662,8.053,7.062,9.074,0,交易,4.046947322018956,5.199943358821863,1278067.7747252749,0.9583449960558793,0.9262322196493549,1.0255977343281957
2019-04-26,002170.SZ,36.722,39.299,36.481,37.85,57972660.0,3.07,37.956,8.053,8.957,11.307,0,交易,3.3474838595560272,4.099810204309478,1589119.2675639372,0.9658261024453549,0.9282933407974758,1.0028005284015853
2019-04-29,002170.SZ,37.125,37.367,34.065,34.065,22486000.0,-10.0,34.403,8.053,3.474,4.386,0,交易,7.7667578659370715,10.686528497409325,660091.0024952297,0.920678673696042,0.911633259292959,1.0099222075444005
2019-04-30,002170.SZ,31.005,31.81,30.682,31.246,48883453.0,-8.274,30.959,8.053,7.552,9.534,0,交易,3.277323264107405,4.1055349576271185,1593229.0267909523,0.973247406475951,0.9645394530022006,0.9908148242975101
2019-05-06,002170.SZ,30.28,30.28,28.105,28.105,21720400.0,-10.052,29.067,8.053,3.356,4.333,0,交易,6.48626817447496,9.022646007151371,772830.4572140188,0.9599405548216644,0.9281704095112285,1.0342287849137164
2019-05-07,002170.SZ,28.025,30.36,27.461,29.313,21148944.0,4.298,28.695,8.053,3.267,4.219,0,交易,6.947854941929366,8.578206305479032,770144.7143221296,0.9451581027667985,0.9045125164690382,0.9789172039709344
2019-05-08,002170.SZ,28.428,29.877,28.105,28.991,13825765.0,-1.099,29.151,8.053,2.136,2.758,0,交易,10.511602610587381,13.308988764044944,491932.57427504,0.9757003715232453,0.9406901630016401,1.005518954158187
2019-05-09,002170.SZ,28.428,29.958,28.428,29.555,11296743.0,1.944,29.14,8.053,1.745,2.205,0,交易,13.403628117913831,16.291117478510028,397380.85690164624,0.9726951064824088,0.9489284998998598,0.9859583826763662
2019-05-10,002170.SZ,29.474,31.085,28.911,30.36,19832046.0,2.725,30.045,8.053,3.064,3.871,0,交易,7.842934642211315,9.619451697127937,685968.8699802842,0.9665433488820975,0.930062731220846,0.9896245059288539
2019-05-13,002170.SZ,29.797,30.602,29.797,29.877,10812023.0,-1.592,30.162,8.053,1.67,2.11,0,交易,14.159715639810427,17.84251497005988,362856.0928952579,0.9856218547807333,0.9736945297692962,1.009539110352445
2019-05-14,002170.SZ,29.394,30.36,29.152,29.877,9972034.0,0.0,29.852,8.053,1.541,1.946,0,交易,15.353031860226105,19.074626865671643,342070.3210757409,0.9832674571805007,0.9602108036890646,0.9991632359339961
2019-05-15,002170.SZ,30.119,30.682,30.038,30.36,9956023.0,1.617,30.327,8.053,1.538,1.943,0,交易,15.625321667524446,19.583224967490246,331447.59970703773,0.9884296981943812,0.9790104947526237,0.9989130434782609
2019-05-16,002170.SZ,30.36,32.052,30.038,31.085,21459394.0,2.387,31.213,8.053,3.315,4.188,0,交易,7.422397325692455,9.158371040723981,714408.2162594048,0.9738237863471859,0.9371646075127917,1.0041177416760496
2019-05-17,002170.SZ,34.226,34.226,33.743,34.226,29119468.0,10.104,34.223,8.053,4.499,5.683,0,交易,6.0225233151504485,7.6074683262947325,862978.0398897548,0.9999123473382808,0.9858879214632151,0.9999123473382808
2019-05-20,002170.SZ,34.629,36.159,33.662,34.79,71605901.0,1.647,34.897,8.053,11.063,13.976,0,交易,2.4892673153978246,3.1301636084244775,2127202.8102905354,0.9650985923283276,0.930943886722531,1.0030755964357574
2019-05-21,002170.SZ,33.259,34.145,31.327,33.259,44955470.0,-4.398,32.64,8.053,6.945,8.774,0,交易,3.7906314109870074,4.788912886969042,1435039.1036486097,0.9559232684141162,0.9174696148777273,0.9813884963468535
2019-05-22,002170.SZ,32.293,34.548,31.729,33.34,38149642.0,0.242,33.173,8.053,5.894,7.446,0,交易,4.477571850658072,5.4789616559212755,1202358.7884900249,0.9602003010304504,0.9184033808035197,0.9949910017996401
2019-05-23,002170.SZ,32.213,33.018,30.602,30.602,32517189.0,-8.213,31.699,8.053,5.024,6.347,0,交易,4.8214904679376085,6.411823248407644,1062583.785373505,0.9600520927978679,0.9268277909019322,1.0358473302398536
2019-05-24,002170.SZ,30.038,31.407,29.877,29.877,16066230.0,-2.368,30.507,8.053,2.482,3.136,0,交易,9.527104591836734,12.102336825141014,537745.7576061854,0.9713439679052441,0.9512847454389148,1.0210864544632996
2019-05-27,002170.SZ,30.119,30.924,29.877,30.763,13830592.0,2.965,30.388,8.053,2.137,2.699,0,交易,11.39792515746573,14.094057089377632,462917.6958864679,0.9826671840641573,0.9661428017074117,0.9878100315313851
2019-05-28,002170.SZ,30.844,32.052,30.36,30.441,17590030.0,-1.047,31.187,8.053,2.718,3.433,0,交易,8.867171570055346,11.34805003679176,579381.7523056654,0.9730126045176588,0.9472107824784725,1.0245064222594529
2019-05-29,002170.SZ,30.28,31.649,30.28,30.924,17063815.0,1.587,31.023,8.053,2.636,3.33,0,交易,9.286486486486487,11.48710166919575,563534.1809775429,0.9802205440930203,0.9567442889190811,1.0032013969732247
2019-05-30,002170.SZ,30.844,31.971,30.763,31.085,24188058.0,0.521,31.284,8.053,3.737,4.721,0,交易,6.584410082609617,8.253679421996253,786271.1048987419,0.9785117762972694,0.9622157580307154,1.006401801511983
2019-05-31,002170.SZ,31.166,31.568,29.958,30.119,20363600.0,-3.109,30.521,8.053,3.146,3.975,0,交易,7.577106918238994,9.90654799745709,679738.3002870686,0.9668335022807907,0.9489989863152558,1.0133470566751885
2019-06-03,002170.SZ,30.199,30.763,28.911,29.233,15759334.0,-2.941,29.631,8.053,2.435,3.076,0,交易,9.503576072821847,12.40205338809035,545098.1979177475,0.9632025485160745,0.9397978090563339,1.0136147504532549
2019-06-04,002170.SZ,28.83,28.991,27.864,28.186,15599623.0,-3.581,28.278,8.053,2.41,3.045,0,交易,9.25648604269294,11.96265560165975,559848.6577662934,0.975406160532579,0.9611258666482702,1.0032640317888313
2019-06-05,002170.SZ,28.589,28.669,27.864,27.944,10274000.0,-0.857,28.302,8.053,1.587,2.005,0,交易,13.93715710723192,18.014492753623188,368719.4946884869,0.9871987163835502,0.9719208901601033,1.0128113369596337
2019-06-06,002170.SZ,28.025,28.105,26.414,26.656,14797243.0,-4.611,26.909,8.053,2.286,2.888,0,交易,9.229916897506925,12.259405074365704,560204.550617097,0.9574452944315958,0.9398327699697563,1.0094912965186074
2019-06-10,002170.SZ,26.897,27.139,26.656,27.059,7655200.0,1.511,26.874,8.053,1.183,1.494,0,交易,18.11178045515395,22.736263736263734,287184.87394957984,0.9902354545119569,0.9822027340727366,0.9931630880668169
2019-06-11,002170.SZ,27.22,28.347,26.978,28.186,11264841.0,4.167,27.797,8.053,1.74,2.199,0,交易,12.817644383810824,15.64367816091954,417556.56460819923,0.9805975941016686,0.9517056478639715,0.9861988221102675
2019-06-12,002170.SZ,28.347,28.508,27.703,28.267,13572900.0,0.286,28.112,8.053,2.097,2.649,0,交易,10.670819177047942,13.51788268955651,489943.32743746164,0.9861091623403957,0.9717623123333801,0.9945165740970036
2019-06-13,002170.SZ,28.186,28.589,27.703,28.347,10412400.0,0.285,28.144,8.053,1.609,2.032,0,交易,13.950295275590552,17.517712865133625,375858.21030213335,0.9844345727377662,0.9690090594284515,0.992838748368434
2019-06-14,002170.SZ,28.267,28.508,27.22,27.3,9944540.0,-3.693,27.89,8.053,1.536,1.941,0,交易,14.064914992272024,18.402994791666664,365339.4562821455,0.9783218745615266,0.9548196997334082,1.0216117216117215
2019-06-17,002170.SZ,27.381,27.783,27.22,27.622,6044795.0,1.18,27.593,8.053,0.934,1.18,0,交易,23.40847457627119,29.315845824411134,222071.8221895665,0.9931612856782924,0.9797358096677824,0.9989501122293823
2019-06-18,002170.SZ,27.622,28.105,27.3,27.864,7496395.0,0.875,27.88,8.053,1.158,1.463,0,交易,19.045796308954202,23.853195164075995,274593.22344322345,0.9919943070628001,0.9713574097135741,1.000574217628481
2019-06-19,002170.SZ,28.025,28.347,27.864,28.025,13097382.0,0.578,28.17,8.053,2.024,2.556,0,交易,10.964397496087637,13.846343873517785,470046.72695951763,0.9937559530109006,0.9829611599111017,1.0051739518287244
2019-06-20,002170.SZ,27.944,28.991,27.542,28.669,21819974.0,2.299,28.339,8.053,3.371,4.259,0,交易,6.731392345621037,8.289528329872441,792243.6279137317,0.9775102618053878,0.9500189714049189,0.9884893090097318
2019-06-21,002170.SZ,28.991,29.474,28.508,28.75,16770414.0,0.281,28.847,8.053,2.591,3.273,0,交易,8.78399022303697,11.189116171362407,588270.4503998877,0.9787270136391396,0.9672253511569519,1.0033739130434782
2019-06-24,002170.SZ,28.669,31.649,28.589,31.649,35501639.0,10.084,30.842,8.053,5.485,6.929,0,交易,4.5676143743685955,5.226800364630811,1241793.6618979329,0.9745015640304591,0.903314480710291,0.9745015640304591
2019-06-25,002170.SZ,31.166,31.488,29.233,30.038,47382976.0,-5.089,30.457,8.053,7.321,10.124,0,交易,2.967009087317266,4.257068706460866,1620872.8491772995,0.9672573678861789,0.9283854166666667,1.0139489979359477
2019-06-26,002170.SZ,29.636,29.958,28.669,29.394,21656937.0,-2.145,29.379,8.053,3.346,4.627,0,交易,6.352712340609466,8.857142857142856,755413.0594021417,0.9806729421189666,0.9569730956672676,0.9994896917738315
2019-06-27,002170.SZ,29.233,30.763,29.233,29.474,22115901.0,0.274,29.835,8.053,3.417,4.726,0,交易,6.236563690224291,8.555165349721978,756538.8772962063,0.969833891363001,0.9502649286480512,1.012248083056253
2019-06-28,002170.SZ,29.474,30.119,28.589,28.75,15515921.0,-2.459,29.104,8.053,2.397,3.315,0,交易,8.672699849170437,12.296203587818107,542723.4600720557,0.9663003419768252,0.9492015007138351,1.0123130434782608
2019-07-01,002170.SZ,29.394,29.474,28.991,29.313,14979515.0,1.961,29.311,8.053,2.314,3.201,0,交易,9.157450796626053,12.70267934312878,516695.3537304681,0.9944697021103345,0.983612675578476,0.9999317708866373
2019-07-02,002170.SZ,29.313,30.521,28.83,29.555,14476519.0,0.824,29.601,8.053,2.237,3.093,0,交易,9.555447785321695,13.103710326329905,502133.85362469655,0.9698568198944988,0.9445955243930407,1.001556420233463
2019-07-03,002170.SZ,29.394,29.394,28.75,28.991,12028800.0,-1.907,29.034,8.053,1.858,2.57,0,交易,11.280544747081713,15.820236813778255,418393.04347826086,0.9877526025719535,0.9780907668231612,1.0014832189300127
2019-07-04,002170.SZ,29.152,30.441,28.83,29.555,21522717.0,1.944,29.56,8.053,3.325,4.599,0,交易,6.426397042835399,8.767518796992482,746538.9177939646,0.9710587694228179,0.9470779540750961,1.0001691761123328
2019-07-05,002170.SZ,29.474,29.555,28.83,29.233,13633303.0,-1.09,29.174,8.053,2.106,2.913,0,交易,10.035358736697564,13.99525166191833,472885.9868192855,0.9871087802402301,0.9754694637117238,0.99798173297301
2019-07-08,002170.SZ,29.072,29.233,27.461,27.703,15358311.0,-5.234,27.924,8.053,2.373,3.282,0,交易,8.440889701401584,12.251158870627895,559277.1931102291,0.9552218383333904,0.9393835733588751,1.007977475363679
2019-07-09,002170.SZ,27.703,27.864,27.3,27.703,7062500.0,0.0,27.589,8.053,1.091,1.509,0,交易,18.358515573227304,25.3923006416132,258699.6336996337,0.9901306345104794,0.9797588285960379,0.9958849222105909
2019-07-10,002170.SZ,27.864,28.347,27.703,27.944,9258401.0,0.872,28.007,8.053,1.43,1.978,0,交易,14.127401415571283,19.485314685314687,334202.1080749377,0.9880057854446679,0.9772815465481356,1.0022545090180361
2019-07-11,002170.SZ,28.025,28.669,27.864,28.428,10377530.0,1.729,28.286,8.053,1.603,2.217,0,交易,12.822733423545332,17.48284466625078,372435.04163077805,0.9866406222749311,0.9719208901601033,0.995004924722105
2019-07-12,002170.SZ,31.166,31.246,29.474,29.555,44645701.0,3.966,30.483,8.053,6.898,9.539,0,交易,3.098333158612014,4.518121194549145,1514748.6259075794,0.9755808743519171,0.9432887409588427,1.0313990864489935
2019-07-15,002170.SZ,28.669,29.555,27.783,29.313,32798501.0,-0.817,28.554,8.053,5.067,7.008,0,交易,4.182791095890411,5.657983027432405,1180524.0974696756,0.9661309423109457,0.9400439857892067,0.974107051478866
2019-07-16,002170.SZ,28.508,30.682,28.508,29.958,29945504.0,2.198,29.789,8.053,4.626,6.398,0,交易,4.682400750234448,6.162559446606139,1050424.5825733128,0.9708949872889643,0.9291441235903788,0.9943587689431872
2019-07-17,002170.SZ,29.716,30.602,29.072,29.555,25526537.0,-1.344,29.827,8.053,3.944,5.454,0,交易,5.418958562522919,7.53448275862069,878045.4389102918,0.974674857852428,0.9500032677602771,1.0092031805109118
2019-07-18,002170.SZ,29.233,30.28,28.669,28.75,26113981.0,-2.725,29.541,8.053,4.035,5.58,0,交易,5.152329749103942,7.244857496902107,910878.6842931389,0.9755944517833554,0.9467965653896961,1.027513043478261
2019-07-19,002170.SZ,29.233,29.313,28.267,28.428,17907896.0,-1.12,28.775,8.053,2.767,3.826,0,交易,7.430214323052796,10.564871702204554,633526.5857713942,0.9816463685054413,0.9643161737113226,1.012206275503025
2019-07-22,002170.SZ,28.428,28.589,27.3,27.3,16718772.0,-3.966,27.652,8.053,2.583,3.572,0,交易,7.642777155655096,11.005807200929151,612409.2307692308,0.9672251565287349,0.9549127286718668,1.0128937728937728
2019-07-23,002170.SZ,27.461,28.025,27.381,27.864,9676879.0,2.065,27.665,8.053,1.495,2.068,0,交易,13.473887814313347,18.368561872909698,353415.83579854644,0.9871543264942017,0.9770205173951829,0.9928581682457651
2019-07-24,002170.SZ,27.864,28.267,27.864,28.025,8956200.0,0.578,28.046,8.053,1.384,1.914,0,交易,14.642110762800417,20.132947976878615,321425.49526270456,0.9921816959705664,0.9857430926522094,1.000749330954505
2019-07-25,002170.SZ,27.944,28.105,27.703,27.864,7133731.0,-0.575,27.841,8.053,1.102,1.524,0,交易,18.283464566929133,25.35753176043557,257507.5262606938,0.9906066536203523,0.9856964952855364,0.9991745621590583
2019-07-26,002170.SZ,27.703,27.783,27.461,27.542,8120300.0,-1.156,27.541,8.053,1.255,1.735,0,交易,15.87435158501441,22.074103585657372,295702.9969775318,0.9912896375481409,0.9884101788863693,0.9999636918161353
2019-07-29,002170.SZ,27.381,27.542,27.22,27.3,7072344.0,-0.877,27.317,8.053,1.093,1.511,0,交易,18.067504963600268,25.0512351326624,259821.60176340927,0.9918306586304553,0.9883087647955848,1.0006227106227106
2019-07-30,002170.SZ,27.461,27.703,27.381,27.542,5350893.0,0.885,27.514,8.053,0.827,1.143,0,交易,24.096237970253718,33.205562273276904,195423.5783937767,0.9931776341912428,0.988376710103599,0.9989833708517899
2019-07-31,002170.SZ,27.703,27.864,27.381,27.461,5581200.0,-0.292,27.597,8.053,0.862,1.193,0,交易,23.0184409052808,32.138051044083525,203834.7759395201,0.9904177433247201,0.982665805340224,1.004952478059794
2019-08-01,002170.SZ,27.381,27.381,27.059,27.22,5836501.0,-0.88,27.237,8.053,0.902,1.247,0,交易,21.828388131515634,30.355875831485587,215695.3693780258,0.9947408787115152,0.9882400204521383,1.000624540778839
2019-08-02,002170.SZ,26.656,26.897,26.092,26.736,7855099.0,-1.775,26.583,8.053,1.214,1.678,0,交易,15.933253873659119,21.957166392092258,301053.92457458226,0.9883258355950477,0.9700710116369855,0.9942773788150807
2019-08-05,002170.SZ,26.656,26.817,26.334,26.334,5493200.0,-1.506,26.561,8.053,0.849,1.174,0,交易,22.43100511073254,31.396937573616018,208597.25070251388,0.9904538166088676,0.9819890368050117,1.0086200349358245
2019-08-06,002170.SZ,25.609,25.609,24.32,24.884,12096300.0,-5.505,24.967,8.053,1.869,2.585,0,交易,9.626305609284334,13.701979668271804,497380.75657894736,0.9749306884298488,0.949666133000117,1.0033354766114773
2019-08-07,002170.SZ,24.965,25.367,24.643,24.884,5342302.0,0.0,24.927,8.053,0.825,1.141,0,交易,21.80893952673094,30.26060606060606,216787.80992573957,0.9826546300311427,0.9714589821421532,1.0017280180035364
2019-08-08,002170.SZ,24.965,25.126,24.804,25.045,5211500.0,0.647,24.995,8.053,0.805,1.114,0,交易,22.482046678635548,31.012422360248443,210107.24076761815,0.994786277163098,0.9871845896680728,0.998003593531643
2019-08-09,002170.SZ,24.965,25.367,24.482,24.562,6225200.0,-1.929,24.918,8.053,0.962,1.33,0,交易,18.467669172932332,25.95114345114345,254276.61138795852,0.9822998383726889,0.9651121535853667,1.0144939337187524
2019-08-12,002170.SZ,24.562,24.884,24.562,24.884,4575700.0,1.311,24.683,8.053,0.707,0.978,0,交易,25.443762781186095,34.74115983026874,186291.83291262927,0.9919225204950972,0.9870599582060763,0.9919225204950972
2019-08-13,002170.SZ,24.562,24.723,24.482,24.723,4128200.0,-0.647,24.591,8.053,0.638,0.882,0,交易,28.03061224489796,38.49843260188088,168621.84462053754,0.9946608421308094,0.9902519920721595,0.9946608421308094
2019-08-14,002170.SZ,24.884,25.206,24.804,24.965,6617020.0,0.977,24.956,8.053,1.022,1.414,0,交易,17.655586987270155,24.348336594911938,266772.2947911627,0.9900817265730382,0.9840514163294454,0.9996394952934108
2019-08-15,002170.SZ,23.676,24.723,23.676,24.643,5505408.0,-1.29,24.299,8.053,0.851,1.176,0,交易,20.95493197278912,27.821386603995297,232531.17080587937,0.9828499777535089,0.9576507705375561,0.9860406606338513
2019-08-16,002170.SZ,24.643,25.045,24.482,24.723,5288308.0,0.327,24.841,8.053,0.817,1.13,0,交易,21.878761061946904,30.16279069767442,216008.0058818724,0.9918546616091036,0.9775204631663006,1.0047728835497312
2019-08-19,002170.SZ,25.126,25.69,25.045,25.69,12053652.0,3.909,25.426,8.053,1.862,2.576,0,交易,9.972826086956522,13.494092373791622,481279.7764024755,0.9897236278707667,0.9748929544569872,0.9897236278707667
2019-08-20,002170.SZ,26.092,27.864,25.851,26.736,22946658.0,4.075,26.99,8.053,3.545,4.903,0,交易,5.452987966551092,7.3602256699576865,887650.6904955321,0.9686333620442147,0.9277562446167097,1.0095002992220226
2019-08-21,002170.SZ,26.817,27.381,26.253,26.897,17598362.0,0.602,27.001,8.053,2.719,3.76,0,交易,7.153457446808511,9.862817212210372,670337.1805127033,0.9861217632664987,0.9588035499068698,1.0038666022232965
2019-08-22,002170.SZ,26.897,27.139,26.334,26.897,15696131.0,0.0,26.715,8.053,2.425,3.354,0,交易,8.01937984496124,11.091546391752578,596040.5179615706,0.9843767272191312,0.9703378901212277,0.9932334461092316
2019-08-23,002170.SZ,26.897,27.3,26.253,26.414,9691802.0,-1.796,26.608,8.053,1.398,2.071,0,交易,12.754225012071462,19.239628040057223,369169.31398316385,0.9746520146520147,0.9616483516483516,1.0073445899901567
2019-08-26,002170.SZ,25.77,26.817,25.609,26.575,9735332.0,0.61,26.336,8.053,1.404,1.894,0,交易,14.0311510031679,18.354700854700855,380152.75879573583,0.9820636163627549,0.9549539471230937,0.9910065851364064
2019-08-27,002170.SZ,26.897,27.22,26.495,27.059,13681690.0,1.818,26.97,8.053,1.974,2.662,0,交易,10.164913598797897,13.62563323201621,516387.62030571804,0.9908155767817781,0.9733651726671566,0.996710891015928
2019-08-28,002170.SZ,27.22,27.622,26.817,26.978,16911266.0,-0.298,27.155,8.053,2.44,3.29,0,交易,8.200000000000001,11.155737704918032,630617.3695789984,0.983093186590399,0.9708565636087177,1.006560901475276
2019-08-29,002170.SZ,26.978,27.381,26.736,26.817,12414500.0,-0.597,27.024,8.053,1.791,2.415,0,交易,11.104347826086956,15.063093243997768,464336.4751645721,0.9869617618056317,0.9764435192286622,1.0077189842264236
2019-08-30,002170.SZ,27.22,27.381,26.092,26.334,13121700.0,-1.802,26.886,8.053,1.893,2.553,0,交易,10.314923619271445,14.379292128895932,502901.27242066537,0.9819217705708337,0.9529235601329389,1.020961494645705
2019-09-02,002170.SZ,26.253,27.059,26.253,26.897,9086971.0,2.141,26.81,8.053,1.311,1.768,0,交易,15.213235294117647,20.02517162471396,346130.76600769436,0.9907978861007427,0.9702132377397539,0.9967654385247425
2019-09-03,002170.SZ,27.22,27.381,26.897,27.059,9312065.0,0.599,27.139,8.053,1.343,1.812,0,交易,14.933222958057396,20.268056589724498,346212.0310815333,0.9911617545012965,0.982323509002593,1.0029565024575926
2019-09-04,002170.SZ,27.059,27.461,26.897,27.3,11875226.0,0.893,27.161,8.053,1.713,2.31,0,交易,11.818181818181818,15.796263864565091,441507.4543629401,0.9890754160445724,0.979461782163796,0.9949084249084249
2019-09-05,002170.SZ,27.542,28.428,27.381,27.381,18395605.0,0.295,27.711,8.053,2.654,3.579,0,交易,7.65046102263202,10.377543330821403,671838.3185420547,0.9747783875052765,0.9631701139721401,1.0120521529527775
2019-09-06,002170.SZ,27.381,27.542,26.978,27.22,12631502.0,-0.588,27.227,8.053,1.822,2.458,0,交易,11.074043938161106,15.027991218441272,468214.91585736524,0.9885629220826374,0.9795221843003413,1.0002571638501103
2019-09-09,002170.SZ,27.381,27.944,27.3,27.864,13817826.0,2.367,27.59,8.053,1.993,2.688,0,交易,10.366071428571429,13.738585047666833,506147.47252747254,0.987331806470083,0.9769539078156313,0.9901665231122595
2019-09-10,002170.SZ,28.105,28.347,27.542,27.783,13049970.0,-0.289,27.881,8.053,1.883,2.539,0,交易,10.942497046081135,14.925650557620818,473820.71018807637,0.9835608706388683,0.9716019331851695,1.00352733686067
2019-09-11,002170.SZ,28.105,28.105,27.703,27.703,12277038.0,-0.29,27.896,8.053,1.771,2.389,0,交易,11.596065299288407,15.869565217391305,443166.37187308236,0.9925636007827788,0.9856964952855364,1.0069667545031225
2019-09-12,002170.SZ,27.783,27.944,27.461,27.864,9570064.0,0.581,27.714,8.053,1.381,1.862,0,交易,14.964554242749731,20.11803041274439,348496.5587560541,0.9917692527912969,0.9827154308617234,0.9946167097329888
2019-09-16,002170.SZ,28.267,28.267,27.542,27.703,11593973.0,-0.578,27.925,8.053,1.672,2.256,0,交易,12.279698581560284,16.9061004784689,420956.10340570763,0.9879010860720983,0.9743517175505007,1.0080135725372703
2019-09-17,002170.SZ,27.783,27.783,26.656,26.897,14977499.0,-2.907,27.087,8.053,2.161,2.914,0,交易,9.230267673301302,12.856547894493291,561880.9648859544,0.9749487096425872,0.9594356261022927,1.007063984831022
2019-09-18,002170.SZ,26.897,26.978,26.334,26.414,11722589.0,-1.796,26.545,8.053,1.691,2.281,0,交易,11.580008768084173,15.905972797161441,445150.33796612744,0.9839498850915561,0.9761286974571872,1.0049594911789204
2019-09-19,002170.SZ,26.414,26.575,25.77,26.414,11493711.0,0.0,26.095,8.053,1.658,2.236,0,交易,11.813059033989266,15.931242460796142,446011.29220023286,0.9819379115710254,0.9697083725305738,0.9879230710986597
2019-09-20,002170.SZ,26.334,26.897,26.173,26.575,9738202.0,0.61,26.63,8.053,1.405,1.895,0,交易,14.023746701846965,18.74306049822064,372070.5306995759,0.9900732423690375,0.9730824999070529,1.0020696142991534
2019-09-23,002170.SZ,26.575,26.656,25.69,25.931,10035020.0,-2.424,25.928,8.053,1.448,1.952,0,交易,13.284323770491804,18.352900552486187,390619.69637991436,0.9726890756302522,0.9637605042016808,0.999884308356793
2019-09-24,002170.SZ,25.931,26.414,25.77,26.173,8931567.0,0.932,26.173,8.053,1.288,1.738,0,交易,15.059263521288837,20.132763975155278,346587.7764842841,0.9908760505792381,0.9756189899295827,1.0
2019-09-25,002170.SZ,25.931,26.173,25.448,25.609,7671472.0,-2.154,25.783,8.053,1.107,1.493,0,交易,17.152712659075686,23.424570912375792,301456.77459918265,0.9850991479769229,0.9722996981622283,1.0067944863134055
2019-09-26,002170.SZ,25.528,25.77,24.723,24.723,9939317.0,-3.459,25.132,8.053,1.434,1.934,0,交易,12.78335056876939,17.80195258019526,402027.1407191684,0.9752425300737292,0.9593713620488941,1.016543299761356
2019-09-27,002170.SZ,24.723,25.367,24.723,25.287,4996760.0,2.28,25.198,8.053,0.721,0.972,0,交易,26.01543209876543,34.28987517337032,202109.77632164382,0.9933378010801435,0.9746126857728544,0.9964804049511607
2019-09-30,002170.SZ,25.287,25.528,24.965,25.126,6205764.0,-0.637,25.232,8.053,0.895,1.187,0,交易,21.16764953664701,28.2536312849162,248578.5699979972,0.9884048887496083,0.9779457850203699,1.004218737562684
2019-10-08,002170.SZ,25.045,25.287,24.884,25.045,3566460.0,-0.321,25.092,8.053,0.514,0.682,0,交易,36.72287390029325,48.72568093385214,143323.4206719177,0.9922885277019813,0.9840629572507613,1.0018766220802555
2019-10-09,002170.SZ,24.804,25.448,24.723,25.367,4546696.0,1.286,25.135,8.053,0.656,0.87,0,交易,29.157471264367818,37.81097560975609,183905.5130849816,0.9877004086765169,0.9715105312794718,0.9908542594709663
2019-10-10,002170.SZ,25.287,25.851,25.206,25.77,5144581.0,1.587,25.659,8.053,0.742,0.984,0,交易,26.1890243902439,34.07951482479784,204101.44410061097,0.9925728211674597,0.9750493211094349,0.9956926658905704
2019-10-11,002170.SZ,25.851,26.092,25.448,25.851,4619094.0,0.312,25.763,8.053,0.666,0.884,0,交易,29.243212669683256,38.81531531531531,181511.0814209368,0.987390771117584,0.9753181051663345,0.9965958763684191
2019-10-14,002170.SZ,26.012,26.253,25.851,26.173,6554334.0,1.246,26.118,8.053,0.945,1.254,0,交易,20.871610845295056,27.52592592592593,253542.76430312174,0.9948577305450805,0.9846874642897954,0.9978985977916174
2019-10-15,002170.SZ,26.092,26.253,25.77,26.012,5637264.0,-0.615,26.0,8.053,0.813,1.079,0,交易,24.107506950880445,32.09348093480935,218752.96856810246,0.9903630061326325,0.9816021026168438,0.9995386744579424
2019-10-16,002170.SZ,26.173,26.253,25.69,25.851,5432000.0,-0.619,25.961,8.053,0.784,1.039,0,交易,24.88065447545717,33.38392857142857,211444.1416893733,0.9888774616234335,0.9785548318287435,1.0042551545394762
2019-10-17,002170.SZ,25.77,25.851,25.367,25.528,4839500.0,-1.246,25.571,8.053,0.698,0.926,0,交易,27.568034557235418,36.91977077363897,190779.35900973706,0.9891686975358788,0.9812773200263046,1.0016844249451584
2019-10-18,002170.SZ,25.609,25.77,24.965,25.287,4860400.0,-0.946,25.35,8.053,0.701,0.93,0,交易,27.19032258064516,36.532097004279606,194688.5639895854,0.9837019790454017,0.9687621265036864,1.0024913987424369
2019-10-21,002170.SZ,25.206,25.367,24.804,25.287,3893937.9999999995,0.0,25.133,8.053,0.562,0.745,0,交易,33.94228187919463,44.85053380782917,156988.30833736493,0.9907754168801987,0.9778058106989395,0.9939099141851544
2019-10-22,002170.SZ,25.126,25.851,25.126,25.77,4896700.0,1.911,25.528,8.053,0.706,0.937,0,交易,27.50266808964781,35.58923512747876,194885.77569051977,0.9875053189431743,0.9719546632625431,0.9906092355452075
2019-10-23,002170.SZ,25.77,25.931,25.448,25.69,4523061.0,-0.313,25.698,8.053,0.652,0.865,0,交易,29.69942196531792,39.52453987730061,177737.38604212512,0.9910146157109251,0.9813736454436774,1.0003114052160373
2019-10-24,002170.SZ,25.69,25.69,25.287,25.528,3490600.0,-0.627,25.469,8.053,0.504,0.668,0,交易,38.21556886227545,50.97222222222222,138039.308735714,0.9913974309069676,0.9843129622421175,0.9976888122845504
2019-10-25,002170.SZ,25.528,26.012,25.448,25.851,5218420.0,1.262,25.794,8.053,0.753,0.998,0,交易,25.902805611222444,33.90172642762284,205062.08739390128,0.9916192526526219,0.978317699523297,0.9977950562840896
2019-10-28,002170.SZ,25.931,26.414,25.851,26.173,7840889.999999999,1.246,26.118,8.053,1.131,1.5,0,交易,17.448666666666664,22.927497789566758,303310.8970639433,0.9887938214583174,0.9786855455440296,0.9978985977916174
2019-10-29,002170.SZ,26.092,28.428,25.851,26.495,18787498.0,1.231,26.752,8.053,2.71,3.595,0,交易,7.3699582753824755,9.628044280442804,726760.9763645508,0.941044041086253,0.9093499366821443,1.0096999433855443
2019-10-30,002170.SZ,26.173,26.414,25.206,25.448,12448561.0,-3.951,25.665,8.053,1.796,2.382,0,交易,10.683459277917716,14.572939866369708,493872.9270808538,0.9716438252441886,0.9542666767623229,1.0085271927066959
2019-10-31,002170.SZ,25.528,25.528,24.804,25.126,6560425.999999999,-1.266,25.186,8.053,0.946,1.255,0,交易,20.020717131474107,26.98520084566596,264490.64666989195,0.9866029457850204,0.9716389846443121,1.002387964658123
2019-11-01,002170.SZ,24.965,25.287,24.804,25.206,5020358.0,0.321,25.091,8.053,0.724,0.961,0,交易,26.228928199791884,34.482044198895025,202401.1449766167,0.9922489816901966,0.9808992763079843,0.9954375942235976
2019-11-04,002170.SZ,25.367,25.367,25.045,25.126,3743466.0000000005,-0.319,25.224,8.053,0.54,0.716,0,交易,35.09217877094972,46.97592592592592,149469.59472948694,0.9943627547601214,0.9873063428864273,1.0039003422749342
2019-11-05,002170.SZ,24.965,25.287,24.884,25.206,3620261.0,0.321,25.1,8.053,0.522,0.693,0,交易,36.37229437229438,47.82567049808429,145485.49268606334,0.992604895796259,0.9840629572507613,0.9957946520669683
2019-11-06,002170.SZ,25.287,25.287,24.965,25.045,2829243.0,-0.639,25.056,8.053,0.408,0.541,0,交易,46.29390018484288,61.97794117647059,113328.37973162427,0.9908648712777317,0.987266184205323,1.0004392094230385
2019-11-07,002170.SZ,25.045,25.126,24.884,24.965,3031989.0,-0.322,24.999,8.053,0.437,0.58,0,交易,43.043103448275865,57.311212814645316,121844.9204307989,0.9949454748069727,0.9903685425455703,1.001361906669337
2019-11-08,002170.SZ,25.206,25.287,24.723,24.884,3806400.0,-0.323,24.989,8.053,0.549,0.728,0,交易,34.181318681318686,45.912568306010925,153961.8978279335,0.988215288488156,0.9776960493534227,1.0042195788458448
2019-11-11,002170.SZ,24.884,24.884,24.079,24.24,5362220.0,-2.589,24.423,8.053,0.774,1.026,0,交易,23.625730994152043,32.14987080103359,222692.8028572615,0.9814740395434817,0.9676498955151905,1.007549504950495
2019-11-12,002170.SZ,24.24,24.482,23.998,24.32,2901390.0,0.332,24.183,8.053,0.419,0.555,0,交易,43.81981981981982,57.85202863961814,120901.32511042587,0.9877869455109877,0.9802303733355119,0.9943667763157894
2019-11-13,002170.SZ,24.24,24.401,24.079,24.079,2070847.0,-0.993,24.174,8.053,0.299,0.396,0,交易,60.80555555555556,81.07023411371237,86002.20108808506,0.9906971025777632,0.9868038195155937,1.0039453465675485
2019-11-14,002170.SZ,24.159,24.32,24.079,24.159,2506702.0,0.334,24.153,8.053,0.362,0.48,0,交易,50.33125,66.73756906077348,104103.24349017817,0.9931332236842104,0.9900904605263158,0.9997516453495592
2019-11-15,002170.SZ,24.159,24.159,23.837,23.837,2570226.0,-1.333,23.943,8.053,0.371,0.492,0,交易,48.44918699186992,65.11859838274933,107825.06187859211,0.9910592325841302,0.9866716337596755,1.0044468683139658
2019-11-18,002170.SZ,23.837,23.998,23.676,23.918,2508400.0,0.338,23.871,8.053,0.362,0.48,0,交易,49.829166666666666,65.84806629834254,105946.950498395,0.9947078923243603,0.9865822151845987,0.9980349527552471
2019-11-19,002170.SZ,23.837,24.32,23.837,24.24,3186987.0,1.347,24.17,8.053,0.46,0.61,0,交易,39.73770491803278,51.8195652173913,133699.16516340143,0.9938322368421053,0.980139802631579,0.9971122112211223
2019-11-20,002170.SZ,24.24,24.482,24.079,24.401,4051300.0,0.664,24.299,8.053,0.584,0.775,0,交易,31.48516129032258,41.50684931506849,168250.34262220192,0.9925251204966915,0.9835389265582878,0.995819843449039
2019-11-21,002170.SZ,24.32,24.401,24.159,24.24,2129643.0,-0.66,24.262,8.053,0.307,0.407,0,交易,59.55773955773956,79.21824104234528,88151.12380479324,0.9943035121511413,0.9900823736732101,1.000907590759076
2019-11-22,002170.SZ,24.24,24.482,23.918,24.079,3325401.9999999995,-0.664,24.22,8.053,0.48,0.636,0,交易,37.86006289308176,50.5,139033.44761267662,0.9892982599460828,0.9769626664488196,1.0058557249055193
2019-11-25,002170.SZ,24.159,25.367,23.998,24.562,6722660.000000001,2.007,24.702,8.053,0.97,1.286,0,交易,19.099533437013996,24.906185567010308,280134.17784815404,0.9737848385697955,0.9460322466196239,1.0056998615747903
2019-11-26,002170.SZ,24.401,24.562,24.24,24.24,4768100.0,-1.311,24.333,8.053,0.688,0.912,0,交易,26.57894736842105,35.46656976744186,196703.79537953797,0.9906766549955214,0.9868903183779821,1.0038366336633664
2019-11-27,002170.SZ,24.804,26.575,24.723,24.965,15461097.0,2.99,25.336,8.053,2.23,2.958,0,交易,8.439824205544285,11.12286995515695,625373.0129838613,0.9533772342427093,0.930310442144873,1.014860805127178
2019-11-28,002170.SZ,24.643,24.965,24.401,24.723,9709642.0,-0.968,24.698,8.053,1.401,1.858,0,交易,13.306243272335843,17.589578872234117,397919.8393508463,0.9893050270378531,0.9774083717204086,0.9989887958581078
2019-11-29,002170.SZ,24.723,25.126,24.562,24.884,4883800.0,0.651,24.835,8.053,0.705,0.934,0,交易,26.6423982869379,35.06808510638298,198835.59970686425,0.9884183714081032,0.9775531322136433,0.9980308632052725
2019-12-02,002170.SZ,25.045,25.045,24.562,24.723,4040700.0,-0.647,24.774,8.053,0.583,0.773,0,交易,31.983182406209572,42.958833619210985,164510.21903753764,0.9891794769415052,0.9807147135156717,1.00206285644946
2019-12-03,002170.SZ,24.562,24.804,24.401,24.804,2829501.0,0.326,24.576,8.053,0.408,0.541,0,交易,45.84842883548983,60.20098039215687,115958.40334412524,0.9908079342041607,0.9837526205450734,0.9908079342041607
2019-12-04,002170.SZ,24.643,25.287,24.562,24.965,4592888.0,0.649,25.002,8.053,0.663,0.879,0,交易,28.401592718998863,37.16892911010558,186991.61306082565,0.9887293866413572,0.9713291414560843,1.0014820749048667
2019-12-05,002170.SZ,25.045,25.206,24.965,25.206,4284806.0,0.968,25.103,8.053,0.618,0.82,0,交易,30.739024390243905,40.525889967637546,171632.52553575006,0.9959136713480918,0.9904387844164088,0.9959136713480918
2019-12-06,002170.SZ,25.126,25.287,25.045,25.206,3314473.0000000005,0.0,25.117,8.053,0.478,0.634,0,交易,39.7570977917981,52.56485355648536,132340.7067278898,0.9932771779965991,0.9904298651480999,0.9964690946600017
2019-12-09,002170.SZ,25.287,25.367,25.045,25.206,3779100.0,0.0,25.167,8.053,0.545,0.723,0,交易,34.86307053941909,46.398165137614676,150892.39369135554,0.9921157409232467,0.9873063428864273,0.9984527493453941
2019-12-10,002170.SZ,25.206,25.367,25.045,25.287,4470933.0,0.319,25.245,8.053,0.645,0.855,0,交易,29.575438596491228,39.07906976744186,178515.99121581152,0.9951906019631805,0.9873063428864273,0.9983390675050422
2019-12-11,002170.SZ,25.367,25.448,25.126,25.206,3292731.0,-0.318,25.219,8.053,0.475,0.63,0,交易,40.009523809523806,53.404210526315794,131048.75427843667,0.9910012574662056,0.987346746306193,1.000515750218202
2019-12-12,002170.SZ,25.448,26.253,25.367,25.609,11600810.0,1.597,25.774,8.053,1.673,2.22,0,交易,11.535585585585585,15.210998206814105,457318.95770095004,0.9817544661562488,0.9662514760217881,1.0064430473661603
2019-12-13,002170.SZ,25.528,25.77,25.367,25.69,6885180.0,0.314,25.571,8.053,0.993,1.317,0,交易,19.50645406226272,25.7079556898288,271422.7145504001,0.9922778424524642,0.9843616608459449,0.9953678474114441
2019-12-16,002170.SZ,25.69,26.012,24.884,25.931,13505404.0,0.94,25.404,8.053,1.948,2.584,0,交易,10.035216718266254,13.18788501026694,542734.4478379681,0.9766261725357527,0.9566353990465939,0.9796768346766418
2019-12-17,002170.SZ,25.69,26.092,25.528,26.012,12365127.0,0.311,25.917,8.053,1.784,2.366,0,交易,10.994082840236686,14.400224215246638,484375.0783453463,0.9932929633604171,0.9783841790587153,0.9963478394587114
2019-12-18,002170.SZ,26.012,26.334,25.931,26.012,8458400.0,0.0,26.09,8.053,1.22,1.618,0,交易,16.07663782447466,21.321311475409836,326188.73163395165,0.9907344117870434,0.984696589959748,1.0029986160233737
2019-12-19,002170.SZ,25.931,26.173,25.931,26.173,6641821.000000001,0.619,26.052,8.053,0.958,1.271,0,交易,20.59244689221086,27.0678496868476,256134.39512552545,0.9953769151415581,0.9907538302831163,0.9953769151415581
2019-12-20,002170.SZ,26.173,26.575,26.092,26.173,8695700.0,0.0,26.274,8.053,1.254,1.664,0,交易,15.728966346153847,20.871610845295056,333270.73432469723,0.9886735653809973,0.9818250235183443,1.0038589386008483
2019-12-23,002170.SZ,26.334,26.334,25.448,25.528,8520000.0,-2.462,25.882,8.053,1.229,1.63,0,交易,15.661349693251534,21.427176566314074,334800.3772398617,0.9828358775727197,0.9663552821447559,1.0138671262926984
2019-12-24,002170.SZ,25.609,25.931,25.528,25.851,5503401.0,1.262,25.721,8.053,0.794,1.053,0,交易,24.54985754985755,32.25314861460957,215582.92854904418,0.991901584975512,0.9844587559291966,0.9949711809988009
2019-12-25,002170.SZ,25.931,26.092,25.77,25.931,5279400.0,0.312,25.94,8.053,0.762,1.01,0,交易,25.674257425742574,34.03018372703412,204866.12339930152,0.9941744596044766,0.9876590525831673,1.0003470749296208
2019-12-26,002170.SZ,25.931,26.173,25.77,26.092,5168240.0,0.621,25.982,8.053,0.746,0.989,0,交易,26.38220424671385,34.76005361930295,200552.58051998448,0.9927024032399802,0.9846024529094869,0.9957841483979765
2019-12-27,002170.SZ,26.173,26.334,25.851,26.012,7060653.999999999,-0.309,26.086,8.053,1.019,1.351,0,交易,19.253886010362695,25.684985279685968,273128.85381609993,0.9905825168983063,0.981658692185008,1.002844840842688
2019-12-30,002170.SZ,26.012,26.012,25.448,26.012,7304156.0,0.0,25.751,8.053,1.054,1.398,0,交易,18.606580829756798,24.67931688804554,287022.7915749764,0.9899661694602492,0.978317699523297,0.9899661694602492
2019-12-31,002170.SZ,26.012,26.817,25.77,26.495,14873514.000000002,1.858,26.358,8.053,2.146,2.846,0,交易,9.309557273366128,12.121155638397019,577163.9115250292,0.9828839914979304,0.960957601521423,0.9948292130590677
2020-01-02,002170.SZ,26.575,27.703,26.334,27.059,21957718.0,2.128,26.891,8.053,3.167,4.201,0,交易,6.441085455843847,8.39122197663404,833816.2831320727,0.970689095043858,0.9505829693534996,0.9937913448390553
2020-01-03,002170.SZ,27.381,29.797,27.381,29.797,52540890.0,10.119,28.745,8.053,7.579,10.053,0,交易,2.9639908485029345,3.6127457448212166,1918881.3410759286,0.9646944323254019,0.9189180118803907,0.9646944323254019
2020-01-06,002170.SZ,32.052,32.776,30.602,32.213,111756778.0,8.108,32.316,8.053,16.121,21.383,0,交易,1.5064771079829773,1.9882141306370573,3651943.598457617,0.9859653404930436,0.9336709787649499,1.0031974668612051
2020-01-07,002170.SZ,30.682,31.81,29.877,31.327,83675292.0,-2.75,30.734,8.053,12.071,16.01,0,交易,1.9567145534041224,2.5417943832325407,2800659.10231951,0.9661741590694751,0.9392329456145866,0.9810706419382641
2020-01-08,002170.SZ,30.602,31.327,29.152,29.152,50800003.0,-6.941,30.184,8.053,7.328,9.72,0,交易,2.9991769547325102,4.17603711790393,1742590.66273326,0.9635139017460976,0.9305710728764325,1.0354006586169044
2020-01-09,002170.SZ,29.394,30.038,29.152,29.474,27936219.0,1.105,29.443,8.053,4.03,5.345,0,交易,5.514312441534145,7.29379652605459,958295.1083973655,0.9801917571076637,0.9705040282309075,0.9989482255547263
2020-01-10,002170.SZ,29.313,29.394,28.589,28.75,21589360.0,-2.459,28.863,8.053,3.114,4.131,0,交易,6.959573953038005,9.413294797687861,755163.1746475918,0.9819350887936313,0.9726134585289515,1.0039304347826086
2020-01-13,002170.SZ,28.589,28.83,28.025,28.75,17649032.0,0.0,28.373,8.053,2.546,3.377,0,交易,8.513473497186853,11.228986645718775,629760.2854594112,0.984148456468956,0.9720776968435657,0.9868869565217392
2020-01-14,002170.SZ,28.991,31.407,28.991,30.199,45654016.0,5.042,30.268,8.053,6.586,8.735,0,交易,3.4572409845449346,4.40191314910416,1574765.1340071056,0.9637341993823033,0.9230744738434107,1.0022848438690022
2020-01-15,002170.SZ,29.555,30.038,28.991,29.394,22280002.0,-2.667,29.285,8.053,3.214,4.263,0,交易,6.895144264602393,9.195706285003112,768514.43551447,0.9749317531127238,0.9651441507423929,0.9962917602231749
2020-01-16,002170.SZ,29.233,30.844,28.75,29.555,24475983.0,0.548,29.747,8.053,3.531,4.683,0,交易,6.311125346999787,8.278957802322289,851338.5391304347,0.964433925560887,0.9321099727661781,1.0064963627135848
2020-01-17,002170.SZ,29.555,29.555,28.991,28.991,13950381.0,-1.907,29.165,8.053,2.012,2.669,0,交易,10.862120644436118,14.689363817097416,481196.9576765203,0.9868042632380307,0.9809169345288445,1.0060018626470284
2020-01-20,002170.SZ,28.83,29.797,28.428,29.313,16127606.0,1.111,29.09,8.053,2.326,3.086,0,交易,9.498703823720026,12.394668959587273,567314.1269171239,0.9762727791388395,0.9540557774272578,0.9923924538600621
2020-01-21,002170.SZ,29.072,29.152,28.508,28.589,10441760.0,-2.473,28.781,8.053,1.506,1.998,0,交易,14.308808808808807,19.304116865869855,366274.72990037885,0.9872736004390779,0.9779088913282107,1.0067158697401097
2020-01-22,002170.SZ,28.508,29.555,28.428,28.911,12733061.0,1.127,29.07,8.053,1.837,2.436,0,交易,11.868226600985222,15.518780620577028,447905.62121851696,0.983589917103705,0.9618677042801557,1.0054996368164366
2020-01-23,002170.SZ,28.83,30.038,28.589,29.877,28531962.0,3.343,29.489,8.053,4.116,5.459,0,交易,5.472980399340539,7.004373177842566,998004.8969883522,0.9817231506758106,0.951761102603369,0.9870134216956188
2020-02-03,002170.SZ,26.897,26.897,26.897,26.897,3769100.0,-9.973,26.897,8.053,0.544,0.721,0,交易,37.30513176144244,49.44301470588235,140130.86961371158,1.0,1.0,1.0
2020-02-04,002170.SZ,24.24,27.864,24.24,27.22,30950649.0,1.198,25.727,8.053,4.465,5.922,0,交易,4.596420128335022,5.428891377379619,1276841.9554455446,0.9233060579959804,0.8699397071490094,0.9451506245407789
2020-02-05,002170.SZ,26.736,28.428,26.575,27.381,23498541.0,0.592,27.589,8.053,3.39,4.496,0,交易,6.090080071174377,7.886725663716814,884234.8447789276,0.9704868439566624,0.9348177852821161,1.0075965085278111
2020-02-06,002170.SZ,27.864,28.911,27.864,28.347,32170355.0,3.529,28.424,8.053,4.641,6.155,0,交易,4.605523964256702,6.00387847446671,1154549.0597186333,0.983155200442738,0.9637854103974266,1.0027163368257663
2020-02-07,002170.SZ,27.944,28.428,27.22,28.347,23600161.0,0.0,27.774,8.053,3.404,4.515,0,交易,6.278405315614618,8.209165687426557,867015.4665686996,0.9769945124525116,0.9575066835514281,0.979786220764102
2020-02-10,002170.SZ,27.944,31.166,27.622,31.166,65895891.0,9.943,30.474,8.053,9.506,12.608,0,交易,2.4719225888324874,2.9396170839469806,2385630.6929259286,0.9777963164987487,0.8862863376756722,0.9777963164987487
2020-02-11,002170.SZ,31.085,31.085,28.83,29.233,56649298.0,-6.202,29.659,8.053,8.172,10.839,0,交易,2.6970200202970753,3.8038423886441506,1964942.6985778704,0.9541257841402605,0.9274569728164709,1.0145725720931824
2020-02-12,002170.SZ,28.589,30.521,28.589,30.038,42937355.0,2.755,29.942,8.053,6.194,8.215,0,交易,3.656482045039562,4.615595737810785,1501883.7664836126,0.9810294551292552,0.9366993217784475,0.9968040482056062
2020-02-13,002170.SZ,30.199,32.776,29.797,30.763,65507596.0,2.413,31.414,8.053,9.45,12.534,0,交易,2.454364129567576,3.195661375661376,2198462.798268282,0.9584452038076641,0.9091103246277763,1.0211617852615154
2020-02-14,002170.SZ,30.199,32.937,29.716,32.454,72658134.0,5.497,31.385,8.053,10.481,13.902,0,交易,2.334484246870954,2.881309035397386,2445084.60088841,0.952879740109907,0.9022072441327383,0.9670610710544155
2020-02-17,002170.SZ,33.421,35.031,32.615,32.857,85698348.0,1.241,33.675,8.053,12.362,16.397,0,交易,2.0038421662499237,2.703526937388772,2627574.674229649,0.9612914275927036,0.9310325140589765,1.0248957604163496
2020-02-18,002170.SZ,32.293,32.937,31.729,32.696,48990632.0,-0.49,32.289,8.053,7.067,9.373,0,交易,3.4883175077349833,4.569548606197821,1544033.2818557157,0.9803260770561983,0.9633239214257523,0.9875519941277221
2020-02-19,002170.SZ,31.89,32.374,31.166,31.166,39982100.0,-4.68,31.656,8.053,5.768,7.65,0,交易,4.073986928104575,5.528779472954231,1282875.569530899,0.9778217087786494,0.9626861061345524,1.0157222614387473
2020-02-20,002170.SZ,31.166,32.293,31.085,31.89,31329201.0,2.326,31.875,8.053,4.519,5.994,0,交易,5.32032032032032,6.896658552777163,1007855.911211195,0.9870560183321463,0.9625925123091692,0.9995296331138288
2020-02-21,002170.SZ,31.649,33.018,31.407,31.89,35759260.0,0.0,32.205,8.053,5.158,6.842,0,交易,4.660917860274774,6.135905389685925,1138576.1136052473,0.9753770670543339,0.9512084317644921,1.0098777046095955
2020-02-24,002170.SZ,31.407,32.937,30.763,32.615,43239391.0,2.273,32.021,8.053,6.237,8.273,0,交易,3.9423425601353808,5.035594035594036,1405564.8343789617,0.972189331147342,0.9339952029632329,0.9817875210792579
2020-02-25,002170.SZ,31.407,32.132,30.602,31.729,31827043.0,-2.716,31.564,8.053,4.591,6.09,0,交易,5.210016420361248,6.840993247658462,1040031.4685314685,0.982322917963401,0.9523839163450767,0.9947997100444389
2020-02-26,002170.SZ,32.374,33.179,31.81,33.018,57873898.0,4.061,32.626,8.053,8.349,11.073,0,交易,2.9818477377404498,3.8775901305545575,1819361.77302735,0.9833328310075649,0.9587389613912414,0.9881276879277968
2020-02-27,002170.SZ,32.615,34.548,32.293,32.454,54708575.0,-1.707,33.399,8.053,7.892,10.467,0,交易,3.100601891659501,4.132665990876838,1694131.0810392345,0.9667419242792636,0.9347284936899386,1.0291181364392679
2020-02-28,002170.SZ,30.763,31.81,29.313,29.474,40691303.0,-9.181,30.626,8.053,5.87,7.786,0,交易,3.7855124582584128,5.240715502555367,1388165.7626309146,0.9627790003143666,0.9215026721156869,1.039085295514691
2020-03-02,002170.SZ,29.797,30.763,29.474,30.602,23990460.0,3.825,30.264,8.053,3.461,4.59,0,交易,6.667102396514162,8.609361456226525,813953.314785913,0.9837792152910964,0.9580990150505477,0.9889549702633814
2020-03-03,002170.SZ,30.924,31.971,30.602,31.166,26967450.0,1.842,31.097,8.053,3.89,5.16,0,交易,6.039922480620155,7.949614395886889,881231.6188484413,0.9726627255950706,0.9571799443245441,0.9977860488994418
2020-03-04,002170.SZ,30.844,31.407,30.36,31.327,22619192.0,0.517,30.886,8.053,3.263,4.328,0,交易,7.238216266173752,9.452650934722648,745032.674571805,0.9834113414207024,0.9666634826631005,0.9859226865004628
2020-03-05,002170.SZ,31.488,32.937,31.246,32.293,37635055.0,3.085,32.147,8.053,5.429,7.201,0,交易,4.484516039438967,5.799963160803094,1204475.9329194138,0.9760148161641923,0.9486595621944925,0.9954788963552472
2020-03-06,002170.SZ,31.81,32.615,31.568,32.132,31081900.0,-0.499,32.162,8.053,4.484,5.947,0,交易,5.40306036657138,7.094112399643175,984601.4951849974,0.9861106852675149,0.9678982063467729,1.0009336486991163
2020-03-09,002170.SZ,31.488,32.213,30.682,30.763,28001480.0,-4.261,31.366,8.053,4.039,5.358,0,交易,5.741508025382606,7.79598910621441,912635.4214197249,0.9737062676559153,0.9524726042281066,1.0196014692975326
2020-03-10,002170.SZ,30.038,31.327,29.394,31.327,25914467.0,1.832,30.306,8.053,3.738,4.958,0,交易,6.31847519160952,8.035848047084002,881624.3791249916,0.9674083059341781,0.9382960385609856,0.9674083059341781
2020-03-11,002170.SZ,31.407,32.132,30.844,30.844,28050615.000000004,-1.542,31.491,8.053,4.046,5.367,0,交易,5.746972237749208,7.762481463173504,909435.0603034627,0.9800510394622184,0.9599153491846135,1.0209765270392945
2020-03-12,002170.SZ,30.038,30.441,29.474,29.877,20860220.0,-3.133,29.909,8.053,3.009,3.991,0,交易,7.486093710849411,9.982718511133267,707749.8812512723,0.982523570184948,0.9682336322722644,1.001071058004485
2020-03-13,002170.SZ,27.864,31.89,27.461,31.327,43039453.0,4.852,30.13,8.053,6.209,8.235,0,交易,3.8041287188828177,4.4876791753905625,1567293.7256472816,0.9448102853559109,0.8611163374098463,0.9617901490726848
2020-03-16,002170.SZ,31.407,32.615,30.602,31.005,57369184.0,-1.028,31.668,8.053,8.276,10.977,0,交易,2.824542224651544,3.794949250845819,1874687.406051892,0.9709642802391537,0.9382799325463743,1.0213836477987421
2020-03-17,002170.SZ,31.005,32.132,28.991,30.038,35976956.0,-3.117,30.029,8.053,5.19,6.884,0,交易,4.363451481696687,5.973988439306358,1240969.8182194475,0.9345512261919582,0.9022469812025395,0.9997003795192756
2020-03-18,002170.SZ,30.36,30.602,28.83,28.991,24422234.0,-3.485,29.857,8.053,3.523,4.673,0,交易,6.203937513374705,8.617655407323303,847111.8279569893,0.9756551859355598,0.9420952878896803,1.0298713393811874
2020-03-19,002170.SZ,28.75,29.394,27.783,28.991,19983922.0,0.0,28.583,8.053,2.883,3.824,0,交易,7.581328451882845,9.972251127297953,719285.9662383471,0.972409335238484,0.9451928965094918,0.985926666896623
2020-03-20,002170.SZ,29.152,29.555,28.83,29.474,12837400.0,1.667,29.199,8.053,1.852,2.456,0,交易,12.000814332247558,15.740820734341252,445279.2230315644,0.9879546608018949,0.9754694637117238,0.9906697428241841
2020-03-23,002170.SZ,28.911,29.716,28.347,28.83,12163125.0,-2.186,28.947,8.053,1.755,2.327,0,交易,12.389342501074344,16.473504273504275,429079.79680389457,0.9741216852873872,0.9539305424687038,1.0040582726326743
2020-03-24,002170.SZ,29.072,29.394,28.508,29.233,11568050.0,1.397,29.089,8.053,1.669,2.213,0,交易,13.209670131043831,17.418813660874775,405782.5873439035,0.9896237327345717,0.9698577941076411,0.9950740601375158
2020-03-25,002170.SZ,29.877,29.958,29.152,29.877,15444149.0,2.204,29.645,8.053,2.228,2.955,0,交易,10.110659898477158,13.409784560143624,529780.0836992316,0.9895520395219976,0.973095667267508,0.9922348294674834
2020-03-26,002170.SZ,29.636,31.327,29.394,31.085,37313015.0,4.043,30.642,8.053,5.383,7.139,0,交易,4.354251295699678,5.505480215493219,1269409.2331768388,0.9781338781243016,0.9382960385609856,0.9857487534180472
2020-03-27,002170.SZ,31.327,31.568,30.119,30.199,22777975.0,-2.85,30.748,8.053,3.286,4.358,0,交易,6.929554841670492,9.533475349969569,756265.9782861316,0.9740243284338571,0.9540990876837303,1.0181794099142356
2020-03-30,002170.SZ,29.474,31.729,29.474,31.005,34582803.0,2.667,30.895,8.053,4.989,6.617,0,交易,4.685658153241651,5.907797153738224,1173332.530365746,0.9737148980428,0.9289293706073308,0.9964521851314304
2020-03-31,002170.SZ,31.166,32.776,30.763,32.696,55952576.0,5.455,32.066,8.053,8.071,10.705,0,交易,3.0542737038766927,3.861479370586049,1818827.032474076,0.9783378081523065,0.9385831095923847,0.9807315879618304
2020-04-01,002170.SZ,32.374,32.857,31.488,31.729,34749105.0,-2.956,31.964,8.053,5.013,6.649,0,交易,4.771995788840427,6.458009176142031,1103566.5967987806,0.9728216209635694,0.958334601454789,1.007406473573072
2020-04-02,002170.SZ,31.407,31.649,30.682,31.568,22306854.0,-0.508,31.109,8.053,3.218,4.268,0,交易,7.396438612933459,9.759788688626475,727033.8960954306,0.9829378495371102,0.9694461120414546,0.9854599594526102
2020-04-03,002170.SZ,31.488,33.018,31.246,31.81,41567284.0,0.765,32.267,8.053,5.996,7.953,0,交易,3.999748522570099,5.251501000667111,1330323.369391282,0.977254830698407,0.9463323035919801,1.0143665513989313
2020-04-07,002170.SZ,32.132,34.226,31.89,33.662,54321927.0,5.823,33.263,8.053,7.836,10.393,0,交易,3.238910805349754,4.100561510974987,1703415.7102539982,0.9718634955881493,0.9317477940746801,0.9881468718436218
2020-04-08,002170.SZ,33.098,34.065,32.374,32.615,49947062.0,-3.11,33.166,8.053,7.205,9.556,0,交易,3.4130389284219342,4.593754337265787,1542814.0483103725,0.9736092763833847,0.9503596066343756,1.0168940671470181
2020-04-09,002170.SZ,32.857,33.098,32.052,32.696,36532018.0,0.247,32.616,8.053,5.27,6.99,0,交易,4.677539341917024,6.23472485768501,1139773.430675153,0.9854371865369509,0.968396881986827,0.9975532175189626
2020-04-10,002170.SZ,32.615,33.098,31.005,31.005,34529083.0,-5.172,31.819,8.053,4.981,6.606,0,交易,4.693460490463215,6.547881951415379,1113661.7642315757,0.9613571817028219,0.9367635506677141,1.0262538300274149
2020-04-13,002170.SZ,30.602,32.454,30.521,31.729,27961390.000000004,2.338,31.576,8.053,4.034,5.35,0,交易,5.9306542056074765,7.586018839861181,916136.1030110416,0.9729463240278549,0.9404387748813705,0.9951779129502979
2020-04-14,002170.SZ,31.488,31.81,31.085,31.729,20640461.0,0.0,31.443,8.053,2.977,3.949,0,交易,8.034692327171436,10.577091031239503,664000.6755669937,0.9884627475636593,0.9772084250235775,0.9909861640770274
2020-04-15,002170.SZ,31.729,32.374,31.246,31.488,23079949.0,-0.761,31.74,8.053,3.329,4.416,0,交易,7.130434782608695,9.531090417542805,738652.9155731933,0.9804163835176375,0.9651572249335886,1.0080030487804879
2020-04-16,002170.SZ,31.085,31.407,30.763,31.166,18318221.0,-1.023,31.014,8.053,2.642,3.505,0,交易,8.891868758915836,11.765707797123392,595462.7637096512,0.9874868659852899,0.9794950170344191,0.9951228903292049
2020-04-17,002170.SZ,31.085,31.327,30.441,30.521,17293695.0,-2.067,30.864,8.053,2.495,3.309,0,交易,9.223632517376851,12.458917835671343,568105.3513353701,0.9852204168927762,0.9717176876177098,1.0112381638871597
2020-04-20,002170.SZ,30.521,31.005,30.119,30.602,14580700.0,0.264,30.609,8.053,2.103,2.79,0,交易,10.968458781362008,14.513076557299096,484103.0578704472,0.9872278664731495,0.9714239638767941,1.0002287432193975
2020-04-21,002170.SZ,30.521,32.293,30.441,32.213,34823134.0,5.263,31.505,8.053,5.023,6.663,0,交易,4.834609034969233,6.076249253434203,1143954.994908183,0.9755984269036633,0.9426501099309448,0.978021295750163
2020-04-22,002170.SZ,31.81,35.434,31.81,35.434,48286571.0,10.0,34.388,8.053,6.966,9.239,0,交易,3.835263556661976,4.566465690496698,1517968.2804149638,0.970480329626912,0.8977253485353051,0.970480329626912
2020-04-23,002170.SZ,38.977,38.977,38.977,38.977,7640682.000000001,10.0,38.977,8.053,1.102,1.462,0,交易,26.660054719562243,35.369328493647906,196030.5308258717,1.0,1.0,1.0
2020-04-24,002170.SZ,42.44,42.44,39.138,39.299,211161200.0,0.826,40.898,8.053,30.461,40.402,0,交易,0.9726993713182516,1.3932569515117692,5395298.68669835,0.9636663524976439,0.922196041470311,1.040688058220311
2020-04-27,002170.SZ,37.044,38.977,35.353,35.353,135071286.0,-10.041,36.321,8.053,19.485,25.843,0,交易,1.3679913322756647,1.9011547344110853,3820645.659491415,0.9318572491469328,0.9070220899504837,1.0273809860549317
2020-04-28,002170.SZ,33.662,34.387,31.81,32.776,95538425.0,-7.289,32.961,8.053,13.782,18.279,0,交易,1.7930959024016633,2.442461181250907,3003408.5193335433,0.9585308401430773,0.9250588885334574,1.0056443739321452
2020-04-29,002170.SZ,32.293,33.743,32.293,32.454,53681787.0,-0.983,32.895,8.053,7.744,10.271,0,交易,3.1597702268523022,4.170067148760331,1662335.0880995882,0.974868861689832,0.9570281243517174,1.0135884636716583
2020-04-30,002170.SZ,32.535,32.937,32.052,32.535,45470946.0,0.248,32.425,8.053,6.559,8.7,0,交易,3.739655172413793,4.96035981094679,1418661.7371770872,0.9844551719950208,0.9731305219054559,0.9966190256646689
2020-05-06,002170.SZ,32.213,33.098,32.052,32.776,39889232.0,0.743,32.715,8.053,5.754,7.632,0,交易,4.29454926624738,5.598366353840807,1244516.1612379884,0.9884283038250047,0.968396881986827,0.9981388821088601
2020-05-07,002170.SZ,32.696,33.984,32.535,33.743,54868124.0,2.948,33.442,8.053,7.915,10.498,0,交易,3.2142312821489814,4.130890713834491,1686433.8097433534,0.9840513182674199,0.9573622881355931,0.9910796313309427
2020-05-08,002170.SZ,33.823,34.145,33.098,33.582,40342508.0,-0.477,33.622,8.053,5.82,7.719,0,交易,4.350563544500583,5.811512027491409,1218880.5365883135,0.9846829696880948,0.9693366525113486,1.001191114287416
2020-05-11,002170.SZ,33.743,34.226,33.179,33.662,31292458.0,0.24,33.548,8.053,4.514,5.987,0,交易,5.622515450141974,7.4751883030571555,943140.4804243648,0.9801904984514698,0.9694092210600129,0.9966133919553206
2020-05-12,002170.SZ,33.582,33.662,32.615,33.34,28603237.0,-0.957,33.181,8.053,4.126,5.473,0,交易,6.091723003837019,8.139117789626757,876996.382032807,0.9857108906185015,0.9688966787475493,0.995230953809238
2020-05-13,002170.SZ,33.259,35.112,32.937,34.87,66038665.0,4.589,34.434,8.053,9.526,12.635,0,交易,2.7597942223981002,3.491391979844636,2004999.392780156,0.9806903622693095,0.9380553656869445,0.9874964152566676
2020-05-14,002170.SZ,34.306,36.078,34.065,34.065,58062051.0,-2.309,34.816,8.053,8.376,11.109,0,交易,3.0664326221982177,4.095749761222541,1704448.8771466315,0.9650202339375796,0.9442042241809412,1.0220460883604874
2020-05-15,002170.SZ,34.306,34.79,33.904,34.226,34516264.0,0.473,34.278,8.053,4.979,6.604,0,交易,5.182616596002423,6.890138582044586,1018058.7541293062,0.9852831273354412,0.9745329117562519,1.0015193128031321
2020-05-18,002170.SZ,34.226,35.675,33.421,35.273,52324491.0,3.059,34.548,8.053,7.548,10.011,0,交易,3.5234242333433228,4.534446210916799,1565617.1568774125,0.9684092501751929,0.9368185003503855,0.9794460352110679
2020-05-19,002170.SZ,35.756,36.722,34.629,36.32,70793413.0,2.968,35.688,8.053,10.212,13.545,0,交易,2.6814322628276117,3.501370936153545,2044338.9355742298,0.9718424922389849,0.9430041936713686,0.9825991189427313
2020-05-20,002170.SZ,35.756,36.883,34.951,35.112,49626400.0,-3.326,35.728,8.053,7.159,9.495,0,交易,3.6979462875197475,4.994552311775387,1419884.9818317073,0.9686847599164926,0.947618143860315,1.0175438596491229
2020-05-21,002170.SZ,35.112,35.998,34.306,34.387,31453400.0,-2.064,34.877,8.053,4.537,6.018,0,交易,5.714024592888003,7.739034604364118,916848.3647175422,0.9688593810767266,0.9529973887438191,1.0142495710588304
2020-05-22,002170.SZ,33.904,34.145,32.454,32.535,37509600.0,-5.386,33.167,8.053,5.411,7.177,0,交易,4.533231155078724,6.265754943633341,1155777.4080236643,0.9713574461853858,0.9504759115536681,1.019425234362994
2020-05-25,002170.SZ,32.454,32.776,31.89,32.052,19338800.0,-1.485,32.306,8.053,2.79,3.7,0,交易,8.662702702702703,11.63225806451613,606422.0758858576,0.985660239199414,0.9729680253844275,1.0079246224884562
2020-05-26,002170.SZ,32.132,32.615,32.052,32.615,20540699.0,1.759,32.387,8.053,2.963,3.93,0,交易,8.298982188295165,10.844414444819439,640855.4536378385,0.9930093515253717,0.982738003985896,0.9930093515253717
2020-05-27,002170.SZ,33.098,33.582,32.535,32.696,26354700.0,0.247,33.029,8.053,3.802,5.042,0,交易,6.484728282427608,8.70541820094687,810041.4937759337,0.9835328449764755,0.9688225835268893,1.0101847320773185
2020-05-28,002170.SZ,32.213,32.615,31.166,31.568,27541990.999999996,-3.448,31.831,8.053,3.973,5.27,0,交易,5.990132827324479,8.107978857286685,883719.1490727073,0.9759619806837344,0.955572589299402,1.0083312214901166
2020-05-29,002170.SZ,31.407,31.729,30.441,30.521,29512619.0,-3.316,30.977,8.053,4.257,5.647,0,交易,5.4048167168408,7.377730796335448,969502.2831050229,0.9762992845661698,0.9594062214378014,1.014940532747944
2020-06-01,002170.SZ,30.602,31.729,30.038,31.488,28083128.999999996,3.166,31.074,8.053,4.051,5.373,0,交易,5.860413176996091,7.554184152061219,934920.0679139755,0.9793564247218634,0.9467049071827035,0.9868521341463415
2020-06-02,002170.SZ,31.488,32.052,31.246,31.729,21405604.0,0.767,31.636,8.053,3.088,4.096,0,交易,7.746337890625,10.196891191709843,685067.016578122,0.9870210907275677,0.9748533632846624,0.9970689274795927
2020-06-03,002170.SZ,31.488,31.971,31.327,31.407,19871005.0,-1.015,31.584,8.053,2.866,3.802,0,交易,8.260652288269332,10.986741102581995,634309.2220768027,0.9878952800975884,0.9798567451753152,1.0056356863119686
2020-06-04,002170.SZ,31.327,31.568,31.005,31.085,17409679.0,-1.026,31.256,8.053,2.511,3.331,0,交易,9.332032422695887,12.475906013540422,561511.981938397,0.990116573745565,0.9821654840344652,1.0055010455203475
2020-06-05,002170.SZ,31.005,31.246,30.28,30.521,18880721.0,-1.813,30.63,8.053,2.724,3.612,0,交易,8.449889258028794,11.382158590308368,623537.6816380449,0.9802854765409973,0.9690840427574731,1.003571311555978
2020-06-08,002170.SZ,30.602,30.844,30.441,30.763,10933363.0,0.792,30.628,8.053,1.577,2.092,0,交易,14.705066921606118,19.405199746353837,359165.6975789232,0.9929970172480871,0.9869342497730514,0.9956116113512986
2020-06-09,002170.SZ,30.763,30.844,30.36,30.682,9593029.0,-0.262,30.53,8.053,1.384,1.835,0,交易,16.720435967302453,22.227601156069365,315975.92226613965,0.9898197380365711,0.9843081312410841,0.995045955283228
2020-06-10,002170.SZ,30.602,31.085,30.28,30.763,12177708.0,0.262,30.777,8.053,1.757,2.33,0,交易,13.203004291845494,17.417188389299945,402170.01321003964,0.9900916840920058,0.9741032652404696,1.0004550921561617
2020-06-11,002170.SZ,30.602,30.763,30.28,30.441,11086600.0,-1.047,30.48,8.053,1.599,2.121,0,交易,14.352192362093351,19.138211382113823,366136.0634081902,0.9908006371290186,0.984299320612424,1.001281166847344
2020-06-12,002170.SZ,29.394,30.038,29.152,29.797,12487325.0,-2.116,29.758,8.053,1.801,2.389,0,交易,12.472582670573463,16.32093281510272,428352.25713501644,0.9906784739330181,0.9705040282309075,0.9986911434036984
2020-06-15,002170.SZ,29.877,30.28,29.636,29.716,9592334.0,-0.27,29.949,8.053,1.384,1.835,0,交易,16.19400544959128,21.58742774566474,323671.6830881361,0.9890686922060766,0.9787318361955085,1.0078408937945889
2020-06-16,002170.SZ,29.636,29.958,29.636,29.958,8663754.0,0.813,29.828,8.053,1.25,1.658,0,交易,18.06875753920386,23.7088,292338.8446484006,0.9956605914947594,0.9892516189331731,0.9956605914947594
2020-06-17,002170.SZ,29.877,30.924,29.636,30.682,17867292.0,2.419,30.375,8.053,2.577,3.419,0,交易,8.973968996782684,11.593713620488941,602891.4833310838,0.9822467986030268,0.9583495020049153,0.9899941333680986
2020-06-18,002170.SZ,30.441,31.166,30.199,30.682,15332100.0,0.0,30.627,8.053,2.212,2.934,0,交易,10.4573960463531,13.761754068716092,507702.24179608596,0.9827055124173779,0.9689725983443497,0.9982074180301154
2020-06-19,002170.SZ,31.005,32.937,31.005,31.488,28918328.999999996,2.625,31.709,8.053,4.172,5.533,0,交易,5.690945237664919,7.431687440076702,932698.8872762456,0.9627167015818078,0.9413425630749613,1.0070185467479675
2020-06-22,002170.SZ,31.005,31.729,30.682,31.166,19749581.0,-1.023,31.215,8.053,2.849,3.779,0,交易,8.247155332098439,10.88276588276588,643686.2329704713,0.9838003088657065,0.9670017964638028,1.0015722261438746
2020-06-23,002170.SZ,31.166,31.246,30.521,30.521,15189100.0,-2.067,30.67,8.053,2.191,2.906,0,交易,10.502752924982794,14.224554997717938,497660.6271092035,0.9815656404019716,0.9767970300198426,1.004881884604043
2020-06-24,002170.SZ,30.602,30.682,29.958,30.119,10981947.0,-1.319,30.231,8.053,1.584,2.101,0,交易,14.335554497858162,19.319444444444443,366578.10935309436,0.9853008278469462,0.9764031027964278,1.0037185829542814
2020-06-29,002170.SZ,29.958,30.602,29.716,30.119,8891679.0,0.0,30.166,8.053,1.283,1.701,0,交易,17.706643151087594,23.34996102883866,299221.934311482,0.9857525651918175,0.9710476439448402,1.0015604767754573
2020-06-30,002170.SZ,30.36,30.924,30.28,30.763,13562547.0,2.139,30.637,8.053,1.956,2.595,0,交易,11.854720616570328,15.521472392638037,447904.4583883752,0.9907191825119649,0.9791747510024577,0.9959041705945454
2020-07-01,002170.SZ,30.844,31.005,30.36,30.602,10814600.0,-0.524,30.623,8.053,1.56,2.069,0,交易,14.79072015466409,19.77179487179487,356212.1212121212,0.9876794065473311,0.9791969037252056,1.0006862296581922
2020-07-02,002170.SZ,30.602,31.085,30.521,31.005,15599384.0,1.316,30.824,8.053,2.25,2.985,0,交易,10.386934673366834,13.600888888888889,511103.30592051375,0.9916036673636802,0.9818562007399068,0.9941622318980811
2020-07-03,002170.SZ,31.005,31.568,30.844,31.407,21044412.0,1.299,31.27,8.053,3.036,4.027,0,交易,7.799106034268686,10.212450592885375,682285.4363895733,0.9905600608210846,0.9770653826659909,0.9956379151144649
2020-07-06,002170.SZ,31.407,32.535,31.407,32.535,30669368.0,3.59,32.052,8.053,4.424,5.868,0,交易,5.544478527607361,7.099231464737794,976513.7708154233,0.985154449054864,0.9653296449976949,0.985154449054864
2020-07-07,002170.SZ,32.938,33.1,32.05,32.292,36943461.0,-0.744,32.527,8.073,5.329,7.069,0,交易,4.5681143018814545,6.180896978795272,1152682.0904836194,0.9826888217522658,0.9682779456193352,1.007277344233866
2020-07-08,002170.SZ,32.212,33.1,32.05,33.1,35541506.0,2.5,32.628,8.073,5.127,6.801,0,交易,4.866931333627408,6.28281646186854,1108939.344773791,0.9857401812688822,0.9682779456193352,0.9857401812688822
2020-07-09,002170.SZ,33.1,35.037,32.858,34.311,54363685.0,3.659,33.707,8.073,7.842,10.402,0,交易,3.298500288406076,4.220862024993624,1654503.7738145962,0.962040129006479,0.9378086023346747,0.9823963160502464
2020-07-10,002170.SZ,33.907,34.149,33.1,33.181,39348029.0,-3.294,33.606,8.073,5.676,7.529,0,交易,4.4070925753752155,5.973749119097955,1188762.2054380665,0.9840990951418782,0.9692816773551203,1.012808535004973
2020-07-13,002170.SZ,33.503,34.876,33.342,34.876,46296055.0,5.109,34.36,8.073,6.678,8.858,0,交易,3.93723188078573,5.016921233902366,1388520.634634995,0.9852047253125359,0.9560155981190503,0.9852047253125359
2020-07-14,002170.SZ,34.634,35.522,33.907,35.28,47306514.0,1.157,34.792,8.073,6.824,9.052,0,交易,3.8974812196199737,5.075322391559203,1395184.2982275048,0.9794493553290919,0.9545352176116209,0.9861678004535147
2020-07-15,002170.SZ,35.764,36.087,33.907,33.907,35978530.0,-3.89,34.752,8.073,5.19,6.884,0,交易,4.925479372457873,6.890944123314066,1061094.464269915,0.9630060686673871,0.9395904342283923,1.024921107735866
2020-07-16,002170.SZ,33.826,34.23,32.212,32.454,30933174.0,-4.286,33.418,8.073,4.462,5.919,0,交易,5.483020780537253,7.580905423576872,960299.7019744194,0.976278118609407,0.9410458661992406,1.0297035804523325
2020-07-17,002170.SZ,33.181,34.23,32.696,33.988,37093071.0,4.726,33.629,8.073,5.351,7.097,0,交易,4.78906580245174,6.200897028592786,1134483.453633472,0.9824423020742039,0.9551855097867368,0.9894374485112392
2020-07-20,002170.SZ,33.988,35.118,33.988,35.037,41173295.0,3.088,34.734,8.073,5.939,7.878,0,交易,4.4474485910129475,5.722848964472133,1211406.8200541367,0.989065436528276,0.9678227689503958,0.99135199931501
2020-07-21,002170.SZ,35.602,35.845,34.149,34.472,33905649.0,-1.613,34.743,8.073,4.891,6.488,0,交易,5.313193588162762,7.279084031895318,992873.846964772,0.9692565211326546,0.9526851722694937,1.0078614527732652
2020-07-22,002170.SZ,34.392,34.714,34.149,34.634,23961605.0,0.468,34.461,8.073,3.457,4.585,0,交易,7.553762268266085,9.948510269019382,701678.0872060675,0.9927118741718038,0.9837241458777439,0.9950049084714442
2020-07-23,002170.SZ,34.392,34.634,33.342,33.907,24729489.0,-2.098,33.882,8.073,3.567,4.732,0,交易,7.165469146238376,9.641715727502103,741691.8301241677,0.9782872321995726,0.9626956170237339,0.9992626891202407
2020-07-24,002170.SZ,34.311,35.36,33.423,33.665,40766290.0,-0.714,34.488,8.073,5.881,7.8,0,交易,4.316025641025641,5.834211868729808,1219707.686323789,0.9753393665158371,0.9452205882352942,1.024446754789841
2020-07-27,002170.SZ,33.665,35.441,33.503,35.037,41914543.0,4.077,34.628,8.073,6.046,8.02,0,交易,4.368703241895262,5.568144227588488,1251068.3520878728,0.9770604666911203,0.9453175700459918,0.9883266261380826
2020-07-28,002170.SZ,34.795,36.087,34.472,35.845,47821938.0,2.304,35.251,8.073,6.899,9.15,0,交易,3.917486338797814,5.043484562980142,1387269.0299373404,0.976833762850888,0.9552470418710338,0.9834286511368391
2020-07-29,002170.SZ,35.36,35.845,34.714,35.764,38500601.0,-0.225,35.379,8.073,5.554,7.367,0,交易,4.854621962807113,6.366582643140079,1109079.9389295385,0.9869995815315943,0.9684474822150928,0.9892349849010177
2020-07-30,002170.SZ,35.764,37.621,35.199,36.41,57247481.00000001,1.806,36.287,8.073,8.258,10.954,0,交易,3.323899945225488,4.3308307096149194,1626395.096451604,0.9645410807793519,0.9356210627043405,0.9966218071958254
2020-07-31,002170.SZ,36.006,38.509,35.845,37.944,76175870.0,4.213,37.104,8.073,10.989,14.576,0,交易,2.6031833150384194,3.2765492765492765,2125146.324452504,0.9635150224622815,0.9308213664338206,0.9778621125869702
2020-08-03,002170.SZ,38.105,38.428,37.217,38.186,56995080.00000001,0.638,37.829,8.073,8.222,10.906,0,交易,3.5013753896937465,4.634517149112138,1531425.9612542659,0.9844124076194443,0.9684865202456543,0.9906510239354738
2020-08-04,002170.SZ,38.105,38.912,36.41,36.491,53789607.99999999,-4.44,37.541,8.073,7.759,10.292,0,交易,3.545569374271279,4.911071014305967,1477330.6234550946,0.9647666529605262,0.9357010690789473,1.0287742183004027
2020-08-05,002170.SZ,36.087,38.186,35.925,37.621,41145621.0,3.097,37.225,8.073,5.935,7.873,0,交易,4.778483424361743,6.080370682392587,1145320.0,0.9748337086890484,0.9407898182580002,0.9894739640094627
2020-08-06,002170.SZ,37.459,37.459,36.168,36.813,32808642.0,-2.146,36.764,8.073,4.733,6.278,0,交易,5.863810130614846,7.914430593703783,907117.9495686796,0.9814463813769722,0.9655356523131957,0.9986689484692908
2020-08-07,002170.SZ,36.733,36.975,35.522,36.087,27322308.0,-1.974,36.05,8.073,3.941,5.228,0,交易,6.902639632746749,9.320730778990104,769165.8127357694,0.9749830966869505,0.9607031778228532,0.9989747000304817
2020-08-10,002170.SZ,36.168,37.136,35.925,36.733,25686800.0,1.79,36.676,8.073,3.705,4.915,0,交易,7.473652085452695,9.761943319838057,715011.8302018094,0.9876130978026713,0.9673901335631192,0.99844826178096
2020-08-11,002170.SZ,36.571,38.186,36.006,36.491,38544059.0,-0.659,36.942,8.073,5.56,7.375,0,交易,4.94793220338983,6.577517985611511,1070489.8905737933,0.9674226156182895,0.9429110145079348,1.0123592118604587
2020-08-12,002170.SZ,36.168,37.863,36.006,37.136,32606659.000000004,1.77,37.05,8.073,4.704,6.239,0,交易,5.9522359352460334,7.688775510204082,905589.5961784148,0.97852785040805,0.9509547579431107,0.9976841878500645
2020-08-13,002170.SZ,37.056,39.881,36.733,38.912,63878609.0,4.783,38.635,8.073,9.215,12.223,0,交易,3.183506504131555,4.021269669017905,1738997.876568753,0.9687570522303853,0.9210651688774102,0.9928813733552632
2020-08-14,002170.SZ,39.316,39.316,37.621,38.347,41511944.0,-1.452,38.258,8.073,5.988,7.943,0,交易,4.827772881782702,6.565798263193053,1103424.7893463757,0.9730898361990029,0.9568877810560587,0.9976790883250319
2020-08-17,002170.SZ,38.024,38.912,37.217,38.59,33887251.0,0.632,38.287,8.073,4.888,6.484,0,交易,5.951573103022826,7.779050736497545,910531.5044200232,0.9839381167763158,0.9564401726973684,0.9921482249287379
2020-08-18,002170.SZ,38.751,40.285,38.509,39.639,56087672.0,2.72,39.513,8.073,8.091,10.732,0,交易,3.693533358181141,4.789395624768261,1456482.1729985198,0.9808365396549584,0.9559141119523397,0.9968213123439036
2020-08-19,002170.SZ,39.397,40.689,38.347,38.428,54393419.99999999,-3.055,39.605,8.073,7.846,10.408,0,交易,3.6921598770176787,5.021284731073158,1418453.0732521447,0.9733588930669221,0.9424414460910812,1.0306287082335797
2020-08-20,002170.SZ,38.267,40.043,37.944,38.509,34776148.0,0.21,38.795,8.073,5.017,6.654,0,交易,5.787345957318906,7.627466613514052,916512.4393843558,0.9688335039832181,0.9475813500486977,1.007426835285258
2020-08-21,002170.SZ,38.186,38.59,37.298,38.105,29370742.0,-1.048,37.914,8.073,4.237,5.62,0,交易,6.780249110320284,9.01250885060184,787461.5797093677,0.9824825084218709,0.9665198237885462,0.9949875344442988
2020-08-24,002170.SZ,37.944,38.428,37.54,38.186,19320480.0,0.212,38.085,8.073,2.787,3.697,0,交易,10.328915336759534,13.614639397201293,514663.8252530634,0.9910742167169773,0.9768918496929323,0.9973550515895878
2020-08-25,002170.SZ,38.186,38.267,36.41,36.491,34925259.0,-4.44,37.104,8.073,5.038,6.683,0,交易,5.460272332784678,7.579595077411671,959221.6149409504,0.9696082786735306,0.9514725481485351,1.0167986626839494
2020-08-26,002170.SZ,36.41,36.41,34.876,35.28,26583240.000000004,-3.319,35.526,8.073,3.835,5.086,0,交易,6.9366889500589854,9.494132985658409,762221.5850441566,0.975720955781379,0.9578687173853337,1.0069727891156464
2020-08-27,002170.SZ,35.522,35.683,34.957,35.441,12867335.0,0.458,35.408,8.073,1.856,2.462,0,交易,14.395207148659626,19.139008620689655,368090.36816660466,0.9922932488860242,0.9796541770591038,0.9990688750317429
2020-08-28,002170.SZ,35.522,36.006,34.392,35.845,18239441.0,1.139,35.279,8.073,2.631,3.49,0,交易,10.27077363896848,13.501330292664386,530339.6429402186,0.979808920735433,0.9551741376437262,0.984209792160692
2020-08-31,002170.SZ,35.845,36.248,34.957,35.118,20751738.0,-2.027,35.647,8.073,2.994,3.971,0,交易,8.843616217577436,11.972277889111556,593636.1243813828,0.9834197748841316,0.9643842418892078,1.0150635001993278
2020-09-01,002170.SZ,35.28,35.28,34.553,35.118,12268601.0,0.0,34.83,8.073,1.77,2.348,0,交易,14.956558773424193,19.93220338983051,355066.1592336411,0.9872448979591836,0.979393424036281,0.991799077396207
2020-09-02,002170.SZ,35.28,35.522,34.876,35.441,13601303.0,0.92,35.261,8.073,1.962,2.603,0,交易,13.615443718786016,17.98165137614679,389990.33719463245,0.9926524407409494,0.9818140870446483,0.9949211365367795
2020-09-03,002170.SZ,35.441,35.441,34.392,34.472,15433001.0,-2.733,34.779,8.073,2.226,2.953,0,交易,11.673552319674908,15.921383647798743,448738.10769946495,0.9813210688185999,0.9704015123726757,1.008905778602924
2020-09-04,002170.SZ,33.907,34.392,33.584,34.311,11031734.0,-0.468,34.048,8.073,1.591,2.111,0,交易,16.25343439128375,21.311753614079194,328481.8365888518,0.9899976738776459,0.9765061642242382,0.9923348197371106
2020-09-07,002170.SZ,34.311,34.714,33.746,33.907,12850776.0,-1.176,34.252,8.073,1.854,2.459,0,交易,13.788938592923952,18.506472491909385,380808.86623599834,0.986691248487642,0.9721149968312497,1.010174890140679
2020-09-08,002170.SZ,34.069,34.472,33.423,34.392,12694876.0,1.429,34.003,8.073,1.831,2.429,0,交易,14.158913132976537,18.606772255598035,379824.5519552404,0.986394755163611,0.9695695056857739,0.9886892300535007
2020-09-09,002170.SZ,33.988,35.28,33.907,34.472,18938358.0,0.235,34.7,8.073,2.732,3.624,0,交易,9.512141280353202,12.4407027818448,558538.2959270948,0.9835600907029479,0.9610827664399092,1.0066140635878396
2020-09-10,002170.SZ,34.714,34.714,33.503,33.584,14461400.0,-2.576,33.979,8.073,2.086,2.767,0,交易,12.13733285146368,16.641418983700863,431644.9273199415,0.9788269862303394,0.9651149392176067,1.0117615531205335
2020-09-11,002170.SZ,33.584,33.907,33.423,33.907,6754500.0,0.962,33.72,8.073,0.974,1.292,0,交易,26.243808049535602,34.48049281314169,202091.37420339286,0.9944849146194001,0.9857256613678593,0.9944849146194001
2020-09-14,002170.SZ,33.907,34.311,33.746,34.23,8329835.000000001,0.952,33.974,8.073,1.202,1.594,0,交易,21.47427854454203,28.20881863560732,246839.18093996326,0.9901780770015446,0.9835329777622338,0.9925211802512416
2020-09-15,002170.SZ,34.069,34.23,33.746,33.988,6047300.0,-0.708,33.915,8.073,0.872,1.157,0,交易,29.375972342264475,39.06995412844037,179200.49783678065,0.99079754601227,0.9858603564125038,0.9978521831234554
2020-09-16,002170.SZ,33.988,34.069,33.423,33.503,6104591.0,-1.425,33.673,8.073,0.881,1.168,0,交易,28.684075342465757,38.5788876276958,182646.41115399575,0.9883765299832692,0.9810384807302827,1.0050741724621677
2020-09-17,002170.SZ,33.503,33.503,32.615,32.777,10333321.0,-2.169,32.838,8.073,1.491,1.977,0,交易,16.579160343955486,22.47015425888665,316827.25739690324,0.9801510312509327,0.9734949109035013,1.0018610611099246
2020-09-18,002170.SZ,32.777,33.261,32.535,33.181,7324505.0,1.232,32.906,8.073,1.057,1.401,0,交易,23.683797287651675,31.009460737937562,225126.94021822655,0.9893268392411532,0.978172634617119,0.9917121244085471
2020-09-21,002170.SZ,33.1,33.342,33.1,33.181,6202500.0,0.0,33.199,8.073,0.895,1.187,0,交易,27.9536647009267,36.98324022346369,187386.70694864047,0.9957111151100714,0.9927418871093516,1.0005424791296225
2020-09-22,002170.SZ,33.019,33.019,32.454,32.454,6621400.0,-2.19,32.724,8.073,0.955,1.267,0,交易,25.614838200473564,34.57486910994764,204024.1572687496,0.9910657500227141,0.982888639874012,1.0083194675540763
2020-09-23,002170.SZ,32.535,32.615,32.373,32.535,3876226.0,0.249,32.511,8.073,0.559,0.742,0,交易,43.8477088948787,58.202146690518774,119736.38525932105,0.996811283151924,0.9925801011804383,0.9992623328722916
2020-09-24,002170.SZ,32.535,32.858,31.889,31.97,8158900.0,-1.737,32.334,8.073,1.177,1.561,0,交易,20.48046124279308,27.642310960067967,255853.1154943711,0.9840525899324367,0.9705094649704791,1.0113856740694402
2020-09-25,002170.SZ,32.05,32.212,31.243,31.404,6844381.0,-1.768,31.555,8.073,0.987,1.31,0,交易,23.972519083969466,32.47213779128673,219069.26351502739,0.9796038743325468,0.9699180429653543,1.0048083046745637
2020-09-28,002170.SZ,31.404,31.485,30.516,30.597,5596786.0,-2.571,30.883,8.073,0.807,1.071,0,交易,28.568627450980394,38.91449814126394,183404.96788569933,0.9808797840241384,0.9692234397332062,1.0093473216328397
2020-09-29,002170.SZ,30.759,31.162,30.678,31.001,5183363.0,1.319,31.0,8.073,0.748,0.992,0,交易,31.25100806451613,41.1216577540107,168960.2646847904,0.9948013606315385,0.9844682626275593,0.999967742976033
2020-09-30,002170.SZ,31.162,31.243,30.678,30.92,4062203.0,-0.26,30.919,8.073,0.586,0.777,0,交易,39.79407979407979,53.177474402730375,132414.2056196623,0.9896296770476587,0.9819159491726147,0.9999676584734799
2020-10-09,002170.SZ,31.243,32.212,31.243,32.131,7788628.999999999,3.916,31.73,8.073,1.124,1.49,0,交易,21.56442953020134,27.796263345195726,249291.96940114585,0.98503663231094,0.9699180429653543,0.9875198406523296
2020-10-12,002170.SZ,32.938,33.503,32.535,33.181,11790082.0,3.266,32.943,8.073,1.701,2.256,0,交易,14.707890070921986,19.363903586125808,362381.4968495467,0.9832850789481539,0.9711070650389516,0.9928272203972153
2020-10-13,002170.SZ,33.181,33.342,32.777,32.858,7038008.0,-0.973,32.894,8.073,1.015,1.347,0,交易,24.393466963622863,32.69064039408867,214723.9832809592,0.9865634934916921,0.9830544058544779,1.001095623592428
2020-10-14,002170.SZ,32.777,32.777,32.292,32.373,6348204.0,-1.474,32.464,8.073,0.916,1.215,0,交易,26.644444444444442,35.782751091703055,196587.51393534002,0.9904506208621898,0.985203038716173,1.0028109844623607
2020-10-15,002170.SZ,32.696,33.907,32.615,33.181,15879504.0,2.494,33.208,8.073,2.291,3.038,0,交易,10.921988150098748,14.271497162810999,486877.3263835658,0.9793847878019288,0.9618957737340373,1.0008137186944337
2020-10-16,002170.SZ,32.938,33.1,32.454,32.696,8298391.0,-1.46,32.699,8.073,1.197,1.588,0,交易,20.589420654911837,27.517126148705096,255697.01731681766,0.9878851963746222,0.9804833836858006,1.000091754343039
2020-10-19,002170.SZ,32.858,33.423,32.615,32.777,6280203.0,0.247,32.93,8.073,0.906,1.202,0,交易,27.268718801996673,36.26710816777042,192555.66457151616,0.9852496783651975,0.9758250306675044,1.0046679073740732
2020-10-20,002170.SZ,32.454,32.938,32.454,32.858,4389153.0,0.246,32.641,8.073,0.633,0.84,0,交易,39.11666666666667,51.27014218009479,135242.28138288038,0.990983059080697,0.985305725909284,0.9933958244567533
2020-10-21,002170.SZ,33.019,33.1,32.454,32.615,3465112.9999999995,-0.737,32.625,8.073,0.5,0.663,0,交易,49.19306184012066,66.038,106769.98212855116,0.9856495468277945,0.9804833836858006,1.000306607389238
2020-10-22,002170.SZ,32.454,32.454,31.808,31.97,5575841.0,-1.98,32.038,8.073,0.804,1.067,0,交易,29.962511715089036,40.365671641791046,175296.81212273642,0.9871818573981634,0.9800949035558021,1.0021269940569284
2020-10-23,002170.SZ,32.05,32.292,31.727,31.889,3968401.9999999995,-0.253,31.921,8.073,0.572,0.759,0,交易,42.01449275362319,56.03146853146853,125079.64824912534,0.9885110863371732,0.9825034064164498,1.0010034808241086
2020-10-26,002170.SZ,31.727,32.05,31.243,31.808,4994519.0,-0.253,31.64,8.073,0.72,0.956,0,交易,33.27196652719665,44.06527777777778,159860.41673334828,0.9872074882995321,0.974820592823713,0.994718309859155
2020-10-27,002170.SZ,31.727,32.05,31.566,31.97,4353403.0,0.508,31.898,8.073,0.628,0.833,0,交易,38.37935174069628,50.52070063694268,137914.30653234493,0.9952574102964119,0.9848985959438378,0.9977478886456053
2020-10-28,002170.SZ,32.05,32.535,31.566,32.454,5478401.0,1.515,32.101,8.073,0.79,1.048,0,交易,30.967557251908396,40.56962025316455,173553.8554140531,0.9866605194406025,0.9702166897187645,0.9891230664941147
2020-10-29,002170.SZ,32.05,33.1,31.889,32.777,8930800.0,0.995,32.785,8.073,1.288,1.709,0,交易,19.17905207723815,24.883540372670804,280058.9544984164,0.9904833836858005,0.9634138972809667,1.0002440735881868
2020-10-30,002170.SZ,32.858,32.938,31.808,31.808,7902214.0,-2.956,32.377,8.073,1.14,1.512,0,交易,21.037037037037038,28.82280701754386,248434.796277666,0.9829680004857612,0.9656931204080392,1.0178885814889336
2020-11-02,002170.SZ,31.727,31.97,31.243,31.404,7568681.0,-1.269,31.443,8.073,1.092,1.448,0,交易,21.687845303867405,29.054029304029303,242252.0564606472,0.9835157960588052,0.9772599311854864,1.0012418800152847
2020-11-03,002170.SZ,31.647,32.858,31.404,32.696,8188803.0,4.113,32.214,8.073,1.181,1.567,0,交易,20.86534779834078,26.796782387806942,260756.68704623615,0.9804005112910098,0.9557489804613793,0.9852581355517495
2020-11-04,002170.SZ,32.615,33.181,32.292,32.858,8883835.0,0.494,32.773,8.073,1.282,1.7,0,交易,19.328235294117647,25.440717628705148,275109.4698377307,0.9877038063952264,0.9732075585425395,0.9974131109623229
2020-11-05,002170.SZ,32.858,33.1,32.535,32.938,8596958.0,0.246,32.834,8.073,1.24,1.645,0,交易,20.02310030395137,26.49838709677419,264237.221453819,0.991963746223565,0.982930513595166,0.9968425526747222
2020-11-06,002170.SZ,33.019,33.019,32.373,32.535,6447900.0,-1.225,32.546,8.073,0.93,1.234,0,交易,26.36547811993517,35.50430107526881,199175.23862477991,0.9856749144431994,0.9804355068294013,1.0003380974335332
2020-11-09,002170.SZ,32.615,33.1,32.615,33.1,10363700.0,1.737,32.925,8.073,1.495,1.983,0,交易,16.69188098840141,21.816053511705686,317758.6999846696,0.9947129909365557,0.9853474320241692,0.9947129909365557
2020-11-10,002170.SZ,33.181,33.181,32.615,32.696,6014958.0,-1.22,32.843,8.073,0.868,1.151,0,交易,28.406602953953083,38.22695852534562,184423.05687567068,0.989813447454869,0.9829420451463188,1.0044959628089065
2020-11-11,002170.SZ,32.696,33.181,32.615,32.858,8042953.0,0.494,32.997,8.073,1.16,1.539,0,交易,21.35022742040286,28.186206896551724,246602.88210945882,0.9944546577860824,0.9829420451463188,1.0042303244263193
2020-11-12,002170.SZ,32.938,33.826,32.777,33.746,14770426.0,2.703,33.401,8.073,2.131,2.826,0,交易,11.941259731068648,15.456593148756456,450633.8591085212,0.9874357003488442,0.9689883521551469,0.9897765661115392
2020-11-13,002170.SZ,33.584,34.069,32.938,33.181,12437426.0,-1.675,33.344,8.073,1.794,2.38,0,交易,13.941596638655462,18.720178372352287,377601.1293946202,0.9787196571663389,0.9668026651794887,1.004912449896025
2020-11-16,002170.SZ,33.181,34.23,32.938,34.23,16558189.000000002,3.163,33.842,8.073,2.389,3.168,0,交易,10.80492424242424,13.889074926747593,502707.78432205966,0.9886649138182881,0.9622553315804852,0.9886649138182881
2020-11-17,002170.SZ,34.23,34.311,33.584,33.907,12906800.0,-0.943,33.89,8.073,1.862,2.47,0,交易,13.727530364372468,18.38345864661654,384313.95902810857,0.9877298825449564,0.9788114598816707,0.9994986286017638
2020-11-18,002170.SZ,33.988,34.472,33.826,34.23,9967391.0,0.952,34.099,8.073,1.438,1.907,0,交易,17.949659150498164,23.635605006954105,294666.55826878734,0.9891796240427012,0.9812601531677884,0.9961729477066901
2020-11-19,002170.SZ,34.23,34.553,33.584,33.826,10144569.0,-1.179,33.956,8.073,1.463,1.941,0,交易,17.427099433281814,23.397129186602868,302065.53716055263,0.9827221948890112,0.9719561253726161,1.0038431975403537
2020-11-20,002170.SZ,33.826,33.907,33.342,33.826,7834375.999999999,0.0,33.635,8.073,1.13,1.499,0,交易,22.565710473649098,29.934513274336286,234970.18775118468,0.9919780576282184,0.9833367741174389,0.9943534559214804
2020-11-23,002170.SZ,33.988,34.553,33.503,34.23,13948507.0,1.193,34.104,8.073,2.012,2.669,0,交易,12.825028100412139,16.892644135188867,416336.05945736205,0.9870054698578995,0.9696119005585623,0.996319018404908
2020-11-24,002170.SZ,34.23,34.472,33.907,34.311,8080208.0,0.236,34.231,8.073,1.166,1.546,0,交易,22.193402328589908,29.356775300171527,238305.01076473886,0.9930088187514504,0.9836098862845206,0.9976683862318207
2020-11-25,002170.SZ,34.149,34.472,33.665,33.665,9828318.0,-1.882,34.126,8.073,1.418,1.881,0,交易,17.89739500265816,24.08251057827927,291944.6903312045,0.9899628684149454,0.9765896959851473,1.0136937472152086
2020-11-26,002170.SZ,33.584,33.826,33.1,33.261,8980610.0,-1.199,33.35,8.073,1.295,1.718,0,交易,19.360302677532015,25.933590733590737,271317.52265861025,0.9859279843907054,0.9785372198900254,1.0026758065001051
2020-11-27,002170.SZ,33.261,33.423,32.777,33.1,6312051.0,-0.485,33.058,8.073,0.911,1.208,0,交易,27.400662251655632,36.51042810098793,192575.61704854012,0.9890793764772761,0.9806719923406038,0.9987311178247734
2020-11-30,002170.SZ,33.261,33.665,32.938,33.019,6126609.0,-0.244,33.285,8.073,0.884,1.172,0,交易,28.17320819112628,37.62556561085973,186004.28076993139,0.9887123124907173,0.9784048715282936,1.008055967776129
2020-12-01,002170.SZ,32.938,33.181,32.777,33.181,6538258.0,0.489,33.002,8.073,0.943,1.251,0,交易,26.523581135091927,34.928950159066815,199477.01131891264,0.9946053464331999,0.9878243573129202,0.9946053464331999
2020-12-02,002170.SZ,33.261,33.584,33.019,33.261,7978484.0,0.243,33.255,8.073,1.151,1.527,0,交易,21.781925343811398,28.89748045178106,241633.12032466158,0.9902036684135302,0.9831765126250595,0.9998196085505547
2020-12-03,002170.SZ,33.261,33.584,32.858,33.261,7969460.000000001,0.0,33.177,8.073,1.15,1.525,0,交易,21.81049180327869,28.92260869565218,242542.45541420663,0.9878811338732729,0.9783825631252976,0.9974745197077658
2020-12-04,002170.SZ,33.261,33.907,33.1,33.907,12689091.0,1.942,33.662,8.073,1.83,2.428,0,交易,13.96499176276771,18.175409836065576,383356.22356495465,0.9927743533783585,0.9761996048013686,0.9927743533783585
2020-12-07,002170.SZ,33.826,34.311,33.665,33.826,9536956.0,-0.238,33.98,8.073,1.376,1.825,0,交易,18.534794520547948,24.582848837209305,283289.9450467845,0.9903529480341581,0.9811722188219522,1.0045527109324188
2020-12-08,002170.SZ,33.826,34.149,33.503,33.907,8266600.0,0.239,33.905,8.073,1.192,1.582,0,交易,21.432996207332486,28.377516778523493,246742.08279855535,0.9928548420158716,0.9810829014026765,0.9999410151296194
2020-12-09,002170.SZ,33.988,35.199,33.826,34.149,20621916.0,0.714,34.474,8.073,2.975,3.946,0,交易,8.65408008109478,11.42453781512605,609646.8988352155,0.979402823943862,0.960993210034376,1.009517116167384
2020-12-10,002170.SZ,33.826,34.957,33.584,34.957,22064066.0,2.364,34.544,8.073,3.183,4.222,0,交易,8.2797252486973,10.62708136977694,656981.4792758456,0.9881854850244585,0.9607231741854279,0.9881854850244585
2020-12-11,002170.SZ,34.795,35.118,33.907,34.957,18809302.0,0.0,34.51,8.073,2.713,3.599,0,交易,9.712975826618505,12.825285661629193,554732.1202111659,0.9826869411697704,0.9655162594680788,0.9872128615155762
2020-12-14,002170.SZ,35.199,35.845,34.472,35.037,20722927.0,0.231,35.113,8.073,2.989,3.965,0,交易,8.836569987389659,11.776179324188691,601152.4425620793,0.9795787418049937,0.9616961919375088,1.0021691354853441
2020-12-15,002170.SZ,34.714,34.876,34.149,34.392,11505426.0,-1.843,34.393,8.073,1.66,2.201,0,交易,15.625624716038166,20.912048192771085,336918.3870684354,0.9861509347402226,0.9791547195779333,1.0000290765294253
2020-12-16,002170.SZ,34.392,34.714,34.069,34.311,10006600.0,-0.235,34.369,8.073,1.443,1.915,0,交易,17.916971279373367,23.833679833679835,293715.6946197423,0.9900616465979144,0.9814196001613184,1.00169041998193
2020-12-17,002170.SZ,34.149,34.311,32.535,32.615,24575476.0,-4.941,33.07,8.073,3.545,4.702,0,交易,6.936410038281583,9.633004231311707,755355.0330413402,0.9638308414211186,0.9482381743464194,1.0139506362103325
2020-12-18,002170.SZ,32.535,32.777,31.889,32.212,13491660.0,-1.238,32.258,8.073,1.946,2.582,0,交易,12.475600309837338,16.71891058581706,423081.94048104365,0.984165725966379,0.9729078317112609,1.0014280392400348
2020-12-21,002170.SZ,32.696,35.441,32.292,35.441,52915169.99999999,10.025,34.348,8.073,7.633,10.125,0,交易,3.5003456790123457,4.283505829948906,1638646.4139725007,0.9691600124149995,0.9111481053017692,0.9691600124149995
2020-12-22,002170.SZ,35.441,35.925,34.23,34.311,42795118.0,-3.189,35.045,8.073,6.173,8.189,0,交易,4.189888875320552,5.741292726389114,1250222.553315805,0.9755045233124566,0.9528183716075156,1.021392556323045
2020-12-23,002170.SZ,34.392,35.28,33.907,35.199,33380400.0,2.588,34.847,8.073,4.815,6.387,0,交易,5.5110380460310004,7.142679127725857,984469.2836287493,0.9877267573696146,0.9610827664399092,0.98999971590102
2020-12-24,002170.SZ,34.714,36.248,34.311,35.683,50394770.0,1.376,35.494,8.073,7.27,9.643,0,交易,3.7004044384527632,4.774965612104539,1468764.244702865,0.9791988523504745,0.9465625689693226,0.9947033601434857
2020-12-25,002170.SZ,35.118,36.329,34.553,36.006,35205636.0,0.905,35.502,8.073,5.079,6.736,0,交易,5.345308788598575,6.9143532191376265,1018887.969206726,0.9772358171158029,0.9511134355473587,0.9860023329445093
2020-12-28,002170.SZ,35.764,37.298,35.36,35.36,47748590.0,-1.794,36.309,8.073,6.888,9.136,0,交易,3.8704028021015766,5.192218350754937,1350356.052036199,0.9734838329132928,0.9480401093892433,1.0268382352941177
2020-12-29,002170.SZ,35.36,36.975,34.957,34.957,34351188.0,-1.142,35.797,8.073,4.955,6.573,0,交易,5.31827171763274,7.136226034308779,982669.7943187344,0.9681406355645705,0.9454225828262339,1.0240295219841518
2020-12-30,002170.SZ,34.876,36.733,34.714,36.087,35600200.0,3.233,35.886,8.073,5.135,6.812,0,交易,5.297563123899002,6.791820837390458,1025528.6051737051,0.9769417145346148,0.9450357988729481,0.9944301271926178
2020-12-31,002170.SZ,35.683,37.54,35.199,37.056,49689684.0,2.685,36.492,8.073,7.168,9.508,0,交易,3.897349600336559,4.978097098214286,1411678.8545129125,0.9720831113478955,0.9376398508257858,0.9847797927461139
2021-01-04,002170.SZ,36.894,37.298,36.248,36.813,35158332.0,-0.654,36.717,8.073,5.072,6.727,0,交易,5.472424557752341,7.274053627760252,969938.5345398367,0.9844227572523995,0.9718483564802401,0.9973922255724879
2021-01-05,002170.SZ,36.571,36.652,35.28,35.764,37779367.0,-2.851,35.752,8.073,5.45,7.229,0,交易,4.947295614884493,6.710275229357798,1070843.7358276644,0.9754447233438831,0.9625668449197861,0.9996644670618499
2021-01-06,002170.SZ,35.441,36.006,34.634,35.199,26636589.0,-1.58,35.147,8.073,3.842,5.097,0,交易,6.905826957033548,9.224622592399792,769087.8616388519,0.9761428650780425,0.9618952396822752,0.9985226853035598
2021-01-07,002170.SZ,34.957,35.037,32.373,32.777,34351586.0,-6.881,33.652,8.073,4.955,6.573,0,交易,4.986611897155028,7.05489404641776,1061118.40113675,0.9604703599052431,0.9239660929874133,1.0266955487079354
2021-01-08,002170.SZ,32.535,33.1,31.97,32.777,16880812.0,0.0,32.569,8.073,2.435,3.23,0,交易,10.147678018575851,13.361396303901437,528020.394119487,0.9839577039274925,0.9658610271903323,0.9936540867071423
2021-01-11,002170.SZ,32.777,32.858,30.516,31.001,28647601.0,-5.419,31.374,8.073,4.133,5.481,0,交易,5.656084656084657,7.930558916041616,938773.1354043781,0.9548359608010226,0.9287235985148213,1.0120318699396793
2021-01-12,002170.SZ,30.92,31.324,30.113,31.082,16017028.0,0.26,30.647,8.073,2.311,3.065,0,交易,10.14094616639478,13.379489398528776,531897.4529273071,0.9783871791597496,0.9613395479504533,0.9860047615983527
2021-01-13,002170.SZ,30.678,30.839,29.951,30.032,13066728.0,-3.377,30.216,8.073,1.885,2.5,0,交易,12.0128,16.27480106100796,436270.1746185436,0.9797983073381109,0.9712052920003892,1.0061267980820459
2021-01-14,002170.SZ,30.032,30.355,29.467,30.032,9852439.0,0.0,29.901,8.073,1.421,1.885,0,交易,15.932095490716181,21.134412385643913,334355.0072962976,0.9850436501400098,0.9707461703179048,0.9956379861481087
2021-01-15,002170.SZ,30.032,30.839,30.032,30.436,7802000.0,1.344,30.522,8.073,1.125,1.493,0,交易,20.385800401875418,26.69511111111111,259789.557805008,0.9897208080677065,0.9738318363111644,1.0028256012616639
2021-01-18,002170.SZ,30.678,31.324,30.436,31.082,9297900.0,2.122,31.104,8.073,1.341,1.779,0,交易,17.471613265879707,22.87695749440716,305490.20896307006,0.9929766313369939,0.9716511301238666,1.0007078051605431
2021-01-19,002170.SZ,30.92,31.162,30.759,30.92,7096080.0,-0.519,30.972,8.073,1.024,1.358,0,交易,22.76877761413844,30.1953125,230699.30751975032,0.9939028303703229,0.98706758231179,1.0016817593790426
2021-01-20,002170.SZ,31.082,31.162,30.355,30.436,8702455.0,-1.567,30.687,8.073,1.255,1.665,0,交易,18.27987987987988,24.766533864541834,286689.3427771372,0.9847570759258072,0.9741030742571081,1.0082468129846236
2021-01-21,002170.SZ,30.355,31.162,30.193,30.92,9411167.0,1.592,30.89,8.073,1.358,1.801,0,交易,17.168239866740702,22.352724594992633,311700.294770311,0.9912714203196201,0.9689044348886465,0.9990297542043984
2021-01-22,002170.SZ,30.759,30.839,29.951,30.274,8816200.0,-2.089,30.287,8.073,1.272,1.687,0,交易,17.945465323058684,24.181603773584907,294354.11171580246,0.9821005869191608,0.9712052920003892,1.0004294113760983
2021-01-25,002170.SZ,30.032,30.193,29.467,29.548,9465239.0,-2.4,29.679,8.073,1.365,1.811,0,交易,16.315847598012148,22.0014652014652,321214.88444700855,0.9829761865333023,0.9759546914847812,1.0044334641938542
2021-01-26,002170.SZ,29.628,30.113,29.144,30.113,7008205.0,1.913,29.633,8.073,1.011,1.341,0,交易,22.455630126771066,29.305637982195847,240468.19242382652,0.9840600405140637,0.9678212067877661,0.9840600405140637
2021-01-27,002170.SZ,29.871,30.436,29.548,30.355,7296553.0,0.804,29.929,8.073,1.053,1.396,0,交易,21.744269340974213,28.367521367521366,246938.98064166782,0.983342094887633,0.9708240241818898,0.9859660681930489
2021-01-28,002170.SZ,30.032,30.355,29.628,29.709,5979053.0,-2.128,30.021,8.073,0.863,1.144,0,交易,25.969405594405597,34.79953650057937,201804.13797758878,0.9889968703673201,0.9760500741228793,1.0105018681207716
2021-01-29,002170.SZ,30.274,30.839,29.548,30.113,8817082.0,1.359,30.102,8.073,1.272,1.687,0,交易,17.85002963841138,23.800314465408807,298398.60565858945,0.9761016894192419,0.9581374233924576,0.9996347092617807
2021-02-01,002170.SZ,30.113,31.082,29.79,30.839,10019657.0,2.413,30.628,8.073,1.445,1.917,0,交易,16.08711528429838,20.839446366782006,336342.96743873786,0.9853934753233382,0.9584325332990155,0.9931580142027953
2021-02-02,002170.SZ,30.597,31.001,30.274,30.678,7484203.0,-0.524,30.62,8.073,1.08,1.432,0,交易,21.4231843575419,28.330555555555556,247215.531479157,0.9877100738685849,0.9765491435760136,0.9981093943542604
2021-02-03,002170.SZ,30.678,31.808,30.032,31.485,16490629.0,2.632,31.034,8.073,2.379,3.155,0,交易,9.979397781299525,12.895334174022699,549101.9246137453,0.9756664989939637,0.9441649899396378,0.9856757185961569
2021-02-04,002170.SZ,31.162,31.808,30.759,31.404,12102100.0,-0.256,31.164,8.073,1.746,2.316,0,交易,13.55958549222798,17.847651775486828,393449.0718163789,0.9797535211267606,0.967020875251509,0.9923576614444021
2021-02-05,002170.SZ,31.243,31.647,30.678,30.759,7998800.0,-2.057,31.142,8.073,1.154,1.531,0,交易,20.090790333115613,27.0736568457539,260734.076536932,0.9840427212689987,0.9693809839795242,1.0124516401703567
2021-02-08,002170.SZ,30.92,31.808,30.678,31.727,12244128.0,3.15,31.506,8.073,1.766,2.343,0,交易,13.541186513017498,17.50849377123443,399117.54351652646,0.9905055331991952,0.9644743460764588,0.9930343240772843
2021-02-09,002170.SZ,31.727,31.889,31.324,31.647,9965800.0,-0.254,31.61,8.073,1.438,1.907,0,交易,16.595175668589405,22.06328233657858,318152.21555356914,0.9912509015648029,0.9822822916993321,0.9988308528454514
2021-02-10,002170.SZ,31.485,31.808,31.162,31.566,8460028.0,-0.255,31.46,8.073,1.22,1.619,0,交易,19.497220506485483,25.807377049180328,271485.39888325526,0.9890593561368209,0.9796906438631791,0.9966419565355129
2021-02-18,002170.SZ,31.808,32.615,31.808,32.373,14343113.0,2.558,32.074,8.073,2.069,2.744,0,交易,11.79774052478134,15.373610439826003,450927.84834004025,0.9834125402422197,0.9752567836884868,0.9907639081951009
2021-02-19,002170.SZ,32.212,35.28,32.05,33.826,28141670.0,4.489,33.623,8.073,4.06,5.385,0,交易,6.281522748375116,7.933990147783253,878055.2262090484,0.953032879818594,0.9084467120181405,0.9939986992254478
2021-02-22,002170.SZ,34.392,35.199,33.826,34.069,36462966.0,0.716,34.528,8.073,5.26,6.977,0,交易,4.883044288376093,6.538403041825096,1077956.7788092,0.9809369584363192,0.960993210034376,1.0134726584284832
2021-02-23,002170.SZ,33.665,35.683,33.342,35.118,42142217.0,3.081,34.616,8.073,6.079,8.064,0,交易,4.354910714285714,5.537917420628393,1263937.886149601,0.9700978056777737,0.9343945296079366,0.9857053362947775
2021-02-24,002170.SZ,34.795,35.28,33.988,34.392,21147226.0,-2.069,34.603,8.073,3.051,4.046,0,交易,8.500247157686605,11.404457554900032,622196.8341767683,0.9808106575963719,0.9633786848072562,1.0061351477087694
2021-02-25,002170.SZ,34.634,34.714,33.181,33.423,19980499.0,-2.817,33.646,8.073,2.882,3.823,0,交易,8.74261051530212,12.01734906315059,602166.8726078178,0.9692343146857176,0.9558391427089935,1.0066720521796368
2021-02-26,002170.SZ,33.1,34.714,33.1,33.988,19887430.0,1.691,33.962,8.073,2.869,3.805,0,交易,8.93245729303548,11.537120948065528,600828.7009063443,0.978337270265599,0.9535057901711126,0.9992350241261623
2021-03-01,002170.SZ,33.826,35.683,33.746,35.441,32402598.0,4.276,35.009,8.073,4.674,6.2,0,交易,5.716290322580646,7.237056054771074,960190.7781663011,0.9811114536333828,0.9457164476081048,0.9878107276882706
2021-03-02,002170.SZ,35.199,35.199,33.988,34.714,22232331.0,-2.05,34.472,8.073,3.207,4.254,0,交易,8.160319699106724,10.975678203928906,654122.955160645,0.9793460041478452,0.9655956135117475,0.9930287492078125
2021-03-03,002170.SZ,34.472,36.491,34.392,35.28,32974314.0,1.628,35.467,8.073,4.757,6.309,0,交易,5.592011412268189,7.2465839815009465,958778.6113049545,0.97193828615275,0.9424789674166234,1.0053004535147392
2021-03-04,002170.SZ,35.118,35.683,34.392,34.795,21161380.0,-1.373,34.881,8.073,3.053,4.049,0,交易,8.593479871573228,11.502784146740911,615299.488253082,0.9775243112966959,0.9638203065885717,1.0024716194855583
2021-03-05,002170.SZ,34.392,34.553,33.584,33.988,18986701.0,-2.32,34.071,8.073,2.739,3.633,0,交易,9.355353702174511,12.556407447973715,565349.6010004764,0.9860504153040257,0.9719561253726161,1.0024420383664823
2021-03-08,002170.SZ,34.069,34.876,33.261,33.423,17273967.0,-1.663,33.841,8.073,2.492,3.305,0,交易,10.11285930408472,13.671348314606742,519345.99080003606,0.9703234315861912,0.9536930840692741,1.0125063578972564
2021-03-09,002170.SZ,33.342,33.423,31.485,31.97,19301801.0,-4.348,32.271,8.073,2.784,3.693,0,交易,8.656918494448957,11.976293103448276,613047.5146895347,0.9655327169912934,0.9420159770218113,1.0094150766343448
2021-03-10,002170.SZ,32.131,32.212,31.082,31.243,11270805.0,-2.273,31.524,8.073,1.626,2.157,0,交易,14.484469170143717,19.760762607626077,362615.1792033975,0.9786415000620886,0.9649199056252328,1.0089940146592837
2021-03-11,002170.SZ,31.243,31.889,31.001,31.808,8951600.0,1.809,31.557,8.073,1.291,1.713,0,交易,18.56859311150029,24.200619674670797,288751.975742718,0.989588886449873,0.9721534071309856,0.992108903420523
2021-03-12,002170.SZ,31.889,32.05,31.485,31.889,8339691.0,0.254,31.762,8.073,1.203,1.596,0,交易,19.980576441102755,26.507896924355776,264878.2277274893,0.9910140405616226,0.9823712948517941,0.9960174354793189
2021-03-15,002170.SZ,31.727,32.373,31.647,32.292,8848700.0,1.266,32.091,8.073,1.276,1.693,0,交易,19.07383343177791,24.864420062695924,279606.28179606283,0.9912890371605969,0.9775739041794088,0.9937755481233742
2021-03-16,002170.SZ,32.292,32.696,32.05,32.535,7923442.999999999,0.75,32.395,8.073,1.143,1.516,0,交易,21.46108179419525,28.251968503937007,247221.31045241808,0.9907939809150969,0.9802422314656227,0.9956969417550332
2021-03-17,002170.SZ,32.373,32.938,32.292,32.696,9467000.0,0.496,32.672,8.073,1.366,1.811,0,交易,18.054113749309774,23.699121522693993,293168.5866468475,0.9919242212641932,0.9803873944987552,0.9992659652556888
2021-03-18,002170.SZ,32.777,32.938,32.131,32.292,9993034.0,-1.235,32.423,8.073,1.442,1.912,0,交易,16.889121338912137,22.730235783633844,311009.1189194236,0.9843645637257878,0.9754994231586617,1.004056732317602
2021-03-19,002170.SZ,31.808,32.535,31.647,31.97,8800796.0,-1.0,32.134,8.073,1.27,1.684,0,交易,18.98456057007126,25.045669291338584,278092.58381521155,0.9876748117412019,0.9727063162747811,1.0051298091961214
2021-03-22,002170.SZ,31.808,32.938,31.808,32.938,12241436.0,3.03,32.579,8.073,1.766,2.342,0,交易,14.06404782237404,18.01132502831257,384853.99899396376,0.9891007347137045,0.9656931204080392,0.9891007347137045
2021-03-23,002170.SZ,32.858,33.342,32.292,32.615,9075311.0,-0.98,32.618,8.073,1.309,1.736,0,交易,18.787442396313367,25.101604278074866,281038.9879846401,0.9782856457321097,0.9685081878711536,1.0000919822167715
2021-03-24,002170.SZ,32.535,32.615,31.97,32.212,8187800.0,-1.238,32.259,8.073,1.181,1.567,0,交易,20.556477345245696,27.548687552921248,256108.85204879576,0.9890847769431242,0.9802238233941437,1.0014590835713397
2021-03-25,002170.SZ,31.97,32.535,31.808,31.808,7559000.0,-1.253,32.127,8.073,1.09,1.446,0,交易,21.997233748271093,29.330275229357795,237644.61770623742,0.9874596588289536,0.977654833256493,1.0100289235412476
2021-03-26,002170.SZ,31.727,32.212,31.727,32.131,5572809.0,1.015,31.958,8.073,0.804,1.066,0,交易,30.141651031894934,39.46144278606965,175648.78494657547,0.9921147398485035,0.9849434993170246,0.9946157916031246
2021-03-29,002170.SZ,32.05,32.292,31.889,32.212,5902617.0,0.251,32.105,8.073,0.851,1.129,0,交易,28.531443755535875,37.66157461809635,185098.8428611747,0.9942090920351788,0.9875201288244766,0.9966782565503537
2021-03-30,002170.SZ,32.212,32.212,31.485,31.485,8323300.0,-2.256,31.639,8.073,1.201,1.593,0,交易,19.764595103578156,26.82098251457119,264357.6306177545,0.9822115981621755,0.9774307711411895,1.0048912180403367
2021-03-31,002170.SZ,31.647,31.647,31.162,31.566,5100025.0,0.256,31.365,8.073,0.736,0.976,0,交易,32.342213114754095,42.99864130434783,163661.67126628588,0.9910892027680349,0.9846746927038899,0.9936323892796046
2021-04-01,002170.SZ,31.889,32.212,31.727,31.808,8135805.0,0.767,31.954,8.073,1.174,1.557,0,交易,20.42903018625562,27.162691652470187,256431.58823714816,0.9919905625232832,0.9849434993170246,1.0045900402414487
2021-04-02,002170.SZ,31.727,31.727,31.324,31.647,5928605.0,-0.508,31.558,8.073,0.855,1.134,0,交易,27.90740740740741,37.10760233918129,189267.17532882135,0.9946733066473351,0.9872978850821068,0.9971877271147345
2021-04-06,002170.SZ,31.727,31.97,31.404,31.97,5810185.0,1.02,31.771,8.073,0.838,1.112,0,交易,28.749999999999996,37.86038186157518,185014.17016940517,0.9937754144510479,0.9822959024085081,0.9937754144510479
2021-04-07,002170.SZ,31.97,32.454,31.808,32.454,8310539.999999999,1.515,32.227,8.073,1.199,1.59,0,交易,20.411320754716982,26.66388657214345,261272.0070422535,0.993005484686017,0.9800949035558021,0.993005484686017
2021-04-08,002170.SZ,32.292,32.454,32.05,32.131,6381100.0,-0.995,32.212,8.073,0.921,1.221,0,交易,26.315315315315313,35.06188925081433,199098.28393135726,0.9925432920441241,0.9875516115116779,1.0025209299430458
2021-04-09,002170.SZ,32.05,32.373,31.808,32.373,5678582.0,0.754,32.092,8.073,0.819,1.087,0,交易,29.78196872125115,39.13308913308913,178526.8485915493,0.9913199270997437,0.9825471843820468,0.9913199270997437
2021-04-12,002170.SZ,32.373,32.938,32.212,32.292,12996751.0,-0.249,32.607,8.073,1.875,2.487,0,交易,12.98431845597105,17.2656,403475.44393393764,0.9899508166858946,0.9779585888639262,1.0097547380156076
2021-04-13,002170.SZ,32.212,32.535,31.647,32.454,7196862.0,0.5,32.147,8.073,1.038,1.377,0,交易,23.568627450980394,31.032755298651253,227410.56024267705,0.9880743814353773,0.9727063162747811,0.990540457262587
2021-04-14,002170.SZ,32.131,32.615,32.05,32.535,5802541.0,0.249,32.321,8.073,0.837,1.11,0,交易,29.310810810810803,38.38829151732378,181046.52106084244,0.9909857427564003,0.9826766825080483,0.9934224681112648
2021-04-15,002170.SZ,32.373,32.858,32.292,32.858,8672772.0,0.993,32.639,8.073,1.251,1.659,0,交易,19.805907172995777,25.87769784172662,268573.39279078407,0.9933349564793964,0.9827743624079374,0.9933349564793964
2021-04-16,002170.SZ,32.858,33.019,32.696,32.938,7360320.0,0.246,32.853,8.073,1.062,1.408,0,交易,23.393465909090914,30.939736346516003,225113.77538536827,0.9949725915382054,0.9902177534147006,0.9974193940129941
2021-04-19,002170.SZ,32.938,33.019,32.777,33.019,8255194.0,0.245,32.914,8.073,1.191,1.58,0,交易,20.89810126582278,27.655751469353486,251859.35259480734,0.9968200127199492,0.9926708864593113,0.9968200127199492
2021-04-20,002170.SZ,32.938,32.938,32.373,32.454,8732700.0,-1.711,32.653,8.073,1.26,1.671,0,交易,19.421903052064632,26.141269841269843,269752.571587434,0.9913473799259214,0.9828465602040195,1.0061317557157823
2021-04-21,002170.SZ,32.454,32.615,32.212,32.535,6073869.0,0.249,32.379,8.073,0.876,1.162,0,交易,27.999139414802066,37.04794520547945,188559.2015397988,0.9927640656139811,0.9876437222137054,0.995205163669894
2021-04-22,002170.SZ,32.535,32.938,32.292,32.535,5408001.0,0.0,32.571,8.073,0.78,1.035,0,交易,31.434782608695652,41.71153846153845,167471.85061315497,0.9888578541502215,0.9803873944987552,1.001106500691563
2021-04-23,002170.SZ,32.535,32.535,31.808,31.97,6622567.0,-1.737,32.071,8.073,0.955,1.267,0,交易,25.232833464877665,34.06806282722513,208204.4454225352,0.9857384355309667,0.977654833256493,1.003159211761026
2021-04-26,002170.SZ,31.889,32.131,31.566,31.566,5940400.0,-1.263,31.847,8.073,0.857,1.137,0,交易,27.76253298153034,37.21003500583431,188189.8244947095,0.9911611839033955,0.9824157355824593,1.0089019831464234
2021-04-27,002170.SZ,31.485,31.485,31.082,31.243,5909600.0,-1.023,31.22,8.073,0.852,1.131,0,交易,27.624226348364278,36.95422535211268,190129.33530660832,0.9915832936318881,0.9872002540892489,0.9992638350990622
2021-04-28,002170.SZ,31.324,31.485,31.082,31.404,4548177.0,0.517,31.304,8.073,0.656,0.87,0,交易,36.09655172413793,47.75,146328.32507560647,0.994251230744799,0.9872002540892489,0.9968156922685008
2021-04-29,002170.SZ,31.485,31.647,31.243,31.243,4188500.0,-0.514,31.378,8.073,0.604,0.801,0,交易,39.004993757802744,52.12748344370861,134062.02989469643,0.9914999842007142,0.9872341770151989,1.004320967896809
2021-04-30,002170.SZ,31.162,31.243,30.274,30.516,8345950.0,-2.326,30.678,8.073,1.204,1.597,0,交易,19.10832811521603,25.88205980066445,275680.45187289425,0.9819159491726147,0.968985052651794,1.0053086905230044
2021-05-06,002170.SZ,30.597,31.243,30.516,30.839,5039135.0,1.058,30.771,8.073,0.727,0.964,0,交易,31.990663900414937,42.086657496561216,165130.91492987287,0.984892615945972,0.976730787696444,0.9977949998378677
2021-05-07,002170.SZ,30.92,31.324,30.597,31.082,6019100.0,0.785,31.027,8.073,0.868,1.152,0,交易,26.980902777777782,35.622119815668206,196721.90083995162,0.9905184523049418,0.9767909590090665,0.9982304870986423
2021-05-10,002170.SZ,31.082,31.404,30.678,31.243,5292950.0,0.519,31.141,8.073,0.764,1.013,0,交易,30.842053307008886,40.68324607329843,172532.43366581915,0.9916252706661571,0.976881925869316,0.9967352687001888
2021-05-11,002170.SZ,31.082,31.243,30.839,31.162,4452000.0,-0.258,31.032,8.073,0.642,0.852,0,交易,36.575117370892016,48.414330218068535,144362.65767372484,0.9932464872131358,0.9870691034791793,0.9958282523586419
2021-05-12,002170.SZ,31.001,31.647,30.92,31.485,6504397.0,1.036,31.391,8.073,0.938,1.245,0,交易,25.28915662650602,33.050106609808104,210362.12807244502,0.9919107656333933,0.977027838341707,0.9970144513260283
2021-05-13,002170.SZ,31.404,31.566,31.082,31.162,5608800.0,-1.026,31.291,8.073,0.809,1.073,0,交易,29.041938490214353,38.818294190358465,180451.70838427386,0.9912880947855288,0.9846670468225306,1.0041396572748862
2021-05-14,002170.SZ,31.162,31.404,31.162,31.324,4708301.0,0.518,31.277,8.073,0.679,0.901,0,交易,34.76581576026637,45.89396170839469,151091.10455041396,0.9959559291809961,0.9922939752897719,0.9984995530583578
2021-05-17,002170.SZ,31.324,31.324,30.92,30.92,5953900.0,-1.289,31.042,8.073,0.859,1.139,0,交易,27.14661984196664,36.46565774155996,192558.21474773608,0.9909973183501468,0.9871025411824799,1.0039456662354462
2021-05-18,002170.SZ,30.92,31.082,30.597,30.759,5716578.0,-0.522,30.731,8.073,0.825,1.094,0,交易,28.116087751371115,37.478787878787884,186834.59162663005,0.9887072903931536,0.9843961135062094,0.9990896973243604
2021-05-19,002170.SZ,30.759,30.759,30.516,30.516,4188055.0000000005,-0.787,30.598,8.073,0.604,0.801,0,交易,38.09737827715355,50.925496688741724,137241.28326124002,0.994765759615072,0.9920998732078415,1.0026871149560885
2021-05-20,002170.SZ,30.436,30.516,30.032,30.193,5784766.0,-1.058,30.223,8.073,0.834,1.107,0,交易,27.27461607949413,36.49400479616307,192620.07192328182,0.9903984794861712,0.9841394678201599,1.0009936077898849
2021-05-21,002170.SZ,30.355,30.597,30.193,30.355,3651400.0,0.535,30.397,8.073,0.527,0.699,0,交易,43.42632331902718,57.59962049335863,120935.31613287848,0.9934634114455665,0.9867960911200444,1.0013836270795584
2021-05-24,002170.SZ,30.516,30.759,30.436,30.759,4115247.0,1.33,30.655,8.073,0.594,0.787,0,交易,39.08386277001271,51.37373737373737,135209.85017742147,0.9966188757761956,0.9894990084202997,0.9966188757761956
2021-05-25,002170.SZ,30.759,30.839,30.436,30.678,3913007.0,-0.262,30.61,8.073,0.564,0.749,0,交易,40.95861148197597,54.537234042553195,128565.08739650414,0.9925743376892896,0.9869321313920685,0.9977834278636156
2021-05-26,002170.SZ,30.597,31.243,30.597,31.001,6129265.0,1.053,30.909,8.073,0.884,1.173,0,交易,26.428815004262574,34.61199095022624,200322.41723044743,0.9893096053515987,0.9793233684345294,0.9970323537950389
2021-05-27,002170.SZ,30.92,31.001,30.678,30.839,5208185.0,-0.521,30.805,8.073,0.751,0.997,0,交易,30.931795386158473,41.17177097203729,169769.37870786883,0.9936776233024741,0.9895809812586691,0.9988974999189338
2021-05-28,002170.SZ,30.839,30.92,30.436,30.516,5604514.0,-1.047,30.582,8.073,0.808,1.072,0,交易,28.466417910447756,38.167079207920786,184140.95150479695,0.9890685640362225,0.9843467011642949,1.0021627998427056
2021-05-31,002170.SZ,30.516,30.678,30.355,30.516,3232300.0,0.0,30.55,8.073,0.466,0.618,0,交易,49.37864077669903,65.48497854077253,106483.28117278867,0.9958276289197471,0.9894712823521742,1.0011141696159394
2021-06-01,002170.SZ,30.516,30.759,30.274,30.759,5046812.0,0.794,30.501,8.073,0.728,0.966,0,交易,31.841614906832298,41.917582417582416,166704.49890995573,0.9916122110601775,0.9842322572255275,0.9916122110601775
2021-06-02,002170.SZ,30.597,31.162,30.597,30.759,7418657.000000001,0.0,30.873,8.073,1.07,1.42,0,交易,21.661267605633803,28.595327102803736,242463.54217733766,0.9907258840895964,0.9818689429433285,1.0037062323222472
2021-06-03,002170.SZ,30.678,31.082,30.597,30.839,5285447.0,0.262,30.875,8.073,0.762,1.011,0,交易,30.50346191889219,40.25984251968504,172743.96182632283,0.9933401968985265,0.9843961135062094,1.0011673530270113
2021-06-04,002170.SZ,30.678,30.92,30.678,30.839,4696704.0,0.0,30.752,8.073,0.678,0.899,0,交易,34.30367074527252,45.24778761061947,153096.8120477215,0.9945666235446312,0.9921733505821474,0.9971788968513895
2021-06-07,002170.SZ,30.92,31.324,30.839,31.162,7642800.999999999,1.047,31.111,8.073,1.103,1.462,0,交易,21.314637482900135,28.03263825929284,247829.08006096174,0.9932001021580896,0.984516664538373,0.9983633913099288
2021-06-08,002170.SZ,31.404,32.131,31.324,31.808,18621270.0,2.073,31.828,8.073,2.686,3.563,0,交易,8.927308447937131,11.691734921816828,594472.9281062444,0.9905698546574958,0.9748840683452118,1.000628772635815
2021-06-09,002170.SZ,31.808,34.149,31.566,32.777,26324977.0,3.046,32.602,8.073,3.797,5.037,0,交易,6.507246376811595,8.377139847247827,833966.1978077679,0.9546985270432515,0.9243608890450672,0.9946608902584128
2021-06-10,002170.SZ,32.373,32.615,31.97,32.292,14373532.0,-1.478,32.204,8.073,2.073,2.75,0,交易,11.742545454545455,15.616497829232994,449594.36972161406,0.9873984363023148,0.9802238233941437,0.9972748668400842
2021-06-11,002170.SZ,32.131,32.615,31.808,31.808,9657600.0,-1.5,32.168,8.073,1.393,1.848,0,交易,17.21212121212121,23.066044508255562,303621.73038229375,0.9862946497010577,0.9752567836884868,1.011317907444668
2021-06-15,002170.SZ,31.808,32.212,31.404,32.05,11045361.0,0.761,31.832,8.073,1.593,2.113,0,交易,15.168007572172266,19.96735718769617,351718.28429499426,0.9882031541040606,0.9749161803054761,0.9931981279251171
2021-06-16,002170.SZ,32.131,32.212,31.162,31.243,9754347.0,-2.519,31.536,8.073,1.407,1.866,0,交易,16.743301178992496,22.836531627576402,313020.5699249086,0.9790140320377498,0.967403452129641,1.0093781006945557
2021-06-17,002170.SZ,31.324,31.485,30.839,30.92,6971600.0,-1.034,31.091,8.073,1.006,1.334,0,交易,23.178410794602698,31.137176938369784,226064.39897532348,0.9874861044942036,0.9794822931554709,1.0055304010349289
2021-06-18,002170.SZ,30.92,31.647,30.678,31.324,5656082.0,1.305,30.985,8.073,0.816,1.082,0,交易,28.950092421441774,37.892156862745104,184369.3200339005,0.9790817455051032,0.9693809839795242,0.989177627378368
2021-06-21,002170.SZ,31.162,31.485,30.92,31.082,6059926.0,-0.773,31.19,8.073,0.874,1.16,0,交易,26.7948275862069,35.65446224256293,195987.25743855108,0.9906304589487058,0.9820549468000636,1.0034746798790297
2021-06-22,002170.SZ,31.082,31.727,31.001,31.485,7269939.0,1.299,31.458,8.073,1.049,1.391,0,交易,22.634795111430623,29.63012392755005,234506.59656140124,0.9915214170895451,0.9771172818104454,0.9991424487851357
2021-06-23,002170.SZ,31.485,31.485,31.162,31.324,5279604.0,-0.513,31.314,8.073,0.762,1.01,0,交易,31.013861386138615,41.318897637795274,169424.4271869585,0.99456884230586,0.9897411465777354,0.9996807559698633
2021-06-24,002170.SZ,31.404,31.566,31.001,31.082,4593400.0,-0.773,31.127,8.073,0.663,0.879,0,交易,35.36063708759954,47.36651583710407,148169.4138898745,0.9860926313121713,0.9821009947411773,1.001447783282929
2021-06-25,002170.SZ,31.082,31.243,30.92,31.162,4838200.0,0.26,31.064,8.073,0.698,0.926,0,交易,33.65226781857451,44.53008595988539,156474.77360931435,0.9942707166405276,0.9896616842172647,0.9968551440857455
2021-06-28,002170.SZ,31.324,31.324,30.919,31.081,4712284.0,-0.26,31.031,8.094,0.68,0.902,0,交易,34.45787139689578,46.06470588235294,152407.38704356545,0.9906461499169965,0.9870706167794662,0.9983913001512178
2021-06-29,002170.SZ,31.162,31.162,30.758,30.758,4297400.0,-1.042,30.904,8.094,0.62,0.822,0,交易,37.41849148418492,50.26129032258064,139716.49652123026,0.9917206854502278,0.987035491945318,1.0047467325573836
2021-06-30,002170.SZ,30.677,30.838,30.596,30.677,4043400.0,-0.263,30.711,8.094,0.583,0.774,0,交易,39.6343669250646,52.61921097770155,132154.5300039221,0.9958817043906867,0.992152539075167,1.0011083221957817
2021-07-01,002170.SZ,30.677,31.243,30.596,30.919,4945939.0,0.792,30.833,8.094,0.713,0.946,0,交易,32.68393234672305,43.025245441795235,161653.12459144986,0.9868770604615433,0.9792913612649234,0.9972185387625732
2021-07-02,002170.SZ,30.919,30.919,30.434,30.434,4265272.0,-1.571,30.587,8.094,0.615,0.816,0,交易,37.29656862745098,50.27479674796748,140148.25524084904,0.9892622659206313,0.9843138523238139,1.0050272721298548
2021-07-05,002170.SZ,30.434,30.677,30.353,30.596,3310500.0,0.532,30.514,8.094,0.478,0.633,0,交易,48.334913112164294,63.669456066945614,109066.64909564129,0.9946865730025752,0.9894383414284318,0.9973199110994901
2021-07-06,002170.SZ,30.596,31.162,30.515,31.081,5617912.0,1.587,30.972,8.094,0.81,1.075,0,交易,28.912558139534884,37.772839506172836,184103.2934622317,0.9939028303703229,0.9792375328926257,0.9964930343296549
2021-07-07,002170.SZ,30.919,31.648,30.758,31.405,9893113.0,1.042,31.26,8.094,1.427,1.893,0,交易,16.590068674062337,21.667133847231955,321643.57240392745,0.9877401415571285,0.9718781597573306,0.9953829008119727
2021-07-08,002170.SZ,31.486,31.486,30.919,31.081,6274729.0,-1.031,31.126,8.094,0.905,1.201,0,交易,25.87926727726894,34.79116022099448,202940.8777774184,0.9885663469478498,0.9819919964428635,1.001447829863904
2021-07-09,002170.SZ,30.919,33.024,30.838,32.538,26786139.0,4.687,32.118,8.094,3.864,5.125,0,交易,6.348878048780487,8.001811594202898,868608.1782216745,0.9725654069767442,0.9338057170542635,0.9870920154895816
2021-07-12,002170.SZ,32.943,34.966,32.457,34.319,57938679.0,5.473,33.879,8.094,8.358,11.086,0,交易,3.0957062962294786,3.941493180186647,1785090.3965246326,0.9689126580106389,0.9282445804495796,0.9871791136105363
2021-07-13,002170.SZ,33.833,34.157,32.862,33.024,35564929.0,-3.774,33.51,8.094,5.13,6.805,0,交易,4.852902277736958,6.595126705653021,1082250.8976933844,0.9810580554498346,0.9620868343238577,1.0147165697674418
2021-07-14,002170.SZ,33.186,33.51,32.538,32.619,18554301.0,-1.225,32.921,8.094,2.677,3.55,0,交易,9.188450704225353,12.396712738139708,570234.8331182003,0.9824231572664877,0.970993733213966,1.0092584076765077
2021-07-15,002170.SZ,33.429,33.671,32.538,33.024,20009174.0,1.241,33.119,8.094,2.886,3.829,0,交易,8.624706189605641,11.583160083160083,614947.8763292151,0.9836060705057765,0.9663508657301535,1.0028766957364341
2021-07-16,002170.SZ,33.186,34.481,32.943,33.752,31980700.0,2.206,33.909,8.094,4.613,6.119,0,交易,5.515933976139893,7.19401690873618,970788.9384694777,0.9834111539688524,0.9553957251819841,1.0046515762028916
2021-07-19,002170.SZ,33.995,34.481,33.59,33.995,23650544.0,0.719,34.057,8.094,3.412,4.525,0,交易,7.512707182320441,9.963364595545134,704094.7901161059,0.9877033728720165,0.9741596821437893,1.0018237976172968
2021-07-20,002170.SZ,33.51,34.238,33.267,33.995,18342269.0,0.0,33.843,8.094,2.646,3.51,0,交易,9.685185185185185,12.664399092970521,551365.2869209726,0.9884631111630353,0.9716396985805247,0.9955287542285632
2021-07-21,002170.SZ,33.914,34.805,33.833,34.481,21823816.0,1.429,34.477,8.094,3.148,4.176,0,交易,8.256944444444445,10.773189326556544,645045.2516773564,0.9905760666570894,0.9720729780203994,0.9998839940836981
2021-07-22,002170.SZ,34.562,35.047,34.319,34.966,23047865.0,1.408,34.672,8.094,3.325,4.41,0,交易,7.9287981859410435,10.394586466165412,671577.4061015763,0.9893000827460268,0.9792278939709534,0.9915918320654349
2021-07-23,002170.SZ,36.1,38.447,35.29,38.447,81804366.0,9.954,37.652,8.094,11.801,15.653,0,交易,2.4562064779914397,3.059062791288874,2318060.810427883,0.9793221837854709,0.9178869612713605,0.9793221837854709
2021-07-26,002170.SZ,39.985,42.332,39.499,42.332,147954631.0,10.105,41.597,8.094,21.343,28.31,0,交易,1.495302013422819,1.873447968889097,3745781.690675713,0.982637248417273,0.9330766323348767,0.982637248417273
2021-07-27,002170.SZ,43.303,45.974,40.632,41.523,143652034.0,-1.912,43.353,8.094,20.722,27.487,0,交易,1.5106413941135812,2.0897114178168126,3535440.88403229,0.9429895158132858,0.8838038891547396,1.0440719601184885
2021-07-28,002170.SZ,39.661,40.875,37.395,37.395,92713915.0,-9.942,38.166,8.094,13.374,17.74,0,交易,2.107948139797069,2.965530133094063,2479313.143468378,0.9337247706422017,0.914862385321101,1.0206177296430001
2021-07-29,002170.SZ,37.476,38.609,37.152,37.799,72747181.0,1.082,37.835,8.094,10.494,13.92,0,交易,2.7154454022988506,3.5711835334476842,1958095.9571490095,0.9799528607319536,0.9622626848662229,1.0009524061483108
2021-07-30,002170.SZ,37.233,40.309,36.666,38.285,67393880.0,1.285,38.692,8.094,9.722,12.895,0,交易,2.9689802248933694,3.8297675375437152,1838048.3281514212,0.9598848892306929,0.9096231610806519,1.0106307953506597
2021-08-02,002170.SZ,37.718,40.47,36.828,39.256,61161534.0,2.537,38.825,8.094,8.823,11.703,0,交易,3.35435358455097,4.274963164456534,1660734.6041055718,0.959352606869286,0.9100074128984433,0.9890207866313431
2021-08-03,002170.SZ,39.337,40.228,38.123,38.366,43926002.0,-2.268,39.238,8.094,6.337,8.405,0,交易,4.564663890541345,6.207511440744833,1152217.8737245232,0.9753902754300486,0.9476732624042954,1.0227284574884012
2021-08-04,002170.SZ,38.366,39.904,37.88,39.418,39728328.0,2.743,38.798,8.094,5.731,7.602,0,交易,5.185214417258615,6.694468679113593,1048794.297782471,0.9722834803528468,0.9492782678428228,0.9842711451621088
2021-08-05,002170.SZ,38.852,38.933,37.071,37.557,49821000.0,-4.723,37.729,8.094,7.187,9.533,0,交易,3.9396832057064937,5.405871712814804,1343934.611960832,0.969075077697583,0.9521742480671923,1.0045797055142849
2021-08-06,002170.SZ,37.799,38.69,37.476,38.204,30935775.0,1.724,38.139,8.094,4.463,5.919,0,交易,6.454468660246664,8.469415191575173,825482.3086775537,0.9857585939519257,0.9686223830447144,0.998298607475657
2021-08-09,002170.SZ,37.88,39.985,37.88,38.366,26987602.0,0.424,38.711,8.094,3.893,5.164,0,交易,7.429512006196747,9.730285127151298,712449.8944033791,0.9681380517694135,0.9473552582218333,1.008992336965021
2021-08-10,002170.SZ,39.337,40.956,39.094,39.58,52110732.0,3.165,40.035,8.094,7.517,9.971,0,交易,3.9695115835924177,5.233071704137289,1332959.8403847138,0.9775124523879284,0.9545365758374841,1.0114957049014655
2021-08-11,002170.SZ,39.742,40.794,38.771,40.713,34103301.0,2.863,40.007,8.094,4.92,6.525,0,交易,6.2395402298850575,8.077642276422765,879608.4960408553,0.9807079472471442,0.9504093739275384,0.9826591015154864
2021-08-12,002170.SZ,40.066,40.794,39.58,40.228,35473346.0,-1.193,40.222,8.094,5.117,6.788,0,交易,5.926340601060695,7.829978503029119,896244.214249621,0.9859783301465903,0.9702407216747562,0.9998508501541215
2021-08-13,002170.SZ,40.713,43.384,39.742,42.737,60336811.0,6.237,41.686,8.094,8.704,11.545,0,交易,3.7017756604590732,4.6775045955882355,1518212.7472195663,0.9608611469666236,0.9160520007375991,0.9754077263261343
2021-08-16,002170.SZ,44.113,47.027,43.061,43.142,96236305.0,0.947,45.362,8.094,13.882,18.414,0,交易,2.3428912783751494,3.177712145224031,2234883.188964492,0.964594807238395,0.9156654687732579,1.0514579759862779
2021-08-17,002170.SZ,42.98,45.165,42.413,42.899,71836908.0,-0.563,43.542,8.094,10.363,13.745,0,交易,3.121062204437978,4.147447650294316,1693747.3887723105,0.9640650946529393,0.939067862282741,1.0149886943751603
2021-08-18,002170.SZ,42.251,44.356,41.927,42.089,46836826.0,-1.887,42.944,8.094,6.756,8.962,0,交易,4.6963847355501,6.253848431024275,1117104.1572256542,0.9681666516367572,0.9452385246640814,1.0203140963197035
2021-08-19,002170.SZ,42.494,43.061,40.956,42.818,36450035.0,1.731,42.018,8.094,5.258,6.974,0,交易,6.139661600229423,8.08178014454165,889980.3447602304,0.9757785467128027,0.9511158588978427,0.9813162688588912
2021-08-20,002170.SZ,42.17,42.413,40.228,41.766,39911361.0,-2.457,41.505,8.094,5.757,7.41,0,交易,5.636437246963562,7.324995657460484,992128.8903251466,0.978591469596586,0.9484827765072031,0.9937508978595031
2021-08-23,002170.SZ,42.251,43.222,41.28,41.442,34086702.0,-0.775,41.918,8.094,4.917,6.328,0,交易,6.548988621997471,8.592841163310961,825743.75,0.9698301790754708,0.9550691777335616,1.011485932146132
2021-08-24,002170.SZ,41.846,43.546,41.118,42.98,42891200.0,3.711,42.673,8.094,6.187,7.963,0,交易,5.397463267612708,6.763536447389687,1043124.6655965757,0.9799522344187757,0.944242869609149,0.992857142857143
2021-08-25,002170.SZ,42.899,43.708,41.442,43.546,34532800.0,1.318,42.684,8.094,4.982,6.411,0,交易,6.792388082982375,8.610798875953432,833280.2470923217,0.9765717946371374,0.9481559439919466,0.9802048408579432
2021-08-26,002170.SZ,43.546,44.194,41.927,42.251,44918902.0,-2.974,42.487,8.094,6.48,8.34,0,交易,5.066067146282974,6.720061728395061,1071359.7920194624,0.9613748472643345,0.9487034439064126,1.0055856666114413
2021-08-27,002170.SZ,42.008,45.974,41.766,45.651,62915888.0,8.046,44.196,8.094,9.076,11.681,0,交易,3.908141426247753,4.628470691934773,1506390.0780539196,0.9613259668508287,0.9084700047853135,0.9681277518564761
2021-08-30,002170.SZ,46.136,46.946,45.003,46.298,72224816.0,1.418,46.145,8.094,10.419,13.409,0,交易,3.4527556119024534,4.428064113638545,1604888.9185165432,0.9829378434797428,0.9586120223235207,0.9966953216121647
2021-08-31,002170.SZ,46.217,46.703,43.142,45.651,63278534.0,-1.399,45.158,8.094,9.128,11.748,0,交易,3.8858529111338105,5.063212094653812,1466750.1274859766,0.9669186133653084,0.9237522214847012,0.9892006746840156
2021-09-01,002170.SZ,46.055,47.027,41.685,42.089,66904273.0,-7.801,43.448,8.094,9.651,12.421,0,交易,3.3885355446421386,4.772044347735986,1604996.353604414,0.923894783847577,0.8864056818423459,1.0322887215186867
2021-09-02,002170.SZ,41.442,45.408,41.199,44.598,54585251.0,5.962,43.886,8.094,7.874,10.134,0,交易,4.400828892835998,5.263144526289053,1324916.8911866792,0.9664816772374912,0.9073070824524312,0.9840351585272883
2021-09-03,002170.SZ,44.598,49.05,44.275,45.651,105188543.0,2.359,47.536,8.094,15.174,19.529,0,交易,2.3376004915766297,2.9391063661526293,2375799.954827781,0.9691335372069317,0.9026503567787971,1.041291537972881
2021-09-06,002170.SZ,46.379,46.865,44.598,45.489,77947289.0,-0.355,45.731,8.094,11.244,14.472,0,交易,3.1432421227197347,4.124777659196016,1747775.4383604645,0.9758028379387602,0.951627013762936,1.0053199674646618
2021-09-07,002170.SZ,46.703,48.241,45.651,47.35,57721243.00000001,4.093,47.238,8.094,8.327,10.716,0,交易,4.418626353116835,5.608622553140387,1264402.597971567,0.9792085570365456,0.9463112290375407,0.9976346356916578
2021-09-08,002170.SZ,47.836,49.131,46.784,46.946,58961418.00000001,-0.855,47.723,8.094,8.505,10.947,0,交易,4.288480862336713,5.624456202233979,1260290.2274281809,0.9713419226150496,0.952229753109035,1.016550930856729
2021-09-09,002170.SZ,48.079,49.536,46.784,48.403,61705248.0,3.103,47.93,8.094,8.901,11.456,0,交易,4.225122206703911,5.401527918211437,1318939.1244870042,0.967579134366925,0.9444444444444444,0.990227878437287
2021-09-10,002170.SZ,48.16,53.259,47.998,53.259,78862189.0,10.033,50.921,8.094,11.376,14.641,0,交易,3.63766136192883,4.233473980309423,1643030.730447102,0.9561013162094669,0.9012185733866576,0.9561013162094669
2021-09-13,002170.SZ,55.849,58.601,54.392,58.601,98587309.0,10.03,56.598,8.094,14.222,18.304,0,交易,3.201540646853147,3.926944171002672,1812533.2585674364,0.9658196959096261,0.9281752871111415,0.9658196959096261
2021-09-14,002170.SZ,58.601,64.429,56.497,58.925,143268656.0,0.552,60.024,8.094,20.667,26.599,0,交易,2.2153088461972255,2.8354865244108964,2535863.0723755243,0.9316301665399122,0.8768877368886682,1.018650827322868
2021-09-15,002170.SZ,58.277,63.943,57.468,62.729,109173965.99999999,6.456,60.903,8.094,15.749,20.269,0,交易,3.0948246090088314,3.7003619277414437,1899734.9133430775,0.9524576576013012,0.8987379384764557,0.9708906566340927
2021-09-16,002170.SZ,62.729,62.729,58.601,59.896,83460074.0,-4.516,60.553,8.094,12.039,15.495,0,交易,3.865505001613424,5.210482598222444,1424209.0408013514,0.9653111001291268,0.9341931164214319,1.01096901295579
2021-09-17,002170.SZ,59.896,64.672,59.33,60.463,93460307.0,0.946,61.475,8.094,13.482,17.352,0,交易,3.4844974642692486,4.442664293131583,1575262.211360189,0.950565932706581,0.9173985650667986,1.0167375088897341
2021-09-22,002170.SZ,61.758,63.134,58.601,61.92,69885504.0,2.41,60.97,8.094,10.081,12.975,0,交易,4.772254335260116,6.12617795853586,1192565.041552192,0.965723698799379,0.9282003357937086,0.984657622739018
2021-09-23,002170.SZ,63.62,63.62,55.849,56.74,99157390.0,-8.366,58.393,8.094,14.304,18.409,0,交易,3.082188060187952,4.447706935123042,1775455.0663395943,0.9178403017918894,0.8778528764539453,1.0291328868523089
2021-09-24,002170.SZ,56.254,56.901,53.583,54.069,69357655.0,-4.708,54.93,8.094,10.005,12.877,0,交易,4.198881727110352,5.622588705647176,1294396.6369930762,0.9653608899667844,0.9416881952865502,1.015924096987183
2021-09-27,002170.SZ,54.959,55.04,48.646,50.345,70935646.0,-6.886,50.593,8.094,10.233,13.17,0,交易,3.822703113135915,5.370761262581843,1458201.003165728,0.9192042151162791,0.8838299418604652,1.0049260105273612
2021-09-28,002170.SZ,49.698,55.364,49.698,55.364,49777300.0,9.968,52.979,8.094,7.181,9.242,0,交易,5.990478251460722,6.920763124912964,1001595.6376514145,0.9569214652120512,0.8976591286756738,0.9569214652120512
2021-09-29,002170.SZ,55.121,56.254,50.426,50.588,62977329.0,-8.626,52.819,8.094,9.085,11.692,0,交易,4.326719124187479,6.067253714914695,1248905.901717368,0.9389376755430726,0.89639847833043,1.044101367913339
2021-09-30,002170.SZ,52.612,55.687,51.397,54.716,58823024.0,8.16,53.577,8.094,8.485,10.921,0,交易,5.010163904404359,6.200589275191515,1144483.6079926845,0.9621096485714798,0.9229622712661842,0.9791834198406316
2021-10-08,002170.SZ,55.364,56.254,50.669,52.369,55211524.0,-4.29,52.483,8.094,7.964,10.25,0,交易,5.109170731707317,6.951783023606227,1089650.9502851842,0.9329647669499058,0.9007181711522736,1.0021768603563177
2021-10-11,002170.SZ,52.369,53.664,50.669,52.045,33837100.0,-0.618,52.077,8.094,4.881,6.282,0,交易,8.284781916587075,10.729153861913542,667806.7457419725,0.9704271019677996,0.9441897734048896,1.000614852531463
2021-10-12,002170.SZ,52.207,52.612,48.16,49.455,41179200.0,-4.977,49.735,8.094,5.94,7.645,0,交易,6.468933943754088,8.78905723905724,855049.8338870433,0.9453166577967004,0.915380521554018,1.005661712668082
2021-10-13,002170.SZ,49.86,49.86,46.46,48.241,31928355.0,-2.455,47.775,8.094,4.606,5.928,0,交易,8.137820512820513,10.825010855405992,687222.4494188549,0.9581829121540313,0.9318090653830726,0.9903401670777968
2021-10-14,002170.SZ,48.241,49.779,47.189,48.807,21717215.0,1.174,48.625,8.094,3.133,4.032,0,交易,12.104910714285715,15.397701883179062,460217.74142278923,0.9768175334980613,0.9479700275216456,0.9962710266969902
2021-10-15,002170.SZ,48.888,49.05,46.541,47.998,21008621.0,-1.658,47.861,8.094,3.031,3.9,0,交易,12.307179487179488,16.12933025404157,451400.292215466,0.9757594291539246,0.9488481141692151,0.9971457144047668
2021-10-18,002170.SZ,48.079,50.183,47.189,49.941,23994320.0,4.047,48.986,8.094,3.461,4.455,0,交易,11.21010101010101,13.891649812193009,508472.7372904702,0.9761473008787837,0.9403383615965566,0.980877435373741
2021-10-19,002170.SZ,49.455,51.074,48.807,50.022,25029544.0,0.162,50.101,8.094,3.611,4.647,0,交易,10.764364105874757,13.695652173913043,512826.93056323886,0.9809492109488194,0.9556134236597879,1.0015793051057535
2021-10-20,002170.SZ,48.969,50.426,48.646,49.779,22099559.0,-0.485,49.507,8.094,3.188,4.103,0,交易,12.132342188642458,15.360414052697616,454293.446532089,0.9817752746598976,0.9647007496132947,0.9945358484501495
2021-10-21,002170.SZ,49.374,51.721,49.212,50.507,40836013.0,1.463,50.63,8.094,5.891,7.582,0,交易,6.661434977578475,8.381259548463758,829797.8745021538,0.9789060536339206,0.9514897237099051,1.0024353059971887
2021-10-22,002170.SZ,50.507,52.935,49.293,49.617,57755615.0,-1.763,51.192,8.094,8.331,10.723,0,交易,4.627156579315489,6.062537510502941,1171679.8531231615,0.9670728251629357,0.9311986398413148,1.0317431525485217
2021-10-25,002170.SZ,49.131,50.588,48.484,50.183,40060400.0,1.142,49.699,8.094,5.779,7.438,0,交易,6.746840548534553,8.501643883024744,826260.2095536671,0.9824266624495928,0.9584091088795762,0.9903552996034514
2021-10-26,002170.SZ,50.183,51.964,48.646,49.212,43476401.0,-1.935,50.0,8.094,6.272,8.072,0,交易,6.096630327056492,8.001116071428571,893730.2347572256,0.9622046031868217,0.9361481025325226,1.016012354710233
2021-10-27,002170.SZ,48.969,50.588,48.241,49.131,39408504.0,-0.164,49.279,8.094,5.685,7.317,0,交易,6.714637146371464,8.613720316622691,816908.9363819158,0.9741242982525501,0.9536055981655729,1.0030123547251226
2021-10-28,002170.SZ,48.807,51.64,48.241,49.05,59777900.0,-0.165,49.957,8.094,8.623,11.098,0,交易,4.419715264011533,5.660095094514671,1239151.3442921997,0.9674089852827266,0.9341789310611929,1.0184913353720695
2021-10-29,002170.SZ,49.212,49.86,44.518,48.16,56398909.0,-1.815,47.187,8.094,8.136,10.471,0,交易,4.59936968770891,6.048672566371683,1266878.7681387304,0.9463898916967509,0.8928600080224629,0.979796511627907
2021-11-01,002170.SZ,48.484,51.64,47.836,50.831,64233186.0,5.546,50.348,8.094,9.266,11.925,0,交易,4.262557651991615,5.232462767105547,1342779.2039468184,0.9749806351665375,0.9263361735089077,0.9904979244948948
2021-11-02,002170.SZ,51.559,53.502,48.646,49.293,64533323.0,-3.025,50.601,8.094,9.309,11.981,0,交易,4.114264251731909,5.5386185411966915,1326590.5315956092,0.9457777279354043,0.9092370378677432,1.0265352078388412
2021-11-03,002170.SZ,49.698,50.183,46.622,48.16,38362265.0,-2.299,47.866,8.094,5.534,7.122,0,交易,6.76214546475709,8.98048427900253,822836.1074170992,0.9538289859115636,0.9290397146444015,0.9938953488372093
2021-11-04,002170.SZ,48.241,50.588,47.431,50.507,52836205.00000001,4.874,49.323,8.094,7.622,9.809,0,交易,5.149046793760832,6.329178693256363,1113959.330395733,0.9749940697398592,0.9375938957855617,0.976557704872592
2021-11-05,002170.SZ,50.507,55.525,49.455,55.525,74991413.0,9.936,53.396,8.094,10.818,13.923,0,交易,3.988005458593694,4.668792752819375,1516356.5463552724,0.9616569113012157,0.8906798739306618,0.9616569113012157
2021-11-08,002170.SZ,53.178,54.878,51.721,54.635,82442218.0,-1.603,53.451,8.094,11.893,15.306,0,交易,3.569515222788449,4.471369713276717,1593979.5827613543,0.9739968657749918,0.942472393308794,0.9783289100393521
2021-11-09,002170.SZ,53.826,57.711,52.773,57.306,82901886.0,4.889,55.289,8.094,11.959,15.391,0,交易,3.72334481190306,4.500877999832762,1570914.7859700983,0.9580322642130616,0.9144357228258045,0.964802987470771
2021-11-10,002170.SZ,56.659,58.601,55.525,57.063,55431225.0,-0.424,57.074,8.094,7.996,10.291,0,交易,5.544942182489554,7.085917958979489,998311.1211166142,0.9739424241907134,0.9475094281667549,1.0001927693952297
2021-11-11,002170.SZ,58.277,62.082,57.468,57.549,94816597.0,0.851,59.285,8.094,13.678,17.603,0,交易,3.2692722831335566,4.260637520105278,1649902.5022621283,0.9549466834187043,0.9256789407557746,1.0301655980121287
2021-11-12,002170.SZ,56.74,58.358,55.849,55.93,57679005.00000001,-2.813,57.039,8.094,8.32,10.709,0,交易,5.2227098702026336,6.819711538461538,1032767.0146287312,0.9773981287912541,0.9570067514308235,1.0198283568746649
2021-11-15,002170.SZ,55.93,58.035,53.421,57.225,53214266.0,2.315,55.83,8.094,7.676,9.88,0,交易,5.792004048582996,7.286347055758207,996130.0986503435,0.9620056862238304,0.9204962522615664,0.9756225425950196
2021-11-16,002170.SZ,56.578,58.682,55.768,56.821,40424630.0,-0.707,57.227,8.094,5.831,7.505,0,交易,7.571085942704864,9.702966901046132,724871.431645388,0.975205344057803,0.9503425241130159,1.0071452455958185
2021-11-17,002170.SZ,56.416,59.006,55.849,58.763,45048711.0,3.419,57.765,8.094,6.498,8.364,0,交易,7.0257054041128635,8.682056017236071,806616.2509624165,0.9789682405179134,0.9464969664101955,0.9830165240031994
2021-11-18,002170.SZ,58.277,59.492,57.468,58.116,34568930.0,-1.102,58.302,8.094,4.987,6.418,0,交易,9.055157369897165,11.685783035893323,601533.5491055892,0.9799973105627647,0.9659786189739799,1.0032004955606029
2021-11-19,002170.SZ,57.549,58.358,56.497,57.549,31000826.0,-0.975,57.401,8.094,4.472,5.756,0,交易,9.99808895066018,12.868738819320214,548716.3212205957,0.9836012200555195,0.9681106275060832,0.9974282785104868
2021-11-22,002170.SZ,57.711,61.11,57.549,60.949,49825755.0,5.907,59.641,8.094,7.188,9.251,0,交易,6.588368824991893,8.028797996661101,865797.0598967837,0.9759613811160203,0.941728031418753,0.9785394346092635
2021-11-23,002170.SZ,60.22,64.186,59.977,62.81,50582365.0,3.054,62.463,8.094,7.297,9.391,0,交易,6.688318602917687,8.252706591750034,843362.7057038532,0.9731561399682173,0.9344249524818494,0.99447540200605
2021-11-24,002170.SZ,62.81,63.701,58.52,59.087,50778595.0,-5.928,60.513,8.094,7.325,9.427,0,交易,6.267847671581628,8.574744027303755,867713.5167464114,0.9499536898949781,0.9186668969089967,1.024133904242896
2021-11-25,002170.SZ,59.33,60.706,57.549,60.463,37764716.0,2.329,59.211,8.094,5.448,7.011,0,交易,8.624019398088718,10.890234948604991,656218.4573146362,0.9753731097420353,0.9479952558231476,0.9792931214130955
2021-11-26,002170.SZ,59.492,66.533,59.492,63.539,98080225.0,5.087,65.102,8.094,14.148,18.209,0,交易,3.489428304684497,4.204975968334747,1648628.8072345862,0.9784918762118047,0.8941728164970766,1.0245990651410946
2021-11-29,002170.SZ,63.539,67.829,63.215,65.724,74050010.0,3.439,65.403,8.094,10.682,13.748,0,交易,4.780622636019785,5.948230668414155,1171399.3514197578,0.9642335874036181,0.9319759984667326,0.9951159393828739
2021-11-30,002170.SZ,66.372,67.019,63.296,63.943,42869150.0,-2.709,64.884,8.094,6.184,7.959,0,交易,8.034049503706497,10.732858990944372,677280.5548533873,0.9681433623300855,0.9444485892060459,1.0147162316438079
2021-12-01,002170.SZ,64.024,65.238,63.296,64.996,36375888.0,1.646,64.35,8.094,5.247,6.753,0,交易,9.624759366207611,12.202020202020202,574694.8938321536,0.9863883012967901,0.9702320733314939,0.9900609268262662
2021-12-02,002170.SZ,64.915,65.805,62.244,63.539,33912307.0,-2.242,63.776,8.094,4.892,6.296,0,交易,10.091963151207116,13.269623875715455,544828.529657477,0.969166476711496,0.9458855710052426,1.0037299926029684
2021-12-03,002170.SZ,62.972,63.781,61.11,62.405,25723388.0,-1.783,62.482,8.094,3.711,4.776,0,交易,13.066373534338359,16.96901104823498,420935.8206512846,0.9796334331540741,0.9581223248302786,1.001233875490746
2021-12-06,002170.SZ,61.92,62.81,60.706,60.787,23789740.0,-2.594,61.761,8.094,3.432,4.417,0,交易,13.762055693909893,18.041958041958043,391884.4924719138,0.9832988377646872,0.9665021493392773,1.0160231628473193
2021-12-07,002170.SZ,61.434,62.648,60.625,60.787,26279296.999999996,0.0,61.305,8.094,3.791,4.879,0,交易,12.458905513424883,16.20522289633342,433472.9402061855,0.9785627633763249,0.9677084663516792,1.008521558885946
2021-12-08,002170.SZ,60.463,63.134,58.844,62.972,34661620.0,3.595,61.33,8.094,5.0,6.435,0,交易,9.785858585858586,12.092600000000001,589042.5531914893,0.9714258561155636,0.9320492919821333,0.9739249190116241
2021-12-09,002170.SZ,62.567,63.943,62.163,62.648,25370203.0,-0.514,63.104,8.094,3.66,4.71,0,交易,13.301061571125267,17.0948087431694,408123.8518089539,0.9868789390550959,0.9721627074112882,1.0072787638871152
2021-12-10,002170.SZ,62.163,65.157,61.596,63.134,24567903.0,0.775,63.636,8.094,3.544,4.561,0,交易,13.842139881604911,17.540349887133182,398855.4938632379,0.9766563838114095,0.9453473916847001,1.0079513415909018
2021-12-13,002170.SZ,62.81,63.539,61.758,62.325,20225200.0,-1.282,62.602,8.094,2.918,3.755,0,交易,16.59786950732357,21.52501713502399,327491.17523235857,0.9852531516076739,0.9719699711987914,1.0044444444444443
2021-12-14,002170.SZ,62.891,62.972,60.706,60.706,22380902.0,-2.597,61.406,8.094,3.229,4.155,0,交易,14.610348977135981,19.476927841436975,368676.9347346226,0.9751318046115733,0.9640157530330941,1.011530985405067
2021-12-15,002170.SZ,60.625,62.244,59.896,61.515,15149162.0,1.333,61.401,8.094,2.185,2.813,0,交易,21.868112335584783,27.74599542334096,252924.43568852678,0.9864565259302102,0.9622774885932781,0.9981467934650086
2021-12-16,002170.SZ,61.92,66.776,61.596,65.481,51061075.0,6.447,65.092,8.094,7.366,9.48,0,交易,6.907278481012657,8.40619060548466,828967.3842457302,0.974781358571942,0.9224272193602492,0.9940593454589882
2021-12-17,002170.SZ,65.319,66.129,64.753,65.562,24445403.0,0.124,65.399,8.094,3.526,4.538,0,交易,14.447333627148522,18.524957458876916,377517.6903000633,0.9889609702248635,0.9791921849717975,0.9975138037277692
2021-12-20,002170.SZ,65.4,65.481,61.029,61.434,32572665.000000004,-6.296,62.408,8.094,4.699,6.047,0,交易,10.159417893170167,13.917854862736753,533724.3769355553,0.9530703562865565,0.9320108122966969,1.0158544128658398
2021-12-21,002170.SZ,61.839,62.486,59.492,61.839,19711311.0,0.659,61.171,8.094,2.843,3.66,0,交易,16.89590163934426,21.751319029194512,331327.0859947556,0.9789552859840605,0.9520852670998303,0.9891977554617636
2021-12-22,002170.SZ,61.677,62.325,60.706,60.949,17259500.0,-1.44,61.612,8.094,2.49,3.204,0,交易,19.02278401997503,24.769879518072287,284312.91799822095,0.9885599679101484,0.9740232651423987,1.0108779471361302
2021-12-23,002170.SZ,60.544,61.029,58.601,58.601,27314027.0,-3.851,59.478,8.094,3.94,5.071,0,交易,11.556103332676,15.366497461928933,466101.72181362094,0.9745858526274394,0.9602156351898277,1.0149656149212472
2021-12-24,002170.SZ,58.601,59.006,55.121,56.092,27417740.000000004,-4.282,56.474,8.094,3.955,5.09,0,交易,11.020039292730845,14.816940581542351,497410.06150106137,0.9570891095820764,0.9341592380435888,1.0068102403194752
2021-12-27,002170.SZ,56.092,56.335,53.826,54.23,29792602.0,-3.319,54.671,8.094,4.298,5.531,0,交易,9.804736937262701,13.05072126570498,553498.3465239847,0.970462412354664,0.9554628561285169,1.0081320302415637
2021-12-28,002170.SZ,54.23,55.202,53.259,53.907,26993400.0,-0.597,54.138,8.094,3.894,5.012,0,交易,10.755586592178771,13.926553672316382,506832.6480031544,0.9807253360385493,0.9648019999275389,1.004285157771718
2021-12-29,002170.SZ,54.473,54.878,53.178,53.745,30599518.0,-0.3,53.903,8.094,4.414,5.681,0,交易,9.46048230945256,12.340960579972814,575416.8641167401,0.9822333175407266,0.9690221946863953,1.0029398083542655
2021-12-30,002170.SZ,53.583,55.202,53.016,54.392,19975393.0,1.205,54.14,8.094,2.882,3.709,0,交易,14.664869236991104,18.592297015961137,376780.46250188624,0.9807615666099054,0.9603999855077715,0.9953669657302544
2021-12-31,002170.SZ,54.554,55.04,54.069,54.311,13597991.0,-0.149,54.561,8.094,1.962,2.525,0,交易,21.50930693069307,27.805300713557596,251493.29560376555,0.991297238372093,0.982358284883721,1.004603119073484
2022-01-04,002170.SZ,54.23,54.797,53.34,54.311,18923000.0,0.0,53.992,8.094,2.73,3.513,0,交易,15.460005693139767,19.864468864468865,354761.90476190473,0.9853094147489826,0.9734109531543699,0.9941264200622342
2022-01-05,002170.SZ,54.149,54.149,51.478,52.693,25430730.0,-2.981,52.493,8.094,3.668,4.721,0,交易,11.16140648167761,14.762540894220283,494011.616612922,0.9694177177787217,0.9506731426249793,0.9962044294308543
2022-01-06,002170.SZ,52.207,54.23,52.126,53.421,15711801.999999998,1.382,53.553,8.094,2.266,2.917,0,交易,18.313678436750088,23.03927625772286,301419.67540191073,0.9875161349806381,0.9612022865572561,1.0024709383950132
2022-01-07,002170.SZ,53.745,53.745,51.802,51.964,15918169.0,-2.727,52.576,8.094,2.296,2.955,0,交易,17.585109983079526,23.408101045296167,307288.69541716535,0.978249139454833,0.9638477997953299,1.0117773843430067
2022-01-10,002170.SZ,51.964,52.288,51.155,51.64,12874100.0,-0.623,51.683,8.094,1.857,2.39,0,交易,21.606694560669457,27.98276790522348,251668.45860619686,0.9884294675642595,0.9783315483476133,1.0008326878388845
2022-01-11,002170.SZ,51.478,52.773,51.236,52.773,16895355.0,2.194,52.207,8.094,2.437,3.137,0,交易,16.822760599298693,21.123512515387773,329755.5429775939,0.9892748185625224,0.9708752581812669,0.9892748185625224
2022-01-12,002170.SZ,52.773,53.097,52.207,52.773,12206800.0,0.0,52.68,8.094,1.761,2.266,0,交易,23.289055604589585,29.967632027257245,233815.38874097343,0.9921464489519182,0.9832382243817918,0.9982377352055027
2022-01-13,002170.SZ,52.693,52.935,51.236,51.317,12163200.0,-2.761,51.97,8.094,1.755,2.258,0,交易,22.726749335695306,30.024501424501427,237395.5812319463,0.9817700954000188,0.9679040332483233,1.0127248280296977
2022-01-14,002170.SZ,50.993,51.64,49.941,50.102,15372585.0,-2.366,50.657,8.094,2.218,2.854,0,交易,17.555010511562717,22.99053201082056,307814.92160749686,0.980964368706429,0.9670991479473277,1.0110774020997166
2022-01-17,002170.SZ,50.183,50.426,49.374,49.941,11639242.0,-0.323,49.872,8.094,1.679,2.161,0,交易,23.110134197130957,29.888624181060155,235736.25794952808,0.9890136040931266,0.9791377464006663,0.9986183696762179
2022-01-18,002170.SZ,50.183,50.183,48.969,49.131,14887900.0,-1.621,49.421,8.094,2.148,2.764,0,交易,17.77532561505065,23.36266294227188,304027.03751352895,0.9848155749955164,0.9758085407408884,1.005902586961389
2022-01-19,002170.SZ,49.131,49.536,47.755,48.241,17891474.0,-1.812,48.54,8.094,2.581,3.322,0,交易,14.521673690547862,19.035645098798916,374651.324468642,0.9798934108527131,0.964046350129199,1.0061980473041603
2022-01-20,002170.SZ,48.484,48.646,46.055,46.217,20089300.0,-4.195,47.034,8.094,2.898,3.73,0,交易,12.390616621983915,16.73015873015873,436202.366735425,0.9668626402993051,0.9467376557168112,1.0176774779842914
2022-01-21,002170.SZ,46.703,47.917,45.732,47.512,26699000.0,2.802,46.919,8.094,3.851,4.957,0,交易,9.584829533992334,12.12749935081797,583814.396921193,0.9791723188012604,0.9544003172151846,0.9875189425829264
2022-01-24,002170.SZ,47.431,49.698,47.189,48.322,20174618.0,1.704,48.735,8.094,2.91,3.746,0,交易,12.89962626801922,16.29931271477663,427527.98321642756,0.9806229626946759,0.9495150710290152,1.0085468316708746
2022-01-25,002170.SZ,48.403,48.565,45.894,45.894,16725600.0,-5.025,46.919,8.094,2.413,3.105,0,交易,14.780676328502414,20.059262329050974,364439.7960517715,0.9661072789045608,0.9450015443220426,1.0223340741709155
2022-01-26,002170.SZ,45.974,46.622,45.327,46.055,10939009.0,0.353,45.968,8.094,1.578,2.031,0,交易,22.676021664204825,29.134347275031683,241335.38509056414,0.9859722877611429,0.9722234138389602,0.9981109542937793
2022-01-27,002170.SZ,46.379,46.946,44.598,45.084,14566400.0,-2.109,45.513,8.094,2.101,2.704,0,交易,16.673076923076923,22.07472632079962,326615.54329790577,0.9694755676734972,0.9499850892514804,1.009515570934256
2022-01-28,002170.SZ,44.598,45.57,43.951,45.084,11907601.0,0.0,44.789,8.094,1.718,2.211,0,交易,20.39077340569878,25.959254947613505,270929.0118541102,0.982861531709458,0.9644722405091068,0.9934566586815722
2022-02-07,002170.SZ,45.732,46.622,45.246,46.136,13415248.000000002,2.334,46.026,8.094,1.935,2.491,0,交易,18.521075873143317,23.634108527131783,296495.77863236534,0.9872163356355369,0.970486036635065,0.9976157447546384
2022-02-08,002170.SZ,46.298,46.703,45.246,46.703,10714230.0,1.228,46.033,8.094,1.546,1.989,0,交易,23.48064353946707,29.946959896507117,236799.49608805196,0.9856540265079331,0.9688028606299381,0.9856540265079331
2022-02-09,002170.SZ,47.108,47.917,46.379,47.836,13959601.999999998,2.426,47.31,8.094,2.014,2.592,0,交易,18.455246913580247,23.390268123138036,300989.71517281525,0.987332262036438,0.9679028319802991,0.989004097332553
2022-02-10,002170.SZ,47.593,48.079,47.189,47.593,11132980.0,-0.508,47.547,8.094,1.606,2.067,0,交易,23.0251572327044,29.634495641344955,235923.2024412469,0.9889348780132697,0.9814887996838536,0.9990334713088058
2022-02-11,002170.SZ,47.674,47.674,46.217,46.379,12177600.0,-2.551,46.74,8.094,1.757,2.261,0,交易,20.512605042016805,27.133750711439955,263487.4613237553,0.9804086084658304,0.9694382682384528,1.0077836952068826
2022-02-14,002170.SZ,46.055,47.27,45.813,46.46,7840200.0,0.175,46.65,8.094,1.131,1.456,0,交易,31.90934065934066,40.720601237842615,171134.8307249034,0.9868838586841547,0.9691770679077639,1.0040895393887215
2022-02-15,002170.SZ,46.622,46.865,45.57,45.974,8317700.0,-1.045,46.024,8.094,1.2,1.544,0,交易,29.775906735751292,38.85166666666667,182525.78450735132,0.982054838365518,0.9723674383868558,1.001087571235916
2022-02-16,002170.SZ,46.298,48.079,46.217,47.674,17539302.0,3.697,47.449,8.094,2.53,3.256,0,交易,14.641891891891893,18.299604743083005,379498.92896553216,0.9868965660683457,0.9612720730464444,0.9952804463648949
2022-02-17,002170.SZ,47.998,50.588,47.593,49.05,33367606.0,2.886,49.308,8.094,4.813,6.195,0,交易,7.9176755447941884,9.972574277997092,701103.2294665182,0.974697556732822,0.9407962362615641,1.0052599388379206
2022-02-18,002170.SZ,48.241,50.022,48.16,49.941,19854200.0,1.815,49.259,8.094,2.864,3.686,0,交易,13.5488334237656,16.843924581005588,412254.98338870436,0.9847467114469634,0.9627763783935068,0.9863438857852265
2022-02-21,002170.SZ,49.941,50.75,49.293,49.779,19281100.0,-0.324,49.802,8.094,2.781,3.58,0,交易,13.904748603351957,17.957928802588995,391152.9020347717,0.9813201970443349,0.9712906403940886,1.0004620422266417
2022-02-22,002170.SZ,49.374,50.264,49.212,50.264,19397399.0,0.976,49.767,8.094,2.798,3.601,0,交易,13.95834490419328,17.646175839885633,394159.94066487846,0.9901122075441668,0.9790705077192424,0.9901122075441668
2022-02-23,002170.SZ,52.854,55.283,51.478,52.935,56222325.0,5.314,53.036,8.094,8.11,10.438,0,交易,5.0713738264035255,6.517139334155364,1092162.1857881036,0.9593545936363801,0.9311723314581336,1.0019080003778218
2022-02-24,002170.SZ,52.288,53.016,49.374,50.264,37483100.0,-5.046,51.312,8.094,5.407,6.959,0,交易,7.2228768501221445,9.670427223968929,759166.7679345404,0.9678587596197374,0.9313037573562699,1.0208499124621995
2022-02-25,002170.SZ,50.264,50.912,49.212,49.293,20422200.0,-1.932,49.931,8.094,2.946,3.792,0,交易,12.999208860759493,17.061778682959947,414984.1502072665,0.9807314582023884,0.9666090509113766,1.012943014221086
2022-02-28,002170.SZ,49.86,50.022,48.646,49.779,15816100.0,0.985,49.457,8.094,2.282,2.936,0,交易,16.954700272479567,21.84925503943909,325126.4235497266,0.9887049698132822,0.9724921034744712,0.9935314088270154
2022-03-01,002170.SZ,49.698,50.022,49.455,50.022,11529302.0,0.488,49.762,8.094,1.663,2.141,0,交易,23.363848668846334,29.884546001202647,233127.12566980085,0.9948022869937228,0.9886649874055415,0.9948022869937228
2022-03-02,002170.SZ,49.536,50.264,49.536,50.102,13425900.0,0.162,50.029,8.094,1.937,2.493,0,交易,20.09707180104292,25.57356737222509,271033.1879844961,0.9953246856597167,0.9855164730224415,0.9985429723364339
2022-03-03,002170.SZ,50.264,51.964,49.941,51.883,28989507.0,3.554,51.051,8.094,4.182,5.382,0,交易,9.64009661835749,12.019129603060737,580475.1006187301,0.9824301439458087,0.9610692017550613,0.983963918817339
2022-03-04,002170.SZ,51.317,51.64,49.455,49.779,18541100.0,-4.056,50.39,8.094,2.675,3.442,0,交易,14.462231260894828,19.18392523364486,374908.50267920335,0.9757939581719597,0.9576878388845855,1.0122742521947006
2022-03-07,002170.SZ,50.022,50.993,49.455,49.698,19090900.0,-0.163,50.28,8.094,2.754,3.544,0,交易,14.02313769751693,18.163398692810457,386025.6799110302,0.9860176887023709,0.969838997509462,1.0117107328262707
2022-03-08,002170.SZ,49.779,49.779,46.946,47.108,17122780.0,-5.212,47.941,8.094,2.47,3.179,0,交易,14.818496382510224,20.153441295546557,364733.52362288587,0.9630767994535848,0.9430884509532131,1.0176827715037786
2022-03-09,002170.SZ,47.189,47.512,43.708,46.298,17625600.0,-1.718,45.779,8.094,2.543,3.272,0,交易,14.149755501222495,18.55642941407786,403257.9848082731,0.963525004209463,0.9199360161643374,0.9887900125275391
2022-03-10,002170.SZ,47.431,47.674,46.784,47.108,11540200.0,1.748,47.164,8.094,1.665,2.143,0,交易,21.98226784881008,28.487087087087083,246669.80164158688,0.9893023450937618,0.9813315433989176,1.0011887577481533
2022-03-11,002170.SZ,46.379,48.726,45.813,48.484,13550500.0,2.921,47.359,8.094,1.955,2.516,0,交易,19.27027027027027,23.723273657289,295778.49082138255,0.9719451627467882,0.9402167220785618,0.9767964689382064
2022-03-14,002170.SZ,48.484,49.131,47.431,47.431,12363401.0,-2.17,48.378,8.094,1.783,2.295,0,交易,20.66710239651416,27.19237240605721,260660.77038223948,0.9846736276485315,0.9653986281573751,1.0199658451223883
2022-03-15,002170.SZ,47.431,47.512,43.546,43.789,18914058.0,-7.679,45.331,8.094,2.728,3.512,0,交易,12.468394077448748,17.38673020527859,434346.6219629817,0.954095807374979,0.9165263512375821,1.035214323231862
2022-03-16,002170.SZ,44.356,45.327,41.604,44.437,19701447.0,1.479,43.287,8.094,2.842,3.658,0,交易,12.147895024603608,15.6073187895848,473546.9426016729,0.9549937123568734,0.917863525051294,0.9741206652114229
2022-03-17,002170.SZ,44.922,46.541,44.76,45.084,19906040.0,1.457,45.82,8.094,2.872,3.696,0,交易,12.198051948051948,15.641364902506963,444728.3288650581,0.9845082830192734,0.9617326658215337,1.0163250820690266
2022-03-18,002170.SZ,45.246,45.57,44.518,45.246,9019884.0,0.359,45.083,8.094,1.301,1.675,0,交易,27.012537313432837,34.777863182167565,202612.06702906688,0.9893131446126837,0.9769146368224709,0.9963974715996994
2022-03-21,002170.SZ,45.408,47.674,45.408,47.27,20251474.0,4.472,47.003,8.094,2.921,3.76,0,交易,12.571808510638299,15.54536117767888,445989.1208597604,0.98592524227042,0.9524688509460083,0.9943515972075312
2022-03-22,002170.SZ,47.108,47.431,46.379,46.946,10998887.0,-0.685,46.783,8.094,1.587,2.042,0,交易,22.99020568070519,29.68367989918084,237152.31031285712,0.9863380489553246,0.9778204128101874,0.9965279257018703
2022-03-23,002170.SZ,46.946,47.512,46.379,46.865,9146474.0,-0.172,46.944,8.094,1.319,1.698,0,交易,27.600117785630154,35.592115238817286,197211.53970547015,0.9880451254419936,0.9761533928270753,1.0016856929478288
2022-03-24,002170.SZ,46.379,47.189,45.813,46.541,11165705.0,-0.691,46.541,8.094,1.611,2.073,0,交易,22.451037144235407,28.788950962135317,243723.50642830637,0.9862679861832206,0.9708406620186908,1.0
2022-03-25,002170.SZ,46.784,48.322,46.784,47.35,16390104.999999998,1.739,47.681,8.094,2.364,3.043,0,交易,15.560302333223792,19.790186125211505,350335.6916894665,0.9867348205786183,0.9681718471917552,1.006990496304118
2022-03-28,002170.SZ,47.755,48.16,46.379,47.512,18311101.0,0.342,47.01,8.094,2.641,3.4,0,交易,13.974117647058824,18.082165846270353,394814.4850039889,0.9761212624584718,0.9630191029900332,0.9894342481899309
2022-03-29,002170.SZ,47.027,52.288,47.027,50.507,70793566.0,6.303,50.431,8.094,10.212,13.143,0,交易,3.8428821425854065,4.605072463768116,1505381.2915984434,0.964485159118727,0.8993841799265606,0.998495258083038
2022-03-30,002170.SZ,48.646,49.779,48.241,49.293,41882774.0,-2.404,49.048,8.094,6.042,7.776,0,交易,6.33912037037037,8.05130751406819,868198.7106403267,0.9853150927097771,0.9691034371923903,0.9950297202442538
2022-03-31,002170.SZ,49.05,50.588,48.807,49.212,26131962.0,-0.164,49.52,8.094,3.77,4.852,0,交易,10.142621599340478,13.010610079575596,535414.2233695986,0.9788882738989484,0.9647940222977781,1.006258636105015
2022-04-01,002170.SZ,50.426,50.426,47.917,48.16,25281468.0,-2.138,48.919,8.094,3.647,4.694,0,交易,10.25990626331487,13.826706882369072,527609.5748899138,0.970114623408559,0.9502439217863801,1.0157599667774087
2022-04-06,002170.SZ,47.593,48.726,47.35,48.565,14908300.0,0.84,48.273,8.094,2.151,2.768,0,交易,17.545158959537574,22.125987912598795,314853.2206969377,0.9907031153798794,0.9717604564298322,0.9939874395140534
2022-04-07,002170.SZ,48.565,49.374,47.027,48.322,21905008.0,-0.5,48.229,8.094,3.16,4.067,0,交易,11.88148512417015,15.368670886075948,465796.4148255258,0.9768096569044435,0.9524648600477984,0.9980754107859773
2022-04-08,002170.SZ,47.998,51.478,47.998,50.183,42030983.0,3.853,49.954,8.094,6.063,7.803,0,交易,6.4312443931821095,7.916542965528616,875681.9659152465,0.9703951202455418,0.932398306072497,0.9954367016718809
2022-04-11,002170.SZ,50.183,52.207,49.293,50.75,43315722.0,1.129,50.604,8.094,6.248,8.042,0,交易,6.310619248943049,8.031850192061459,878739.8210699288,0.9692953052272684,0.9441837301511291,0.9971231527093596
2022-04-12,002170.SZ,49.779,51.721,48.403,51.478,36492602.0,1.435,50.102,8.094,5.264,6.775,0,交易,7.598228782287823,9.456496960486323,753932.6488027602,0.9686974343110148,0.9358481081185592,0.9732701348148722
2022-04-13,002170.SZ,50.993,52.369,50.264,50.345,33900056.0,-2.201,51.382,8.094,4.89,6.294,0,交易,7.9988878296790595,10.428016359918201,674440.0763966257,0.981152972178197,0.9598044644732572,1.0205978746648128
2022-04-14,002170.SZ,51.074,52.45,49.455,52.207,44542941.0,3.698,51.402,8.094,6.426,8.27,0,交易,6.312817412333737,7.948023653906007,900676.1904761905,0.9800190657769304,0.9428979980934222,0.9845806117953532
2022-04-15,002170.SZ,51.397,51.802,49.374,49.536,31768500.0,-5.116,50.602,8.094,4.583,5.898,0,交易,8.398779247202443,11.214706524110843,643425.6896342204,0.9768348712404926,0.9531292228099302,1.0215197028423773
2022-04-18,002170.SZ,48.969,49.293,46.541,46.784,30231634.999999996,-5.556,47.685,8.094,4.361,5.613,0,交易,8.334936753964012,11.228846594817703,649569.9490771578,0.9673787353173879,0.9441705718864747,1.0192587209302326
2022-04-19,002170.SZ,46.703,51.478,46.622,51.478,72480945.0,10.035,50.686,8.094,10.456,13.457,0,交易,3.8253696960689605,4.466622035195104,1554651.1303676376,0.9846147868992579,0.9056684408873693,0.9846147868992579
2022-04-20,002170.SZ,52.612,53.502,50.912,50.993,89050178.0,-0.943,52.276,8.094,12.846,16.533,0,交易,3.084316216052743,4.095593959209093,1749099.9764299183,0.9770849687862136,0.9515905947441217,1.0251603161218206
2022-04-21,002170.SZ,50.831,51.802,46.703,47.027,61987176.0,-7.778,48.961,8.094,8.942,11.508,0,交易,4.086461591936045,5.6845224781927985,1327263.2593195296,0.9451565576618663,0.90156750704606,1.041125310991558
2022-04-22,002170.SZ,46.541,46.946,43.789,44.518,37429002.0,-5.336,44.924,8.094,5.399,6.949,0,交易,6.406389408547993,8.620300055565846,854758.0899312613,0.95692923784774,0.9327525241767137,1.0091199065546521
2022-04-25,002170.SZ,43.061,43.222,40.066,40.066,31149967.0,-10.0,41.234,8.094,4.494,5.783,0,交易,6.928237938786097,9.581886960391634,777466.3555134028,0.9540049049095368,0.9269816297256027,1.029151899366046
2022-04-26,002170.SZ,39.014,39.58,36.909,37.071,25462800.0,-7.475,38.094,8.094,3.673,4.727,0,交易,7.842394753543473,10.621835012251566,689880.5169470861,0.962455785750379,0.9325164224355735,1.0275956947479163
2022-04-27,002170.SZ,35.776,39.337,35.614,38.771,24439999.0,4.585,37.37,8.094,3.526,4.537,0,交易,8.545514657262508,10.146341463414636,686246.9534452744,0.949996186796146,0.9053562803467472,0.9638647442676226
2022-04-28,002170.SZ,38.69,39.256,37.233,37.638,18421912.0,-2.923,38.141,8.094,2.657,3.42,0,交易,11.005263157894737,14.5615355664283,494773.77595144097,0.9715966985938455,0.9484664764621967,1.0133641532493756
2022-04-29,002170.SZ,38.123,41.442,38.123,41.442,23546617.0,10.108,40.76,8.094,3.397,4.497,0,交易,9.215476984656437,11.222549308213129,617648.5848437952,0.9835432652864243,0.9199121664012354,0.9835432652864243
